============================================
Emotion Recognition Pipeline
============================================
Job ID    : 5771549
Node      : uc2n913
Start time: Sun Jul  5 08:46:05 PM CEST 2026

Loading modules...
CUDA Home : /opt/bwhpc/common/devel/cuda/12.8
Python    : /opt/bwhpc/common/devel/python/3.13.3_llvm_19.1/bin/python

Setting up project environment...
Python isolation enforced:
  PYTHONNOUSERSITE=1
  VIRTUAL_ENV=/home/tu/tu_tu/tu_zxord71/asp-project/.venv
  Python used: /home/tu/tu_tu/tu_zxord71/asp-project/.venv/bin/python

GPU info:
0, NVIDIA A100 80GB PCIe, 81920 MiB, 81124 MiB
1, NVIDIA A100 80GB PCIe, 81920 MiB, 81125 MiB
2, NVIDIA A100 80GB PCIe, 81920 MiB, 81125 MiB
3, NVIDIA A100 80GB PCIe, 81920 MiB, 81125 MiB

============================================
Stage 1: Optuna HPO (1 GPU, 20 trials each)
============================================

======================================================================
Emotion Recognition Pipeline  [Stage 1 — HPO only]
======================================================================
Device    : cuda  (1 GPU(s))
Models    : ['wav2vec2-base', 'hubert-xlarge', 'wavlm-large', 'distilhubert', 'hubert-base', 'wavlm-base', 'wav2vec2-large']
Datasets  : ['ravdess', 'emodb']
HPO trials: 20  |  Seed: 42
Output    : /home/tu/tu_tu/tu_zxord71/asp-project/outputs
======================================================================

[1/14] SKIP HPO for wav2vec2-base_ravdess  (best_hyperparameters.json exists)

[2/14] SKIP HPO for wav2vec2-base_emodb  (best_hyperparameters.json exists)

[3/14] SKIP HPO for hubert-xlarge_ravdess  (best_hyperparameters.json exists)

[4/14] SKIP HPO for hubert-xlarge_emodb  (best_hyperparameters.json exists)

[5/14] SKIP HPO for wavlm-large_ravdess  (best_hyperparameters.json exists)

[6/14] SKIP HPO for wavlm-large_emodb  (best_hyperparameters.json exists)

[7/14] SKIP HPO for distilhubert_ravdess  (best_hyperparameters.json exists)

[8/14] SKIP HPO for distilhubert_emodb  (best_hyperparameters.json exists)

======================================================================
[9/14]  hubert-base_ravdess
  Model  : facebook/hubert-base-ls960
  Dataset: xbgoose/ravdess
  Output : /home/tu/tu_tu/tu_zxord71/asp-project/outputs/hubert-base_ravdess

  Loading: xbgoose/ravdess
  Label col : emotion
  Samples   : 1,440  |  Classes: 8
    angry: 192
    calm: 192
    disgust: 192
    fearful: 192
    happy: 192
    neutral: 96
    sad: 192
    surprised: 192
  Classes   : ['angry', 'calm', 'disgust', 'fearful', 'happy', 'neutral', 'sad', 'surprised']
  Split     : 1,008 train / 216 val / 216 test  (of 1,440)
  Feature extractor : Wav2Vec2FeatureExtractor  (sr=16000)
  Featurising splits ...
  Model             : HubertForSequenceClassification  (94,570,632 params, 94,570,632 trainable)
  HPO: 20 trials × 3 epochs ...
  Model             : HubertForSequenceClassification  (94,570,632 params, 94,570,632 trainable)
{'eval_loss': 1.8125181198120117, 'eval_f1_macro': 0.18217861899359458, 'eval_f1_weighted': 0.19300055564298646, 'eval_precision_macro': 0.18334658890067163, 'eval_recall_macro': 0.2931034482758621, 'eval_accuracy': 0.3101851851851852, 'eval_runtime': 0.7041, 'eval_samples_per_second': 306.79, 'eval_steps_per_second': 38.349, 'epoch': 1.0}
{'loss': 1.8943, 'grad_norm': 4.229975700378418, 'learning_rate': 6.327705413080554e-06, 'epoch': 1.98}
{'eval_loss': 1.6316031217575073, 'eval_f1_macro': 0.3401060997702368, 'eval_f1_weighted': 0.3630447158562769, 'eval_precision_macro': 0.3456115317127028, 'eval_recall_macro': 0.41810344827586204, 'eval_accuracy': 0.4444444444444444, 'eval_runtime': 0.5621, 'eval_samples_per_second': 384.262, 'eval_steps_per_second': 48.033, 'epoch': 2.0}
{'eval_loss': 1.5212515592575073, 'eval_f1_macro': 0.4011386219200304, 'eval_f1_weighted': 0.42764106928267914, 'eval_precision_macro': 0.381316726645674, 'eval_recall_macro': 0.47028940886699505, 'eval_accuracy': 0.5, 'eval_runtime': 0.5655, 'eval_samples_per_second': 381.991, 'eval_steps_per_second': 47.749, 'epoch': 3.0}
{'train_runtime': 46.8217, 'train_samples_per_second': 64.585, 'train_steps_per_second': 16.146, 'train_loss': 1.7864018192997686, 'epoch': 3.0}
  Model             : HubertForSequenceClassification  (94,570,632 params, 94,570,632 trainable)
{'eval_loss': 2.0691821575164795, 'eval_f1_macro': 0.02959183673469388, 'eval_f1_weighted': 0.031783824640967503, 'eval_precision_macro': 0.01678240740740741, 'eval_recall_macro': 0.125, 'eval_accuracy': 0.13425925925925927, 'eval_runtime': 0.562, 'eval_samples_per_second': 384.37, 'eval_steps_per_second': 48.046, 'epoch': 1.0}
{'loss': 2.0777, 'grad_norm': 1.777984380722046, 'learning_rate': 6.650161403622411e-05, 'epoch': 1.98}
{'eval_loss': 2.073052406311035, 'eval_f1_macro': 0.028688524590163935, 'eval_f1_weighted': 0.029751062537947785, 'eval_precision_macro': 0.016203703703703703, 'eval_recall_macro': 0.125, 'eval_accuracy': 0.12962962962962962, 'eval_runtime': 0.5589, 'eval_samples_per_second': 386.447, 'eval_steps_per_second': 48.306, 'epoch': 2.0}
{'eval_loss': 2.0636980533599854, 'eval_f1_macro': 0.02959183673469388, 'eval_f1_weighted': 0.031783824640967503, 'eval_precision_macro': 0.01678240740740741, 'eval_recall_macro': 0.125, 'eval_accuracy': 0.13425925925925927, 'eval_runtime': 0.5546, 'eval_samples_per_second': 389.495, 'eval_steps_per_second': 48.687, 'epoch': 3.0}
{'train_runtime': 28.9332, 'train_samples_per_second': 104.516, 'train_steps_per_second': 26.129, 'train_loss': 2.0755017800305886, 'epoch': 3.0}
  Model             : HubertForSequenceClassification  (94,570,632 params, 94,570,632 trainable)
{'eval_loss': 2.2164578437805176, 'eval_f1_macro': 0.02959183673469388, 'eval_f1_weighted': 0.031783824640967503, 'eval_precision_macro': 0.01678240740740741, 'eval_recall_macro': 0.125, 'eval_accuracy': 0.13425925925925927, 'eval_runtime': 0.5695, 'eval_samples_per_second': 379.252, 'eval_steps_per_second': 47.406, 'epoch': 1.0}
{'eval_loss': 2.1479763984680176, 'eval_f1_macro': 0.028688524590163935, 'eval_f1_weighted': 0.029751062537947785, 'eval_precision_macro': 0.016203703703703703, 'eval_recall_macro': 0.125, 'eval_accuracy': 0.12962962962962962, 'eval_runtime': 0.5907, 'eval_samples_per_second': 365.684, 'eval_steps_per_second': 45.71, 'epoch': 2.0}
{'eval_loss': 2.0658140182495117, 'eval_f1_macro': 0.02959183673469388, 'eval_f1_weighted': 0.031783824640967503, 'eval_precision_macro': 0.01678240740740741, 'eval_recall_macro': 0.125, 'eval_accuracy': 0.13425925925925927, 'eval_runtime': 0.5741, 'eval_samples_per_second': 376.211, 'eval_steps_per_second': 47.026, 'epoch': 3.0}
{'train_runtime': 13.628, 'train_samples_per_second': 221.896, 'train_steps_per_second': 13.868, 'train_loss': 2.0621867507853837, 'epoch': 3.0}
  Model             : HubertForSequenceClassification  (94,570,632 params, 94,570,632 trainable)
{'eval_loss': 1.891389012336731, 'eval_f1_macro': 0.1262759108040201, 'eval_f1_weighted': 0.13230213567839197, 'eval_precision_macro': 0.10118464052287582, 'eval_recall_macro': 0.22767857142857142, 'eval_accuracy': 0.24074074074074073, 'eval_runtime': 0.577, 'eval_samples_per_second': 374.371, 'eval_steps_per_second': 46.796, 'epoch': 1.0}
{'eval_loss': 1.4776860475540161, 'eval_f1_macro': 0.3514405422453682, 'eval_f1_weighted': 0.3745110472837804, 'eval_precision_macro': 0.4924542156912252, 'eval_recall_macro': 0.4398091133004926, 'eval_accuracy': 0.4675925925925926, 'eval_runtime': 0.5911, 'eval_samples_per_second': 365.443, 'eval_steps_per_second': 45.68, 'epoch': 2.0}
{'eval_loss': 1.2894874811172485, 'eval_f1_macro': 0.5095376596944932, 'eval_f1_weighted': 0.5425951150119078, 'eval_precision_macro': 0.5406450810111008, 'eval_recall_macro': 0.5574199507389163, 'eval_accuracy': 0.5925925925925926, 'eval_runtime': 0.5904, 'eval_samples_per_second': 365.848, 'eval_steps_per_second': 45.731, 'epoch': 3.0}
{'train_runtime': 13.4362, 'train_samples_per_second': 225.064, 'train_steps_per_second': 14.066, 'train_loss': 1.6919101937107308, 'epoch': 3.0}
  Model             : HubertForSequenceClassification  (94,570,632 params, 94,570,632 trainable)
{'eval_loss': 2.095829725265503, 'eval_f1_macro': 0.028688524590163935, 'eval_f1_weighted': 0.029751062537947785, 'eval_precision_macro': 0.016203703703703703, 'eval_recall_macro': 0.125, 'eval_accuracy': 0.12962962962962962, 'eval_runtime': 0.5681, 'eval_samples_per_second': 380.202, 'eval_steps_per_second': 47.525, 'epoch': 1.0}
{'eval_loss': 2.074697971343994, 'eval_f1_macro': 0.028688524590163935, 'eval_f1_weighted': 0.029751062537947785, 'eval_precision_macro': 0.016203703703703703, 'eval_recall_macro': 0.125, 'eval_accuracy': 0.12962962962962962, 'eval_runtime': 0.5716, 'eval_samples_per_second': 377.904, 'eval_steps_per_second': 47.238, 'epoch': 2.0}
{'eval_loss': 2.063105821609497, 'eval_f1_macro': 0.02959183673469388, 'eval_f1_weighted': 0.031783824640967503, 'eval_precision_macro': 0.01678240740740741, 'eval_recall_macro': 0.125, 'eval_accuracy': 0.13425925925925927, 'eval_runtime': 0.6079, 'eval_samples_per_second': 355.324, 'eval_steps_per_second': 44.416, 'epoch': 3.0}
{'train_runtime': 18.7937, 'train_samples_per_second': 160.905, 'train_steps_per_second': 20.113, 'train_loss': 2.0702868264818948, 'epoch': 3.0}
  Model             : HubertForSequenceClassification  (94,570,632 params, 94,570,632 trainable)
{'eval_loss': 1.7503594160079956, 'eval_f1_macro': 0.19013274281303244, 'eval_f1_weighted': 0.2012020071385456, 'eval_precision_macro': 0.2202401416440334, 'eval_recall_macro': 0.28879310344827586, 'eval_accuracy': 0.3055555555555556, 'eval_runtime': 0.5683, 'eval_samples_per_second': 380.058, 'eval_steps_per_second': 47.507, 'epoch': 1.0}
{'eval_loss': 1.5217534303665161, 'eval_f1_macro': 0.3674600466703609, 'eval_f1_weighted': 0.39146176722578674, 'eval_precision_macro': 0.38143939393939397, 'eval_recall_macro': 0.44873768472906406, 'eval_accuracy': 0.47685185185185186, 'eval_runtime': 0.5764, 'eval_samples_per_second': 374.765, 'eval_steps_per_second': 46.846, 'epoch': 2.0}
{'eval_loss': 1.375031590461731, 'eval_f1_macro': 0.4466519226593086, 'eval_f1_weighted': 0.47605642554363287, 'eval_precision_macro': 0.41943754774637126, 'eval_recall_macro': 0.5135467980295566, 'eval_accuracy': 0.5462962962962963, 'eval_runtime': 0.586, 'eval_samples_per_second': 368.602, 'eval_steps_per_second': 46.075, 'epoch': 3.0}
{'train_runtime': 18.7398, 'train_samples_per_second': 161.368, 'train_steps_per_second': 20.171, 'train_loss': 1.701594115565063, 'epoch': 3.0}
  Model             : HubertForSequenceClassification  (94,570,632 params, 94,570,632 trainable)
{'eval_loss': 1.6640692949295044, 'eval_f1_macro': 0.23630474917239622, 'eval_f1_weighted': 0.25028397301681615, 'eval_precision_macro': 0.3240757575757576, 'eval_recall_macro': 0.3365147783251231, 'eval_accuracy': 0.35648148148148145, 'eval_runtime': 0.5594, 'eval_samples_per_second': 386.136, 'eval_steps_per_second': 48.267, 'epoch': 1.0}
{'eval_loss': 1.4396950006484985, 'eval_f1_macro': 0.4044083058182386, 'eval_f1_weighted': 0.43132420893757745, 'eval_precision_macro': 0.48480054867921757, 'eval_recall_macro': 0.4916871921182266, 'eval_accuracy': 0.5231481481481481, 'eval_runtime': 0.5638, 'eval_samples_per_second': 383.116, 'eval_steps_per_second': 47.89, 'epoch': 2.0}
{'eval_loss': 1.1869020462036133, 'eval_f1_macro': 0.5104527417027417, 'eval_f1_weighted': 0.5433257842980065, 'eval_precision_macro': 0.48202143296004996, 'eval_recall_macro': 0.5751231527093595, 'eval_accuracy': 0.6111111111111112, 'eval_runtime': 0.594, 'eval_samples_per_second': 363.62, 'eval_steps_per_second': 45.452, 'epoch': 3.0}
{'train_runtime': 18.7417, 'train_samples_per_second': 161.351, 'train_steps_per_second': 20.169, 'train_loss': 1.6085041994770999, 'epoch': 3.0}
  Model             : HubertForSequenceClassification  (94,570,632 params, 94,570,632 trainable)
{'eval_loss': 1.7077795267105103, 'eval_f1_macro': 0.22815378197105357, 'eval_f1_weighted': 0.2422050592680547, 'eval_precision_macro': 0.19615337573385516, 'eval_recall_macro': 0.3275862068965517, 'eval_accuracy': 0.3472222222222222, 'eval_runtime': 0.5697, 'eval_samples_per_second': 379.177, 'eval_steps_per_second': 47.397, 'epoch': 1.0}
{'eval_loss': 1.5347448587417603, 'eval_f1_macro': 0.29756358727580556, 'eval_f1_weighted': 0.3156130716706648, 'eval_precision_macro': 0.3554210054210054, 'eval_recall_macro': 0.3751539408866995, 'eval_accuracy': 0.39814814814814814, 'eval_runtime': 0.6023, 'eval_samples_per_second': 358.61, 'eval_steps_per_second': 44.826, 'epoch': 2.0}
{'eval_loss': 1.3232150077819824, 'eval_f1_macro': 0.42566098996398316, 'eval_f1_weighted': 0.453176115511124, 'eval_precision_macro': 0.46169332114365863, 'eval_recall_macro': 0.49214901477832507, 'eval_accuracy': 0.5231481481481481, 'eval_runtime': 0.5719, 'eval_samples_per_second': 377.697, 'eval_steps_per_second': 47.212, 'epoch': 3.0}
{'train_runtime': 13.4235, 'train_samples_per_second': 225.276, 'train_steps_per_second': 14.08, 'train_loss': 1.6782065093832672, 'epoch': 3.0}
  Model             : HubertForSequenceClassification  (94,570,632 params, 94,570,632 trainable)
{'eval_loss': 2.0657100677490234, 'eval_f1_macro': 0.02959183673469388, 'eval_f1_weighted': 0.031783824640967503, 'eval_precision_macro': 0.01678240740740741, 'eval_recall_macro': 0.125, 'eval_accuracy': 0.13425925925925927, 'eval_runtime': 0.5679, 'eval_samples_per_second': 380.318, 'eval_steps_per_second': 47.54, 'epoch': 1.0}
  Model             : HubertForSequenceClassification  (94,570,632 params, 94,570,632 trainable)
{'eval_loss': 1.7496156692504883, 'eval_f1_macro': 0.1368507903421921, 'eval_f1_weighted': 0.14442096256409268, 'eval_precision_macro': 0.09733387986812644, 'eval_recall_macro': 0.2629310344827586, 'eval_accuracy': 0.2777777777777778, 'eval_runtime': 0.5637, 'eval_samples_per_second': 383.199, 'eval_steps_per_second': 47.9, 'epoch': 1.0}
  Model             : HubertForSequenceClassification  (94,570,632 params, 94,570,632 trainable)
{'eval_loss': 2.0206072330474854, 'eval_f1_macro': 0.2871335202105467, 'eval_f1_weighted': 0.30379330752283285, 'eval_precision_macro': 0.46049858170284996, 'eval_recall_macro': 0.31896551724137934, 'eval_accuracy': 0.33796296296296297, 'eval_runtime': 0.565, 'eval_samples_per_second': 382.292, 'eval_steps_per_second': 47.787, 'epoch': 1.0}
{'eval_loss': 1.9128869771957397, 'eval_f1_macro': 0.2796274552148452, 'eval_f1_weighted': 0.2961688458738203, 'eval_precision_macro': 0.31982142857142853, 'eval_recall_macro': 0.3542179802955665, 'eval_accuracy': 0.375, 'eval_runtime': 0.5812, 'eval_samples_per_second': 371.672, 'eval_steps_per_second': 46.459, 'epoch': 2.0}
{'eval_loss': 1.8913167715072632, 'eval_f1_macro': 0.22408433685095577, 'eval_f1_weighted': 0.23768148918259457, 'eval_precision_macro': 0.2851197991661473, 'eval_recall_macro': 0.3151169950738916, 'eval_accuracy': 0.3333333333333333, 'eval_runtime': 0.5755, 'eval_samples_per_second': 375.353, 'eval_steps_per_second': 46.919, 'epoch': 3.0}
  Model             : HubertForSequenceClassification  (94,570,632 params, 94,570,632 trainable)
{'eval_loss': 2.0765788555145264, 'eval_f1_macro': 0.02959183673469388, 'eval_f1_weighted': 0.031783824640967503, 'eval_precision_macro': 0.01678240740740741, 'eval_recall_macro': 0.125, 'eval_accuracy': 0.13425925925925927, 'eval_runtime': 0.5744, 'eval_samples_per_second': 376.05, 'eval_steps_per_second': 47.006, 'epoch': 1.0}
  Model             : HubertForSequenceClassification  (94,570,632 params, 94,570,632 trainable)
{'eval_loss': 1.7301206588745117, 'eval_f1_macro': 0.2035633484162896, 'eval_f1_weighted': 0.2158643371878666, 'eval_precision_macro': 0.15772598231333534, 'eval_recall_macro': 0.323121921182266, 'eval_accuracy': 0.3425925925925926, 'eval_runtime': 0.5634, 'eval_samples_per_second': 383.374, 'eval_steps_per_second': 47.922, 'epoch': 1.0}
{'eval_loss': 1.4921106100082397, 'eval_f1_macro': 0.32068437989315646, 'eval_f1_weighted': 0.34130851746099966, 'eval_precision_macro': 0.308495670995671, 'eval_recall_macro': 0.41810344827586204, 'eval_accuracy': 0.4444444444444444, 'eval_runtime': 0.5867, 'eval_samples_per_second': 368.18, 'eval_steps_per_second': 46.023, 'epoch': 2.0}
{'eval_loss': 1.3578943014144897, 'eval_f1_macro': 0.4184010796811817, 'eval_f1_weighted': 0.44563509586977895, 'eval_precision_macro': 0.4101708104820854, 'eval_recall_macro': 0.48753078817733997, 'eval_accuracy': 0.5185185185185185, 'eval_runtime': 0.5647, 'eval_samples_per_second': 382.498, 'eval_steps_per_second': 47.812, 'epoch': 3.0}
  Model             : HubertForSequenceClassification  (94,570,632 params, 94,570,632 trainable)
{'eval_loss': 1.6941347122192383, 'eval_f1_macro': 0.21581382024268483, 'eval_f1_weighted': 0.22843302578254698, 'eval_precision_macro': 0.22094218674407354, 'eval_recall_macro': 0.30603448275862066, 'eval_accuracy': 0.32407407407407407, 'eval_runtime': 0.5879, 'eval_samples_per_second': 367.434, 'eval_steps_per_second': 45.929, 'epoch': 1.0}
  Model             : HubertForSequenceClassification  (94,570,632 params, 94,570,632 trainable)
{'eval_loss': 1.8735712766647339, 'eval_f1_macro': 0.16652957257795967, 'eval_f1_weighted': 0.17565488076240765, 'eval_precision_macro': 0.3136904761904762, 'eval_recall_macro': 0.2673953201970443, 'eval_accuracy': 0.2824074074074074, 'eval_runtime': 0.5976, 'eval_samples_per_second': 361.455, 'eval_steps_per_second': 45.182, 'epoch': 1.0}
{'eval_loss': 1.629878282546997, 'eval_f1_macro': 0.2815892903762498, 'eval_f1_weighted': 0.2992495198397304, 'eval_precision_macro': 0.3159799941556881, 'eval_recall_macro': 0.3797721674876848, 'eval_accuracy': 0.4027777777777778, 'eval_runtime': 0.5763, 'eval_samples_per_second': 374.789, 'eval_steps_per_second': 46.849, 'epoch': 2.0}
{'eval_loss': 1.5820176601409912, 'eval_f1_macro': 0.31136215991375543, 'eval_f1_weighted': 0.33142161398938974, 'eval_precision_macro': 0.30812893561958615, 'eval_recall_macro': 0.40116995073891626, 'eval_accuracy': 0.42592592592592593, 'eval_runtime': 0.5958, 'eval_samples_per_second': 362.549, 'eval_steps_per_second': 45.319, 'epoch': 3.0}
  Model             : HubertForSequenceClassification  (94,570,632 params, 94,570,632 trainable)
{'eval_loss': 2.0921449661254883, 'eval_f1_macro': 0.028688524590163935, 'eval_f1_weighted': 0.029751062537947785, 'eval_precision_macro': 0.016203703703703703, 'eval_recall_macro': 0.125, 'eval_accuracy': 0.12962962962962962, 'eval_runtime': 0.5802, 'eval_samples_per_second': 372.288, 'eval_steps_per_second': 46.536, 'epoch': 1.0}
  Model             : HubertForSequenceClassification  (94,570,632 params, 94,570,632 trainable)
{'eval_loss': 1.7589337825775146, 'eval_f1_macro': 0.1398994990224829, 'eval_f1_weighted': 0.14747469090547047, 'eval_precision_macro': 0.14835897435897435, 'eval_recall_macro': 0.24568965517241378, 'eval_accuracy': 0.25925925925925924, 'eval_runtime': 0.5698, 'eval_samples_per_second': 379.053, 'eval_steps_per_second': 47.382, 'epoch': 1.0}
  Model             : HubertForSequenceClassification  (94,570,632 params, 94,570,632 trainable)
{'eval_loss': 1.753413438796997, 'eval_f1_macro': 0.18482100261899892, 'eval_f1_weighted': 0.19542502750435686, 'eval_precision_macro': 0.31615337933610027, 'eval_recall_macro': 0.28432881773399016, 'eval_accuracy': 0.30092592592592593, 'eval_runtime': 0.5777, 'eval_samples_per_second': 373.877, 'eval_steps_per_second': 46.735, 'epoch': 1.0}
{'eval_loss': 1.4985893964767456, 'eval_f1_macro': 0.3635962374495336, 'eval_f1_weighted': 0.38671275152053314, 'eval_precision_macro': 0.4791607403895539, 'eval_recall_macro': 0.4359605911330049, 'eval_accuracy': 0.46296296296296297, 'eval_runtime': 0.5724, 'eval_samples_per_second': 377.34, 'eval_steps_per_second': 47.167, 'epoch': 2.0}
{'eval_loss': 1.4099980592727661, 'eval_f1_macro': 0.37467299224406325, 'eval_f1_weighted': 0.3991238076895744, 'eval_precision_macro': 0.5002827184892402, 'eval_recall_macro': 0.45289408866995073, 'eval_accuracy': 0.48148148148148145, 'eval_runtime': 0.5771, 'eval_samples_per_second': 374.282, 'eval_steps_per_second': 46.785, 'epoch': 3.0}
  Model             : HubertForSequenceClassification  (94,570,632 params, 94,570,632 trainable)
{'eval_loss': 2.234976291656494, 'eval_f1_macro': 0.028688524590163935, 'eval_f1_weighted': 0.030813600485731632, 'eval_precision_macro': 0.01627906976744186, 'eval_recall_macro': 0.1206896551724138, 'eval_accuracy': 0.12962962962962962, 'eval_runtime': 0.5751, 'eval_samples_per_second': 375.558, 'eval_steps_per_second': 46.945, 'epoch': 1.0}
  Model             : HubertForSequenceClassification  (94,570,632 params, 94,570,632 trainable)
{'eval_loss': 1.7627404928207397, 'eval_f1_macro': 0.19159558034043403, 'eval_f1_weighted': 0.20305880071652854, 'eval_precision_macro': 0.16971627150567417, 'eval_recall_macro': 0.29741379310344823, 'eval_accuracy': 0.3148148148148148, 'eval_runtime': 0.5785, 'eval_samples_per_second': 373.385, 'eval_steps_per_second': 46.673, 'epoch': 1.0}
  Best f1_macro: 2.7428  |  params: {'learning_rate': 0.00013919425241433817, 'per_device_train_batch_size': 16, 'warmup_ratio': 0.0779714822919808, 'weight_decay': 0.06626261226192326}
  HPO complete. Skipping training (--hpo_only mode).

======================================================================
[10/14]  hubert-base_emodb
  Model  : facebook/hubert-base-ls960
  Dataset: renumics/emodb
  Output : /home/tu/tu_tu/tu_zxord71/asp-project/outputs/hubert-base_emodb

  Loading: renumics/emodb
  Label col : emotion
  Samples   : 535  |  Classes: 7
    0: 127
    1: 81
    2: 46
    3: 69
    4: 71
    5: 79
    6: 62
  Classes   : ['anger', 'boredom', 'disgust', 'fear', 'happiness', 'neutral', 'sadness']
  Split     : 374 train / 80 val / 81 test  (of 535)
  Feature extractor : Wav2Vec2FeatureExtractor  (sr=16000)
  Featurising splits ...
  Model             : HubertForSequenceClassification  (94,570,375 params, 94,570,375 trainable)
  HPO: 20 trials × 3 epochs ...
  Model             : HubertForSequenceClassification  (94,570,375 params, 94,570,375 trainable)
{'eval_loss': 1.698400855064392, 'eval_f1_macro': 0.22722228456713925, 'eval_f1_weighted': 0.288210264467138, 'eval_precision_macro': 0.21222527472527472, 'eval_recall_macro': 0.32142857142857145, 'eval_accuracy': 0.425, 'eval_runtime': 0.324, 'eval_samples_per_second': 246.88, 'eval_steps_per_second': 30.86, 'epoch': 1.0}
{'eval_loss': 1.475927710533142, 'eval_f1_macro': 0.26180856441236455, 'eval_f1_weighted': 0.32667221940620955, 'eval_precision_macro': 0.41345755693581776, 'eval_recall_macro': 0.34285714285714286, 'eval_accuracy': 0.4375, 'eval_runtime': 0.3125, 'eval_samples_per_second': 255.969, 'eval_steps_per_second': 31.996, 'epoch': 2.0}
{'eval_loss': 1.3557922840118408, 'eval_f1_macro': 0.4204129204129204, 'eval_f1_weighted': 0.4637092074592074, 'eval_precision_macro': 0.42153679653679654, 'eval_recall_macro': 0.5, 'eval_accuracy': 0.575, 'eval_runtime': 0.3219, 'eval_samples_per_second': 248.53, 'eval_steps_per_second': 31.066, 'epoch': 3.0}
{'train_runtime': 5.794, 'train_samples_per_second': 193.65, 'train_steps_per_second': 12.427, 'train_loss': 1.6726226806640625, 'epoch': 3.0}
  Model             : HubertForSequenceClassification  (94,570,375 params, 94,570,375 trainable)
{'eval_loss': 1.6912353038787842, 'eval_f1_macro': 0.2441620879120879, 'eval_f1_weighted': 0.30832331730769236, 'eval_precision_macro': 0.2130952380952381, 'eval_recall_macro': 0.3452380952380953, 'eval_accuracy': 0.45, 'eval_runtime': 0.3131, 'eval_samples_per_second': 255.469, 'eval_steps_per_second': 31.934, 'epoch': 1.0}
{'eval_loss': 1.483422875404358, 'eval_f1_macro': 0.22900171430091878, 'eval_f1_weighted': 0.29319905276321745, 'eval_precision_macro': 0.2650455927051672, 'eval_recall_macro': 0.3210526315789473, 'eval_accuracy': 0.4125, 'eval_runtime': 0.3266, 'eval_samples_per_second': 244.935, 'eval_steps_per_second': 30.617, 'epoch': 2.0}
{'eval_loss': 1.345483422279358, 'eval_f1_macro': 0.4048377498512269, 'eval_f1_weighted': 0.4485297721146778, 'eval_precision_macro': 0.4191176470588235, 'eval_recall_macro': 0.4857142857142857, 'eval_accuracy': 0.5625, 'eval_runtime': 0.3294, 'eval_samples_per_second': 242.881, 'eval_steps_per_second': 30.36, 'epoch': 3.0}
{'train_runtime': 5.7803, 'train_samples_per_second': 194.107, 'train_steps_per_second': 12.456, 'train_loss': 1.666571193271213, 'epoch': 3.0}
  Model             : HubertForSequenceClassification  (94,570,375 params, 94,570,375 trainable)
{'eval_loss': 1.637213110923767, 'eval_f1_macro': 0.3919279250161603, 'eval_f1_weighted': 0.45748963046757163, 'eval_precision_macro': 0.3336309523809523, 'eval_recall_macro': 0.4880952380952381, 'eval_accuracy': 0.575, 'eval_runtime': 0.3131, 'eval_samples_per_second': 255.493, 'eval_steps_per_second': 31.937, 'epoch': 1.0}
{'eval_loss': 1.341607689857483, 'eval_f1_macro': 0.3623947481090339, 'eval_f1_weighted': 0.42673826173826174, 'eval_precision_macro': 0.42968341182626896, 'eval_recall_macro': 0.44724310776942355, 'eval_accuracy': 0.525, 'eval_runtime': 0.3188, 'eval_samples_per_second': 250.928, 'eval_steps_per_second': 31.366, 'epoch': 2.0}
{'eval_loss': 1.1896148920059204, 'eval_f1_macro': 0.5107756021068715, 'eval_f1_weighted': 0.5615416549394878, 'eval_precision_macro': 0.6124542124542124, 'eval_recall_macro': 0.5710526315789474, 'eval_accuracy': 0.6375, 'eval_runtime': 0.3156, 'eval_samples_per_second': 253.451, 'eval_steps_per_second': 31.681, 'epoch': 3.0}
{'train_runtime': 11.6855, 'train_samples_per_second': 96.016, 'train_steps_per_second': 24.132, 'train_loss': 1.5945322023215869, 'epoch': 3.0}
  Model             : HubertForSequenceClassification  (94,570,375 params, 94,570,375 trainable)
{'eval_loss': 1.859899878501892, 'eval_f1_macro': 0.05483405483405483, 'eval_f1_weighted': 0.09116161616161615, 'eval_precision_macro': 0.033928571428571426, 'eval_recall_macro': 0.14285714285714285, 'eval_accuracy': 0.2375, 'eval_runtime': 0.3271, 'eval_samples_per_second': 244.605, 'eval_steps_per_second': 30.576, 'epoch': 1.0}
{'eval_loss': 1.771752953529358, 'eval_f1_macro': 0.22540447504302927, 'eval_f1_weighted': 0.2767349397590362, 'eval_precision_macro': 0.28416895604395603, 'eval_recall_macro': 0.2857142857142857, 'eval_accuracy': 0.3875, 'eval_runtime': 0.3124, 'eval_samples_per_second': 256.06, 'eval_steps_per_second': 32.007, 'epoch': 2.0}
{'eval_loss': 1.7378051280975342, 'eval_f1_macro': 0.27098090052718, 'eval_f1_weighted': 0.32886327888687233, 'eval_precision_macro': 0.26335534213685474, 'eval_recall_macro': 0.34523809523809523, 'eval_accuracy': 0.45, 'eval_runtime': 0.3172, 'eval_samples_per_second': 252.177, 'eval_steps_per_second': 31.522, 'epoch': 3.0}
{'train_runtime': 5.7779, 'train_samples_per_second': 194.187, 'train_steps_per_second': 12.461, 'train_loss': 1.861397425333659, 'epoch': 3.0}
  Model             : HubertForSequenceClassification  (94,570,375 params, 94,570,375 trainable)
{'eval_loss': 1.490606665611267, 'eval_f1_macro': 0.17625231910946196, 'eval_f1_weighted': 0.21899350649350652, 'eval_precision_macro': 0.24525075987841946, 'eval_recall_macro': 0.3, 'eval_accuracy': 0.375, 'eval_runtime': 0.3215, 'eval_samples_per_second': 248.871, 'eval_steps_per_second': 31.109, 'epoch': 1.0}
{'eval_loss': 1.1525847911834717, 'eval_f1_macro': 0.45358582717073276, 'eval_f1_weighted': 0.4967787453636511, 'eval_precision_macro': 0.5433239962651727, 'eval_recall_macro': 0.5261904761904762, 'eval_accuracy': 0.6, 'eval_runtime': 0.3107, 'eval_samples_per_second': 257.522, 'eval_steps_per_second': 32.19, 'epoch': 2.0}
{'eval_loss': 0.906646728515625, 'eval_f1_macro': 0.4916003536693192, 'eval_f1_weighted': 0.5427085845189293, 'eval_precision_macro': 0.6705263157894736, 'eval_recall_macro': 0.5758145363408521, 'eval_accuracy': 0.6375, 'eval_runtime': 0.3262, 'eval_samples_per_second': 245.234, 'eval_steps_per_second': 30.654, 'epoch': 3.0}
{'train_runtime': 7.7128, 'train_samples_per_second': 145.473, 'train_steps_per_second': 18.281, 'train_loss': 1.3965107802803636, 'epoch': 3.0}
  Model             : HubertForSequenceClassification  (94,570,375 params, 94,570,375 trainable)
{'eval_loss': 1.6104857921600342, 'eval_f1_macro': 0.1592764378478664, 'eval_f1_weighted': 0.22661525974025976, 'eval_precision_macro': 0.11322618299362484, 'eval_recall_macro': 0.2857142857142857, 'eval_accuracy': 0.3875, 'eval_runtime': 0.3275, 'eval_samples_per_second': 244.251, 'eval_steps_per_second': 30.531, 'epoch': 1.0}
  Model             : HubertForSequenceClassification  (94,570,375 params, 94,570,375 trainable)
{'eval_loss': 1.634210228919983, 'eval_f1_macro': 0.14851678376268543, 'eval_f1_weighted': 0.20003415300546448, 'eval_precision_macro': 0.10221983530254207, 'eval_recall_macro': 0.2857142857142857, 'eval_accuracy': 0.3625, 'eval_runtime': 0.3215, 'eval_samples_per_second': 248.815, 'eval_steps_per_second': 31.102, 'epoch': 1.0}
  Model             : HubertForSequenceClassification  (94,570,375 params, 94,570,375 trainable)
{'eval_loss': 1.743261694908142, 'eval_f1_macro': 0.16472425808001923, 'eval_f1_weighted': 0.21350925147182503, 'eval_precision_macro': 0.1271175136721355, 'eval_recall_macro': 0.2619047619047619, 'eval_accuracy': 0.3625, 'eval_runtime': 0.3374, 'eval_samples_per_second': 237.092, 'eval_steps_per_second': 29.637, 'epoch': 1.0}
  Model             : HubertForSequenceClassification  (94,570,375 params, 94,570,375 trainable)
{'eval_loss': 1.561498999595642, 'eval_f1_macro': 0.24864582868234722, 'eval_f1_weighted': 0.30768493691500387, 'eval_precision_macro': 0.187859143657463, 'eval_recall_macro': 0.36904761904761907, 'eval_accuracy': 0.45, 'eval_runtime': 0.3577, 'eval_samples_per_second': 223.678, 'eval_steps_per_second': 27.96, 'epoch': 1.0}
{'eval_loss': 1.3263428211212158, 'eval_f1_macro': 0.41810115350488025, 'eval_f1_weighted': 0.4658385093167702, 'eval_precision_macro': 0.46203796203796205, 'eval_recall_macro': 0.47105263157894733, 'eval_accuracy': 0.5375, 'eval_runtime': 0.3206, 'eval_samples_per_second': 249.538, 'eval_steps_per_second': 31.192, 'epoch': 2.0}
  Model             : HubertForSequenceClassification  (94,570,375 params, 94,570,375 trainable)
{'eval_loss': 1.7952392101287842, 'eval_f1_macro': 0.05654761904761905, 'eval_f1_weighted': 0.09401041666666667, 'eval_precision_macro': 0.03525046382189239, 'eval_recall_macro': 0.14285714285714285, 'eval_accuracy': 0.2375, 'eval_runtime': 0.3188, 'eval_samples_per_second': 250.98, 'eval_steps_per_second': 31.372, 'epoch': 1.0}
  Model             : HubertForSequenceClassification  (94,570,375 params, 94,570,375 trainable)
{'eval_loss': 1.958898901939392, 'eval_f1_macro': 0.05483405483405483, 'eval_f1_weighted': 0.09116161616161615, 'eval_precision_macro': 0.033928571428571426, 'eval_recall_macro': 0.14285714285714285, 'eval_accuracy': 0.2375, 'eval_runtime': 0.3107, 'eval_samples_per_second': 257.455, 'eval_steps_per_second': 32.182, 'epoch': 1.0}
  Model             : HubertForSequenceClassification  (94,570,375 params, 94,570,375 trainable)
{'eval_loss': 2.0379791259765625, 'eval_f1_macro': 0.18441289559301982, 'eval_f1_weighted': 0.21582556935817804, 'eval_precision_macro': 0.2010989010989011, 'eval_recall_macro': 0.26904761904761904, 'eval_accuracy': 0.35, 'eval_runtime': 0.3131, 'eval_samples_per_second': 255.534, 'eval_steps_per_second': 31.942, 'epoch': 1.0}
  Model             : HubertForSequenceClassification  (94,570,375 params, 94,570,375 trainable)
{'eval_loss': 1.8207886219024658, 'eval_f1_macro': 0.05483405483405483, 'eval_f1_weighted': 0.09116161616161615, 'eval_precision_macro': 0.033928571428571426, 'eval_recall_macro': 0.14285714285714285, 'eval_accuracy': 0.2375, 'eval_runtime': 0.3198, 'eval_samples_per_second': 250.15, 'eval_steps_per_second': 31.269, 'epoch': 1.0}
  Model             : HubertForSequenceClassification  (94,570,375 params, 94,570,375 trainable)
{'eval_loss': 2.8768768310546875, 'eval_f1_macro': 0.031746031746031744, 'eval_f1_weighted': 0.02777777777777778, 'eval_precision_macro': 0.017857142857142856, 'eval_recall_macro': 0.14285714285714285, 'eval_accuracy': 0.125, 'eval_runtime': 0.3139, 'eval_samples_per_second': 254.848, 'eval_steps_per_second': 31.856, 'epoch': 1.0}
  Model             : HubertForSequenceClassification  (94,570,375 params, 94,570,375 trainable)
{'eval_loss': 2.0039916038513184, 'eval_f1_macro': 0.037267080745341616, 'eval_f1_weighted': 0.03913043478260869, 'eval_precision_macro': 0.02142857142857143, 'eval_recall_macro': 0.14285714285714285, 'eval_accuracy': 0.15, 'eval_runtime': 0.3706, 'eval_samples_per_second': 215.838, 'eval_steps_per_second': 26.98, 'epoch': 1.0}
  Model             : HubertForSequenceClassification  (94,570,375 params, 94,570,375 trainable)
{'eval_loss': 1.651336669921875, 'eval_f1_macro': 0.41311936271613686, 'eval_f1_weighted': 0.4754954163220292, 'eval_precision_macro': 0.37210070631123265, 'eval_recall_macro': 0.49523809523809526, 'eval_accuracy': 0.5875, 'eval_runtime': 0.3129, 'eval_samples_per_second': 255.646, 'eval_steps_per_second': 31.956, 'epoch': 1.0}
  Model             : HubertForSequenceClassification  (94,570,375 params, 94,570,375 trainable)
{'eval_loss': 1.4930908679962158, 'eval_f1_macro': 0.17575727376913286, 'eval_f1_weighted': 0.223869581761106, 'eval_precision_macro': 0.24609303180731754, 'eval_recall_macro': 0.3, 'eval_accuracy': 0.375, 'eval_runtime': 0.3255, 'eval_samples_per_second': 245.766, 'eval_steps_per_second': 30.721, 'epoch': 1.0}
{'eval_loss': 1.2341187000274658, 'eval_f1_macro': 0.2865883100769508, 'eval_f1_weighted': 0.3493304239934968, 'eval_precision_macro': 0.25728803716608595, 'eval_recall_macro': 0.38571428571428573, 'eval_accuracy': 0.475, 'eval_runtime': 0.3181, 'eval_samples_per_second': 251.458, 'eval_steps_per_second': 31.432, 'epoch': 2.0}
  Model             : HubertForSequenceClassification  (94,570,375 params, 94,570,375 trainable)
{'eval_loss': 2.010266065597534, 'eval_f1_macro': 0.031746031746031744, 'eval_f1_weighted': 0.02777777777777778, 'eval_precision_macro': 0.017857142857142856, 'eval_recall_macro': 0.14285714285714285, 'eval_accuracy': 0.125, 'eval_runtime': 0.3264, 'eval_samples_per_second': 245.097, 'eval_steps_per_second': 30.637, 'epoch': 1.0}
  Model             : HubertForSequenceClassification  (94,570,375 params, 94,570,375 trainable)
{'eval_loss': 1.444091796875, 'eval_f1_macro': 0.15, 'eval_f1_weighted': 0.20249999999999999, 'eval_precision_macro': 0.1037960755547405, 'eval_recall_macro': 0.2857142857142857, 'eval_accuracy': 0.3625, 'eval_runtime': 0.3241, 'eval_samples_per_second': 246.816, 'eval_steps_per_second': 30.852, 'epoch': 1.0}
  Model             : HubertForSequenceClassification  (94,570,375 params, 94,570,375 trainable)
{'eval_loss': 1.6684753894805908, 'eval_f1_macro': 0.37188425609478243, 'eval_f1_weighted': 0.4321830143540669, 'eval_precision_macro': 0.362026862026862, 'eval_recall_macro': 0.4428571428571429, 'eval_accuracy': 0.5375, 'eval_runtime': 0.31, 'eval_samples_per_second': 258.059, 'eval_steps_per_second': 32.257, 'epoch': 1.0}
  Best f1_macro: 2.9181  |  params: {'learning_rate': 9.997466711326045e-05, 'per_device_train_batch_size': 8, 'warmup_ratio': 0.19157180637934296, 'weight_decay': 0.08603867297294654}
  HPO complete. Skipping training (--hpo_only mode).

======================================================================
[11/14]  wavlm-base_ravdess
  Model  : microsoft/wavlm-base
  Dataset: xbgoose/ravdess
  Output : /home/tu/tu_tu/tu_zxord71/asp-project/outputs/wavlm-base_ravdess

  Loading: xbgoose/ravdess
  Label col : emotion
  Samples   : 1,440  |  Classes: 8
    angry: 192
    calm: 192
    disgust: 192
    fearful: 192
    happy: 192
    neutral: 96
    sad: 192
    surprised: 192
  Classes   : ['angry', 'calm', 'disgust', 'fearful', 'happy', 'neutral', 'sad', 'surprised']
  Split     : 1,008 train / 216 val / 216 test  (of 1,440)
  Feature extractor : Wav2Vec2FeatureExtractor  (sr=16000)
  Featurising splits ...
  Model             : WavLMForSequenceClassification  (94,580,856 params, 94,580,856 trainable)
  HPO: 20 trials × 3 epochs ...
  Model             : WavLMForSequenceClassification  (94,580,856 params, 94,580,856 trainable)
{'eval_loss': 1.6312685012817383, 'eval_f1_macro': 0.263057145705172, 'eval_f1_weighted': 0.2800087471414226, 'eval_precision_macro': 0.26518430436340884, 'eval_recall_macro': 0.35745073891625617, 'eval_accuracy': 0.37962962962962965, 'eval_runtime': 0.7757, 'eval_samples_per_second': 278.465, 'eval_steps_per_second': 34.808, 'epoch': 1.0}
{'loss': 1.6692, 'grad_norm': 11.241819381713867, 'learning_rate': 1.7812258551166386e-05, 'epoch': 1.98}
{'eval_loss': 1.355713963508606, 'eval_f1_macro': 0.45810300233539225, 'eval_f1_weighted': 0.4811621314964366, 'eval_precision_macro': 0.5222580384908759, 'eval_recall_macro': 0.5094109195402299, 'eval_accuracy': 0.5370370370370371, 'eval_runtime': 0.7721, 'eval_samples_per_second': 279.759, 'eval_steps_per_second': 34.97, 'epoch': 2.0}
{'eval_loss': 0.9233624339103699, 'eval_f1_macro': 0.6685205246085106, 'eval_f1_weighted': 0.6783886430294429, 'eval_precision_macro': 0.6966083916083916, 'eval_recall_macro': 0.6854885057471265, 'eval_accuracy': 0.6990740740740741, 'eval_runtime': 0.7748, 'eval_samples_per_second': 278.777, 'eval_steps_per_second': 34.847, 'epoch': 3.0}
{'train_runtime': 42.48, 'train_samples_per_second': 71.186, 'train_steps_per_second': 17.797, 'train_loss': 1.4442353828874215, 'epoch': 3.0}
  Model             : WavLMForSequenceClassification  (94,580,856 params, 94,580,856 trainable)
{'eval_loss': 2.0672969818115234, 'eval_f1_macro': 0.02959183673469388, 'eval_f1_weighted': 0.031783824640967503, 'eval_precision_macro': 0.01678240740740741, 'eval_recall_macro': 0.125, 'eval_accuracy': 0.13425925925925927, 'eval_runtime': 0.7849, 'eval_samples_per_second': 275.179, 'eval_steps_per_second': 34.397, 'epoch': 1.0}
{'eval_loss': 2.0706605911254883, 'eval_f1_macro': 0.028688524590163935, 'eval_f1_weighted': 0.029751062537947785, 'eval_precision_macro': 0.016203703703703703, 'eval_recall_macro': 0.125, 'eval_accuracy': 0.12962962962962962, 'eval_runtime': 1.0595, 'eval_samples_per_second': 203.862, 'eval_steps_per_second': 25.483, 'epoch': 2.0}
{'eval_loss': 2.063096761703491, 'eval_f1_macro': 0.028688524590163935, 'eval_f1_weighted': 0.029751062537947785, 'eval_precision_macro': 0.016203703703703703, 'eval_recall_macro': 0.125, 'eval_accuracy': 0.12962962962962962, 'eval_runtime': 0.7892, 'eval_samples_per_second': 273.682, 'eval_steps_per_second': 34.21, 'epoch': 3.0}
{'train_runtime': 26.0457, 'train_samples_per_second': 116.104, 'train_steps_per_second': 14.513, 'train_loss': 2.073597418568122, 'epoch': 3.0}
  Model             : WavLMForSequenceClassification  (94,580,856 params, 94,580,856 trainable)
{'eval_loss': 1.857539415359497, 'eval_f1_macro': 0.1534249512284674, 'eval_f1_weighted': 0.1623625779645567, 'eval_precision_macro': 0.1547902097902098, 'eval_recall_macro': 0.2584667487684729, 'eval_accuracy': 0.27314814814814814, 'eval_runtime': 0.7861, 'eval_samples_per_second': 274.782, 'eval_steps_per_second': 34.348, 'epoch': 1.0}
{'eval_loss': 1.6561551094055176, 'eval_f1_macro': 0.2765977932672312, 'eval_f1_weighted': 0.2941403907483056, 'eval_precision_macro': 0.24407308377896614, 'eval_recall_macro': 0.37068965517241376, 'eval_accuracy': 0.39351851851851855, 'eval_runtime': 0.8041, 'eval_samples_per_second': 268.639, 'eval_steps_per_second': 33.58, 'epoch': 2.0}
{'eval_loss': 1.5956827402114868, 'eval_f1_macro': 0.3348727011758927, 'eval_f1_weighted': 0.35590824517833974, 'eval_precision_macro': 0.3630242614566917, 'eval_recall_macro': 0.4141009852216749, 'eval_accuracy': 0.4398148148148148, 'eval_runtime': 0.7915, 'eval_samples_per_second': 272.909, 'eval_steps_per_second': 34.114, 'epoch': 3.0}
{'train_runtime': 25.8541, 'train_samples_per_second': 116.964, 'train_steps_per_second': 14.621, 'train_loss': 1.8218655056423612, 'epoch': 3.0}
  Model             : WavLMForSequenceClassification  (94,580,856 params, 94,580,856 trainable)
{'eval_loss': 2.0734546184539795, 'eval_f1_macro': 0.02959183673469388, 'eval_f1_weighted': 0.031783824640967503, 'eval_precision_macro': 0.01678240740740741, 'eval_recall_macro': 0.125, 'eval_accuracy': 0.13425925925925927, 'eval_runtime': 0.7868, 'eval_samples_per_second': 274.527, 'eval_steps_per_second': 34.316, 'epoch': 1.0}
{'loss': 2.0926, 'grad_norm': 1.7407033443450928, 'learning_rate': 0.00010923534041422344, 'epoch': 1.98}
{'eval_loss': 2.0745396614074707, 'eval_f1_macro': 0.028688524590163935, 'eval_f1_weighted': 0.029751062537947785, 'eval_precision_macro': 0.016203703703703703, 'eval_recall_macro': 0.125, 'eval_accuracy': 0.12962962962962962, 'eval_runtime': 0.7717, 'eval_samples_per_second': 279.907, 'eval_steps_per_second': 34.988, 'epoch': 2.0}
{'eval_loss': 2.0647921562194824, 'eval_f1_macro': 0.02959183673469388, 'eval_f1_weighted': 0.031783824640967503, 'eval_precision_macro': 0.01678240740740741, 'eval_recall_macro': 0.125, 'eval_accuracy': 0.13425925925925927, 'eval_runtime': 0.7712, 'eval_samples_per_second': 280.084, 'eval_steps_per_second': 35.01, 'epoch': 3.0}
{'train_runtime': 42.1208, 'train_samples_per_second': 71.793, 'train_steps_per_second': 17.948, 'train_loss': 2.0848401589368386, 'epoch': 3.0}
  Model             : WavLMForSequenceClassification  (94,580,856 params, 94,580,856 trainable)
{'eval_loss': 1.9433141946792603, 'eval_f1_macro': 0.17431231393594723, 'eval_f1_weighted': 0.18384397269898625, 'eval_precision_macro': 0.1530362001368833, 'eval_recall_macro': 0.2578509852216749, 'eval_accuracy': 0.27314814814814814, 'eval_runtime': 0.781, 'eval_samples_per_second': 276.564, 'eval_steps_per_second': 34.571, 'epoch': 1.0}
{'loss': 1.9433, 'grad_norm': 3.6256258487701416, 'learning_rate': 4.002840571605003e-06, 'epoch': 1.98}
{'eval_loss': 1.7488425970077515, 'eval_f1_macro': 0.3386083912371025, 'eval_f1_weighted': 0.3603453565968966, 'eval_precision_macro': 0.4378465074911647, 'eval_recall_macro': 0.3970135467980295, 'eval_accuracy': 0.4212962962962963, 'eval_runtime': 0.7834, 'eval_samples_per_second': 275.734, 'eval_steps_per_second': 34.467, 'epoch': 2.0}
{'eval_loss': 1.6982783079147339, 'eval_f1_macro': 0.4517390056578242, 'eval_f1_weighted': 0.4803228744107293, 'eval_precision_macro': 0.4606201852009778, 'eval_recall_macro': 0.47967980295566504, 'eval_accuracy': 0.5092592592592593, 'eval_runtime': 0.789, 'eval_samples_per_second': 273.777, 'eval_steps_per_second': 34.222, 'epoch': 3.0}
{'train_runtime': 42.0377, 'train_samples_per_second': 71.935, 'train_steps_per_second': 17.984, 'train_loss': 1.8808506556919642, 'epoch': 3.0}
  Model             : WavLMForSequenceClassification  (94,580,856 params, 94,580,856 trainable)
{'eval_loss': 2.0967564582824707, 'eval_f1_macro': 0.046502057613168724, 'eval_f1_weighted': 0.04932937052278616, 'eval_precision_macro': 0.1419392523364486, 'eval_recall_macro': 0.13392857142857142, 'eval_accuracy': 0.14351851851851852, 'eval_runtime': 0.7962, 'eval_samples_per_second': 271.297, 'eval_steps_per_second': 33.912, 'epoch': 1.0}
  Model             : WavLMForSequenceClassification  (94,580,856 params, 94,580,856 trainable)
{'eval_loss': 2.071664333343506, 'eval_f1_macro': 0.02959183673469388, 'eval_f1_weighted': 0.031783824640967503, 'eval_precision_macro': 0.01678240740740741, 'eval_recall_macro': 0.125, 'eval_accuracy': 0.13425925925925927, 'eval_runtime': 0.7755, 'eval_samples_per_second': 278.539, 'eval_steps_per_second': 34.817, 'epoch': 1.0}
  Model             : WavLMForSequenceClassification  (94,580,856 params, 94,580,856 trainable)
{'eval_loss': 1.9421114921569824, 'eval_f1_macro': 0.1965474309713743, 'eval_f1_weighted': 0.20942299824871516, 'eval_precision_macro': 0.4215277777777778, 'eval_recall_macro': 0.28879310344827586, 'eval_accuracy': 0.3055555555555556, 'eval_runtime': 0.7757, 'eval_samples_per_second': 278.452, 'eval_steps_per_second': 34.806, 'epoch': 1.0}
{'eval_loss': 1.7490460872650146, 'eval_f1_macro': 0.3432942171258868, 'eval_f1_weighted': 0.36520910863016126, 'eval_precision_macro': 0.4318230013141704, 'eval_recall_macro': 0.41871921182266003, 'eval_accuracy': 0.4444444444444444, 'eval_runtime': 0.7753, 'eval_samples_per_second': 278.586, 'eval_steps_per_second': 34.823, 'epoch': 2.0}
{'eval_loss': 1.6584382057189941, 'eval_f1_macro': 0.37764603404138286, 'eval_f1_weighted': 0.4022235609444912, 'eval_precision_macro': 0.3700350512850512, 'eval_recall_macro': 0.4570504926108374, 'eval_accuracy': 0.4861111111111111, 'eval_runtime': 0.793, 'eval_samples_per_second': 272.367, 'eval_steps_per_second': 34.046, 'epoch': 3.0}
{'train_runtime': 18.5412, 'train_samples_per_second': 163.096, 'train_steps_per_second': 10.193, 'train_loss': 1.8723396422371033, 'epoch': 3.0}
  Model             : WavLMForSequenceClassification  (94,580,856 params, 94,580,856 trainable)
{'eval_loss': 2.0685267448425293, 'eval_f1_macro': 0.02959183673469388, 'eval_f1_weighted': 0.031783824640967503, 'eval_precision_macro': 0.01678240740740741, 'eval_recall_macro': 0.125, 'eval_accuracy': 0.13425925925925927, 'eval_runtime': 0.792, 'eval_samples_per_second': 272.733, 'eval_steps_per_second': 34.092, 'epoch': 1.0}
  Model             : WavLMForSequenceClassification  (94,580,856 params, 94,580,856 trainable)
{'eval_loss': 1.7992892265319824, 'eval_f1_macro': 0.16409310815469844, 'eval_f1_weighted': 0.17300166136974623, 'eval_precision_macro': 0.2085658482142857, 'eval_recall_macro': 0.2673953201970443, 'eval_accuracy': 0.2824074074074074, 'eval_runtime': 0.7836, 'eval_samples_per_second': 275.649, 'eval_steps_per_second': 34.456, 'epoch': 1.0}
{'loss': 1.8611, 'grad_norm': 13.399306297302246, 'learning_rate': 6.498686366344378e-06, 'epoch': 1.98}
{'eval_loss': 1.5495786666870117, 'eval_f1_macro': 0.38755568564029563, 'eval_f1_weighted': 0.41332544900764184, 'eval_precision_macro': 0.5937867496816256, 'eval_recall_macro': 0.4699815270935961, 'eval_accuracy': 0.5, 'eval_runtime': 0.7727, 'eval_samples_per_second': 279.526, 'eval_steps_per_second': 34.941, 'epoch': 2.0}
{'eval_loss': 1.389863133430481, 'eval_f1_macro': 0.4684371505419255, 'eval_f1_weighted': 0.49857671500406586, 'eval_precision_macro': 0.4273509687409265, 'eval_recall_macro': 0.5440270935960592, 'eval_accuracy': 0.5787037037037037, 'eval_runtime': 0.7693, 'eval_samples_per_second': 280.787, 'eval_steps_per_second': 35.098, 'epoch': 3.0}
{'train_runtime': 42.1213, 'train_samples_per_second': 71.793, 'train_steps_per_second': 17.948, 'train_loss': 1.7296371863632607, 'epoch': 3.0}
  Model             : WavLMForSequenceClassification  (94,580,856 params, 94,580,856 trainable)
{'eval_loss': 2.0705068111419678, 'eval_f1_macro': 0.02959183673469388, 'eval_f1_weighted': 0.031783824640967503, 'eval_precision_macro': 0.01678240740740741, 'eval_recall_macro': 0.125, 'eval_accuracy': 0.13425925925925927, 'eval_runtime': 0.7765, 'eval_samples_per_second': 278.182, 'eval_steps_per_second': 34.773, 'epoch': 1.0}
  Model             : WavLMForSequenceClassification  (94,580,856 params, 94,580,856 trainable)
{'eval_loss': 1.8884503841400146, 'eval_f1_macro': 0.18660220427437071, 'eval_f1_weighted': 0.19651994984212423, 'eval_precision_macro': 0.1725907132825582, 'eval_recall_macro': 0.27139778325123154, 'eval_accuracy': 0.28703703703703703, 'eval_runtime': 0.7823, 'eval_samples_per_second': 276.098, 'eval_steps_per_second': 34.512, 'epoch': 1.0}
{'loss': 1.9062, 'grad_norm': 12.897019386291504, 'learning_rate': 4.9474348697718355e-06, 'epoch': 1.98}
{'eval_loss': 1.6863131523132324, 'eval_f1_macro': 0.396203035032039, 'eval_f1_weighted': 0.42062693745637353, 'eval_precision_macro': 0.41608911921411923, 'eval_recall_macro': 0.46197660098522164, 'eval_accuracy': 0.49074074074074076, 'eval_runtime': 0.7836, 'eval_samples_per_second': 275.668, 'eval_steps_per_second': 34.458, 'epoch': 2.0}
{'eval_loss': 1.5459210872650146, 'eval_f1_macro': 0.44818946234700585, 'eval_f1_weighted': 0.4774128257927671, 'eval_precision_macro': 0.43421043333345355, 'eval_recall_macro': 0.5178571428571429, 'eval_accuracy': 0.5509259259259259, 'eval_runtime': 0.7775, 'eval_samples_per_second': 277.8, 'eval_steps_per_second': 34.725, 'epoch': 3.0}
  Model             : WavLMForSequenceClassification  (94,580,856 params, 94,580,856 trainable)
{'eval_loss': 1.8093690872192383, 'eval_f1_macro': 0.18112396792632582, 'eval_f1_weighted': 0.19036870905519684, 'eval_precision_macro': 0.22466409376786733, 'eval_recall_macro': 0.26724137931034486, 'eval_accuracy': 0.2824074074074074, 'eval_runtime': 0.7791, 'eval_samples_per_second': 277.241, 'eval_steps_per_second': 34.655, 'epoch': 1.0}
{'loss': 1.8258, 'grad_norm': 19.770315170288086, 'learning_rate': 1.1952567051014168e-05, 'epoch': 1.98}
{'eval_loss': 1.5868982076644897, 'eval_f1_macro': 0.28657740639117063, 'eval_f1_weighted': 0.305031429112837, 'eval_precision_macro': 0.3731940204073434, 'eval_recall_macro': 0.3793103448275862, 'eval_accuracy': 0.4027777777777778, 'eval_runtime': 0.7887, 'eval_samples_per_second': 273.852, 'eval_steps_per_second': 34.232, 'epoch': 2.0}
  Model             : WavLMForSequenceClassification  (94,580,856 params, 94,580,856 trainable)
{'eval_loss': 1.6846946477890015, 'eval_f1_macro': 0.17617542870057407, 'eval_f1_weighted': 0.18628428398558391, 'eval_precision_macro': 0.17594587430113745, 'eval_recall_macro': 0.2757081280788177, 'eval_accuracy': 0.2916666666666667, 'eval_runtime': 0.7891, 'eval_samples_per_second': 273.733, 'eval_steps_per_second': 34.217, 'epoch': 1.0}
{'loss': 1.7379, 'grad_norm': 7.454765319824219, 'learning_rate': 2.213951242627288e-05, 'epoch': 1.98}
{'eval_loss': 1.3336113691329956, 'eval_f1_macro': 0.4967025378208433, 'eval_f1_weighted': 0.4992186485679397, 'eval_precision_macro': 0.5106656659815213, 'eval_recall_macro': 0.5376847290640394, 'eval_accuracy': 0.5462962962962963, 'eval_runtime': 0.7796, 'eval_samples_per_second': 277.077, 'eval_steps_per_second': 34.635, 'epoch': 2.0}
{'eval_loss': 1.0678569078445435, 'eval_f1_macro': 0.6608408801788879, 'eval_f1_weighted': 0.6702966935731849, 'eval_precision_macro': 0.6735353800611154, 'eval_recall_macro': 0.6764059934318555, 'eval_accuracy': 0.6898148148148148, 'eval_runtime': 0.7791, 'eval_samples_per_second': 277.26, 'eval_steps_per_second': 34.658, 'epoch': 3.0}
{'train_runtime': 42.3155, 'train_samples_per_second': 71.463, 'train_steps_per_second': 17.866, 'train_loss': 1.5195742006655093, 'epoch': 3.0}
  Model             : WavLMForSequenceClassification  (94,580,856 params, 94,580,856 trainable)
{'eval_loss': 2.0676586627960205, 'eval_f1_macro': 0.02959183673469388, 'eval_f1_weighted': 0.031783824640967503, 'eval_precision_macro': 0.01678240740740741, 'eval_recall_macro': 0.125, 'eval_accuracy': 0.13425925925925927, 'eval_runtime': 0.8058, 'eval_samples_per_second': 268.047, 'eval_steps_per_second': 33.506, 'epoch': 1.0}
  Model             : WavLMForSequenceClassification  (94,580,856 params, 94,580,856 trainable)
{'eval_loss': 1.7237662076950073, 'eval_f1_macro': 0.15534137545081458, 'eval_f1_weighted': 0.1634811406357234, 'eval_precision_macro': 0.14803698074974672, 'eval_recall_macro': 0.2673953201970444, 'eval_accuracy': 0.2824074074074074, 'eval_runtime': 0.8005, 'eval_samples_per_second': 269.841, 'eval_steps_per_second': 33.73, 'epoch': 1.0}
  Model             : WavLMForSequenceClassification  (94,580,856 params, 94,580,856 trainable)
{'eval_loss': 2.089473009109497, 'eval_f1_macro': 0.04658119658119658, 'eval_f1_weighted': 0.049414371636593866, 'eval_precision_macro': 0.14207317073170733, 'eval_recall_macro': 0.12961822660098524, 'eval_accuracy': 0.1388888888888889, 'eval_runtime': 0.7857, 'eval_samples_per_second': 274.903, 'eval_steps_per_second': 34.363, 'epoch': 1.0}
  Model             : WavLMForSequenceClassification  (94,580,856 params, 94,580,856 trainable)
{'eval_loss': 1.8236762285232544, 'eval_f1_macro': 0.20200710971972385, 'eval_f1_weighted': 0.21399849141821278, 'eval_precision_macro': 0.18831437513165417, 'eval_recall_macro': 0.3186576354679803, 'eval_accuracy': 0.33796296296296297, 'eval_runtime': 0.8474, 'eval_samples_per_second': 254.898, 'eval_steps_per_second': 31.862, 'epoch': 1.0}
{'loss': 1.8402, 'grad_norm': 9.036489486694336, 'learning_rate': 8.021700096089775e-06, 'epoch': 1.98}
{'eval_loss': 1.5661033391952515, 'eval_f1_macro': 0.3825126274766199, 'eval_f1_weighted': 0.40719495230925656, 'eval_precision_macro': 0.3672520399654546, 'eval_recall_macro': 0.44473522167487683, 'eval_accuracy': 0.4722222222222222, 'eval_runtime': 0.8025, 'eval_samples_per_second': 269.142, 'eval_steps_per_second': 33.643, 'epoch': 2.0}
  Model             : WavLMForSequenceClassification  (94,580,856 params, 94,580,856 trainable)
{'eval_loss': 1.9225915670394897, 'eval_f1_macro': 0.16748213973471884, 'eval_f1_weighted': 0.1757011692205782, 'eval_precision_macro': 0.1996827773025378, 'eval_recall_macro': 0.23168103448275862, 'eval_accuracy': 0.24537037037037038, 'eval_runtime': 0.811, 'eval_samples_per_second': 266.346, 'eval_steps_per_second': 33.293, 'epoch': 1.0}
  Model             : WavLMForSequenceClassification  (94,580,856 params, 94,580,856 trainable)
{'eval_loss': 2.0255534648895264, 'eval_f1_macro': 0.09124455771477116, 'eval_f1_weighted': 0.09585009773498676, 'eval_precision_macro': 0.10241228070175439, 'eval_recall_macro': 0.16964285714285715, 'eval_accuracy': 0.18055555555555555, 'eval_runtime': 0.7996, 'eval_samples_per_second': 270.13, 'eval_steps_per_second': 33.766, 'epoch': 1.0}
  Best f1_macro: 3.4281  |  params: {'learning_rate': 4.87238045193384e-05, 'per_device_train_batch_size': 4, 'warmup_ratio': 0.06889401883336357, 'weight_decay': 0.033780156958751466}
  HPO complete. Skipping training (--hpo_only mode).

======================================================================
[12/14]  wavlm-base_emodb
  Model  : microsoft/wavlm-base
  Dataset: renumics/emodb
  Output : /home/tu/tu_tu/tu_zxord71/asp-project/outputs/wavlm-base_emodb

  Loading: renumics/emodb
  Label col : emotion
  Samples   : 535  |  Classes: 7
    0: 127
    1: 81
    2: 46
    3: 69
    4: 71
    5: 79
    6: 62
  Classes   : ['anger', 'boredom', 'disgust', 'fear', 'happiness', 'neutral', 'sadness']
  Split     : 374 train / 80 val / 81 test  (of 535)
  Feature extractor : Wav2Vec2FeatureExtractor  (sr=16000)
  Featurising splits ...
  Model             : WavLMForSequenceClassification  (94,580,599 params, 94,580,599 trainable)
  HPO: 20 trials × 3 epochs ...
  Model             : WavLMForSequenceClassification  (94,580,599 params, 94,580,599 trainable)
{'eval_loss': 1.364166259765625, 'eval_f1_macro': 0.29036414565826335, 'eval_f1_weighted': 0.33956862745098043, 'eval_precision_macro': 0.3171494404213298, 'eval_recall_macro': 0.38571428571428573, 'eval_accuracy': 0.45, 'eval_runtime': 0.4022, 'eval_samples_per_second': 198.883, 'eval_steps_per_second': 24.86, 'epoch': 1.0}
{'eval_loss': 1.0374176502227783, 'eval_f1_macro': 0.4710062386936574, 'eval_f1_weighted': 0.5368599836294476, 'eval_precision_macro': 0.4581168831168831, 'eval_recall_macro': 0.5329573934837092, 'eval_accuracy': 0.6, 'eval_runtime': 0.4058, 'eval_samples_per_second': 197.146, 'eval_steps_per_second': 24.643, 'epoch': 2.0}
{'eval_loss': 0.8412674069404602, 'eval_f1_macro': 0.6943374086231229, 'eval_f1_weighted': 0.7097963147963148, 'eval_precision_macro': 0.7841575091575091, 'eval_recall_macro': 0.7006802721088435, 'eval_accuracy': 0.7375, 'eval_runtime': 0.4047, 'eval_samples_per_second': 197.68, 'eval_steps_per_second': 24.71, 'epoch': 3.0}
{'train_runtime': 12.4734, 'train_samples_per_second': 89.952, 'train_steps_per_second': 11.304, 'train_loss': 1.306087520951075, 'epoch': 3.0}
  Model             : WavLMForSequenceClassification  (94,580,599 params, 94,580,599 trainable)
{'eval_loss': 1.959924340248108, 'eval_f1_macro': 0.031746031746031744, 'eval_f1_weighted': 0.02777777777777778, 'eval_precision_macro': 0.017857142857142856, 'eval_recall_macro': 0.14285714285714285, 'eval_accuracy': 0.125, 'eval_runtime': 0.3977, 'eval_samples_per_second': 201.179, 'eval_steps_per_second': 25.147, 'epoch': 1.0}
{'eval_loss': 1.917688012123108, 'eval_f1_macro': 0.05483405483405483, 'eval_f1_weighted': 0.09116161616161615, 'eval_precision_macro': 0.033928571428571426, 'eval_recall_macro': 0.14285714285714285, 'eval_accuracy': 0.2375, 'eval_runtime': 0.4019, 'eval_samples_per_second': 199.063, 'eval_steps_per_second': 24.883, 'epoch': 2.0}
{'eval_loss': 1.90673828125, 'eval_f1_macro': 0.05483405483405483, 'eval_f1_weighted': 0.09116161616161615, 'eval_precision_macro': 0.033928571428571426, 'eval_recall_macro': 0.14285714285714285, 'eval_accuracy': 0.2375, 'eval_runtime': 0.3949, 'eval_samples_per_second': 202.56, 'eval_steps_per_second': 25.32, 'epoch': 3.0}
{'train_runtime': 10.3189, 'train_samples_per_second': 108.733, 'train_steps_per_second': 13.664, 'train_loss': 1.9323702331975843, 'epoch': 3.0}
  Model             : WavLMForSequenceClassification  (94,580,599 params, 94,580,599 trainable)
{'eval_loss': 1.398431420326233, 'eval_f1_macro': 0.2883928571428571, 'eval_f1_weighted': 0.33914062500000003, 'eval_precision_macro': 0.23514263514263514, 'eval_recall_macro': 0.40476190476190477, 'eval_accuracy': 0.4875, 'eval_runtime': 0.4027, 'eval_samples_per_second': 198.66, 'eval_steps_per_second': 24.832, 'epoch': 1.0}
{'eval_loss': 0.9955291748046875, 'eval_f1_macro': 0.5768184196755625, 'eval_f1_weighted': 0.6046728271728272, 'eval_precision_macro': 0.6695360195360196, 'eval_recall_macro': 0.5798961689939132, 'eval_accuracy': 0.625, 'eval_runtime': 0.3886, 'eval_samples_per_second': 205.875, 'eval_steps_per_second': 25.734, 'epoch': 2.0}
{'eval_loss': 0.7710663080215454, 'eval_f1_macro': 0.7416604292236244, 'eval_f1_weighted': 0.7490101342035114, 'eval_precision_macro': 0.711250654107797, 'eval_recall_macro': 0.787719298245614, 'eval_accuracy': 0.8, 'eval_runtime': 0.4004, 'eval_samples_per_second': 199.792, 'eval_steps_per_second': 24.974, 'epoch': 3.0}
{'train_runtime': 16.3787, 'train_samples_per_second': 68.504, 'train_steps_per_second': 17.217, 'train_loss': 1.273648092932735, 'epoch': 3.0}
  Model             : WavLMForSequenceClassification  (94,580,599 params, 94,580,599 trainable)
{'eval_loss': 1.9281737804412842, 'eval_f1_macro': 0.05483405483405483, 'eval_f1_weighted': 0.09116161616161615, 'eval_precision_macro': 0.033928571428571426, 'eval_recall_macro': 0.14285714285714285, 'eval_accuracy': 0.2375, 'eval_runtime': 0.4, 'eval_samples_per_second': 200.024, 'eval_steps_per_second': 25.003, 'epoch': 1.0}
{'eval_loss': 1.9086425304412842, 'eval_f1_macro': 0.05483405483405483, 'eval_f1_weighted': 0.09116161616161615, 'eval_precision_macro': 0.033928571428571426, 'eval_recall_macro': 0.14285714285714285, 'eval_accuracy': 0.2375, 'eval_runtime': 0.4024, 'eval_samples_per_second': 198.808, 'eval_steps_per_second': 24.851, 'epoch': 2.0}
{'eval_loss': 1.905908226966858, 'eval_f1_macro': 0.05483405483405483, 'eval_f1_weighted': 0.09116161616161615, 'eval_precision_macro': 0.033928571428571426, 'eval_recall_macro': 0.14285714285714285, 'eval_accuracy': 0.2375, 'eval_runtime': 0.4027, 'eval_samples_per_second': 198.644, 'eval_steps_per_second': 24.83, 'epoch': 3.0}
{'train_runtime': 10.2972, 'train_samples_per_second': 108.962, 'train_steps_per_second': 13.693, 'train_loss': 1.9269770629017065, 'epoch': 3.0}
  Model             : WavLMForSequenceClassification  (94,580,599 params, 94,580,599 trainable)
{'eval_loss': 1.9621703624725342, 'eval_f1_macro': 0.031746031746031744, 'eval_f1_weighted': 0.02777777777777778, 'eval_precision_macro': 0.017857142857142856, 'eval_recall_macro': 0.14285714285714285, 'eval_accuracy': 0.125, 'eval_runtime': 0.4128, 'eval_samples_per_second': 193.78, 'eval_steps_per_second': 24.223, 'epoch': 1.0}
{'eval_loss': 1.9174683094024658, 'eval_f1_macro': 0.05483405483405483, 'eval_f1_weighted': 0.09116161616161615, 'eval_precision_macro': 0.033928571428571426, 'eval_recall_macro': 0.14285714285714285, 'eval_accuracy': 0.2375, 'eval_runtime': 0.4044, 'eval_samples_per_second': 197.804, 'eval_steps_per_second': 24.725, 'epoch': 2.0}
{'eval_loss': 1.908361792564392, 'eval_f1_macro': 0.05483405483405483, 'eval_f1_weighted': 0.09116161616161615, 'eval_precision_macro': 0.033928571428571426, 'eval_recall_macro': 0.14285714285714285, 'eval_accuracy': 0.2375, 'eval_runtime': 0.4055, 'eval_samples_per_second': 197.278, 'eval_steps_per_second': 24.66, 'epoch': 3.0}
{'train_runtime': 16.403, 'train_samples_per_second': 68.402, 'train_steps_per_second': 17.192, 'train_loss': 1.9316735233820923, 'epoch': 3.0}
  Model             : WavLMForSequenceClassification  (94,580,599 params, 94,580,599 trainable)
{'eval_loss': 1.6080322265625, 'eval_f1_macro': 0.15343915343915343, 'eval_f1_weighted': 0.21944444444444441, 'eval_precision_macro': 0.10884353741496598, 'eval_recall_macro': 0.2738095238095238, 'eval_accuracy': 0.375, 'eval_runtime': 0.3938, 'eval_samples_per_second': 203.159, 'eval_steps_per_second': 25.395, 'epoch': 1.0}
{'eval_loss': 1.3797180652618408, 'eval_f1_macro': 0.23868393511250652, 'eval_f1_weighted': 0.3086252289377289, 'eval_precision_macro': 0.2635094790267204, 'eval_recall_macro': 0.3285714285714286, 'eval_accuracy': 0.425, 'eval_runtime': 0.3963, 'eval_samples_per_second': 201.874, 'eval_steps_per_second': 25.234, 'epoch': 2.0}
{'eval_loss': 1.179785132408142, 'eval_f1_macro': 0.4394059683369916, 'eval_f1_weighted': 0.4883131742399477, 'eval_precision_macro': 0.3833943833943834, 'eval_recall_macro': 0.5496240601503759, 'eval_accuracy': 0.6125, 'eval_runtime': 0.3834, 'eval_samples_per_second': 208.64, 'eval_steps_per_second': 26.08, 'epoch': 3.0}
{'train_runtime': 10.2798, 'train_samples_per_second': 109.146, 'train_steps_per_second': 13.716, 'train_loss': 1.5696345119611592, 'epoch': 3.0}
  Model             : WavLMForSequenceClassification  (94,580,599 params, 94,580,599 trainable)
{'eval_loss': 1.466461181640625, 'eval_f1_macro': 0.15896381971992543, 'eval_f1_weighted': 0.22142020742723317, 'eval_precision_macro': 0.11095789667218238, 'eval_recall_macro': 0.2857142857142857, 'eval_accuracy': 0.3875, 'eval_runtime': 0.391, 'eval_samples_per_second': 204.596, 'eval_steps_per_second': 25.575, 'epoch': 1.0}
{'eval_loss': 1.184326171875, 'eval_f1_macro': 0.34400382226469184, 'eval_f1_weighted': 0.3957148829431438, 'eval_precision_macro': 0.33839969554255267, 'eval_recall_macro': 0.4333333333333334, 'eval_accuracy': 0.5125, 'eval_runtime': 0.4115, 'eval_samples_per_second': 194.387, 'eval_steps_per_second': 24.298, 'epoch': 2.0}
{'eval_loss': 0.9625915288925171, 'eval_f1_macro': 0.5077389930331107, 'eval_f1_weighted': 0.5313097033685269, 'eval_precision_macro': 0.678030303030303, 'eval_recall_macro': 0.5670068027210885, 'eval_accuracy': 0.625, 'eval_runtime': 0.3999, 'eval_samples_per_second': 200.063, 'eval_steps_per_second': 25.008, 'epoch': 3.0}
{'train_runtime': 7.61, 'train_samples_per_second': 147.438, 'train_steps_per_second': 9.461, 'train_loss': 1.4705080456203885, 'epoch': 3.0}
  Model             : WavLMForSequenceClassification  (94,580,599 params, 94,580,599 trainable)
{'eval_loss': 1.8953125476837158, 'eval_f1_macro': 0.1599257884972171, 'eval_f1_weighted': 0.2283766233766234, 'eval_precision_macro': 0.11435786435786435, 'eval_recall_macro': 0.2857142857142857, 'eval_accuracy': 0.3875, 'eval_runtime': 0.4082, 'eval_samples_per_second': 195.999, 'eval_steps_per_second': 24.5, 'epoch': 1.0}
{'eval_loss': 1.831018090248108, 'eval_f1_macro': 0.20750064295547718, 'eval_f1_weighted': 0.264706661018744, 'eval_precision_macro': 0.260989010989011, 'eval_recall_macro': 0.3095238095238095, 'eval_accuracy': 0.4125, 'eval_runtime': 0.3967, 'eval_samples_per_second': 201.681, 'eval_steps_per_second': 25.21, 'epoch': 2.0}
  Model             : WavLMForSequenceClassification  (94,580,599 params, 94,580,599 trainable)
{'eval_loss': 1.4840576648712158, 'eval_f1_macro': 0.15752844916768552, 'eval_f1_weighted': 0.2190339038841343, 'eval_precision_macro': 0.1094549699200862, 'eval_recall_macro': 0.2857142857142857, 'eval_accuracy': 0.3875, 'eval_runtime': 0.3899, 'eval_samples_per_second': 205.185, 'eval_steps_per_second': 25.648, 'epoch': 1.0}
{'eval_loss': 1.2343566417694092, 'eval_f1_macro': 0.5565856777493606, 'eval_f1_weighted': 0.6049666605772744, 'eval_precision_macro': 0.5903976975405546, 'eval_recall_macro': 0.5829573934837092, 'eval_accuracy': 0.65, 'eval_runtime': 0.3933, 'eval_samples_per_second': 203.425, 'eval_steps_per_second': 25.428, 'epoch': 2.0}
{'eval_loss': 1.0883972644805908, 'eval_f1_macro': 0.4896127681841968, 'eval_f1_weighted': 0.5371611721611722, 'eval_precision_macro': 0.4652276295133438, 'eval_recall_macro': 0.5781954887218045, 'eval_accuracy': 0.6375, 'eval_runtime': 0.3927, 'eval_samples_per_second': 203.699, 'eval_steps_per_second': 25.462, 'epoch': 3.0}
{'train_runtime': 16.4136, 'train_samples_per_second': 68.358, 'train_steps_per_second': 17.181, 'train_loss': 1.4937925947473405, 'epoch': 3.0}
  Model             : WavLMForSequenceClassification  (94,580,599 params, 94,580,599 trainable)
{'eval_loss': 1.3524963855743408, 'eval_f1_macro': 0.2588235294117647, 'eval_f1_weighted': 0.3102941176470588, 'eval_precision_macro': 0.22767857142857142, 'eval_recall_macro': 0.37142857142857144, 'eval_accuracy': 0.4375, 'eval_runtime': 0.4104, 'eval_samples_per_second': 194.923, 'eval_steps_per_second': 24.365, 'epoch': 1.0}
{'eval_loss': 0.9236510992050171, 'eval_f1_macro': 0.5745439351808866, 'eval_f1_weighted': 0.6280041269406883, 'eval_precision_macro': 0.6344591081433186, 'eval_recall_macro': 0.6448621553884711, 'eval_accuracy': 0.7, 'eval_runtime': 0.3994, 'eval_samples_per_second': 200.278, 'eval_steps_per_second': 25.035, 'epoch': 2.0}
{'eval_loss': 0.8209426999092102, 'eval_f1_macro': 0.5581142359944203, 'eval_f1_weighted': 0.6116279285230899, 'eval_precision_macro': 0.6768707482993197, 'eval_recall_macro': 0.6329573934837092, 'eval_accuracy': 0.6875, 'eval_runtime': 0.3985, 'eval_samples_per_second': 200.737, 'eval_steps_per_second': 25.092, 'epoch': 3.0}
{'train_runtime': 16.3512, 'train_samples_per_second': 68.619, 'train_steps_per_second': 17.246, 'train_loss': 1.2829996744791667, 'epoch': 3.0}
  Model             : WavLMForSequenceClassification  (94,580,599 params, 94,580,599 trainable)
{'eval_loss': 1.7752196788787842, 'eval_f1_macro': 0.21934738807803825, 'eval_f1_weighted': 0.27921181630546954, 'eval_precision_macro': 0.19655004859086492, 'eval_recall_macro': 0.3095238095238096, 'eval_accuracy': 0.4125, 'eval_runtime': 0.3969, 'eval_samples_per_second': 201.547, 'eval_steps_per_second': 25.193, 'epoch': 1.0}
{'eval_loss': 1.558862328529358, 'eval_f1_macro': 0.1582860860674784, 'eval_f1_weighted': 0.22352797657774887, 'eval_precision_macro': 0.11140891628696506, 'eval_recall_macro': 0.2857142857142857, 'eval_accuracy': 0.3875, 'eval_runtime': 0.4096, 'eval_samples_per_second': 195.316, 'eval_steps_per_second': 24.414, 'epoch': 2.0}
  Model             : WavLMForSequenceClassification  (94,580,599 params, 94,580,599 trainable)
{'eval_loss': 1.5016052722930908, 'eval_f1_macro': 0.39950869236583525, 'eval_f1_weighted': 0.46230820105820103, 'eval_precision_macro': 0.37801685891748005, 'eval_recall_macro': 0.4785714285714286, 'eval_accuracy': 0.575, 'eval_runtime': 0.3994, 'eval_samples_per_second': 200.313, 'eval_steps_per_second': 25.039, 'epoch': 1.0}
{'eval_loss': 1.1572082042694092, 'eval_f1_macro': 0.49169212803618506, 'eval_f1_weighted': 0.5616309454443794, 'eval_precision_macro': 0.6018315018315018, 'eval_recall_macro': 0.5543859649122808, 'eval_accuracy': 0.625, 'eval_runtime': 0.3947, 'eval_samples_per_second': 202.665, 'eval_steps_per_second': 25.333, 'epoch': 2.0}
{'eval_loss': 0.878643810749054, 'eval_f1_macro': 0.8488654917605077, 'eval_f1_weighted': 0.8669544597619889, 'eval_precision_macro': 0.8970113220113219, 'eval_recall_macro': 0.8418009308986752, 'eval_accuracy': 0.875, 'eval_runtime': 0.3951, 'eval_samples_per_second': 202.459, 'eval_steps_per_second': 25.307, 'epoch': 3.0}
{'train_runtime': 10.3345, 'train_samples_per_second': 108.568, 'train_steps_per_second': 13.644, 'train_loss': 1.4110127983363807, 'epoch': 3.0}
  Model             : WavLMForSequenceClassification  (94,580,599 params, 94,580,599 trainable)
{'eval_loss': 1.554663062095642, 'eval_f1_macro': 0.3063613990603326, 'eval_f1_weighted': 0.3674304571556417, 'eval_precision_macro': 0.2560975609756097, 'eval_recall_macro': 0.42105263157894735, 'eval_accuracy': 0.5, 'eval_runtime': 0.3904, 'eval_samples_per_second': 204.925, 'eval_steps_per_second': 25.616, 'epoch': 1.0}
{'eval_loss': 1.116943359375, 'eval_f1_macro': 0.5394888130737188, 'eval_f1_weighted': 0.5924566785415842, 'eval_precision_macro': 0.5305122048819528, 'eval_recall_macro': 0.6, 'eval_accuracy': 0.675, 'eval_runtime': 0.3973, 'eval_samples_per_second': 201.383, 'eval_steps_per_second': 25.173, 'epoch': 2.0}
{'eval_loss': 0.940051257610321, 'eval_f1_macro': 0.5697413975261285, 'eval_f1_weighted': 0.6179125421928926, 'eval_precision_macro': 0.6477324263038549, 'eval_recall_macro': 0.6238095238095239, 'eval_accuracy': 0.6875, 'eval_runtime': 0.3966, 'eval_samples_per_second': 201.735, 'eval_steps_per_second': 25.217, 'epoch': 3.0}
{'train_runtime': 10.3152, 'train_samples_per_second': 108.771, 'train_steps_per_second': 13.669, 'train_loss': 1.4565799794298537, 'epoch': 3.0}
  Model             : WavLMForSequenceClassification  (94,580,599 params, 94,580,599 trainable)
{'eval_loss': 1.4676330089569092, 'eval_f1_macro': 0.17699792467594325, 'eval_f1_weighted': 0.22158698499642773, 'eval_precision_macro': 0.24927113702623907, 'eval_recall_macro': 0.29761904761904756, 'eval_accuracy': 0.375, 'eval_runtime': 0.3988, 'eval_samples_per_second': 200.58, 'eval_steps_per_second': 25.073, 'epoch': 1.0}
  Model             : WavLMForSequenceClassification  (94,580,599 params, 94,580,599 trainable)
{'eval_loss': 1.9855468273162842, 'eval_f1_macro': 0.05483405483405483, 'eval_f1_weighted': 0.09116161616161615, 'eval_precision_macro': 0.033928571428571426, 'eval_recall_macro': 0.14285714285714285, 'eval_accuracy': 0.2375, 'eval_runtime': 0.3932, 'eval_samples_per_second': 203.477, 'eval_steps_per_second': 25.435, 'epoch': 1.0}
  Model             : WavLMForSequenceClassification  (94,580,599 params, 94,580,599 trainable)
{'eval_loss': 1.665655493736267, 'eval_f1_macro': 0.16250698454088283, 'eval_f1_weighted': 0.23457464146023468, 'eval_precision_macro': 0.11872524638482086, 'eval_recall_macro': 0.2857142857142857, 'eval_accuracy': 0.3875, 'eval_runtime': 0.4151, 'eval_samples_per_second': 192.721, 'eval_steps_per_second': 24.09, 'epoch': 1.0}
  Model             : WavLMForSequenceClassification  (94,580,599 params, 94,580,599 trainable)
{'eval_loss': 1.5640990734100342, 'eval_f1_macro': 0.1582860860674784, 'eval_f1_weighted': 0.22352797657774887, 'eval_precision_macro': 0.11140891628696506, 'eval_recall_macro': 0.2857142857142857, 'eval_accuracy': 0.3875, 'eval_runtime': 0.4058, 'eval_samples_per_second': 197.124, 'eval_steps_per_second': 24.64, 'epoch': 1.0}
  Model             : WavLMForSequenceClassification  (94,580,599 params, 94,580,599 trainable)
{'eval_loss': 1.5132324695587158, 'eval_f1_macro': 0.19275381993152027, 'eval_f1_weighted': 0.24057517685566468, 'eval_precision_macro': 0.24669085204431807, 'eval_recall_macro': 0.3095238095238096, 'eval_accuracy': 0.3875, 'eval_runtime': 0.3976, 'eval_samples_per_second': 201.194, 'eval_steps_per_second': 25.149, 'epoch': 1.0}
  Model             : WavLMForSequenceClassification  (94,580,599 params, 94,580,599 trainable)
{'eval_loss': 1.519256591796875, 'eval_f1_macro': 0.2251082251082251, 'eval_f1_weighted': 0.27674242424242423, 'eval_precision_macro': 0.20468953538862353, 'eval_recall_macro': 0.32857142857142857, 'eval_accuracy': 0.425, 'eval_runtime': 0.4047, 'eval_samples_per_second': 197.668, 'eval_steps_per_second': 24.709, 'epoch': 1.0}
  Model             : WavLMForSequenceClassification  (94,580,599 params, 94,580,599 trainable)
{'eval_loss': 1.93121337890625, 'eval_f1_macro': 0.05483405483405483, 'eval_f1_weighted': 0.09116161616161615, 'eval_precision_macro': 0.033928571428571426, 'eval_recall_macro': 0.14285714285714285, 'eval_accuracy': 0.2375, 'eval_runtime': 0.3923, 'eval_samples_per_second': 203.935, 'eval_steps_per_second': 25.492, 'epoch': 1.0}
  Best f1_macro: 4.3296  |  params: {'learning_rate': 9.524126573790857e-05, 'per_device_train_batch_size': 8, 'warmup_ratio': 0.04844142580520115, 'weight_decay': 0.09948804259078173}
  HPO complete. Skipping training (--hpo_only mode).

======================================================================
[13/14]  wav2vec2-large_ravdess
  Model  : facebook/wav2vec2-large
  Dataset: xbgoose/ravdess
  Output : /home/tu/tu_tu/tu_zxord71/asp-project/outputs/wav2vec2-large_ravdess

  Loading: xbgoose/ravdess
  Label col : emotion
  Samples   : 1,440  |  Classes: 8
    angry: 192
    calm: 192
    disgust: 192
    fearful: 192
    happy: 192
    neutral: 96
    sad: 192
    surprised: 192
  Classes   : ['angry', 'calm', 'disgust', 'fearful', 'happy', 'neutral', 'sad', 'surprised']
  Split     : 1,008 train / 216 val / 216 test  (of 1,440)
  Feature extractor : Wav2Vec2FeatureExtractor  (sr=16000)
  Featurising splits ...
  Model             : Wav2Vec2ForSequenceClassification  (315,693,448 params, 315,693,448 trainable)
  HPO: 20 trials × 3 epochs ...
  Model             : Wav2Vec2ForSequenceClassification  (315,693,448 params, 315,693,448 trainable)
{'eval_loss': 1.7402524948120117, 'eval_f1_macro': 0.23346300242585072, 'eval_f1_weighted': 0.24756639320622806, 'eval_precision_macro': 0.257591693635383, 'eval_recall_macro': 0.33651477832512317, 'eval_accuracy': 0.35648148148148145, 'eval_runtime': 0.8219, 'eval_samples_per_second': 262.797, 'eval_steps_per_second': 32.85, 'epoch': 1.0}
{'eval_loss': 1.6336036920547485, 'eval_f1_macro': 0.28616445355085485, 'eval_f1_weighted': 0.3050876164519578, 'eval_precision_macro': 0.270093278814209, 'eval_recall_macro': 0.3577586206896552, 'eval_accuracy': 0.37962962962962965, 'eval_runtime': 0.808, 'eval_samples_per_second': 267.332, 'eval_steps_per_second': 33.417, 'epoch': 2.0}
{'eval_loss': 1.4458211660385132, 'eval_f1_macro': 0.3548696991234304, 'eval_f1_weighted': 0.3785108408574412, 'eval_precision_macro': 0.31070262866468495, 'eval_recall_macro': 0.4482758620689655, 'eval_accuracy': 0.47685185185185186, 'eval_runtime': 0.8102, 'eval_samples_per_second': 266.586, 'eval_steps_per_second': 33.323, 'epoch': 3.0}
{'train_runtime': 24.5228, 'train_samples_per_second': 123.314, 'train_steps_per_second': 7.707, 'train_loss': 1.7624372855696098, 'epoch': 3.0}
  Model             : Wav2Vec2ForSequenceClassification  (315,693,448 params, 315,693,448 trainable)
{'eval_loss': 1.8396629095077515, 'eval_f1_macro': 0.21340675453578678, 'eval_f1_weighted': 0.2270541684520179, 'eval_precision_macro': 0.3336728488902402, 'eval_recall_macro': 0.3017241379310345, 'eval_accuracy': 0.3194444444444444, 'eval_runtime': 0.7921, 'eval_samples_per_second': 272.702, 'eval_steps_per_second': 34.088, 'epoch': 1.0}
{'eval_loss': 1.6673357486724854, 'eval_f1_macro': 0.3379482722019627, 'eval_f1_weighted': 0.3602838646831519, 'eval_precision_macro': 0.41075757575757577, 'eval_recall_macro': 0.41841133004926107, 'eval_accuracy': 0.4444444444444444, 'eval_runtime': 0.8165, 'eval_samples_per_second': 264.558, 'eval_steps_per_second': 33.07, 'epoch': 2.0}
{'eval_loss': 1.6224614381790161, 'eval_f1_macro': 0.33491968494678337, 'eval_f1_weighted': 0.35749640764125407, 'eval_precision_macro': 0.3832377819548872, 'eval_recall_macro': 0.40501847290640397, 'eval_accuracy': 0.4305555555555556, 'eval_runtime': 0.8125, 'eval_samples_per_second': 265.84, 'eval_steps_per_second': 33.23, 'epoch': 3.0}
{'train_runtime': 23.8828, 'train_samples_per_second': 126.619, 'train_steps_per_second': 7.914, 'train_loss': 1.8561126870453042, 'epoch': 3.0}
  Model             : Wav2Vec2ForSequenceClassification  (315,693,448 params, 315,693,448 trainable)
{'eval_loss': 2.0886683464050293, 'eval_f1_macro': 0.02959183673469388, 'eval_f1_weighted': 0.031783824640967503, 'eval_precision_macro': 0.01678240740740741, 'eval_recall_macro': 0.125, 'eval_accuracy': 0.13425925925925927, 'eval_runtime': 0.7952, 'eval_samples_per_second': 271.614, 'eval_steps_per_second': 33.952, 'epoch': 1.0}
{'loss': 2.1, 'grad_norm': 2.182727336883545, 'learning_rate': 8.071443700536656e-05, 'epoch': 1.98}
{'eval_loss': 2.0827999114990234, 'eval_f1_macro': 0.028688524590163935, 'eval_f1_weighted': 0.029751062537947785, 'eval_precision_macro': 0.016203703703703703, 'eval_recall_macro': 0.125, 'eval_accuracy': 0.12962962962962962, 'eval_runtime': 0.822, 'eval_samples_per_second': 262.789, 'eval_steps_per_second': 32.849, 'epoch': 2.0}
{'eval_loss': 2.0645029544830322, 'eval_f1_macro': 0.02959183673469388, 'eval_f1_weighted': 0.031783824640967503, 'eval_precision_macro': 0.01678240740740741, 'eval_recall_macro': 0.125, 'eval_accuracy': 0.13425925925925927, 'eval_runtime': 0.7995, 'eval_samples_per_second': 270.172, 'eval_steps_per_second': 33.772, 'epoch': 3.0}
{'train_runtime': 50.2714, 'train_samples_per_second': 60.153, 'train_steps_per_second': 15.038, 'train_loss': 2.0906930751901456, 'epoch': 3.0}
  Model             : Wav2Vec2ForSequenceClassification  (315,693,448 params, 315,693,448 trainable)
{'eval_loss': 1.6770516633987427, 'eval_f1_macro': 0.25977182573628477, 'eval_f1_weighted': 0.2749283427673024, 'eval_precision_macro': 0.26199287280701755, 'eval_recall_macro': 0.3494458128078818, 'eval_accuracy': 0.37037037037037035, 'eval_runtime': 0.8192, 'eval_samples_per_second': 263.678, 'eval_steps_per_second': 32.96, 'epoch': 1.0}
{'loss': 1.7656, 'grad_norm': 18.582746505737305, 'learning_rate': 5.983980576111464e-06, 'epoch': 1.98}
{'eval_loss': 1.4137991666793823, 'eval_f1_macro': 0.3895947533133068, 'eval_f1_weighted': 0.4147709639964474, 'eval_precision_macro': 0.37736378205128207, 'eval_recall_macro': 0.4616687192118226, 'eval_accuracy': 0.49074074074074076, 'eval_runtime': 0.8193, 'eval_samples_per_second': 263.653, 'eval_steps_per_second': 32.957, 'epoch': 2.0}
{'eval_loss': 1.1922200918197632, 'eval_f1_macro': 0.4671387979833338, 'eval_f1_weighted': 0.497789651706005, 'eval_precision_macro': 0.4368015318015318, 'eval_recall_macro': 0.5352524630541873, 'eval_accuracy': 0.5694444444444444, 'eval_runtime': 0.8041, 'eval_samples_per_second': 268.618, 'eval_steps_per_second': 33.577, 'epoch': 3.0}
{'train_runtime': 50.0472, 'train_samples_per_second': 60.423, 'train_steps_per_second': 15.106, 'train_loss': 1.5792526164382854, 'epoch': 3.0}
  Model             : Wav2Vec2ForSequenceClassification  (315,693,448 params, 315,693,448 trainable)
{'eval_loss': 2.108701467514038, 'eval_f1_macro': 0.02959183673469388, 'eval_f1_weighted': 0.031783824640967503, 'eval_precision_macro': 0.01678240740740741, 'eval_recall_macro': 0.125, 'eval_accuracy': 0.13425925925925927, 'eval_runtime': 0.8235, 'eval_samples_per_second': 262.301, 'eval_steps_per_second': 32.788, 'epoch': 1.0}
{'eval_loss': 2.0775372982025146, 'eval_f1_macro': 0.028688524590163935, 'eval_f1_weighted': 0.029751062537947785, 'eval_precision_macro': 0.016203703703703703, 'eval_recall_macro': 0.125, 'eval_accuracy': 0.12962962962962962, 'eval_runtime': 0.8016, 'eval_samples_per_second': 269.451, 'eval_steps_per_second': 33.681, 'epoch': 2.0}
{'eval_loss': 2.0641367435455322, 'eval_f1_macro': 0.02959183673469388, 'eval_f1_weighted': 0.031783824640967503, 'eval_precision_macro': 0.01678240740740741, 'eval_recall_macro': 0.125, 'eval_accuracy': 0.13425925925925927, 'eval_runtime': 0.8042, 'eval_samples_per_second': 268.598, 'eval_steps_per_second': 33.575, 'epoch': 3.0}
{'train_runtime': 23.8421, 'train_samples_per_second': 126.834, 'train_steps_per_second': 7.927, 'train_loss': 2.090105975115741, 'epoch': 3.0}
  Model             : Wav2Vec2ForSequenceClassification  (315,693,448 params, 315,693,448 trainable)
{'eval_loss': 2.0751140117645264, 'eval_f1_macro': 0.02959183673469388, 'eval_f1_weighted': 0.031783824640967503, 'eval_precision_macro': 0.01678240740740741, 'eval_recall_macro': 0.125, 'eval_accuracy': 0.13425925925925927, 'eval_runtime': 0.8115, 'eval_samples_per_second': 266.167, 'eval_steps_per_second': 33.271, 'epoch': 1.0}
  Model             : Wav2Vec2ForSequenceClassification  (315,693,448 params, 315,693,448 trainable)
{'eval_loss': 2.0688929557800293, 'eval_f1_macro': 0.028688524590163935, 'eval_f1_weighted': 0.029751062537947785, 'eval_precision_macro': 0.016203703703703703, 'eval_recall_macro': 0.125, 'eval_accuracy': 0.12962962962962962, 'eval_runtime': 0.8067, 'eval_samples_per_second': 267.766, 'eval_steps_per_second': 33.471, 'epoch': 1.0}
  Model             : Wav2Vec2ForSequenceClassification  (315,693,448 params, 315,693,448 trainable)
{'eval_loss': 2.076967477798462, 'eval_f1_macro': 0.02959183673469388, 'eval_f1_weighted': 0.031783824640967503, 'eval_precision_macro': 0.01678240740740741, 'eval_recall_macro': 0.125, 'eval_accuracy': 0.13425925925925927, 'eval_runtime': 0.8013, 'eval_samples_per_second': 269.56, 'eval_steps_per_second': 33.695, 'epoch': 1.0}
  Model             : Wav2Vec2ForSequenceClassification  (315,693,448 params, 315,693,448 trainable)
{'eval_loss': 1.7973994016647339, 'eval_f1_macro': 0.16735575672786115, 'eval_f1_weighted': 0.17785509025597232, 'eval_precision_macro': 0.20668716831116415, 'eval_recall_macro': 0.25815886699507384, 'eval_accuracy': 0.27314814814814814, 'eval_runtime': 0.8358, 'eval_samples_per_second': 258.44, 'eval_steps_per_second': 32.305, 'epoch': 1.0}
  Model             : Wav2Vec2ForSequenceClassification  (315,693,448 params, 315,693,448 trainable)
{'eval_loss': 1.7179949283599854, 'eval_f1_macro': 0.22300384193589537, 'eval_f1_weighted': 0.23674486726448019, 'eval_precision_macro': 0.23468368961259456, 'eval_recall_macro': 0.3274322660098522, 'eval_accuracy': 0.3472222222222222, 'eval_runtime': 0.8188, 'eval_samples_per_second': 263.801, 'eval_steps_per_second': 32.975, 'epoch': 1.0}
  Model             : Wav2Vec2ForSequenceClassification  (315,693,448 params, 315,693,448 trainable)
{'eval_loss': 2.080335855484009, 'eval_f1_macro': 0.02959183673469388, 'eval_f1_weighted': 0.031783824640967503, 'eval_precision_macro': 0.01678240740740741, 'eval_recall_macro': 0.125, 'eval_accuracy': 0.13425925925925927, 'eval_runtime': 0.8405, 'eval_samples_per_second': 257.003, 'eval_steps_per_second': 32.125, 'epoch': 1.0}
  Model             : Wav2Vec2ForSequenceClassification  (315,693,448 params, 315,693,448 trainable)
{'eval_loss': 1.7199774980545044, 'eval_f1_macro': 0.29520735902189, 'eval_f1_weighted': 0.31445620151625325, 'eval_precision_macro': 0.3536407511407511, 'eval_recall_macro': 0.3793103448275862, 'eval_accuracy': 0.4027777777777778, 'eval_runtime': 0.8091, 'eval_samples_per_second': 266.976, 'eval_steps_per_second': 33.372, 'epoch': 1.0}
{'loss': 1.801, 'grad_norm': 13.066927909851074, 'learning_rate': 3.89309898245165e-06, 'epoch': 1.98}
{'eval_loss': 1.4454458951950073, 'eval_f1_macro': 0.3862932970273066, 'eval_f1_weighted': 0.411093968654836, 'eval_precision_macro': 0.3630938333240965, 'eval_recall_macro': 0.45335591133004927, 'eval_accuracy': 0.48148148148148145, 'eval_runtime': 0.8057, 'eval_samples_per_second': 268.087, 'eval_steps_per_second': 33.511, 'epoch': 2.0}
{'eval_loss': 1.3378465175628662, 'eval_f1_macro': 0.4313040198361413, 'eval_f1_weighted': 0.45930090161776177, 'eval_precision_macro': 0.46240086387472373, 'eval_recall_macro': 0.4921490147783252, 'eval_accuracy': 0.5231481481481481, 'eval_runtime': 0.8056, 'eval_samples_per_second': 268.11, 'eval_steps_per_second': 33.514, 'epoch': 3.0}
{'train_runtime': 106.4039, 'train_samples_per_second': 28.42, 'train_steps_per_second': 7.105, 'train_loss': 1.6488977664362185, 'epoch': 3.0}
  Model             : Wav2Vec2ForSequenceClassification  (315,693,448 params, 315,693,448 trainable)
{'eval_loss': 1.7133562564849854, 'eval_f1_macro': 0.24477501148624142, 'eval_f1_weighted': 0.2599002408123026, 'eval_precision_macro': 0.22001296236544685, 'eval_recall_macro': 0.34867610837438423, 'eval_accuracy': 0.37037037037037035, 'eval_runtime': 0.8105, 'eval_samples_per_second': 266.496, 'eval_steps_per_second': 33.312, 'epoch': 1.0}
  Model             : Wav2Vec2ForSequenceClassification  (315,693,448 params, 315,693,448 trainable)
{'eval_loss': 1.6742327213287354, 'eval_f1_macro': 0.2847598007650499, 'eval_f1_weighted': 0.3022265761303623, 'eval_precision_macro': 0.267562031835206, 'eval_recall_macro': 0.3483682266009852, 'eval_accuracy': 0.37037037037037035, 'eval_runtime': 0.8074, 'eval_samples_per_second': 267.523, 'eval_steps_per_second': 33.44, 'epoch': 1.0}
{'loss': 1.762, 'grad_norm': 17.94052505493164, 'learning_rate': 6.220798803123675e-06, 'epoch': 1.98}
{'eval_loss': 1.4962384700775146, 'eval_f1_macro': 0.3624466348324227, 'eval_f1_weighted': 0.38562066650119664, 'eval_precision_macro': 0.3786335209756277, 'eval_recall_macro': 0.42749384236453203, 'eval_accuracy': 0.4537037037037037, 'eval_runtime': 0.8152, 'eval_samples_per_second': 264.972, 'eval_steps_per_second': 33.121, 'epoch': 2.0}
  Model             : Wav2Vec2ForSequenceClassification  (315,693,448 params, 315,693,448 trainable)
{'eval_loss': 1.6729464530944824, 'eval_f1_macro': 0.30384899775721896, 'eval_f1_weighted': 0.3226047345004101, 'eval_precision_macro': 0.3615411019052547, 'eval_recall_macro': 0.38839285714285715, 'eval_accuracy': 0.41203703703703703, 'eval_runtime': 0.8128, 'eval_samples_per_second': 265.748, 'eval_steps_per_second': 33.218, 'epoch': 1.0}
{'loss': 1.7875, 'grad_norm': 15.97228717803955, 'learning_rate': 6.166605645178509e-06, 'epoch': 1.98}
{'eval_loss': 1.415770411491394, 'eval_f1_macro': 0.4410198897952926, 'eval_f1_weighted': 0.4543130297801291, 'eval_precision_macro': 0.51926889033887, 'eval_recall_macro': 0.49053776683087025, 'eval_accuracy': 0.5046296296296297, 'eval_runtime': 0.8144, 'eval_samples_per_second': 265.22, 'eval_steps_per_second': 33.153, 'epoch': 2.0}
{'eval_loss': 1.1220115423202515, 'eval_f1_macro': 0.5781555011405093, 'eval_f1_weighted': 0.5946071306134276, 'eval_precision_macro': 0.6062172581353116, 'eval_recall_macro': 0.611247947454844, 'eval_accuracy': 0.6296296296296297, 'eval_runtime': 0.8157, 'eval_samples_per_second': 264.819, 'eval_steps_per_second': 33.102, 'epoch': 3.0}
{'train_runtime': 50.5247, 'train_samples_per_second': 59.852, 'train_steps_per_second': 14.963, 'train_loss': 1.6009501300791584, 'epoch': 3.0}
  Model             : Wav2Vec2ForSequenceClassification  (315,693,448 params, 315,693,448 trainable)
{'eval_loss': 2.091548204421997, 'eval_f1_macro': 0.02959183673469388, 'eval_f1_weighted': 0.031783824640967503, 'eval_precision_macro': 0.01678240740740741, 'eval_recall_macro': 0.125, 'eval_accuracy': 0.13425925925925927, 'eval_runtime': 0.8313, 'eval_samples_per_second': 259.843, 'eval_steps_per_second': 32.48, 'epoch': 1.0}
  Model             : Wav2Vec2ForSequenceClassification  (315,693,448 params, 315,693,448 trainable)
{'eval_loss': 1.6390267610549927, 'eval_f1_macro': 0.3062597620248063, 'eval_f1_weighted': 0.32440956856461617, 'eval_precision_macro': 0.27169021139857147, 'eval_recall_macro': 0.37115147783251234, 'eval_accuracy': 0.39351851851851855, 'eval_runtime': 0.8138, 'eval_samples_per_second': 265.429, 'eval_steps_per_second': 33.179, 'epoch': 1.0}
{'loss': 1.7568, 'grad_norm': 15.815777778625488, 'learning_rate': 6.92734173316285e-06, 'epoch': 1.98}
{'eval_loss': 1.3341346979141235, 'eval_f1_macro': 0.448953209073068, 'eval_f1_weighted': 0.4776338389390469, 'eval_precision_macro': 0.47151642693690754, 'eval_recall_macro': 0.5098522167487685, 'eval_accuracy': 0.5416666666666666, 'eval_runtime': 0.814, 'eval_samples_per_second': 265.357, 'eval_steps_per_second': 33.17, 'epoch': 2.0}
{'eval_loss': 1.1523398160934448, 'eval_f1_macro': 0.5023023003785677, 'eval_f1_weighted': 0.5350072340380623, 'eval_precision_macro': 0.5392267587061637, 'eval_recall_macro': 0.5614224137931034, 'eval_accuracy': 0.5972222222222222, 'eval_runtime': 0.7986, 'eval_samples_per_second': 270.466, 'eval_steps_per_second': 33.808, 'epoch': 3.0}
{'train_runtime': 50.2532, 'train_samples_per_second': 60.175, 'train_steps_per_second': 15.044, 'train_loss': 1.559520822353464, 'epoch': 3.0}
  Model             : Wav2Vec2ForSequenceClassification  (315,693,448 params, 315,693,448 trainable)
{'eval_loss': 1.7448639869689941, 'eval_f1_macro': 0.20326778098517229, 'eval_f1_weighted': 0.2154586924514461, 'eval_precision_macro': 0.3214580569069733, 'eval_recall_macro': 0.2927955665024631, 'eval_accuracy': 0.3101851851851852, 'eval_runtime': 1.1626, 'eval_samples_per_second': 185.79, 'eval_steps_per_second': 23.224, 'epoch': 1.0}
  Model             : Wav2Vec2ForSequenceClassification  (315,693,448 params, 315,693,448 trainable)
{'eval_loss': 2.070733070373535, 'eval_f1_macro': 0.02959183673469388, 'eval_f1_weighted': 0.031783824640967503, 'eval_precision_macro': 0.01678240740740741, 'eval_recall_macro': 0.125, 'eval_accuracy': 0.13425925925925927, 'eval_runtime': 0.8543, 'eval_samples_per_second': 252.846, 'eval_steps_per_second': 31.606, 'epoch': 1.0}
  Model             : Wav2Vec2ForSequenceClassification  (315,693,448 params, 315,693,448 trainable)
{'eval_loss': 2.069693088531494, 'eval_f1_macro': 0.028688524590163935, 'eval_f1_weighted': 0.029751062537947785, 'eval_precision_macro': 0.016203703703703703, 'eval_recall_macro': 0.125, 'eval_accuracy': 0.12962962962962962, 'eval_runtime': 20.6382, 'eval_samples_per_second': 10.466, 'eval_steps_per_second': 1.308, 'epoch': 1.0}
  Best f1_macro: 3.0199  |  params: {'learning_rate': 1.595639203908058e-05, 'per_device_train_batch_size': 4, 'warmup_ratio': 0.11984665798367428, 'weight_decay': 0.0010864825760419534}
  HPO complete. Skipping training (--hpo_only mode).

======================================================================
[14/14]  wav2vec2-large_emodb
  Model  : facebook/wav2vec2-large
  Dataset: renumics/emodb
  Output : /home/tu/tu_tu/tu_zxord71/asp-project/outputs/wav2vec2-large_emodb

  Loading: renumics/emodb
  Label col : emotion
  Samples   : 535  |  Classes: 7
    0: 127
    1: 81
    2: 46
    3: 69
    4: 71
    5: 79
    6: 62
  Classes   : ['anger', 'boredom', 'disgust', 'fear', 'happiness', 'neutral', 'sadness']
  Split     : 374 train / 80 val / 81 test  (of 535)
  Feature extractor : Wav2Vec2FeatureExtractor  (sr=16000)
  Featurising splits ...
  Model             : Wav2Vec2ForSequenceClassification  (315,693,191 params, 315,693,191 trainable)
  HPO: 20 trials × 3 epochs ...
  Model             : Wav2Vec2ForSequenceClassification  (315,693,191 params, 315,693,191 trainable)
{'eval_loss': 2.1192994117736816, 'eval_f1_macro': 0.031746031746031744, 'eval_f1_weighted': 0.02777777777777778, 'eval_precision_macro': 0.017857142857142856, 'eval_recall_macro': 0.14285714285714285, 'eval_accuracy': 0.125, 'eval_runtime': 0.4293, 'eval_samples_per_second': 186.351, 'eval_steps_per_second': 23.294, 'epoch': 1.0}
{'eval_loss': 1.9239380359649658, 'eval_f1_macro': 0.05483405483405483, 'eval_f1_weighted': 0.09116161616161615, 'eval_precision_macro': 0.033928571428571426, 'eval_recall_macro': 0.14285714285714285, 'eval_accuracy': 0.2375, 'eval_runtime': 0.4086, 'eval_samples_per_second': 195.812, 'eval_steps_per_second': 24.476, 'epoch': 2.0}
{'eval_loss': 1.910436987876892, 'eval_f1_macro': 0.05483405483405483, 'eval_f1_weighted': 0.09116161616161615, 'eval_precision_macro': 0.033928571428571426, 'eval_recall_macro': 0.14285714285714285, 'eval_accuracy': 0.2375, 'eval_runtime': 0.416, 'eval_samples_per_second': 192.318, 'eval_steps_per_second': 24.04, 'epoch': 3.0}
{'train_runtime': 20.1335, 'train_samples_per_second': 55.728, 'train_steps_per_second': 14.007, 'train_loss': 1.9472413840868794, 'epoch': 3.0}
  Model             : Wav2Vec2ForSequenceClassification  (315,693,191 params, 315,693,191 trainable)
{'eval_loss': 1.469732642173767, 'eval_f1_macro': 0.26505494505494503, 'eval_f1_weighted': 0.33292307692307693, 'eval_precision_macro': 0.21168305378831695, 'eval_recall_macro': 0.3805764411027569, 'eval_accuracy': 0.4625, 'eval_runtime': 0.4353, 'eval_samples_per_second': 183.774, 'eval_steps_per_second': 22.972, 'epoch': 1.0}
{'eval_loss': 1.0365768671035767, 'eval_f1_macro': 0.5275415061129347, 'eval_f1_weighted': 0.5636340742590743, 'eval_precision_macro': 0.6424242424242425, 'eval_recall_macro': 0.5767991407089151, 'eval_accuracy': 0.625, 'eval_runtime': 0.4118, 'eval_samples_per_second': 194.276, 'eval_steps_per_second': 24.285, 'epoch': 2.0}
{'eval_loss': 0.8630081415176392, 'eval_f1_macro': 0.6683064249771716, 'eval_f1_weighted': 0.6810155718754249, 'eval_precision_macro': 0.764795918367347, 'eval_recall_macro': 0.6608485499462943, 'eval_accuracy': 0.7, 'eval_runtime': 0.42, 'eval_samples_per_second': 190.497, 'eval_steps_per_second': 23.812, 'epoch': 3.0}
{'train_runtime': 19.3702, 'train_samples_per_second': 57.924, 'train_steps_per_second': 14.558, 'train_loss': 1.2330208636344748, 'epoch': 3.0}
  Model             : Wav2Vec2ForSequenceClassification  (315,693,191 params, 315,693,191 trainable)
{'eval_loss': 2.05767822265625, 'eval_f1_macro': 0.031746031746031744, 'eval_f1_weighted': 0.02777777777777778, 'eval_precision_macro': 0.017857142857142856, 'eval_recall_macro': 0.14285714285714285, 'eval_accuracy': 0.125, 'eval_runtime': 0.4205, 'eval_samples_per_second': 190.266, 'eval_steps_per_second': 23.783, 'epoch': 1.0}
{'eval_loss': 1.923437476158142, 'eval_f1_macro': 0.05483405483405483, 'eval_f1_weighted': 0.09116161616161615, 'eval_precision_macro': 0.033928571428571426, 'eval_recall_macro': 0.14285714285714285, 'eval_accuracy': 0.2375, 'eval_runtime': 0.4146, 'eval_samples_per_second': 192.96, 'eval_steps_per_second': 24.12, 'epoch': 2.0}
{'eval_loss': 1.9096801280975342, 'eval_f1_macro': 0.05483405483405483, 'eval_f1_weighted': 0.09116161616161615, 'eval_precision_macro': 0.033928571428571426, 'eval_recall_macro': 0.14285714285714285, 'eval_accuracy': 0.2375, 'eval_runtime': 0.4141, 'eval_samples_per_second': 193.213, 'eval_steps_per_second': 24.152, 'epoch': 3.0}
{'train_runtime': 19.367, 'train_samples_per_second': 57.933, 'train_steps_per_second': 14.561, 'train_loss': 1.9473409449800532, 'epoch': 3.0}
  Model             : Wav2Vec2ForSequenceClassification  (315,693,191 params, 315,693,191 trainable)
{'eval_loss': 1.90399169921875, 'eval_f1_macro': 0.17529458493313915, 'eval_f1_weighted': 0.2048887859128823, 'eval_precision_macro': 0.13169642857142858, 'eval_recall_macro': 0.2857142857142857, 'eval_accuracy': 0.3625, 'eval_runtime': 0.4169, 'eval_samples_per_second': 191.886, 'eval_steps_per_second': 23.986, 'epoch': 1.0}
{'eval_loss': 1.37286376953125, 'eval_f1_macro': 0.2892374341040764, 'eval_f1_weighted': 0.33473922177566673, 'eval_precision_macro': 0.2970963277085726, 'eval_recall_macro': 0.38095238095238093, 'eval_accuracy': 0.4625, 'eval_runtime': 0.406, 'eval_samples_per_second': 197.042, 'eval_steps_per_second': 24.63, 'epoch': 2.0}
{'eval_loss': 1.262786865234375, 'eval_f1_macro': 0.27432695612326724, 'eval_f1_weighted': 0.32537089013632714, 'eval_precision_macro': 0.22996573319153965, 'eval_recall_macro': 0.37619047619047624, 'eval_accuracy': 0.4625, 'eval_runtime': 0.4229, 'eval_samples_per_second': 189.154, 'eval_steps_per_second': 23.644, 'epoch': 3.0}
{'train_runtime': 9.7402, 'train_samples_per_second': 115.193, 'train_steps_per_second': 7.392, 'train_loss': 1.6498502095540364, 'epoch': 3.0}
  Model             : Wav2Vec2ForSequenceClassification  (315,693,191 params, 315,693,191 trainable)
{'eval_loss': 2.012646436691284, 'eval_f1_macro': 0.031746031746031744, 'eval_f1_weighted': 0.02777777777777778, 'eval_precision_macro': 0.017857142857142856, 'eval_recall_macro': 0.14285714285714285, 'eval_accuracy': 0.125, 'eval_runtime': 0.4383, 'eval_samples_per_second': 182.52, 'eval_steps_per_second': 22.815, 'epoch': 1.0}
{'eval_loss': 1.9207031726837158, 'eval_f1_macro': 0.05483405483405483, 'eval_f1_weighted': 0.09116161616161615, 'eval_precision_macro': 0.033928571428571426, 'eval_recall_macro': 0.14285714285714285, 'eval_accuracy': 0.2375, 'eval_runtime': 0.42, 'eval_samples_per_second': 190.466, 'eval_steps_per_second': 23.808, 'epoch': 2.0}
{'eval_loss': 1.9088013172149658, 'eval_f1_macro': 0.05483405483405483, 'eval_f1_weighted': 0.09116161616161615, 'eval_precision_macro': 0.033928571428571426, 'eval_recall_macro': 0.14285714285714285, 'eval_accuracy': 0.2375, 'eval_runtime': 0.4342, 'eval_samples_per_second': 184.241, 'eval_steps_per_second': 23.03, 'epoch': 3.0}
{'train_runtime': 19.3691, 'train_samples_per_second': 57.927, 'train_steps_per_second': 14.559, 'train_loss': 1.9785876984291888, 'epoch': 3.0}
  Model             : Wav2Vec2ForSequenceClassification  (315,693,191 params, 315,693,191 trainable)
{'eval_loss': 1.90283203125, 'eval_f1_macro': 0.05483405483405483, 'eval_f1_weighted': 0.09116161616161615, 'eval_precision_macro': 0.033928571428571426, 'eval_recall_macro': 0.14285714285714285, 'eval_accuracy': 0.2375, 'eval_runtime': 0.4492, 'eval_samples_per_second': 178.081, 'eval_steps_per_second': 22.26, 'epoch': 1.0}
  Model             : Wav2Vec2ForSequenceClassification  (315,693,191 params, 315,693,191 trainable)
{'eval_loss': 1.424505591392517, 'eval_f1_macro': 0.3611018177762908, 'eval_f1_weighted': 0.4169984387197502, 'eval_precision_macro': 0.3741496598639456, 'eval_recall_macro': 0.42857142857142855, 'eval_accuracy': 0.525, 'eval_runtime': 0.4401, 'eval_samples_per_second': 181.786, 'eval_steps_per_second': 22.723, 'epoch': 1.0}
{'eval_loss': 1.1635757684707642, 'eval_f1_macro': 0.45718499631543114, 'eval_f1_weighted': 0.5224856842248147, 'eval_precision_macro': 0.4530376253065329, 'eval_recall_macro': 0.5155388471177945, 'eval_accuracy': 0.575, 'eval_runtime': 0.4292, 'eval_samples_per_second': 186.402, 'eval_steps_per_second': 23.3, 'epoch': 2.0}
{'eval_loss': 0.857617199420929, 'eval_f1_macro': 0.5945226315740495, 'eval_f1_weighted': 0.6530624397861959, 'eval_precision_macro': 0.66504329004329, 'eval_recall_macro': 0.6428571428571429, 'eval_accuracy': 0.7125, 'eval_runtime': 0.4152, 'eval_samples_per_second': 192.657, 'eval_steps_per_second': 24.082, 'epoch': 3.0}
{'train_runtime': 12.1601, 'train_samples_per_second': 92.269, 'train_steps_per_second': 11.595, 'train_loss': 1.380999301342254, 'epoch': 3.0}
  Model             : Wav2Vec2ForSequenceClassification  (315,693,191 params, 315,693,191 trainable)
{'eval_loss': 1.59356689453125, 'eval_f1_macro': 0.1652777777777778, 'eval_f1_weighted': 0.23961805555555554, 'eval_precision_macro': 0.13085063085063084, 'eval_recall_macro': 0.2857142857142857, 'eval_accuracy': 0.3625, 'eval_runtime': 0.4299, 'eval_samples_per_second': 186.08, 'eval_steps_per_second': 23.26, 'epoch': 1.0}
{'eval_loss': 1.2880675792694092, 'eval_f1_macro': 0.30898532361947, 'eval_f1_weighted': 0.3800517368810052, 'eval_precision_macro': 0.3812400224360357, 'eval_recall_macro': 0.4067669172932331, 'eval_accuracy': 0.4875, 'eval_runtime': 0.4088, 'eval_samples_per_second': 195.705, 'eval_steps_per_second': 24.463, 'epoch': 2.0}
{'eval_loss': 1.1644515991210938, 'eval_f1_macro': 0.2871484987149752, 'eval_f1_weighted': 0.35676173760421237, 'eval_precision_macro': 0.23466898954703835, 'eval_recall_macro': 0.40676691729323305, 'eval_accuracy': 0.4875, 'eval_runtime': 0.4192, 'eval_samples_per_second': 190.821, 'eval_steps_per_second': 23.853, 'epoch': 3.0}
{'train_runtime': 19.3308, 'train_samples_per_second': 58.042, 'train_steps_per_second': 14.588, 'train_loss': 1.5247231341422873, 'epoch': 3.0}
  Model             : Wav2Vec2ForSequenceClassification  (315,693,191 params, 315,693,191 trainable)
{'eval_loss': 1.5243346691131592, 'eval_f1_macro': 0.35060901831088165, 'eval_f1_weighted': 0.41109401468097123, 'eval_precision_macro': 0.30865487169835, 'eval_recall_macro': 0.4333333333333333, 'eval_accuracy': 0.525, 'eval_runtime': 7.6913, 'eval_samples_per_second': 10.401, 'eval_steps_per_second': 1.3, 'epoch': 1.0}
  Model             : Wav2Vec2ForSequenceClassification  (315,693,191 params, 315,693,191 trainable)
{'eval_loss': 1.4707244634628296, 'eval_f1_macro': 0.19660171761012096, 'eval_f1_weighted': 0.2514382676147382, 'eval_precision_macro': 0.18579931972789115, 'eval_recall_macro': 0.3067669172932331, 'eval_accuracy': 0.375, 'eval_runtime': 0.4186, 'eval_samples_per_second': 191.128, 'eval_steps_per_second': 23.891, 'epoch': 1.0}
{'eval_loss': 1.0163742303848267, 'eval_f1_macro': 0.5078231292517007, 'eval_f1_weighted': 0.5485416666666667, 'eval_precision_macro': 0.5838823012736057, 'eval_recall_macro': 0.5843179377013963, 'eval_accuracy': 0.6375, 'eval_runtime': 0.4138, 'eval_samples_per_second': 193.309, 'eval_steps_per_second': 24.164, 'epoch': 2.0}
{'eval_loss': 0.7851241827011108, 'eval_f1_macro': 0.6679560554096414, 'eval_f1_weighted': 0.6683459358698756, 'eval_precision_macro': 0.7257575757575757, 'eval_recall_macro': 0.6958825635517366, 'eval_accuracy': 0.7125, 'eval_runtime': 0.4212, 'eval_samples_per_second': 189.946, 'eval_steps_per_second': 23.743, 'epoch': 3.0}
{'train_runtime': 19.3602, 'train_samples_per_second': 57.954, 'train_steps_per_second': 14.566, 'train_loss': 1.3214005274130098, 'epoch': 3.0}
  Model             : Wav2Vec2ForSequenceClassification  (315,693,191 params, 315,693,191 trainable)
{'eval_loss': 1.383294701576233, 'eval_f1_macro': 0.32851756087050205, 'eval_f1_weighted': 0.3655043363499246, 'eval_precision_macro': 0.36977351916376305, 'eval_recall_macro': 0.4370748299319728, 'eval_accuracy': 0.5125, 'eval_runtime': 0.4151, 'eval_samples_per_second': 192.71, 'eval_steps_per_second': 24.089, 'epoch': 1.0}
  Model             : Wav2Vec2ForSequenceClassification  (315,693,191 params, 315,693,191 trainable)
{'eval_loss': 1.371862769126892, 'eval_f1_macro': 0.2914862914862915, 'eval_f1_weighted': 0.34393939393939393, 'eval_precision_macro': 0.2380952380952381, 'eval_recall_macro': 0.3904761904761905, 'eval_accuracy': 0.475, 'eval_runtime': 0.4176, 'eval_samples_per_second': 191.59, 'eval_steps_per_second': 23.949, 'epoch': 1.0}
{'eval_loss': 0.8109375238418579, 'eval_f1_macro': 0.5786149947640631, 'eval_f1_weighted': 0.5784049577527839, 'eval_precision_macro': 0.5330117501546073, 'eval_recall_macro': 0.6577873254564983, 'eval_accuracy': 0.675, 'eval_runtime': 0.4083, 'eval_samples_per_second': 195.942, 'eval_steps_per_second': 24.493, 'epoch': 2.0}
{'eval_loss': 0.6022278070449829, 'eval_f1_macro': 0.7742850308824061, 'eval_f1_weighted': 0.7720637792587859, 'eval_precision_macro': 0.8128476565451355, 'eval_recall_macro': 0.7792158968850699, 'eval_accuracy': 0.7875, 'eval_runtime': 0.4111, 'eval_samples_per_second': 194.588, 'eval_steps_per_second': 24.324, 'epoch': 3.0}
{'train_runtime': 19.4074, 'train_samples_per_second': 57.813, 'train_steps_per_second': 14.531, 'train_loss': 1.2523827518977173, 'epoch': 3.0}
  Model             : Wav2Vec2ForSequenceClassification  (315,693,191 params, 315,693,191 trainable)
{'eval_loss': 1.5990447998046875, 'eval_f1_macro': 0.14915254237288136, 'eval_f1_weighted': 0.20296610169491522, 'eval_precision_macro': 0.10357142857142856, 'eval_recall_macro': 0.2857142857142857, 'eval_accuracy': 0.3625, 'eval_runtime': 0.4209, 'eval_samples_per_second': 190.061, 'eval_steps_per_second': 23.758, 'epoch': 1.0}
  Model             : Wav2Vec2ForSequenceClassification  (315,693,191 params, 315,693,191 trainable)
{'eval_loss': 1.5849319696426392, 'eval_f1_macro': 0.15128329297820822, 'eval_f1_weighted': 0.2133728813559322, 'eval_precision_macro': 0.11210382770619769, 'eval_recall_macro': 0.2781954887218045, 'eval_accuracy': 0.35, 'eval_runtime': 0.4231, 'eval_samples_per_second': 189.09, 'eval_steps_per_second': 23.636, 'epoch': 1.0}
  Model             : Wav2Vec2ForSequenceClassification  (315,693,191 params, 315,693,191 trainable)
{'eval_loss': 1.5953094959259033, 'eval_f1_macro': 0.16083916083916083, 'eval_f1_weighted': 0.2327797202797203, 'eval_precision_macro': 0.12883116883116882, 'eval_recall_macro': 0.2781954887218045, 'eval_accuracy': 0.35, 'eval_runtime': 0.4084, 'eval_samples_per_second': 195.899, 'eval_steps_per_second': 24.487, 'epoch': 1.0}
  Model             : Wav2Vec2ForSequenceClassification  (315,693,191 params, 315,693,191 trainable)
{'eval_loss': 1.8621399402618408, 'eval_f1_macro': 0.05483405483405483, 'eval_f1_weighted': 0.09116161616161615, 'eval_precision_macro': 0.033928571428571426, 'eval_recall_macro': 0.14285714285714285, 'eval_accuracy': 0.2375, 'eval_runtime': 0.4014, 'eval_samples_per_second': 199.3, 'eval_steps_per_second': 24.912, 'epoch': 1.0}
  Model             : Wav2Vec2ForSequenceClassification  (315,693,191 params, 315,693,191 trainable)
{'eval_loss': 1.9459228515625, 'eval_f1_macro': 0.0553935860058309, 'eval_f1_weighted': 0.09209183673469387, 'eval_precision_macro': 0.034358047016274866, 'eval_recall_macro': 0.14285714285714285, 'eval_accuracy': 0.2375, 'eval_runtime': 0.4102, 'eval_samples_per_second': 195.025, 'eval_steps_per_second': 24.378, 'epoch': 1.0}
  Model             : Wav2Vec2ForSequenceClassification  (315,693,191 params, 315,693,191 trainable)
{'eval_loss': 1.4417266845703125, 'eval_f1_macro': 0.23093916812007823, 'eval_f1_weighted': 0.28148353681095084, 'eval_precision_macro': 0.2278654485049834, 'eval_recall_macro': 0.3353383458646616, 'eval_accuracy': 0.4, 'eval_runtime': 0.4228, 'eval_samples_per_second': 189.197, 'eval_steps_per_second': 23.65, 'epoch': 1.0}
{'eval_loss': 1.0193771123886108, 'eval_f1_macro': 0.3448115561072371, 'eval_f1_weighted': 0.3992294914387938, 'eval_precision_macro': 0.3498376623376624, 'eval_recall_macro': 0.44724310776942355, 'eval_accuracy': 0.5, 'eval_runtime': 0.414, 'eval_samples_per_second': 193.224, 'eval_steps_per_second': 24.153, 'epoch': 2.0}
{'eval_loss': 0.8697181940078735, 'eval_f1_macro': 0.5893013818479657, 'eval_f1_weighted': 0.59306877904704, 'eval_precision_macro': 0.5302075702075701, 'eval_recall_macro': 0.6863587540279269, 'eval_accuracy': 0.7, 'eval_runtime': 0.4273, 'eval_samples_per_second': 187.24, 'eval_steps_per_second': 23.405, 'epoch': 3.0}
{'train_runtime': 19.4518, 'train_samples_per_second': 57.681, 'train_steps_per_second': 14.497, 'train_loss': 1.3271250623337767, 'epoch': 3.0}
  Model             : Wav2Vec2ForSequenceClassification  (315,693,191 params, 315,693,191 trainable)
{'eval_loss': 1.8211669921875, 'eval_f1_macro': 0.05483405483405483, 'eval_f1_weighted': 0.09116161616161615, 'eval_precision_macro': 0.033928571428571426, 'eval_recall_macro': 0.14285714285714285, 'eval_accuracy': 0.2375, 'eval_runtime': 0.469, 'eval_samples_per_second': 170.589, 'eval_steps_per_second': 21.324, 'epoch': 1.0}
  Model             : Wav2Vec2ForSequenceClassification  (315,693,191 params, 315,693,191 trainable)
{'eval_loss': 1.953527808189392, 'eval_f1_macro': 0.05483405483405483, 'eval_f1_weighted': 0.09116161616161615, 'eval_precision_macro': 0.033928571428571426, 'eval_recall_macro': 0.14285714285714285, 'eval_accuracy': 0.2375, 'eval_runtime': 0.4165, 'eval_samples_per_second': 192.065, 'eval_steps_per_second': 24.008, 'epoch': 1.0}
  Best f1_macro: 3.9259  |  params: {'learning_rate': 4.952548271141294e-05, 'per_device_train_batch_size': 4, 'warmup_ratio': 0.11733045986389888, 'weight_decay': 0.0013944386216952973}
  HPO complete. Skipping training (--hpo_only mode).

Stage 1 complete. Run Stage 2 to train with the selected hyperparameters.

Stage 1 exit code: 0

============================================
Stage 2: Full training (4-GPU DDP, torchrun)
============================================

======================================================================
Emotion Recognition Pipeline  [Stage 2 — Training]
======================================================================

  Loading: xbgoose/ravdess

  Loading: xbgoose/ravdess

  Loading: xbgoose/ravdess
Device    : cuda  (4 GPU(s))
Models    : ['wav2vec2-base', 'hubert-xlarge', 'wavlm-large', 'distilhubert', 'hubert-base', 'wavlm-base', 'wav2vec2-large']
Datasets  : ['ravdess', 'emodb']
Epochs    : 30  |  Batch: 8  |  LR: 3e-05
Output    : /home/tu/tu_tu/tu_zxord71/asp-project/outputs
======================================================================

[1/14] SKIP wav2vec2-base_ravdess  (metrics.json exists)

[2/14] SKIP wav2vec2-base_emodb  (metrics.json exists)

[3/14] SKIP hubert-xlarge_ravdess  (metrics.json exists)

[4/14] SKIP hubert-xlarge_emodb  (metrics.json exists)

[5/14] SKIP wavlm-large_ravdess  (metrics.json exists)

[6/14] SKIP wavlm-large_emodb  (metrics.json exists)

[7/14] SKIP distilhubert_ravdess  (metrics.json exists)

[8/14] SKIP distilhubert_emodb  (metrics.json exists)

======================================================================
[9/14]  hubert-base_ravdess
  Model  : facebook/hubert-base-ls960
  Dataset: xbgoose/ravdess
  Output : /home/tu/tu_tu/tu_zxord71/asp-project/outputs/hubert-base_ravdess

  Loading: xbgoose/ravdess
  Label col : emotion
  Samples   : 1,440  |  Classes: 8  Label col : emotion

    angry: 192  Samples   : 1,440  |  Classes: 8

    calm: 192
    angry: 192    disgust: 192

    calm: 192    fearful: 192

    disgust: 192    happy: 192

    fearful: 192    neutral: 96

    happy: 192    sad: 192

    neutral: 96    surprised: 192

    sad: 192
    surprised: 192
  Label col : emotion
  Samples   : 1,440  |  Classes: 8
    angry: 192
    calm: 192
    disgust: 192
    fearful: 192
    happy: 192
    neutral: 96
    sad: 192
    surprised: 192
  Classes   : ['angry', 'calm', 'disgust', 'fearful', 'happy', 'neutral', 'sad', 'surprised']
  Classes   : ['angry', 'calm', 'disgust', 'fearful', 'happy', 'neutral', 'sad', 'surprised']
  Label col : emotion
  Samples   : 1,440  |  Classes: 8
    angry: 192
    calm: 192
    disgust: 192
    fearful: 192
    happy: 192
    neutral: 96
    sad: 192
    surprised: 192
  Classes   : ['angry', 'calm', 'disgust', 'fearful', 'happy', 'neutral', 'sad', 'surprised']
  Classes   : ['angry', 'calm', 'disgust', 'fearful', 'happy', 'neutral', 'sad', 'surprised']
  Split     : 1,008 train / 216 val / 216 test  (of 1,440)
  Split     : 1,008 train / 216 val / 216 test  (of 1,440)
  Split     : 1,008 train / 216 val / 216 test  (of 1,440)
  Split     : 1,008 train / 216 val / 216 test  (of 1,440)
  Feature extractor : Wav2Vec2FeatureExtractor  (sr=16000)  Feature extractor : Wav2Vec2FeatureExtractor  (sr=16000)

  Featurising splits ...  Featurising splits ...

  Feature extractor : Wav2Vec2FeatureExtractor  (sr=16000)
  Featurising splits ...
  Loaded hyperparameters: lr=0.00013919425241433817  bs=16  warmup=0.0779714822919808  wd=0.06626261226192326
  Feature extractor : Wav2Vec2FeatureExtractor  (sr=16000)
  Featurising splits ...
  Model             : HubertForSequenceClassification  (94,570,632 params, 94,570,632 trainable)
  Training  : lr=0.00013919425241433817  bs=16  epochs=30  patience=5
  Model             : HubertForSequenceClassification  (94,570,632 params, 94,570,632 trainable)
  Training  : lr=0.00013919425241433817  bs=16  epochs=30  patience=5
  Model             : HubertForSequenceClassification  (94,570,632 params, 94,570,632 trainable)
  Training  : lr=0.00013919425241433817  bs=16  epochs=30  patience=5
  Model             : HubertForSequenceClassification  (94,570,632 params, 94,570,632 trainable)
  Training  : lr=0.00013919425241433817  bs=16  epochs=30  patience=5
{'loss': 2.0765, 'grad_norm': 0.44070965051651, 'learning_rate': 3.2967059782343245e-05, 'epoch': 0.62}
{'eval_loss': 2.027696371078491, 'eval_f1_macro': 0.265552930548876, 'eval_f1_weighted': 0.28207268113467027, 'eval_precision_macro': 0.393709880554579, 'eval_recall_macro': 0.32019704433497537, 'eval_accuracy': 0.33796296296296297, 'eval_runtime': 7.6339, 'eval_samples_per_second': 28.295, 'eval_steps_per_second': 0.524, 'epoch': 1.0}
{'loss': 2.0488, 'grad_norm': 0.32926151156425476, 'learning_rate': 6.959712620716908e-05, 'epoch': 1.25}
{'loss': 1.9342, 'grad_norm': nan, 'learning_rate': 0.00010622719263199492, 'epoch': 1.88}
{'eval_loss': 1.762053370475769, 'eval_f1_macro': 0.25610879816157817, 'eval_f1_weighted': 0.272679271550776, 'eval_precision_macro': 0.21636702849389414, 'eval_recall_macro': 0.36637931034482757, 'eval_accuracy': 0.3888888888888889, 'eval_runtime': 0.3224, 'eval_samples_per_second': 669.913, 'eval_steps_per_second': 12.406, 'epoch': 2.0}
{'loss': 1.8157, 'grad_norm': 8.660076141357422, 'learning_rate': 0.0001388793332912288, 'epoch': 2.5}
{'eval_loss': 1.6124166250228882, 'eval_f1_macro': 0.28602405967986294, 'eval_f1_weighted': 0.30375098807720174, 'eval_precision_macro': 0.40417286619860204, 'eval_recall_macro': 0.3625307881773399, 'eval_accuracy': 0.38425925925925924, 'eval_runtime': 0.3014, 'eval_samples_per_second': 716.58, 'eval_steps_per_second': 13.27, 'epoch': 3.0}
{'loss': 1.7081, 'grad_norm': inf, 'learning_rate': 0.00013573014206013517, 'epoch': 3.12}
{'loss': 1.5971, 'grad_norm': 4.8100152015686035, 'learning_rate': 0.00013258095082904154, 'epoch': 3.75}
{'eval_loss': 1.3734170198440552, 'eval_f1_macro': 0.4150990125581102, 'eval_f1_weighted': 0.44220768427023355, 'eval_precision_macro': 0.4544026286213786, 'eval_recall_macro': 0.48291256157635465, 'eval_accuracy': 0.5138888888888888, 'eval_runtime': 0.3282, 'eval_samples_per_second': 658.174, 'eval_steps_per_second': 12.188, 'epoch': 4.0}
{'loss': 1.3477, 'grad_norm': 5.346255302429199, 'learning_rate': 0.00012943175959794794, 'epoch': 4.38}
{'loss': 1.3378, 'grad_norm': 6.898353099822998, 'learning_rate': 0.0001262825683668543, 'epoch': 5.0}
{'eval_loss': 1.2035573720932007, 'eval_f1_macro': 0.524336604955394, 'eval_f1_weighted': 0.5284027869102824, 'eval_precision_macro': 0.5099113669590644, 'eval_recall_macro': 0.5885262725779967, 'eval_accuracy': 0.5925925925925926, 'eval_runtime': 0.3111, 'eval_samples_per_second': 694.248, 'eval_steps_per_second': 12.856, 'epoch': 5.0}
{'loss': 1.2156, 'grad_norm': 5.667602062225342, 'learning_rate': 0.00012313337713576068, 'epoch': 5.62}
{'eval_loss': 1.3008008003234863, 'eval_f1_macro': 0.49857895654095197, 'eval_f1_weighted': 0.5247083546879995, 'eval_precision_macro': 0.5310834030497252, 'eval_recall_macro': 0.5358887520525452, 'eval_accuracy': 0.5648148148148148, 'eval_runtime': 0.3211, 'eval_samples_per_second': 672.614, 'eval_steps_per_second': 12.456, 'epoch': 6.0}
{'loss': 1.1243, 'grad_norm': 10.88879108428955, 'learning_rate': 0.00011998418590466706, 'epoch': 6.25}
{'loss': 1.0747, 'grad_norm': 68.01976776123047, 'learning_rate': 0.00011683499467357345, 'epoch': 6.88}
{'eval_loss': 1.1968053579330444, 'eval_f1_macro': 0.5763095652069045, 'eval_f1_weighted': 0.5952202788225057, 'eval_precision_macro': 0.6176388211922486, 'eval_recall_macro': 0.5979679802955665, 'eval_accuracy': 0.625, 'eval_runtime': 0.299, 'eval_samples_per_second': 722.485, 'eval_steps_per_second': 13.379, 'epoch': 7.0}
{'loss': 0.9331, 'grad_norm': 12.229762077331543, 'learning_rate': 0.00011368580344247982, 'epoch': 7.5}
{'eval_loss': 0.8716995716094971, 'eval_f1_macro': 0.7502392087562221, 'eval_f1_weighted': 0.7529018839020982, 'eval_precision_macro': 0.7628192253212209, 'eval_recall_macro': 0.7574815270935962, 'eval_accuracy': 0.7546296296296297, 'eval_runtime': 0.3284, 'eval_samples_per_second': 657.675, 'eval_steps_per_second': 12.179, 'epoch': 8.0}
{'loss': 0.787, 'grad_norm': 11.552933692932129, 'learning_rate': 0.00011053661221138619, 'epoch': 8.12}
{'loss': 0.7264, 'grad_norm': 10.259357452392578, 'learning_rate': 0.00010738742098029257, 'epoch': 8.75}
{'eval_loss': 0.7833881974220276, 'eval_f1_macro': 0.7749538427224849, 'eval_f1_weighted': 0.78045110618463, 'eval_precision_macro': 0.8086327495974235, 'eval_recall_macro': 0.7676005747126438, 'eval_accuracy': 0.7731481481481481, 'eval_runtime': 0.2987, 'eval_samples_per_second': 723.193, 'eval_steps_per_second': 13.392, 'epoch': 9.0}
{'loss': 0.6079, 'grad_norm': 9.357990264892578, 'learning_rate': 0.00010423822974919894, 'epoch': 9.38}
{'loss': 0.6015, 'grad_norm': nan, 'learning_rate': 0.00010108903851810531, 'epoch': 10.0}
{'eval_loss': 0.6293127536773682, 'eval_f1_macro': 0.8007313822757789, 'eval_f1_weighted': 0.801385027858639, 'eval_precision_macro': 0.8153023365523366, 'eval_recall_macro': 0.8056855500821019, 'eval_accuracy': 0.8009259259259259, 'eval_runtime': 0.3158, 'eval_samples_per_second': 683.95, 'eval_steps_per_second': 12.666, 'epoch': 10.0}
{'loss': 0.4044, 'grad_norm': 7.849297046661377, 'learning_rate': 9.793984728701171e-05, 'epoch': 10.62}
{'eval_loss': 1.1133496761322021, 'eval_f1_macro': 0.6546124331875758, 'eval_f1_weighted': 0.6740368814784566, 'eval_precision_macro': 0.7506107456534672, 'eval_recall_macro': 0.6530993431855501, 'eval_accuracy': 0.6759259259259259, 'eval_runtime': 0.3252, 'eval_samples_per_second': 664.27, 'eval_steps_per_second': 12.301, 'epoch': 11.0}
{'loss': 0.5352, 'grad_norm': 4.908114433288574, 'learning_rate': 9.479065605591808e-05, 'epoch': 11.25}
{'loss': 0.4717, 'grad_norm': 7.758263111114502, 'learning_rate': 9.164146482482445e-05, 'epoch': 11.88}
{'eval_loss': 0.5850617289543152, 'eval_f1_macro': 0.822119726190002, 'eval_f1_weighted': 0.837228713632082, 'eval_precision_macro': 0.8424259923158911, 'eval_recall_macro': 0.830008210180624, 'eval_accuracy': 0.8287037037037037, 'eval_runtime': 0.3066, 'eval_samples_per_second': 704.505, 'eval_steps_per_second': 13.046, 'epoch': 12.0}
{'loss': 0.2781, 'grad_norm': 5.384839057922363, 'learning_rate': 8.849227359373082e-05, 'epoch': 12.5}
{'eval_loss': 0.4227357804775238, 'eval_f1_macro': 0.8900726432156392, 'eval_f1_weighted': 0.8891829379435381, 'eval_precision_macro': 0.8943706203217072, 'eval_recall_macro': 0.8917590311986863, 'eval_accuracy': 0.8888888888888888, 'eval_runtime': 0.3025, 'eval_samples_per_second': 714.16, 'eval_steps_per_second': 13.225, 'epoch': 13.0}
{'loss': 0.3518, 'grad_norm': 4.142500877380371, 'learning_rate': 8.53430823626372e-05, 'epoch': 13.12}
{'loss': 0.2561, 'grad_norm': 5.817562580108643, 'learning_rate': 8.219389113154357e-05, 'epoch': 13.75}
{'eval_loss': 0.8383545279502869, 'eval_f1_macro': 0.7379669342961837, 'eval_f1_weighted': 0.7497710693469298, 'eval_precision_macro': 0.7821837426310724, 'eval_recall_macro': 0.7473624794745485, 'eval_accuracy': 0.7361111111111112, 'eval_runtime': 0.312, 'eval_samples_per_second': 692.334, 'eval_steps_per_second': 12.821, 'epoch': 14.0}
{'loss': 0.3368, 'grad_norm': 7.8855977058410645, 'learning_rate': 7.904469990044994e-05, 'epoch': 14.38}
{'loss': 0.4464, 'grad_norm': 11.164937019348145, 'learning_rate': 7.589550866935633e-05, 'epoch': 15.0}
{'eval_loss': 0.773794949054718, 'eval_f1_macro': 0.7968272158655603, 'eval_f1_weighted': 0.8089921506611435, 'eval_precision_macro': 0.8039794002294002, 'eval_recall_macro': 0.8059729064039409, 'eval_accuracy': 0.8055555555555556, 'eval_runtime': 0.3092, 'eval_samples_per_second': 698.652, 'eval_steps_per_second': 12.938, 'epoch': 15.0}
{'loss': 0.174, 'grad_norm': 1.0882381200790405, 'learning_rate': 7.274631743826271e-05, 'epoch': 15.62}
{'eval_loss': 0.5449329018592834, 'eval_f1_macro': 0.8596948236682905, 'eval_f1_weighted': 0.8729869938814824, 'eval_precision_macro': 0.8704335431490604, 'eval_recall_macro': 0.8698994252873563, 'eval_accuracy': 0.8657407407407407, 'eval_runtime': 0.3068, 'eval_samples_per_second': 703.997, 'eval_steps_per_second': 13.037, 'epoch': 16.0}
{'loss': 0.2062, 'grad_norm': 5.676058292388916, 'learning_rate': 6.959712620716908e-05, 'epoch': 16.25}
{'loss': 0.1415, 'grad_norm': 6.704346656799316, 'learning_rate': 6.644793497607547e-05, 'epoch': 16.88}
{'eval_loss': 0.6850274205207825, 'eval_f1_macro': 0.8324473829439831, 'eval_f1_weighted': 0.8395377975727523, 'eval_precision_macro': 0.838126696964793, 'eval_recall_macro': 0.8440373563218391, 'eval_accuracy': 0.8379629629629629, 'eval_runtime': 0.3337, 'eval_samples_per_second': 647.363, 'eval_steps_per_second': 11.988, 'epoch': 17.0}
{'loss': 0.2323, 'grad_norm': 1.9601434469223022, 'learning_rate': 6.329874374498184e-05, 'epoch': 17.5}
{'eval_loss': 0.6150559782981873, 'eval_f1_macro': 0.8700852499374162, 'eval_f1_weighted': 0.8770372083896674, 'eval_precision_macro': 0.8882312197584374, 'eval_recall_macro': 0.8664306239737274, 'eval_accuracy': 0.8796296296296297, 'eval_runtime': 0.3087, 'eval_samples_per_second': 699.771, 'eval_steps_per_second': 12.959, 'epoch': 18.0}
{'train_runtime': 82.4775, 'train_samples_per_second': 366.645, 'train_steps_per_second': 5.82, 'train_loss': 0.8654159978032112, 'epoch': 18.0}
  Finished  : epoch 18/30 | runtime 82s | 366.6 samples/s  Finished  : epoch 18/30 | runtime 82s | 366.6 samples/s  Finished  : epoch 18/30 | runtime 82s | 366.7 samples/s


  Finished  : epoch 18/30 | runtime 82s | 366.6 samples/s

  Loading: renumics/emodb
  Loading: renumics/emodb
  Loading: renumics/emodb


              precision    recall  f1-score   support

       angry       0.96      0.82      0.88        28
        calm       0.69      0.93      0.79        29
     disgust       0.90      0.97      0.93        29
     fearful       0.88      0.97      0.92        29
       happy       0.83      0.83      0.83        29
     neutral       0.83      0.36      0.50        14
         sad       0.86      0.66      0.75        29
   surprised       0.85      0.97      0.90        29

    accuracy                           0.84       216
   macro avg       0.85      0.81      0.81       216
weighted avg       0.85      0.84      0.83       216

  Label col : emotion
  Samples   : 535  |  Classes: 7
    0: 127
    1: 81
    2: 46
    3: 69
    4: 71
    5: 79
    6: 62
  Classes   : ['anger', 'boredom', 'disgust', 'fear', 'happiness', 'neutral', 'sadness']
  Label col : emotion
  Samples   : 535  |  Classes: 7
    0: 127
    1: 81
    2: 46
    3: 69
    4: 71
    5: 79
    6: 62
  Classes   : ['anger', 'boredom', 'disgust', 'fear', 'happiness', 'neutral', 'sadness']
  Label col : emotion
  Samples   : 535  |  Classes: 7
    0: 127
    1: 81
    2: 46
    3: 69
    4: 71
    5: 79
    6: 62
  Classes   : ['anger', 'boredom', 'disgust', 'fear', 'happiness', 'neutral', 'sadness']
  Split     : 374 train / 80 val / 81 test  (of 535)
  Split     : 374 train / 80 val / 81 test  (of 535)
  Split     : 374 train / 80 val / 81 test  (of 535)
  Feature extractor : Wav2Vec2FeatureExtractor  (sr=16000)
  Featurising splits ...
  Feature extractor : Wav2Vec2FeatureExtractor  (sr=16000)
  Featurising splits ...
  Feature extractor : Wav2Vec2FeatureExtractor  (sr=16000)
  Featurising splits ...
  Model             : HubertForSequenceClassification  (94,570,375 params, 94,570,375 trainable)
  Training  : lr=9.997466711326045e-05  bs=8  epochs=30  patience=5
  Model             : HubertForSequenceClassification  (94,570,375 params, 94,570,375 trainable)
  Training  : lr=9.997466711326045e-05  bs=8  epochs=30  patience=5
  Model             : HubertForSequenceClassification  (94,570,375 params, 94,570,375 trainable)
  Training  : lr=9.997466711326045e-05  bs=8  epochs=30  patience=5
  F1-Macro 0.8133 | Accuracy 0.8426 | Precision 0.8502 | Recall 0.8111

======================================================================
[10/14]  hubert-base_emodb
  Model  : facebook/hubert-base-ls960
  Dataset: renumics/emodb
  Output : /home/tu/tu_tu/tu_zxord71/asp-project/outputs/hubert-base_emodb

  Loading: renumics/emodb
  Label col : emotion
  Samples   : 535  |  Classes: 7
    0: 127
    1: 81
    2: 46
    3: 69
    4: 71
    5: 79
    6: 62
  Classes   : ['anger', 'boredom', 'disgust', 'fear', 'happiness', 'neutral', 'sadness']
  Split     : 374 train / 80 val / 81 test  (of 535)
  Feature extractor : Wav2Vec2FeatureExtractor  (sr=16000)
  Featurising splits ...
  Loaded hyperparameters: lr=9.997466711326045e-05  bs=8  warmup=0.19157180637934296  wd=0.08603867297294654
  Model             : HubertForSequenceClassification  (94,570,375 params, 94,570,375 trainable)
  Training  : lr=9.997466711326045e-05  bs=8  epochs=30  patience=5
{'loss': 1.9487, 'grad_norm': 0.9245845675468445, 'learning_rate': 1.3040173971294841e-05, 'epoch': 0.83}
{'eval_loss': 1.925256371498108, 'eval_f1_macro': 0.0755533199195171, 'eval_f1_weighted': 0.12123239436619718, 'eval_precision_macro': 0.05180533751962323, 'eval_recall_macro': 0.13972431077694236, 'eval_accuracy': 0.225, 'eval_runtime': 3.1209, 'eval_samples_per_second': 25.633, 'eval_steps_per_second': 0.961, 'epoch': 1.0}
{'loss': 1.9291, 'grad_norm': 0.8711007833480835, 'learning_rate': 2.7529256161622445e-05, 'epoch': 1.67}
{'eval_loss': 1.864526391029358, 'eval_f1_macro': 0.05483405483405483, 'eval_f1_weighted': 0.09116161616161615, 'eval_precision_macro': 0.033928571428571426, 'eval_recall_macro': 0.14285714285714285, 'eval_accuracy': 0.2375, 'eval_runtime': 0.2281, 'eval_samples_per_second': 350.697, 'eval_steps_per_second': 13.151, 'epoch': 2.0}
{'loss': 1.8977, 'grad_norm': 1.138342022895813, 'learning_rate': 4.2018338351950044e-05, 'epoch': 2.5}
{'eval_loss': 1.6881592273712158, 'eval_f1_macro': 0.2526455026455026, 'eval_f1_weighted': 0.31145833333333334, 'eval_precision_macro': 0.2178796046720575, 'eval_recall_macro': 0.33333333333333337, 'eval_accuracy': 0.4375, 'eval_runtime': 0.2998, 'eval_samples_per_second': 266.815, 'eval_steps_per_second': 10.006, 'epoch': 3.0}
{'loss': 1.7623, 'grad_norm': 1.2953256368637085, 'learning_rate': 5.6507420542277644e-05, 'epoch': 3.33}
{'eval_loss': 1.430047631263733, 'eval_f1_macro': 0.2603564236217298, 'eval_f1_weighted': 0.3215760430046145, 'eval_precision_macro': 0.4122448979591837, 'eval_recall_macro': 0.3353383458646616, 'eval_accuracy': 0.425, 'eval_runtime': 0.2256, 'eval_samples_per_second': 354.602, 'eval_steps_per_second': 13.298, 'epoch': 4.0}
{'loss': 1.5497, 'grad_norm': 2.300197124481201, 'learning_rate': 7.099650273260526e-05, 'epoch': 4.17}
{'loss': 1.4709, 'grad_norm': 4.100231170654297, 'learning_rate': 8.548558492293286e-05, 'epoch': 5.0}
{'eval_loss': 1.1704375743865967, 'eval_f1_macro': 0.5933264320220842, 'eval_f1_weighted': 0.6232041062801932, 'eval_precision_macro': 0.6581196581196582, 'eval_recall_macro': 0.6190118152524168, 'eval_accuracy': 0.675, 'eval_runtime': 0.235, 'eval_samples_per_second': 340.369, 'eval_steps_per_second': 12.764, 'epoch': 5.0}
{'loss': 1.1788, 'grad_norm': 7.661056041717529, 'learning_rate': 9.997466711326045e-05, 'epoch': 5.83}
{'eval_loss': 0.9407989382743835, 'eval_f1_macro': 0.6651956596270153, 'eval_f1_weighted': 0.666178577950036, 'eval_precision_macro': 0.7104379856096104, 'eval_recall_macro': 0.7139097744360902, 'eval_accuracy': 0.7125, 'eval_runtime': 0.2453, 'eval_samples_per_second': 326.173, 'eval_steps_per_second': 12.231, 'epoch': 6.0}
{'loss': 1.0399, 'grad_norm': 4.297232151031494, 'learning_rate': 9.653911154235804e-05, 'epoch': 6.67}
{'eval_loss': 0.8339370489120483, 'eval_f1_macro': 0.6228826540287294, 'eval_f1_weighted': 0.6189559595598394, 'eval_precision_macro': 0.6238538893818397, 'eval_recall_macro': 0.6833333333333333, 'eval_accuracy': 0.7, 'eval_runtime': 0.2462, 'eval_samples_per_second': 324.879, 'eval_steps_per_second': 12.183, 'epoch': 7.0}
{'loss': 0.9797, 'grad_norm': 2.8039262294769287, 'learning_rate': 9.310355597145562e-05, 'epoch': 7.5}
{'eval_loss': 0.6080948114395142, 'eval_f1_macro': 0.8281520300427864, 'eval_f1_weighted': 0.831243603210515, 'eval_precision_macro': 0.8729540300968873, 'eval_recall_macro': 0.8543859649122807, 'eval_accuracy': 0.85, 'eval_runtime': 0.2384, 'eval_samples_per_second': 335.618, 'eval_steps_per_second': 12.586, 'epoch': 8.0}
{'loss': 0.8051, 'grad_norm': 4.117757797241211, 'learning_rate': 8.966800040055319e-05, 'epoch': 8.33}
{'eval_loss': 0.6113220453262329, 'eval_f1_macro': 0.8032960219660987, 'eval_f1_weighted': 0.8018192751408865, 'eval_precision_macro': 0.8233599733599732, 'eval_recall_macro': 0.804547081990691, 'eval_accuracy': 0.8, 'eval_runtime': 0.2464, 'eval_samples_per_second': 324.644, 'eval_steps_per_second': 12.174, 'epoch': 9.0}
{'loss': 0.5841, 'grad_norm': 3.120372772216797, 'learning_rate': 8.623244482965077e-05, 'epoch': 9.17}
{'loss': 0.5407, 'grad_norm': 4.978350639343262, 'learning_rate': 8.279688925874836e-05, 'epoch': 10.0}
{'eval_loss': 0.4757339358329773, 'eval_f1_macro': 0.8558908092742679, 'eval_f1_weighted': 0.8619769119769118, 'eval_precision_macro': 0.8686098362790092, 'eval_recall_macro': 0.8601682778374508, 'eval_accuracy': 0.8625, 'eval_runtime': 0.2256, 'eval_samples_per_second': 354.631, 'eval_steps_per_second': 13.299, 'epoch': 10.0}
{'loss': 0.6353, 'grad_norm': 8.994714736938477, 'learning_rate': 7.936133368784592e-05, 'epoch': 10.83}
{'eval_loss': 0.5847503542900085, 'eval_f1_macro': 0.8451142690326751, 'eval_f1_weighted': 0.8368361826740621, 'eval_precision_macro': 0.857735914878772, 'eval_recall_macro': 0.8664160401002506, 'eval_accuracy': 0.8375, 'eval_runtime': 0.2359, 'eval_samples_per_second': 339.075, 'eval_steps_per_second': 12.715, 'epoch': 11.0}
{'loss': 0.5062, 'grad_norm': 2.9086410999298096, 'learning_rate': 7.592577811694351e-05, 'epoch': 11.67}
{'eval_loss': 0.475198358297348, 'eval_f1_macro': 0.8233517888760856, 'eval_f1_weighted': 0.8258291363368089, 'eval_precision_macro': 0.8786557357985929, 'eval_recall_macro': 0.8224489795918367, 'eval_accuracy': 0.85, 'eval_runtime': 0.23, 'eval_samples_per_second': 347.84, 'eval_steps_per_second': 13.044, 'epoch': 12.0}
{'loss': 0.3779, 'grad_norm': 6.475505352020264, 'learning_rate': 7.249022254604109e-05, 'epoch': 12.5}
{'eval_loss': 0.3234153687953949, 'eval_f1_macro': 0.8935534311211043, 'eval_f1_weighted': 0.8961275449138931, 'eval_precision_macro': 0.9118381618381618, 'eval_recall_macro': 0.8952380952380953, 'eval_accuracy': 0.9, 'eval_runtime': 0.2349, 'eval_samples_per_second': 340.628, 'eval_steps_per_second': 12.774, 'epoch': 13.0}
{'loss': 0.3061, 'grad_norm': inf, 'learning_rate': 6.905466697513866e-05, 'epoch': 13.33}
{'eval_loss': 0.18547172844409943, 'eval_f1_macro': 0.9580437580437581, 'eval_f1_weighted': 0.9627477477477477, 'eval_precision_macro': 0.9535714285714285, 'eval_recall_macro': 0.9639097744360903, 'eval_accuracy': 0.9625, 'eval_runtime': 0.2447, 'eval_samples_per_second': 326.996, 'eval_steps_per_second': 12.262, 'epoch': 14.0}
{'loss': 0.2541, 'grad_norm': 1.2773224115371704, 'learning_rate': 6.561911140423624e-05, 'epoch': 14.17}
{'loss': 0.2022, 'grad_norm': 0.62027907371521, 'learning_rate': 6.218355583333382e-05, 'epoch': 15.0}
{'eval_loss': 0.4311370849609375, 'eval_f1_macro': 0.8624613481756339, 'eval_f1_weighted': 0.8616991341991342, 'eval_precision_macro': 0.9291558441558442, 'eval_recall_macro': 0.8781954887218044, 'eval_accuracy': 0.8875, 'eval_runtime': 0.2354, 'eval_samples_per_second': 339.822, 'eval_steps_per_second': 12.743, 'epoch': 15.0}
{'loss': 0.1665, 'grad_norm': 8.665177345275879, 'learning_rate': 5.87480002624314e-05, 'epoch': 15.83}
{'eval_loss': 0.14081287384033203, 'eval_f1_macro': 0.97229366853427, 'eval_f1_weighted': 0.9752164194269458, 'eval_precision_macro': 0.9691558441558442, 'eval_recall_macro': 0.9781954887218045, 'eval_accuracy': 0.975, 'eval_runtime': 0.2567, 'eval_samples_per_second': 311.62, 'eval_steps_per_second': 11.686, 'epoch': 16.0}
{'loss': 0.1465, 'grad_norm': 0.34804561734199524, 'learning_rate': 5.5312444691528984e-05, 'epoch': 16.67}
{'eval_loss': 0.3035598695278168, 'eval_f1_macro': 0.9192949907235622, 'eval_f1_weighted': 0.9140422077922079, 'eval_precision_macro': 0.9657142857142856, 'eval_recall_macro': 0.9142857142857144, 'eval_accuracy': 0.925, 'eval_runtime': 0.2333, 'eval_samples_per_second': 342.971, 'eval_steps_per_second': 12.861, 'epoch': 17.0}
{'loss': 0.0851, 'grad_norm': 19.670530319213867, 'learning_rate': 5.1876889120626566e-05, 'epoch': 17.5}
{'eval_loss': 0.29327163100242615, 'eval_f1_macro': 0.9235189839735637, 'eval_f1_weighted': 0.9218595987817464, 'eval_precision_macro': 0.935760667903525, 'eval_recall_macro': 0.9210526315789472, 'eval_accuracy': 0.925, 'eval_runtime': 0.2547, 'eval_samples_per_second': 314.153, 'eval_steps_per_second': 11.781, 'epoch': 18.0}
{'loss': 0.1084, 'grad_norm': 0.9761382341384888, 'learning_rate': 4.8441333549724136e-05, 'epoch': 18.33}
{'eval_loss': 0.21484899520874023, 'eval_f1_macro': 0.9377473094500958, 'eval_f1_weighted': 0.9357788957688339, 'eval_precision_macro': 0.9507456828885401, 'eval_recall_macro': 0.9353383458646617, 'eval_accuracy': 0.9375, 'eval_runtime': 0.2592, 'eval_samples_per_second': 308.686, 'eval_steps_per_second': 11.576, 'epoch': 19.0}
{'loss': 0.0954, 'grad_norm': 7.162118434906006, 'learning_rate': 4.500577797882172e-05, 'epoch': 19.17}
{'loss': 0.0947, 'grad_norm': 0.20054756104946136, 'learning_rate': 4.15702224079193e-05, 'epoch': 20.0}
{'eval_loss': 0.30350837111473083, 'eval_f1_macro': 0.9357696566998893, 'eval_f1_weighted': 0.930717054263566, 'eval_precision_macro': 0.9702380952380951, 'eval_recall_macro': 0.9285714285714286, 'eval_accuracy': 0.9375, 'eval_runtime': 0.2438, 'eval_samples_per_second': 328.198, 'eval_steps_per_second': 12.307, 'epoch': 20.0}
{'loss': 0.094, 'grad_norm': 0.21341374516487122, 'learning_rate': 3.813466683701687e-05, 'epoch': 20.83}
{'eval_loss': 0.14815101027488708, 'eval_f1_macro': 0.9646074646074646, 'eval_f1_weighted': 0.9624099099099098, 'eval_precision_macro': 0.959920634920635, 'eval_recall_macro': 0.9706766917293234, 'eval_accuracy': 0.9625, 'eval_runtime': 0.2358, 'eval_samples_per_second': 339.247, 'eval_steps_per_second': 12.722, 'epoch': 21.0}
{'train_runtime': 51.235, 'train_samples_per_second': 218.991, 'train_steps_per_second': 7.026, 'train_loss': 0.7446109151083325, 'epoch': 21.0}
  Finished  : epoch 21/30 | runtime 51s | 219.0 samples/s
  Finished  : epoch 21/30 | runtime 51s | 219.0 samples/s  Finished  : epoch 21/30 | runtime 51s | 219.0 samples/s

  Finished  : epoch 21/30 | runtime 51s | 219.0 samples/s

  Loading: xbgoose/ravdess
              precision    recall  f1-score   support

       anger       0.90      0.95      0.92        19
     boredom       0.92      0.92      0.92        12
     disgust       1.00      1.00      1.00         7
        fear       1.00      1.00      1.00        11
   happiness       0.90      0.82      0.86        11
     neutral       1.00      0.92      0.96        12
     sadness       0.90      1.00      0.95         9

    accuracy                           0.94        81
   macro avg       0.95      0.94      0.94        81
weighted avg       0.94      0.94      0.94        81


  Loading: xbgoose/ravdess
  Loading: xbgoose/ravdess

  Label col : emotion
  Samples   : 1,440  |  Classes: 8
    angry: 192
    calm: 192
    disgust: 192
    fearful: 192
    happy: 192
    neutral: 96
    sad: 192
    surprised: 192
  Label col : emotion
  Samples   : 1,440  |  Classes: 8
    angry: 192
    calm: 192
    disgust: 192
    fearful: 192
    happy: 192
    neutral: 96
    sad: 192
    surprised: 192
  Classes   : ['angry', 'calm', 'disgust', 'fearful', 'happy', 'neutral', 'sad', 'surprised']
  F1-Macro 0.9430 | Accuracy 0.9383 | Precision 0.9452 | Recall 0.9427
  Classes   : ['angry', 'calm', 'disgust', 'fearful', 'happy', 'neutral', 'sad', 'surprised']
  Label col : emotion
  Samples   : 1,440  |  Classes: 8
    angry: 192
    calm: 192
    disgust: 192
    fearful: 192
    happy: 192
    neutral: 96
    sad: 192
    surprised: 192
  Split     : 1,008 train / 216 val / 216 test  (of 1,440)
  Classes   : ['angry', 'calm', 'disgust', 'fearful', 'happy', 'neutral', 'sad', 'surprised']
  Split     : 1,008 train / 216 val / 216 test  (of 1,440)
  Split     : 1,008 train / 216 val / 216 test  (of 1,440)

======================================================================
[11/14]  wavlm-base_ravdess
  Model  : microsoft/wavlm-base
  Dataset: xbgoose/ravdess
  Output : /home/tu/tu_tu/tu_zxord71/asp-project/outputs/wavlm-base_ravdess

  Loading: xbgoose/ravdess
  Feature extractor : Wav2Vec2FeatureExtractor  (sr=16000)
  Featurising splits ...
  Feature extractor : Wav2Vec2FeatureExtractor  (sr=16000)
  Featurising splits ...
  Feature extractor : Wav2Vec2FeatureExtractor  (sr=16000)
  Featurising splits ...
  Model             : WavLMForSequenceClassification  (94,580,856 params, 94,580,856 trainable)
  Training  : lr=4.87238045193384e-05  bs=4  epochs=30  patience=5
  Model             : WavLMForSequenceClassification  (94,580,856 params, 94,580,856 trainable)
  Training  : lr=4.87238045193384e-05  bs=4  epochs=30  patience=5
  Model             : WavLMForSequenceClassification  (94,580,856 params, 94,580,856 trainable)
  Training  : lr=4.87238045193384e-05  bs=4  epochs=30  patience=5
  Label col : emotion
  Samples   : 1,440  |  Classes: 8
    angry: 192
    calm: 192
    disgust: 192
    fearful: 192
    happy: 192
    neutral: 96
    sad: 192
    surprised: 192
  Classes   : ['angry', 'calm', 'disgust', 'fearful', 'happy', 'neutral', 'sad', 'surprised']
  Split     : 1,008 train / 216 val / 216 test  (of 1,440)
  Feature extractor : Wav2Vec2FeatureExtractor  (sr=16000)
  Featurising splits ...
  Loaded hyperparameters: lr=4.87238045193384e-05  bs=4  warmup=0.06889401883336357  wd=0.033780156958751466
  Model             : WavLMForSequenceClassification  (94,580,856 params, 94,580,856 trainable)
  Training  : lr=4.87238045193384e-05  bs=4  epochs=30  patience=5
{'loss': 2.0759, 'grad_norm': 0.7737359404563904, 'learning_rate': 3.3474369517102717e-06, 'epoch': 0.16}
{'loss': 2.0773, 'grad_norm': 0.7839651703834534, 'learning_rate': 7.066811342499462e-06, 'epoch': 0.32}
{'loss': 2.075, 'grad_norm': 0.6521167755126953, 'learning_rate': 1.0786185733288653e-05, 'epoch': 0.48}
{'loss': 2.0606, 'grad_norm': 0.8204871416091919, 'learning_rate': 1.4505560124077843e-05, 'epoch': 0.63}
{'loss': 2.0463, 'grad_norm': 0.9702877402305603, 'learning_rate': 1.8224934514867034e-05, 'epoch': 0.79}
{'loss': 2.034, 'grad_norm': 1.1056777238845825, 'learning_rate': 2.1944308905656224e-05, 'epoch': 0.95}
{'eval_loss': 1.9790807962417603, 'eval_f1_macro': 0.21755112703388566, 'eval_f1_weighted': 0.23040545023303644, 'eval_precision_macro': 0.19587960257159556, 'eval_recall_macro': 0.3320504926108374, 'eval_accuracy': 0.35185185185185186, 'eval_runtime': 6.2467, 'eval_samples_per_second': 34.578, 'eval_steps_per_second': 2.241, 'epoch': 1.0}
{'loss': 1.9791, 'grad_norm': 1.4975783824920654, 'learning_rate': 2.5663683296445414e-05, 'epoch': 1.11}
{'loss': 1.9179, 'grad_norm': 1.2777124643325806, 'learning_rate': 2.9383057687234607e-05, 'epoch': 1.27}
{'loss': 1.8736, 'grad_norm': 3.2010385990142822, 'learning_rate': 3.31024320780238e-05, 'epoch': 1.43}
{'loss': 1.8154, 'grad_norm': 1.5585623979568481, 'learning_rate': 3.682180646881299e-05, 'epoch': 1.59}
{'loss': 1.696, 'grad_norm': 4.741713047027588, 'learning_rate': 4.054118085960218e-05, 'epoch': 1.75}
{'loss': 1.5998, 'grad_norm': 3.758338689804077, 'learning_rate': 4.426055525039137e-05, 'epoch': 1.9}
{'eval_loss': 1.564509630203247, 'eval_f1_macro': 0.39342973097300626, 'eval_f1_weighted': 0.4186273946562604, 'eval_precision_macro': 0.4340337902837903, 'eval_recall_macro': 0.48291256157635476, 'eval_accuracy': 0.5138888888888888, 'eval_runtime': 0.5139, 'eval_samples_per_second': 420.318, 'eval_steps_per_second': 27.243, 'epoch': 2.0}
{'loss': 1.5324, 'grad_norm': 9.562047958374023, 'learning_rate': 4.797992964118056e-05, 'epoch': 2.06}
{'loss': 1.524, 'grad_norm': 9.081694602966309, 'learning_rate': 4.8502206772803595e-05, 'epoch': 2.22}
{'loss': 1.4957, 'grad_norm': 16.11759376525879, 'learning_rate': 4.82252095896351e-05, 'epoch': 2.38}
{'loss': 1.5075, 'grad_norm': 6.068591117858887, 'learning_rate': 4.794821240646661e-05, 'epoch': 2.54}
{'loss': 1.4081, 'grad_norm': 5.226943492889404, 'learning_rate': 4.767121522329811e-05, 'epoch': 2.7}
{'loss': 1.3868, 'grad_norm': 7.665289878845215, 'learning_rate': 4.739421804012962e-05, 'epoch': 2.86}
{'eval_loss': 1.4175482988357544, 'eval_f1_macro': 0.39540287015615966, 'eval_f1_weighted': 0.421264265096502, 'eval_precision_macro': 0.4447699053904357, 'eval_recall_macro': 0.4830665024630542, 'eval_accuracy': 0.5138888888888888, 'eval_runtime': 0.4973, 'eval_samples_per_second': 434.356, 'eval_steps_per_second': 28.153, 'epoch': 3.0}
{'loss': 1.3028, 'grad_norm': 3.863123893737793, 'learning_rate': 4.711722085696113e-05, 'epoch': 3.02}
{'loss': 1.2481, 'grad_norm': 5.018751621246338, 'learning_rate': 4.684022367379263e-05, 'epoch': 3.17}
{'loss': 1.2147, 'grad_norm': 9.03386116027832, 'learning_rate': 4.656322649062413e-05, 'epoch': 3.33}
{'loss': 1.2052, 'grad_norm': 8.573689460754395, 'learning_rate': 4.6286229307455636e-05, 'epoch': 3.49}
{'loss': 1.1174, 'grad_norm': 8.299250602722168, 'learning_rate': 4.600923212428714e-05, 'epoch': 3.65}
{'loss': 0.9793, 'grad_norm': 4.306789875030518, 'learning_rate': 4.5732234941118645e-05, 'epoch': 3.81}
{'loss': 0.8943, 'grad_norm': 4.3773627281188965, 'learning_rate': 4.5455237757950146e-05, 'epoch': 3.97}
{'eval_loss': 1.0128512382507324, 'eval_f1_macro': 0.6370999935024325, 'eval_f1_weighted': 0.6608669371880753, 'eval_precision_macro': 0.675861158292034, 'eval_recall_macro': 0.6555418719211823, 'eval_accuracy': 0.6851851851851852, 'eval_runtime': 0.5077, 'eval_samples_per_second': 425.417, 'eval_steps_per_second': 27.573, 'epoch': 4.0}
{'loss': 1.0265, 'grad_norm': 4.346989154815674, 'learning_rate': 4.5178240574781654e-05, 'epoch': 4.13}
{'loss': 0.9398, 'grad_norm': 7.62668514251709, 'learning_rate': 4.4901243391613154e-05, 'epoch': 4.29}
{'loss': 0.9207, 'grad_norm': 16.508432388305664, 'learning_rate': 4.462424620844466e-05, 'epoch': 4.44}
{'loss': 0.8945, 'grad_norm': 6.223723888397217, 'learning_rate': 4.434724902527617e-05, 'epoch': 4.6}
{'loss': 0.8776, 'grad_norm': 15.588257789611816, 'learning_rate': 4.4070251842107664e-05, 'epoch': 4.76}
{'loss': 0.6932, 'grad_norm': 20.137088775634766, 'learning_rate': 4.379325465893917e-05, 'epoch': 4.92}
{'eval_loss': 0.8211997747421265, 'eval_f1_macro': 0.7656925966170182, 'eval_f1_weighted': 0.7825899284884861, 'eval_precision_macro': 0.7915398440045618, 'eval_recall_macro': 0.7638238916256157, 'eval_accuracy': 0.7870370370370371, 'eval_runtime': 0.4934, 'eval_samples_per_second': 437.771, 'eval_steps_per_second': 28.374, 'epoch': 5.0}
{'loss': 0.8031, 'grad_norm': 3.546820878982544, 'learning_rate': 4.351625747577068e-05, 'epoch': 5.08}
{'loss': 0.6886, 'grad_norm': 5.186849117279053, 'learning_rate': 4.323926029260218e-05, 'epoch': 5.24}
{'loss': 0.6806, 'grad_norm': 22.23894691467285, 'learning_rate': 4.296226310943369e-05, 'epoch': 5.4}
{'loss': 0.583, 'grad_norm': 20.5258846282959, 'learning_rate': 4.2685265926265196e-05, 'epoch': 5.56}
{'loss': 0.6527, 'grad_norm': 25.237899780273438, 'learning_rate': 4.2408268743096696e-05, 'epoch': 5.71}
{'loss': 0.6714, 'grad_norm': 2.4915578365325928, 'learning_rate': 4.21312715599282e-05, 'epoch': 5.87}
{'eval_loss': 0.9567944407463074, 'eval_f1_macro': 0.7029604238449596, 'eval_f1_weighted': 0.7133241516612083, 'eval_precision_macro': 0.7481754943869412, 'eval_recall_macro': 0.6990353037766831, 'eval_accuracy': 0.7129629629629629, 'eval_runtime': 0.4804, 'eval_samples_per_second': 449.639, 'eval_steps_per_second': 29.143, 'epoch': 6.0}
{'loss': 0.6079, 'grad_norm': 50.7948112487793, 'learning_rate': 4.1854274376759705e-05, 'epoch': 6.03}
{'loss': 0.5572, 'grad_norm': 14.335944175720215, 'learning_rate': 4.1577277193591206e-05, 'epoch': 6.19}
{'loss': 0.7648, 'grad_norm': 16.352283477783203, 'learning_rate': 4.1300280010422714e-05, 'epoch': 6.35}
{'loss': 0.4595, 'grad_norm': 5.993060111999512, 'learning_rate': 4.1023282827254214e-05, 'epoch': 6.51}
{'loss': 0.6327, 'grad_norm': 15.411316871643066, 'learning_rate': 4.074628564408572e-05, 'epoch': 6.67}
{'loss': 0.5581, 'grad_norm': 7.599781513214111, 'learning_rate': 4.046928846091722e-05, 'epoch': 6.83}
{'loss': 0.4687, 'grad_norm': 1.3819319009780884, 'learning_rate': 4.019229127774873e-05, 'epoch': 6.98}
{'eval_loss': 0.8223710060119629, 'eval_f1_macro': 0.7485950453055716, 'eval_f1_weighted': 0.7708675177973424, 'eval_precision_macro': 0.8151774063340387, 'eval_recall_macro': 0.7380952380952381, 'eval_accuracy': 0.7638888888888888, 'eval_runtime': 0.4867, 'eval_samples_per_second': 443.78, 'eval_steps_per_second': 28.763, 'epoch': 7.0}
{'loss': 0.3346, 'grad_norm': 6.9188551902771, 'learning_rate': 3.991529409458024e-05, 'epoch': 7.14}
{'loss': 0.2832, 'grad_norm': 20.89215087890625, 'learning_rate': 3.963829691141173e-05, 'epoch': 7.3}
{'loss': 0.3996, 'grad_norm': 28.404930114746094, 'learning_rate': 3.936129972824324e-05, 'epoch': 7.46}
{'loss': 0.4034, 'grad_norm': 11.93050765991211, 'learning_rate': 3.908430254507475e-05, 'epoch': 7.62}
{'loss': 0.3695, 'grad_norm': 4.669943332672119, 'learning_rate': 3.880730536190625e-05, 'epoch': 7.78}
{'loss': 0.3582, 'grad_norm': 0.8178608417510986, 'learning_rate': 3.8530308178737756e-05, 'epoch': 7.94}
{'eval_loss': 0.4571191370487213, 'eval_f1_macro': 0.8785844135761899, 'eval_f1_weighted': 0.885833939621403, 'eval_precision_macro': 0.8965347152847153, 'eval_recall_macro': 0.8713567323481116, 'eval_accuracy': 0.8842592592592593, 'eval_runtime': 0.4972, 'eval_samples_per_second': 434.474, 'eval_steps_per_second': 28.16, 'epoch': 8.0}
{'loss': 0.414, 'grad_norm': 9.106023788452148, 'learning_rate': 3.8253310995569264e-05, 'epoch': 8.1}
{'loss': 0.1866, 'grad_norm': 12.883088111877441, 'learning_rate': 3.797631381240076e-05, 'epoch': 8.25}
{'loss': 0.2287, 'grad_norm': 23.903079986572266, 'learning_rate': 3.7699316629232266e-05, 'epoch': 8.41}
{'loss': 0.3937, 'grad_norm': 8.924577713012695, 'learning_rate': 3.7422319446063774e-05, 'epoch': 8.57}
{'loss': 0.2349, 'grad_norm': 6.586228370666504, 'learning_rate': 3.7145322262895274e-05, 'epoch': 8.73}
{'loss': 0.5109, 'grad_norm': 19.234025955200195, 'learning_rate': 3.686832507972678e-05, 'epoch': 8.89}
{'eval_loss': 0.5725422501564026, 'eval_f1_macro': 0.8453236490702744, 'eval_f1_weighted': 0.8522884600163168, 'eval_precision_macro': 0.8490996272246272, 'eval_recall_macro': 0.851867816091954, 'eval_accuracy': 0.8518518518518519, 'eval_runtime': 0.5118, 'eval_samples_per_second': 422.063, 'eval_steps_per_second': 27.356, 'epoch': 9.0}
{'loss': 0.3133, 'grad_norm': 9.479531288146973, 'learning_rate': 3.659132789655828e-05, 'epoch': 9.05}
{'loss': 0.2066, 'grad_norm': 5.444025039672852, 'learning_rate': 3.631433071338979e-05, 'epoch': 9.21}
{'loss': 0.173, 'grad_norm': 6.424219608306885, 'learning_rate': 3.603733353022129e-05, 'epoch': 9.37}
{'loss': 0.33, 'grad_norm': 53.78255844116211, 'learning_rate': 3.57603363470528e-05, 'epoch': 9.52}
{'loss': 0.1569, 'grad_norm': 32.83628845214844, 'learning_rate': 3.548333916388431e-05, 'epoch': 9.68}
{'loss': 0.1931, 'grad_norm': 5.521015644073486, 'learning_rate': 3.520634198071581e-05, 'epoch': 9.84}
{'loss': 0.3216, 'grad_norm': 19.5595703125, 'learning_rate': 3.492934479754731e-05, 'epoch': 10.0}
{'eval_loss': 0.6679365634918213, 'eval_f1_macro': 0.8173826055960175, 'eval_f1_weighted': 0.826160277475764, 'eval_precision_macro': 0.859897534897535, 'eval_recall_macro': 0.8102011494252874, 'eval_accuracy': 0.8287037037037037, 'eval_runtime': 0.5021, 'eval_samples_per_second': 430.154, 'eval_steps_per_second': 27.88, 'epoch': 10.0}
{'loss': 0.1804, 'grad_norm': 29.404476165771484, 'learning_rate': 3.4652347614378816e-05, 'epoch': 10.16}
{'loss': 0.3772, 'grad_norm': 12.147849082946777, 'learning_rate': 3.437535043121032e-05, 'epoch': 10.32}
{'loss': 0.1705, 'grad_norm': 2.6156351566314697, 'learning_rate': 3.4098353248041825e-05, 'epoch': 10.48}
{'loss': 0.1651, 'grad_norm': 0.37876349687576294, 'learning_rate': 3.382135606487333e-05, 'epoch': 10.63}
{'loss': 0.1681, 'grad_norm': 0.23494616150856018, 'learning_rate': 3.354435888170483e-05, 'epoch': 10.79}
{'loss': 0.1821, 'grad_norm': 20.628435134887695, 'learning_rate': 3.3267361698536334e-05, 'epoch': 10.95}
{'eval_loss': 0.4499858319759369, 'eval_f1_macro': 0.8880549736440255, 'eval_f1_weighted': 0.8954845411207981, 'eval_precision_macro': 0.8925353028613898, 'eval_recall_macro': 0.895607553366174, 'eval_accuracy': 0.8935185185185185, 'eval_runtime': 0.5039, 'eval_samples_per_second': 428.664, 'eval_steps_per_second': 27.784, 'epoch': 11.0}
{'loss': 0.1711, 'grad_norm': 33.158573150634766, 'learning_rate': 3.299036451536784e-05, 'epoch': 11.11}
{'loss': 0.1989, 'grad_norm': 25.517358779907227, 'learning_rate': 3.271336733219934e-05, 'epoch': 11.27}
{'loss': 0.1316, 'grad_norm': 42.725677490234375, 'learning_rate': 3.243637014903085e-05, 'epoch': 11.43}
{'loss': 0.1918, 'grad_norm': 0.19527557492256165, 'learning_rate': 3.215937296586235e-05, 'epoch': 11.59}
{'loss': 0.1512, 'grad_norm': 0.5717120170593262, 'learning_rate': 3.188237578269386e-05, 'epoch': 11.75}
{'loss': 0.1236, 'grad_norm': 1.0722167491912842, 'learning_rate': 3.160537859952536e-05, 'epoch': 11.9}
{'eval_loss': 0.5212506055831909, 'eval_f1_macro': 0.8691567473327908, 'eval_f1_weighted': 0.8786888288593941, 'eval_precision_macro': 0.876073090663608, 'eval_recall_macro': 0.874035303776683, 'eval_accuracy': 0.875, 'eval_runtime': 0.5433, 'eval_samples_per_second': 397.573, 'eval_steps_per_second': 25.769, 'epoch': 12.0}
{'loss': 0.1079, 'grad_norm': 0.18346691131591797, 'learning_rate': 3.132838141635687e-05, 'epoch': 12.06}
{'loss': 0.0916, 'grad_norm': 0.17253181338310242, 'learning_rate': 3.105138423318837e-05, 'epoch': 12.22}
{'loss': 0.0313, 'grad_norm': 0.11802975088357925, 'learning_rate': 3.0774387050019876e-05, 'epoch': 12.38}
{'loss': 0.0591, 'grad_norm': 20.532304763793945, 'learning_rate': 3.0497389866851377e-05, 'epoch': 12.54}
{'loss': 0.2056, 'grad_norm': 29.79705810546875, 'learning_rate': 3.022039268368288e-05, 'epoch': 12.7}
{'loss': 0.0883, 'grad_norm': 8.731600761413574, 'learning_rate': 2.994339550051439e-05, 'epoch': 12.86}
{'eval_loss': 0.7921139597892761, 'eval_f1_macro': 0.8283915942703555, 'eval_f1_weighted': 0.8318779952953419, 'eval_precision_macro': 0.8545882987853535, 'eval_recall_macro': 0.8304289819376026, 'eval_accuracy': 0.8379629629629629, 'eval_runtime': 0.4833, 'eval_samples_per_second': 446.925, 'eval_steps_per_second': 28.967, 'epoch': 13.0}
{'loss': 0.1812, 'grad_norm': 0.29234522581100464, 'learning_rate': 2.9666398317345894e-05, 'epoch': 13.02}
{'loss': 0.1124, 'grad_norm': 0.09426262229681015, 'learning_rate': 2.9389401134177398e-05, 'epoch': 13.17}
{'loss': 0.1038, 'grad_norm': 0.15981735289096832, 'learning_rate': 2.91124039510089e-05, 'epoch': 13.33}
{'loss': 0.0423, 'grad_norm': 0.08798874169588089, 'learning_rate': 2.8835406767840403e-05, 'epoch': 13.49}
{'loss': 0.1102, 'grad_norm': 0.21479971706867218, 'learning_rate': 2.8558409584671907e-05, 'epoch': 13.65}
{'loss': 0.2035, 'grad_norm': 9.49680233001709, 'learning_rate': 2.8281412401503415e-05, 'epoch': 13.81}
{'loss': 0.1718, 'grad_norm': 0.12484653294086456, 'learning_rate': 2.800441521833492e-05, 'epoch': 13.97}
{'eval_loss': 0.811486005783081, 'eval_f1_macro': 0.8403356846626004, 'eval_f1_weighted': 0.8503289963341616, 'eval_precision_macro': 0.8521032323257017, 'eval_recall_macro': 0.852811986863711, 'eval_accuracy': 0.8472222222222222, 'eval_runtime': 0.502, 'eval_samples_per_second': 430.308, 'eval_steps_per_second': 27.89, 'epoch': 14.0}
{'loss': 0.1476, 'grad_norm': 28.525495529174805, 'learning_rate': 2.772741803516642e-05, 'epoch': 14.13}
{'loss': 0.0624, 'grad_norm': 0.1044977679848671, 'learning_rate': 2.7450420851997924e-05, 'epoch': 14.29}
{'loss': 0.0456, 'grad_norm': 12.103360176086426, 'learning_rate': 2.717342366882943e-05, 'epoch': 14.44}
{'loss': 0.1388, 'grad_norm': 0.4352931082248688, 'learning_rate': 2.6896426485660936e-05, 'epoch': 14.6}
{'loss': 0.0627, 'grad_norm': 0.07421506941318512, 'learning_rate': 2.661942930249244e-05, 'epoch': 14.76}
{'loss': 0.1758, 'grad_norm': 46.84185791015625, 'learning_rate': 2.6342432119323945e-05, 'epoch': 14.92}
{'eval_loss': 1.0215510129928589, 'eval_f1_macro': 0.7957311532990132, 'eval_f1_weighted': 0.8058551695129412, 'eval_precision_macro': 0.8192377405932393, 'eval_recall_macro': 0.8098419540229884, 'eval_accuracy': 0.8055555555555556, 'eval_runtime': 0.5334, 'eval_samples_per_second': 404.948, 'eval_steps_per_second': 26.247, 'epoch': 15.0}
{'loss': 0.1195, 'grad_norm': 23.44102668762207, 'learning_rate': 2.6065434936155446e-05, 'epoch': 15.08}
{'loss': 0.0644, 'grad_norm': 0.0604715533554554, 'learning_rate': 2.578843775298695e-05, 'epoch': 15.24}
{'loss': 0.015, 'grad_norm': 0.08766113966703415, 'learning_rate': 2.5511440569818454e-05, 'epoch': 15.4}
{'loss': 0.124, 'grad_norm': 0.05668559670448303, 'learning_rate': 2.5234443386649962e-05, 'epoch': 15.56}
{'loss': 0.0081, 'grad_norm': 0.08644423633813858, 'learning_rate': 2.4957446203481466e-05, 'epoch': 15.71}
{'loss': 0.0449, 'grad_norm': 0.4839175045490265, 'learning_rate': 2.4680449020312967e-05, 'epoch': 15.87}
{'eval_loss': 0.6344241499900818, 'eval_f1_macro': 0.8816187966118563, 'eval_f1_weighted': 0.8878936096685626, 'eval_precision_macro': 0.8861173772010158, 'eval_recall_macro': 0.8868123973727422, 'eval_accuracy': 0.8888888888888888, 'eval_runtime': 0.5139, 'eval_samples_per_second': 420.281, 'eval_steps_per_second': 27.24, 'epoch': 16.0}
{'train_runtime': 119.5553, 'train_samples_per_second': 252.937, 'train_steps_per_second': 15.809, 'train_loss': 0.6359891515402567, 'epoch': 16.0}
  Finished  : epoch 16/30 | runtime 120s | 252.9 samples/s
  Finished  : epoch 16/30 | runtime 120s | 252.9 samples/s
  Finished  : epoch 16/30 | runtime 120s | 252.9 samples/s
  Finished  : epoch 16/30 | runtime 120s | 252.9 samples/s

  Loading: renumics/emodb
  Loading: renumics/emodb


  Loading: renumics/emodb
              precision    recall  f1-score   support

       angry       1.00      0.96      0.98        28
        calm       0.81      0.86      0.83        29
     disgust       0.96      0.93      0.95        29
     fearful       1.00      0.90      0.95        29
       happy       0.72      0.90      0.80        29
     neutral       0.69      0.79      0.73        14
         sad       0.88      0.76      0.81        29
   surprised       0.89      0.83      0.86        29

    accuracy                           0.87       216
   macro avg       0.87      0.87      0.86       216
weighted avg       0.88      0.87      0.87       216

  F1-Macro 0.8642 | Accuracy 0.8704 | Precision 0.8687 | Recall 0.8653

======================================================================
[12/14]  wavlm-base_emodb
  Model  : microsoft/wavlm-base
  Dataset: renumics/emodb
  Output : /home/tu/tu_tu/tu_zxord71/asp-project/outputs/wavlm-base_emodb

  Loading: renumics/emodb
  Label col : emotion
  Samples   : 535  |  Classes: 7
    0: 127
    1: 81
    2: 46
    3: 69
    4: 71
    5: 79
    6: 62
  Classes   : ['anger', 'boredom', 'disgust', 'fear', 'happiness', 'neutral', 'sadness']
  Label col : emotion
  Samples   : 535  |  Classes: 7
    0: 127
    1: 81
    2: 46
    3: 69
    4: 71
    5: 79
    6: 62
  Classes   : ['anger', 'boredom', 'disgust', 'fear', 'happiness', 'neutral', 'sadness']
  Split     : 374 train / 80 val / 81 test  (of 535)
  Label col : emotion
  Samples   : 535  |  Classes: 7
    0: 127
    1: 81
    2: 46
    3: 69
    4: 71
    5: 79
    6: 62
  Classes   : ['anger', 'boredom', 'disgust', 'fear', 'happiness', 'neutral', 'sadness']
  Split     : 374 train / 80 val / 81 test  (of 535)
  Split     : 374 train / 80 val / 81 test  (of 535)
  Feature extractor : Wav2Vec2FeatureExtractor  (sr=16000)
  Featurising splits ...
  Feature extractor : Wav2Vec2FeatureExtractor  (sr=16000)
  Featurising splits ...
  Feature extractor : Wav2Vec2FeatureExtractor  (sr=16000)
  Featurising splits ...
  Label col : emotion
  Samples   : 535  |  Classes: 7
    0: 127
    1: 81
    2: 46
    3: 69
    4: 71
    5: 79
    6: 62
  Classes   : ['anger', 'boredom', 'disgust', 'fear', 'happiness', 'neutral', 'sadness']
  Model             : WavLMForSequenceClassification  (94,580,599 params, 94,580,599 trainable)
  Training  : lr=9.524126573790857e-05  bs=8  epochs=30  patience=5
  Model             : WavLMForSequenceClassification  (94,580,599 params, 94,580,599 trainable)
  Training  : lr=9.524126573790857e-05  bs=8  epochs=30  patience=5
  Split     : 374 train / 80 val / 81 test  (of 535)
  Model             : WavLMForSequenceClassification  (94,580,599 params, 94,580,599 trainable)
  Training  : lr=9.524126573790857e-05  bs=8  epochs=30  patience=5
  Feature extractor : Wav2Vec2FeatureExtractor  (sr=16000)
  Featurising splits ...
  Loaded hyperparameters: lr=9.524126573790857e-05  bs=8  warmup=0.04844142580520115  wd=0.09948804259078173
  Model             : WavLMForSequenceClassification  (94,580,599 params, 94,580,599 trainable)
  Training  : lr=9.524126573790857e-05  bs=8  epochs=30  patience=5
{'loss': 1.9316, 'grad_norm': 0.9575161933898926, 'learning_rate': 4.7620632868954286e-05, 'epoch': 0.83}
{'eval_loss': 1.863317847251892, 'eval_f1_macro': 0.0553935860058309, 'eval_f1_weighted': 0.09209183673469387, 'eval_precision_macro': 0.034358047016274866, 'eval_recall_macro': 0.14285714285714285, 'eval_accuracy': 0.2375, 'eval_runtime': 3.0817, 'eval_samples_per_second': 25.96, 'eval_steps_per_second': 0.974, 'epoch': 1.0}
{'loss': 1.8469, 'grad_norm': 1.1281040906906128, 'learning_rate': 9.49627825047568e-05, 'epoch': 1.67}
{'eval_loss': 1.5617249011993408, 'eval_f1_macro': 0.36912346413694125, 'eval_f1_weighted': 0.43156548640039205, 'eval_precision_macro': 0.36554621848739494, 'eval_recall_macro': 0.4428571428571429, 'eval_accuracy': 0.5375, 'eval_runtime': 0.276, 'eval_samples_per_second': 289.84, 'eval_steps_per_second': 10.869, 'epoch': 2.0}
{'loss': 1.6362, 'grad_norm': 2.231823444366455, 'learning_rate': 9.2177950173239e-05, 'epoch': 2.5}
{'eval_loss': 1.253332495689392, 'eval_f1_macro': 0.4881697387732779, 'eval_f1_weighted': 0.524272408101879, 'eval_precision_macro': 0.634885574783273, 'eval_recall_macro': 0.5108843537414967, 'eval_accuracy': 0.5875, 'eval_runtime': 0.2774, 'eval_samples_per_second': 288.362, 'eval_steps_per_second': 10.814, 'epoch': 3.0}
{'loss': 1.2822, 'grad_norm': 1.5955926179885864, 'learning_rate': 8.93931178417212e-05, 'epoch': 3.33}
{'eval_loss': 0.9663025140762329, 'eval_f1_macro': 0.5900552656173234, 'eval_f1_weighted': 0.6200662438800888, 'eval_precision_macro': 0.6880485527544351, 'eval_recall_macro': 0.6312925170068028, 'eval_accuracy': 0.6875, 'eval_runtime': 0.2669, 'eval_samples_per_second': 299.707, 'eval_steps_per_second': 11.239, 'epoch': 4.0}
{'loss': 1.0741, 'grad_norm': 8.481739044189453, 'learning_rate': 8.66082855102034e-05, 'epoch': 4.17}
{'loss': 1.0274, 'grad_norm': 5.058129787445068, 'learning_rate': 8.382345317868562e-05, 'epoch': 5.0}
{'eval_loss': 0.794445812702179, 'eval_f1_macro': 0.7248124237201129, 'eval_f1_weighted': 0.7249005259275125, 'eval_precision_macro': 0.8447214550155727, 'eval_recall_macro': 0.7642857142857143, 'eval_accuracy': 0.775, 'eval_runtime': 0.2598, 'eval_samples_per_second': 307.922, 'eval_steps_per_second': 11.547, 'epoch': 5.0}
{'loss': 0.7815, 'grad_norm': 6.1266374588012695, 'learning_rate': 8.103862084716782e-05, 'epoch': 5.83}
{'eval_loss': 0.6487029790878296, 'eval_f1_macro': 0.8136364351091461, 'eval_f1_weighted': 0.8040134647574858, 'eval_precision_macro': 0.8698879551820727, 'eval_recall_macro': 0.8234335839598997, 'eval_accuracy': 0.825, 'eval_runtime': 0.2791, 'eval_samples_per_second': 286.659, 'eval_steps_per_second': 10.75, 'epoch': 6.0}
{'loss': 0.6163, 'grad_norm': 2.5821361541748047, 'learning_rate': 7.825378851565003e-05, 'epoch': 6.67}
{'eval_loss': 0.5510085821151733, 'eval_f1_macro': 0.8820879603488299, 'eval_f1_weighted': 0.8885660957400088, 'eval_precision_macro': 0.8833715304303539, 'eval_recall_macro': 0.8903687790905837, 'eval_accuracy': 0.8875, 'eval_runtime': 0.3036, 'eval_samples_per_second': 263.511, 'eval_steps_per_second': 9.882, 'epoch': 7.0}
{'loss': 0.549, 'grad_norm': 3.7836735248565674, 'learning_rate': 7.546895618413223e-05, 'epoch': 7.5}
{'eval_loss': 0.42576369643211365, 'eval_f1_macro': 0.8814760119107946, 'eval_f1_weighted': 0.8860330098645317, 'eval_precision_macro': 0.8961348175633891, 'eval_recall_macro': 0.8748299319727891, 'eval_accuracy': 0.8875, 'eval_runtime': 0.297, 'eval_samples_per_second': 269.402, 'eval_steps_per_second': 10.103, 'epoch': 8.0}
{'loss': 0.4143, 'grad_norm': 1.0784344673156738, 'learning_rate': 7.268412385261444e-05, 'epoch': 8.33}
{'eval_loss': 0.5261436700820923, 'eval_f1_macro': 0.8473342825502294, 'eval_f1_weighted': 0.8533361018826134, 'eval_precision_macro': 0.8923160173160173, 'eval_recall_macro': 0.8428571428571429, 'eval_accuracy': 0.8625, 'eval_runtime': 0.2607, 'eval_samples_per_second': 306.916, 'eval_steps_per_second': 11.509, 'epoch': 9.0}
{'loss': 0.2462, 'grad_norm': 13.380731582641602, 'learning_rate': 6.989929152109664e-05, 'epoch': 9.17}
{'loss': 0.2834, 'grad_norm': 9.70530891418457, 'learning_rate': 6.711445918957885e-05, 'epoch': 10.0}
{'eval_loss': 0.43799322843551636, 'eval_f1_macro': 0.8410726870029196, 'eval_f1_weighted': 0.8535390239605356, 'eval_precision_macro': 0.8913265306122449, 'eval_recall_macro': 0.8316326530612245, 'eval_accuracy': 0.8625, 'eval_runtime': 0.2576, 'eval_samples_per_second': 310.552, 'eval_steps_per_second': 11.646, 'epoch': 10.0}
{'loss': 0.327, 'grad_norm': 0.8617367744445801, 'learning_rate': 6.432962685806105e-05, 'epoch': 10.83}
{'eval_loss': 0.36614951491355896, 'eval_f1_macro': 0.8966531682644214, 'eval_f1_weighted': 0.9006771733370199, 'eval_precision_macro': 0.9064407814407814, 'eval_recall_macro': 0.9040100250626567, 'eval_accuracy': 0.9, 'eval_runtime': 0.2621, 'eval_samples_per_second': 305.193, 'eval_steps_per_second': 11.445, 'epoch': 11.0}
{'loss': 0.1838, 'grad_norm': 12.183396339416504, 'learning_rate': 6.154479452654326e-05, 'epoch': 11.67}
{'eval_loss': 0.46841201186180115, 'eval_f1_macro': 0.8694250676859373, 'eval_f1_weighted': 0.8637679132461742, 'eval_precision_macro': 0.8744113029827315, 'eval_recall_macro': 0.8773361976369495, 'eval_accuracy': 0.8625, 'eval_runtime': 0.2986, 'eval_samples_per_second': 267.884, 'eval_steps_per_second': 10.046, 'epoch': 12.0}
{'loss': 0.2571, 'grad_norm': 4.747717380523682, 'learning_rate': 5.875996219502546e-05, 'epoch': 12.5}
{'eval_loss': 0.5760177373886108, 'eval_f1_macro': 0.8203629936823215, 'eval_f1_weighted': 0.8242461909006027, 'eval_precision_macro': 0.8484432234432234, 'eval_recall_macro': 0.8214285714285714, 'eval_accuracy': 0.8375, 'eval_runtime': 0.2541, 'eval_samples_per_second': 314.826, 'eval_steps_per_second': 11.806, 'epoch': 13.0}
{'loss': 0.1597, 'grad_norm': 1.8044353723526, 'learning_rate': 5.5975129863507675e-05, 'epoch': 13.33}
{'eval_loss': 0.461761474609375, 'eval_f1_macro': 0.8687353836095255, 'eval_f1_weighted': 0.8655782432670305, 'eval_precision_macro': 0.91005291005291, 'eval_recall_macro': 0.8714285714285713, 'eval_accuracy': 0.8875, 'eval_runtime': 0.2614, 'eval_samples_per_second': 306.02, 'eval_steps_per_second': 11.476, 'epoch': 14.0}
{'loss': 0.1173, 'grad_norm': 0.37859171628952026, 'learning_rate': 5.3190297531989874e-05, 'epoch': 14.17}
{'loss': 0.1138, 'grad_norm': 0.3047575354576111, 'learning_rate': 5.040546520047209e-05, 'epoch': 15.0}
{'eval_loss': 0.3427194654941559, 'eval_f1_macro': 0.9358379715522573, 'eval_f1_weighted': 0.9268127705627706, 'eval_precision_macro': 0.9359925788497218, 'eval_recall_macro': 0.9481203007518797, 'eval_accuracy': 0.925, 'eval_runtime': 0.2808, 'eval_samples_per_second': 284.936, 'eval_steps_per_second': 10.685, 'epoch': 15.0}
{'loss': 0.0849, 'grad_norm': 0.29116883873939514, 'learning_rate': 4.7620632868954286e-05, 'epoch': 15.83}
{'eval_loss': 0.8383390307426453, 'eval_f1_macro': 0.7531805958742865, 'eval_f1_weighted': 0.7526965489379677, 'eval_precision_macro': 0.7935563114134542, 'eval_recall_macro': 0.7619047619047619, 'eval_accuracy': 0.775, 'eval_runtime': 0.2593, 'eval_samples_per_second': 308.519, 'eval_steps_per_second': 11.569, 'epoch': 16.0}
{'loss': 0.1741, 'grad_norm': 0.22853805124759674, 'learning_rate': 4.483580053743649e-05, 'epoch': 16.67}
{'eval_loss': 0.38407573103904724, 'eval_f1_macro': 0.851173158078529, 'eval_f1_weighted': 0.8595650288744918, 'eval_precision_macro': 0.8552051123479695, 'eval_recall_macro': 0.8682957393483709, 'eval_accuracy': 0.8625, 'eval_runtime': 0.2393, 'eval_samples_per_second': 334.289, 'eval_steps_per_second': 12.536, 'epoch': 17.0}
{'loss': 0.0948, 'grad_norm': 0.2792905867099762, 'learning_rate': 4.20509682059187e-05, 'epoch': 17.5}
{'eval_loss': 0.5733238458633423, 'eval_f1_macro': 0.8607264863788525, 'eval_f1_weighted': 0.8537199363128154, 'eval_precision_macro': 0.8957431457431458, 'eval_recall_macro': 0.8730576441102756, 'eval_accuracy': 0.8625, 'eval_runtime': 0.281, 'eval_samples_per_second': 284.701, 'eval_steps_per_second': 10.676, 'epoch': 18.0}
{'loss': 0.0978, 'grad_norm': 5.082266330718994, 'learning_rate': 3.92661358744009e-05, 'epoch': 18.33}
{'eval_loss': 0.15693120658397675, 'eval_f1_macro': 0.9627819548872181, 'eval_f1_weighted': 0.9618092105263157, 'eval_precision_macro': 0.9705215419501133, 'eval_recall_macro': 0.9571428571428572, 'eval_accuracy': 0.9625, 'eval_runtime': 0.2737, 'eval_samples_per_second': 292.291, 'eval_steps_per_second': 10.961, 'epoch': 19.0}
{'loss': 0.0307, 'grad_norm': 0.1757747083902359, 'learning_rate': 3.648130354288311e-05, 'epoch': 19.17}
{'loss': 0.0325, 'grad_norm': 0.15560850501060486, 'learning_rate': 3.3696471211365314e-05, 'epoch': 20.0}
{'eval_loss': 0.3114608824253082, 'eval_f1_macro': 0.9383629283198867, 'eval_f1_weighted': 0.9355631276901004, 'eval_precision_macro': 0.9567099567099566, 'eval_recall_macro': 0.9333333333333333, 'eval_accuracy': 0.9375, 'eval_runtime': 0.2634, 'eval_samples_per_second': 303.724, 'eval_steps_per_second': 11.39, 'epoch': 20.0}
{'loss': 0.0642, 'grad_norm': 0.14600726962089539, 'learning_rate': 3.091163887984752e-05, 'epoch': 20.83}
{'eval_loss': 0.3171771168708801, 'eval_f1_macro': 0.9243081836149872, 'eval_f1_weighted': 0.9232652260733133, 'eval_precision_macro': 0.9388528138528137, 'eval_recall_macro': 0.9190476190476191, 'eval_accuracy': 0.925, 'eval_runtime': 0.2577, 'eval_samples_per_second': 310.448, 'eval_steps_per_second': 11.642, 'epoch': 21.0}
{'loss': 0.0335, 'grad_norm': 0.13355912268161774, 'learning_rate': 2.8126806548329726e-05, 'epoch': 21.67}
{'eval_loss': 0.3367078900337219, 'eval_f1_macro': 0.9253635464715924, 'eval_f1_weighted': 0.9232911059904975, 'eval_precision_macro': 0.9377705627705628, 'eval_recall_macro': 0.9190476190476191, 'eval_accuracy': 0.925, 'eval_runtime': 0.2771, 'eval_samples_per_second': 288.679, 'eval_steps_per_second': 10.825, 'epoch': 22.0}
{'loss': 0.1004, 'grad_norm': 0.13488222658634186, 'learning_rate': 2.534197421681193e-05, 'epoch': 22.5}
{'eval_loss': 0.2858673930168152, 'eval_f1_macro': 0.9253635464715924, 'eval_f1_weighted': 0.9232911059904975, 'eval_precision_macro': 0.9377705627705628, 'eval_recall_macro': 0.9190476190476191, 'eval_accuracy': 0.925, 'eval_runtime': 0.2704, 'eval_samples_per_second': 295.884, 'eval_steps_per_second': 11.096, 'epoch': 23.0}
{'loss': 0.0633, 'grad_norm': 0.17559699714183807, 'learning_rate': 2.2557141885294134e-05, 'epoch': 23.33}
{'eval_loss': 0.20586185157299042, 'eval_f1_macro': 0.9502822095890132, 'eval_f1_weighted': 0.9482652260733133, 'eval_precision_macro': 0.9626623376623377, 'eval_recall_macro': 0.9428571428571428, 'eval_accuracy': 0.95, 'eval_runtime': 0.2465, 'eval_samples_per_second': 324.556, 'eval_steps_per_second': 12.171, 'epoch': 24.0}
{'train_runtime': 58.9835, 'train_samples_per_second': 190.223, 'train_steps_per_second': 6.103, 'train_loss': 0.47349847770399517, 'epoch': 24.0}
  Finished  : epoch 24/30 | runtime 59s | 190.2 samples/s  Finished  : epoch 24/30 | runtime 59s | 190.2 samples/s

  Finished  : epoch 24/30 | runtime 59s | 190.2 samples/s
  Finished  : epoch 24/30 | runtime 59s | 190.2 samples/s

  Loading: xbgoose/ravdess
              precision    recall  f1-score   support

       anger       0.90      1.00      0.95        19
     boredom       1.00      1.00      1.00        12
     disgust       1.00      1.00      1.00         7
        fear       1.00      0.91      0.95        11
   happiness       0.90      0.82      0.86        11
     neutral       1.00      1.00      1.00        12
     sadness       1.00      1.00      1.00         9

    accuracy                           0.96        81
   macro avg       0.97      0.96      0.97        81
weighted avg       0.96      0.96      0.96        81


  Loading: xbgoose/ravdess
  Loading: xbgoose/ravdess

  F1-Macro 0.9656 | Accuracy 0.9630 | Precision 0.9721 | Recall 0.9610

======================================================================
[13/14]  wav2vec2-large_ravdess
  Model  : facebook/wav2vec2-large
  Dataset: xbgoose/ravdess
  Output : /home/tu/tu_tu/tu_zxord71/asp-project/outputs/wav2vec2-large_ravdess

  Loading: xbgoose/ravdess
  Label col : emotion
  Samples   : 1,440  |  Classes: 8
    angry: 192
    calm: 192
    disgust: 192
    fearful: 192
    happy: 192
    neutral: 96
    sad: 192
    surprised: 192
  Label col : emotion
  Samples   : 1,440  |  Classes: 8
    angry: 192
    calm: 192
    disgust: 192
    fearful: 192
    happy: 192
    neutral: 96
    sad: 192
    surprised: 192
  Label col : emotion
  Samples   : 1,440  |  Classes: 8
    angry: 192
    calm: 192
    disgust: 192
    fearful: 192
    happy: 192
    neutral: 96
    sad: 192
    surprised: 192
  Classes   : ['angry', 'calm', 'disgust', 'fearful', 'happy', 'neutral', 'sad', 'surprised']
  Classes   : ['angry', 'calm', 'disgust', 'fearful', 'happy', 'neutral', 'sad', 'surprised']
  Classes   : ['angry', 'calm', 'disgust', 'fearful', 'happy', 'neutral', 'sad', 'surprised']
  Split     : 1,008 train / 216 val / 216 test  (of 1,440)
  Split     : 1,008 train / 216 val / 216 test  (of 1,440)
  Split     : 1,008 train / 216 val / 216 test  (of 1,440)
  Feature extractor : Wav2Vec2FeatureExtractor  (sr=16000)
  Featurising splits ...
  Feature extractor : Wav2Vec2FeatureExtractor  (sr=16000)
  Featurising splits ...
  Label col : emotion
  Samples   : 1,440  |  Classes: 8
    angry: 192
    calm: 192
    disgust: 192
    fearful: 192
    happy: 192
    neutral: 96
    sad: 192
    surprised: 192
  Feature extractor : Wav2Vec2FeatureExtractor  (sr=16000)
  Featurising splits ...
  Classes   : ['angry', 'calm', 'disgust', 'fearful', 'happy', 'neutral', 'sad', 'surprised']
  Split     : 1,008 train / 216 val / 216 test  (of 1,440)
  Feature extractor : Wav2Vec2FeatureExtractor  (sr=16000)
  Featurising splits ...
  Loaded hyperparameters: lr=1.595639203908058e-05  bs=4  warmup=0.11984665798367428  wd=0.0010864825760419534
  Model             : Wav2Vec2ForSequenceClassification  (315,693,448 params, 315,693,448 trainable)
  Training  : lr=1.595639203908058e-05  bs=4  epochs=30  patience=5
  Model             : Wav2Vec2ForSequenceClassification  (315,693,448 params, 315,693,448 trainable)
  Training  : lr=1.595639203908058e-05  bs=4  epochs=30  patience=5
  Model             : Wav2Vec2ForSequenceClassification  (315,693,448 params, 315,693,448 trainable)
  Training  : lr=1.595639203908058e-05  bs=4  epochs=30  patience=5
  Model             : Wav2Vec2ForSequenceClassification  (315,693,448 params, 315,693,448 trainable)
  Training  : lr=1.595639203908058e-05  bs=4  epochs=30  patience=5
{'loss': 2.0805, 'grad_norm': 2.8060028553009033, 'learning_rate': 6.326322834877763e-07, 'epoch': 0.16}
{'loss': 2.0836, 'grad_norm': 3.1063153743743896, 'learning_rate': 1.3355570429186388e-06, 'epoch': 0.32}
{'loss': 2.0773, 'grad_norm': 2.6286070346832275, 'learning_rate': 2.0384818023495014e-06, 'epoch': 0.48}
{'loss': 2.0759, 'grad_norm': 2.787710189819336, 'learning_rate': 2.741406561780364e-06, 'epoch': 0.63}
{'loss': 2.0708, 'grad_norm': 2.723137140274048, 'learning_rate': 3.4443313212112265e-06, 'epoch': 0.79}
{'loss': 2.0703, 'grad_norm': 3.7202813625335693, 'learning_rate': 4.147256080642089e-06, 'epoch': 0.95}
{'eval_loss': 2.0446279048919678, 'eval_f1_macro': 0.06932011935208866, 'eval_f1_weighted': 0.0732294528117205, 'eval_precision_macro': 0.05042613636363637, 'eval_recall_macro': 0.16363916256157635, 'eval_accuracy': 0.1712962962962963, 'eval_runtime': 6.8973, 'eval_samples_per_second': 31.316, 'eval_steps_per_second': 2.03, 'epoch': 1.0}
{'loss': 2.0505, 'grad_norm': 3.8397717475891113, 'learning_rate': 4.850180840072951e-06, 'epoch': 1.11}
{'loss': 2.0433, 'grad_norm': 2.241636037826538, 'learning_rate': 5.553105599503813e-06, 'epoch': 1.27}
{'loss': 2.0271, 'grad_norm': 3.232372283935547, 'learning_rate': 6.256030358934676e-06, 'epoch': 1.43}
{'loss': 2.0436, 'grad_norm': 2.6249959468841553, 'learning_rate': 6.9589551183655386e-06, 'epoch': 1.59}
{'loss': 2.0006, 'grad_norm': 6.045129299163818, 'learning_rate': 7.6618798777964e-06, 'epoch': 1.75}
{'loss': 1.9628, 'grad_norm': 20.43206214904785, 'learning_rate': 8.364804637227263e-06, 'epoch': 1.9}
{'eval_loss': 1.9122223854064941, 'eval_f1_macro': 0.22306064876819592, 'eval_f1_weighted': 0.23795309840907328, 'eval_precision_macro': 0.2678791734135246, 'eval_recall_macro': 0.28448275862068967, 'eval_accuracy': 0.30092592592592593, 'eval_runtime': 0.49, 'eval_samples_per_second': 440.796, 'eval_steps_per_second': 28.57, 'epoch': 2.0}
{'loss': 1.9229, 'grad_norm': 4.08604097366333, 'learning_rate': 9.067729396658127e-06, 'epoch': 2.06}
{'loss': 1.8945, 'grad_norm': 2.524854898452759, 'learning_rate': 9.770654156088989e-06, 'epoch': 2.22}
{'loss': 1.8606, 'grad_norm': 2.7544164657592773, 'learning_rate': 1.0473578915519851e-05, 'epoch': 2.38}
{'loss': 1.8479, 'grad_norm': 5.8552565574646, 'learning_rate': 1.1176503674950713e-05, 'epoch': 2.54}
{'loss': 1.822, 'grad_norm': 7.043910026550293, 'learning_rate': 1.1879428434381577e-05, 'epoch': 2.7}
{'loss': 1.7241, 'grad_norm': 21.402193069458008, 'learning_rate': 1.258235319381244e-05, 'epoch': 2.86}
{'eval_loss': 1.707209825515747, 'eval_f1_macro': 0.2584409343219742, 'eval_f1_weighted': 0.27567838915192433, 'eval_precision_macro': 0.28362493987493986, 'eval_recall_macro': 0.3318965517241379, 'eval_accuracy': 0.35185185185185186, 'eval_runtime': 0.5252, 'eval_samples_per_second': 411.273, 'eval_steps_per_second': 26.657, 'epoch': 3.0}
{'loss': 1.6314, 'grad_norm': 10.501592636108398, 'learning_rate': 1.3285277953243301e-05, 'epoch': 3.02}
{'loss': 1.6107, 'grad_norm': 11.117942810058594, 'learning_rate': 1.3988202712674165e-05, 'epoch': 3.17}
{'loss': 1.6485, 'grad_norm': 8.419021606445312, 'learning_rate': 1.4691127472105027e-05, 'epoch': 3.33}
{'loss': 1.6583, 'grad_norm': 22.15928840637207, 'learning_rate': 1.5394052231535888e-05, 'epoch': 3.49}
{'loss': 1.6639, 'grad_norm': 11.050445556640625, 'learning_rate': 1.593720215087964e-05, 'epoch': 3.65}
{'loss': 1.5944, 'grad_norm': 9.45885181427002, 'learning_rate': 1.5841252709874947e-05, 'epoch': 3.81}
{'loss': 1.5621, 'grad_norm': 16.80762481689453, 'learning_rate': 1.5745303268870255e-05, 'epoch': 3.97}
{'eval_loss': 1.570124864578247, 'eval_f1_macro': 0.3389949546967913, 'eval_f1_weighted': 0.3615894467833413, 'eval_precision_macro': 0.4310982215679421, 'eval_recall_macro': 0.39685960591133, 'eval_accuracy': 0.4212962962962963, 'eval_runtime': 0.5194, 'eval_samples_per_second': 415.867, 'eval_steps_per_second': 26.954, 'epoch': 4.0}
{'loss': 1.3996, 'grad_norm': 9.469346046447754, 'learning_rate': 1.564935382786556e-05, 'epoch': 4.13}
{'loss': 1.4556, 'grad_norm': 9.932687759399414, 'learning_rate': 1.5553404386860865e-05, 'epoch': 4.29}
{'loss': 1.4444, 'grad_norm': 21.186506271362305, 'learning_rate': 1.5457454945856173e-05, 'epoch': 4.44}
{'loss': 1.3571, 'grad_norm': 9.861722946166992, 'learning_rate': 1.5361505504851476e-05, 'epoch': 4.6}
{'loss': 1.3154, 'grad_norm': 25.200767517089844, 'learning_rate': 1.5265556063846783e-05, 'epoch': 4.76}
{'loss': 1.1976, 'grad_norm': 14.267508506774902, 'learning_rate': 1.516960662284209e-05, 'epoch': 4.92}
{'eval_loss': 1.1294081211090088, 'eval_f1_macro': 0.5497543567539755, 'eval_f1_weighted': 0.5857208817758592, 'eval_precision_macro': 0.5866627326217844, 'eval_recall_macro': 0.5962130541871922, 'eval_accuracy': 0.6342592592592593, 'eval_runtime': 0.5213, 'eval_samples_per_second': 414.386, 'eval_steps_per_second': 26.858, 'epoch': 5.0}
{'loss': 1.2313, 'grad_norm': 12.093859672546387, 'learning_rate': 1.5073657181837396e-05, 'epoch': 5.08}
{'loss': 1.1327, 'grad_norm': 11.768688201904297, 'learning_rate': 1.4977707740832703e-05, 'epoch': 5.24}
{'loss': 1.2175, 'grad_norm': 10.340927124023438, 'learning_rate': 1.4881758299828009e-05, 'epoch': 5.4}
{'loss': 1.1671, 'grad_norm': 13.156083106994629, 'learning_rate': 1.4785808858823314e-05, 'epoch': 5.56}
{'loss': 1.1504, 'grad_norm': 12.724282264709473, 'learning_rate': 1.4689859417818621e-05, 'epoch': 5.71}
{'loss': 1.052, 'grad_norm': 4.559975624084473, 'learning_rate': 1.4593909976813927e-05, 'epoch': 5.87}
{'eval_loss': 1.0318275690078735, 'eval_f1_macro': 0.5655043684375765, 'eval_f1_weighted': 0.6014690473583215, 'eval_precision_macro': 0.5634278281337105, 'eval_recall_macro': 0.6236145320197044, 'eval_accuracy': 0.6620370370370371, 'eval_runtime': 0.5322, 'eval_samples_per_second': 405.892, 'eval_steps_per_second': 26.308, 'epoch': 6.0}
{'loss': 1.2711, 'grad_norm': 15.600297927856445, 'learning_rate': 1.4497960535809234e-05, 'epoch': 6.03}
{'loss': 1.0551, 'grad_norm': 19.72516632080078, 'learning_rate': 1.4402011094804539e-05, 'epoch': 6.19}
{'loss': 1.0992, 'grad_norm': 7.859769821166992, 'learning_rate': 1.4306061653799845e-05, 'epoch': 6.35}
{'loss': 1.0982, 'grad_norm': 19.65275764465332, 'learning_rate': 1.4210112212795152e-05, 'epoch': 6.51}
{'loss': 0.8863, 'grad_norm': 11.144142150878906, 'learning_rate': 1.4114162771790457e-05, 'epoch': 6.67}
{'loss': 0.8974, 'grad_norm': 18.08137321472168, 'learning_rate': 1.4018213330785763e-05, 'epoch': 6.83}
{'loss': 0.9694, 'grad_norm': 5.196365833282471, 'learning_rate': 1.3922263889781071e-05, 'epoch': 6.98}
{'eval_loss': 0.9330393671989441, 'eval_f1_macro': 0.5897960898414618, 'eval_f1_weighted': 0.6287521788009117, 'eval_precision_macro': 0.6360255890454067, 'eval_recall_macro': 0.6268472906403941, 'eval_accuracy': 0.6666666666666666, 'eval_runtime': 0.5448, 'eval_samples_per_second': 396.478, 'eval_steps_per_second': 25.698, 'epoch': 7.0}
{'loss': 0.7762, 'grad_norm': 10.107185363769531, 'learning_rate': 1.3826314448776377e-05, 'epoch': 7.14}
{'loss': 0.8144, 'grad_norm': 13.45182991027832, 'learning_rate': 1.3730365007771684e-05, 'epoch': 7.3}
{'loss': 0.9239, 'grad_norm': 18.446393966674805, 'learning_rate': 1.363441556676699e-05, 'epoch': 7.46}
{'loss': 0.7313, 'grad_norm': 9.70589828491211, 'learning_rate': 1.3538466125762295e-05, 'epoch': 7.62}
{'loss': 0.8616, 'grad_norm': 19.183467864990234, 'learning_rate': 1.3442516684757602e-05, 'epoch': 7.78}
{'loss': 0.7703, 'grad_norm': 9.914958953857422, 'learning_rate': 1.3346567243752907e-05, 'epoch': 7.94}
{'eval_loss': 1.002323031425476, 'eval_f1_macro': 0.6145062309228306, 'eval_f1_weighted': 0.6553454007112177, 'eval_precision_macro': 0.6592945875262948, 'eval_recall_macro': 0.6396243842364532, 'eval_accuracy': 0.6805555555555556, 'eval_runtime': 0.5138, 'eval_samples_per_second': 420.386, 'eval_steps_per_second': 27.247, 'epoch': 8.0}
{'loss': 0.8314, 'grad_norm': 17.093467712402344, 'learning_rate': 1.3250617802748213e-05, 'epoch': 8.1}
{'loss': 0.8149, 'grad_norm': 4.604095458984375, 'learning_rate': 1.315466836174352e-05, 'epoch': 8.25}
{'loss': 0.7279, 'grad_norm': 16.434030532836914, 'learning_rate': 1.3058718920738825e-05, 'epoch': 8.41}
{'loss': 0.617, 'grad_norm': 25.253507614135742, 'learning_rate': 1.2962769479734132e-05, 'epoch': 8.57}
{'loss': 0.5967, 'grad_norm': 8.059828758239746, 'learning_rate': 1.2866820038729438e-05, 'epoch': 8.73}
{'loss': 0.7036, 'grad_norm': 21.2197208404541, 'learning_rate': 1.2770870597724743e-05, 'epoch': 8.89}
{'eval_loss': 0.8183960914611816, 'eval_f1_macro': 0.6619669784149205, 'eval_f1_weighted': 0.7053803803842281, 'eval_precision_macro': 0.6848255647288155, 'eval_recall_macro': 0.6836514778325123, 'eval_accuracy': 0.7268518518518519, 'eval_runtime': 0.5125, 'eval_samples_per_second': 421.452, 'eval_steps_per_second': 27.316, 'epoch': 9.0}
{'loss': 0.6743, 'grad_norm': 9.295001983642578, 'learning_rate': 1.2674921156720052e-05, 'epoch': 9.05}
{'loss': 0.5749, 'grad_norm': 17.11941146850586, 'learning_rate': 1.2578971715715358e-05, 'epoch': 9.21}
{'loss': 0.6269, 'grad_norm': 33.71036148071289, 'learning_rate': 1.2483022274710663e-05, 'epoch': 9.37}
{'loss': 0.8339, 'grad_norm': 23.875879287719727, 'learning_rate': 1.238707283370597e-05, 'epoch': 9.52}
{'loss': 0.4897, 'grad_norm': 18.323780059814453, 'learning_rate': 1.2291123392701276e-05, 'epoch': 9.68}
{'loss': 0.5963, 'grad_norm': 9.100860595703125, 'learning_rate': 1.2195173951696583e-05, 'epoch': 9.84}
{'loss': 0.6205, 'grad_norm': 25.8963623046875, 'learning_rate': 1.2099224510691888e-05, 'epoch': 10.0}
{'eval_loss': 0.6391518115997314, 'eval_f1_macro': 0.7298836927098237, 'eval_f1_weighted': 0.7698072543991896, 'eval_precision_macro': 0.7533396358646558, 'eval_recall_macro': 0.7444786535303777, 'eval_accuracy': 0.7870370370370371, 'eval_runtime': 0.4884, 'eval_samples_per_second': 442.284, 'eval_steps_per_second': 28.667, 'epoch': 10.0}
{'loss': 0.4673, 'grad_norm': 19.01821517944336, 'learning_rate': 1.2003275069687194e-05, 'epoch': 10.16}
{'loss': 0.5486, 'grad_norm': 8.619269371032715, 'learning_rate': 1.19073256286825e-05, 'epoch': 10.32}
{'loss': 0.5267, 'grad_norm': 1.9289671182632446, 'learning_rate': 1.1811376187677806e-05, 'epoch': 10.48}
{'loss': 0.5101, 'grad_norm': 12.607632637023926, 'learning_rate': 1.1715426746673112e-05, 'epoch': 10.63}
{'loss': 0.4791, 'grad_norm': 12.519133567810059, 'learning_rate': 1.1619477305668419e-05, 'epoch': 10.79}
{'loss': 0.5847, 'grad_norm': 34.797203063964844, 'learning_rate': 1.1523527864663724e-05, 'epoch': 10.95}
{'eval_loss': 0.6329029202461243, 'eval_f1_macro': 0.7638078182539558, 'eval_f1_weighted': 0.7904014155573315, 'eval_precision_macro': 0.7946124636857395, 'eval_recall_macro': 0.7696325944170772, 'eval_accuracy': 0.8009259259259259, 'eval_runtime': 0.5105, 'eval_samples_per_second': 423.154, 'eval_steps_per_second': 27.427, 'epoch': 11.0}
{'loss': 0.5796, 'grad_norm': 3.9628820419311523, 'learning_rate': 1.1427578423659033e-05, 'epoch': 11.11}
{'loss': 0.4714, 'grad_norm': 14.032259941101074, 'learning_rate': 1.1331628982654338e-05, 'epoch': 11.27}
{'loss': 0.3327, 'grad_norm': 18.156768798828125, 'learning_rate': 1.1235679541649644e-05, 'epoch': 11.43}
{'loss': 0.3426, 'grad_norm': 10.683416366577148, 'learning_rate': 1.1139730100644951e-05, 'epoch': 11.59}
{'loss': 0.4053, 'grad_norm': 13.187471389770508, 'learning_rate': 1.1043780659640256e-05, 'epoch': 11.75}
{'loss': 0.4775, 'grad_norm': 21.826770782470703, 'learning_rate': 1.0947831218635564e-05, 'epoch': 11.9}
{'eval_loss': 0.4781164824962616, 'eval_f1_macro': 0.8046269889502593, 'eval_f1_weighted': 0.8358226438099339, 'eval_precision_macro': 0.8510443426619897, 'eval_recall_macro': 0.8091748768472906, 'eval_accuracy': 0.8472222222222222, 'eval_runtime': 0.5261, 'eval_samples_per_second': 410.571, 'eval_steps_per_second': 26.611, 'epoch': 12.0}
{'loss': 0.3761, 'grad_norm': 9.981117248535156, 'learning_rate': 1.0851881777630869e-05, 'epoch': 12.06}
{'loss': 0.3049, 'grad_norm': 12.830791473388672, 'learning_rate': 1.0755932336626174e-05, 'epoch': 12.22}
{'loss': 0.502, 'grad_norm': 9.70461654663086, 'learning_rate': 1.0659982895621482e-05, 'epoch': 12.38}
{'loss': 0.2939, 'grad_norm': 4.464190483093262, 'learning_rate': 1.0564033454616787e-05, 'epoch': 12.54}
{'loss': 0.3502, 'grad_norm': 28.690156936645508, 'learning_rate': 1.0468084013612092e-05, 'epoch': 12.7}
{'loss': 0.4076, 'grad_norm': 24.5130672454834, 'learning_rate': 1.03721345726074e-05, 'epoch': 12.86}
{'eval_loss': 0.6021270751953125, 'eval_f1_macro': 0.805653694417793, 'eval_f1_weighted': 0.8202280941951193, 'eval_precision_macro': 0.8295340076590076, 'eval_recall_macro': 0.8029659277504104, 'eval_accuracy': 0.8194444444444444, 'eval_runtime': 0.5433, 'eval_samples_per_second': 397.548, 'eval_steps_per_second': 25.767, 'epoch': 13.0}
{'loss': 0.4503, 'grad_norm': 14.397971153259277, 'learning_rate': 1.0276185131602705e-05, 'epoch': 13.02}
{'loss': 0.4069, 'grad_norm': 79.02845001220703, 'learning_rate': 1.0180235690598014e-05, 'epoch': 13.17}
{'loss': 0.3447, 'grad_norm': 46.12255859375, 'learning_rate': 1.008428624959332e-05, 'epoch': 13.33}
{'loss': 0.3694, 'grad_norm': 16.415454864501953, 'learning_rate': 9.988336808588625e-06, 'epoch': 13.49}
{'loss': 0.2587, 'grad_norm': 16.486719131469727, 'learning_rate': 9.892387367583932e-06, 'epoch': 13.65}
{'loss': 0.3364, 'grad_norm': 13.825936317443848, 'learning_rate': 9.796437926579237e-06, 'epoch': 13.81}
{'loss': 0.3298, 'grad_norm': 37.742313385009766, 'learning_rate': 9.700488485574543e-06, 'epoch': 13.97}
{'eval_loss': 0.8925082087516785, 'eval_f1_macro': 0.737315399871992, 'eval_f1_weighted': 0.7525868242961783, 'eval_precision_macro': 0.7659491735912056, 'eval_recall_macro': 0.7488608374384236, 'eval_accuracy': 0.7453703703703703, 'eval_runtime': 0.5508, 'eval_samples_per_second': 392.147, 'eval_steps_per_second': 25.417, 'epoch': 14.0}
{'loss': 0.3187, 'grad_norm': 35.46936798095703, 'learning_rate': 9.60453904456985e-06, 'epoch': 14.13}
{'loss': 0.2369, 'grad_norm': 12.235004425048828, 'learning_rate': 9.508589603565155e-06, 'epoch': 14.29}
{'loss': 0.2308, 'grad_norm': 8.796843528747559, 'learning_rate': 9.412640162560462e-06, 'epoch': 14.44}
{'loss': 0.2661, 'grad_norm': 20.774370193481445, 'learning_rate': 9.316690721555768e-06, 'epoch': 14.6}
{'loss': 0.1959, 'grad_norm': 6.254237651824951, 'learning_rate': 9.220741280551073e-06, 'epoch': 14.76}
{'loss': 0.2499, 'grad_norm': 21.487220764160156, 'learning_rate': 9.12479183954638e-06, 'epoch': 14.92}
{'eval_loss': 0.6378999352455139, 'eval_f1_macro': 0.8016279698594595, 'eval_f1_weighted': 0.8162083207318117, 'eval_precision_macro': 0.8102096273291925, 'eval_recall_macro': 0.8101087848932677, 'eval_accuracy': 0.8148148148148148, 'eval_runtime': 0.5349, 'eval_samples_per_second': 403.79, 'eval_steps_per_second': 26.172, 'epoch': 15.0}
{'loss': 0.3267, 'grad_norm': 2.2915003299713135, 'learning_rate': 9.028842398541686e-06, 'epoch': 15.08}
{'loss': 0.1835, 'grad_norm': 16.043827056884766, 'learning_rate': 8.932892957536991e-06, 'epoch': 15.24}
{'loss': 0.4099, 'grad_norm': 16.515932083129883, 'learning_rate': 8.8369435165323e-06, 'epoch': 15.4}
{'loss': 0.1896, 'grad_norm': 1.6476597785949707, 'learning_rate': 8.740994075527605e-06, 'epoch': 15.56}
{'loss': 0.2163, 'grad_norm': 1.0142680406570435, 'learning_rate': 8.645044634522913e-06, 'epoch': 15.71}
{'loss': 0.1742, 'grad_norm': 3.6285879611968994, 'learning_rate': 8.549095193518218e-06, 'epoch': 15.87}
{'eval_loss': 0.5809997916221619, 'eval_f1_macro': 0.8340620071422445, 'eval_f1_weighted': 0.84593203527692, 'eval_precision_macro': 0.8471243842364532, 'eval_recall_macro': 0.84372947454844, 'eval_accuracy': 0.8379629629629629, 'eval_runtime': 0.5206, 'eval_samples_per_second': 414.885, 'eval_steps_per_second': 26.891, 'epoch': 16.0}
{'loss': 0.2719, 'grad_norm': 9.036005020141602, 'learning_rate': 8.453145752513523e-06, 'epoch': 16.03}
{'loss': 0.1874, 'grad_norm': 13.287453651428223, 'learning_rate': 8.35719631150883e-06, 'epoch': 16.19}
{'loss': 0.2876, 'grad_norm': 17.5318546295166, 'learning_rate': 8.261246870504136e-06, 'epoch': 16.35}
{'loss': 0.2238, 'grad_norm': 3.7192306518554688, 'learning_rate': 8.165297429499441e-06, 'epoch': 16.51}
{'loss': 0.1674, 'grad_norm': 12.666057586669922, 'learning_rate': 8.069347988494749e-06, 'epoch': 16.67}
{'loss': 0.1305, 'grad_norm': 24.161623001098633, 'learning_rate': 7.973398547490054e-06, 'epoch': 16.83}
{'loss': 0.2174, 'grad_norm': 80.94821166992188, 'learning_rate': 7.877449106485361e-06, 'epoch': 16.98}
{'eval_loss': 0.6710435152053833, 'eval_f1_macro': 0.8240232667480353, 'eval_f1_weighted': 0.8348702435969737, 'eval_precision_macro': 0.8344543387646837, 'eval_recall_macro': 0.8352627257799672, 'eval_accuracy': 0.8287037037037037, 'eval_runtime': 0.5247, 'eval_samples_per_second': 411.684, 'eval_steps_per_second': 26.683, 'epoch': 17.0}
{'loss': 0.0964, 'grad_norm': 7.029659748077393, 'learning_rate': 7.781499665480667e-06, 'epoch': 17.14}
{'loss': 0.1735, 'grad_norm': 9.874650001525879, 'learning_rate': 7.685550224475974e-06, 'epoch': 17.3}
{'loss': 0.1151, 'grad_norm': 29.2685489654541, 'learning_rate': 7.589600783471279e-06, 'epoch': 17.46}
{'loss': 0.1871, 'grad_norm': 25.763587951660156, 'learning_rate': 7.493651342466585e-06, 'epoch': 17.62}
{'loss': 0.2022, 'grad_norm': 0.24987074732780457, 'learning_rate': 7.397701901461892e-06, 'epoch': 17.78}
{'loss': 0.1373, 'grad_norm': 0.2761440873146057, 'learning_rate': 7.301752460457199e-06, 'epoch': 17.94}
{'eval_loss': 0.7438172698020935, 'eval_f1_macro': 0.808358282601624, 'eval_f1_weighted': 0.827790625220228, 'eval_precision_macro': 0.8207090408537278, 'eval_recall_macro': 0.8118944991789819, 'eval_accuracy': 0.8287037037037037, 'eval_runtime': 0.513, 'eval_samples_per_second': 421.032, 'eval_steps_per_second': 27.289, 'epoch': 18.0}
{'loss': 0.2193, 'grad_norm': 3.400385856628418, 'learning_rate': 7.205803019452504e-06, 'epoch': 18.1}
{'loss': 0.1015, 'grad_norm': 0.4314635097980499, 'learning_rate': 7.1098535784478105e-06, 'epoch': 18.25}
{'loss': 0.1803, 'grad_norm': 85.37432861328125, 'learning_rate': 7.013904137443117e-06, 'epoch': 18.41}
{'loss': 0.1327, 'grad_norm': 37.36921691894531, 'learning_rate': 6.917954696438423e-06, 'epoch': 18.57}
{'loss': 0.2343, 'grad_norm': 6.9497151374816895, 'learning_rate': 6.822005255433729e-06, 'epoch': 18.73}
{'loss': 0.1274, 'grad_norm': 4.535940170288086, 'learning_rate': 6.726055814429035e-06, 'epoch': 18.89}
{'eval_loss': 0.6826819181442261, 'eval_f1_macro': 0.8389636722067062, 'eval_f1_weighted': 0.8512483208862639, 'eval_precision_macro': 0.8474943368035474, 'eval_recall_macro': 0.8405890804597701, 'eval_accuracy': 0.8472222222222222, 'eval_runtime': 0.5016, 'eval_samples_per_second': 430.617, 'eval_steps_per_second': 27.91, 'epoch': 19.0}
{'loss': 0.1998, 'grad_norm': 10.66650676727295, 'learning_rate': 6.630106373424342e-06, 'epoch': 19.05}
{'loss': 0.1771, 'grad_norm': 5.59397029876709, 'learning_rate': 6.534156932419648e-06, 'epoch': 19.21}
{'loss': 0.0963, 'grad_norm': 0.7374374270439148, 'learning_rate': 6.4382074914149545e-06, 'epoch': 19.37}
{'loss': 0.1204, 'grad_norm': 0.970181941986084, 'learning_rate': 6.34225805041026e-06, 'epoch': 19.52}
{'loss': 0.1389, 'grad_norm': 0.2550971806049347, 'learning_rate': 6.246308609405566e-06, 'epoch': 19.68}
{'loss': 0.1232, 'grad_norm': 0.20801720023155212, 'learning_rate': 6.1503591684008724e-06, 'epoch': 19.84}
{'loss': 0.1145, 'grad_norm': 9.71623420715332, 'learning_rate': 6.0544097273961796e-06, 'epoch': 20.0}
{'eval_loss': 0.4851190149784088, 'eval_f1_macro': 0.8524897080044138, 'eval_f1_weighted': 0.8655048186502435, 'eval_precision_macro': 0.861049570202796, 'eval_recall_macro': 0.8617200328407225, 'eval_accuracy': 0.8611111111111112, 'eval_runtime': 0.5048, 'eval_samples_per_second': 427.911, 'eval_steps_per_second': 27.735, 'epoch': 20.0}
{'loss': 0.1324, 'grad_norm': 15.210070610046387, 'learning_rate': 5.958460286391485e-06, 'epoch': 20.16}
{'loss': 0.0624, 'grad_norm': 26.401405334472656, 'learning_rate': 5.862510845386791e-06, 'epoch': 20.32}
{'loss': 0.1105, 'grad_norm': 1.3985425233840942, 'learning_rate': 5.7665614043820976e-06, 'epoch': 20.48}
{'loss': 0.0784, 'grad_norm': 0.23946726322174072, 'learning_rate': 5.670611963377404e-06, 'epoch': 20.63}
{'loss': 0.0551, 'grad_norm': 0.8011509776115417, 'learning_rate': 5.574662522372709e-06, 'epoch': 20.79}
{'loss': 0.0996, 'grad_norm': 2.2522454261779785, 'learning_rate': 5.4787130813680156e-06, 'epoch': 20.95}
{'eval_loss': 0.6000782251358032, 'eval_f1_macro': 0.8560140607163903, 'eval_f1_weighted': 0.8712909584530235, 'eval_precision_macro': 0.8631546694046695, 'eval_recall_macro': 0.8623152709359606, 'eval_accuracy': 0.8657407407407407, 'eval_runtime': 0.5237, 'eval_samples_per_second': 412.421, 'eval_steps_per_second': 26.731, 'epoch': 21.0}
{'loss': 0.0239, 'grad_norm': 1.0403562784194946, 'learning_rate': 5.382763640363323e-06, 'epoch': 21.11}
{'loss': 0.1348, 'grad_norm': 1.4571444988250732, 'learning_rate': 5.286814199358629e-06, 'epoch': 21.27}
{'loss': 0.1488, 'grad_norm': 0.2410176694393158, 'learning_rate': 5.190864758353934e-06, 'epoch': 21.43}
{'loss': 0.1148, 'grad_norm': 0.752629280090332, 'learning_rate': 5.094915317349241e-06, 'epoch': 21.59}
{'loss': 0.1112, 'grad_norm': 0.20766350626945496, 'learning_rate': 4.998965876344547e-06, 'epoch': 21.75}
{'loss': 0.1059, 'grad_norm': 0.2332760989665985, 'learning_rate': 4.903016435339853e-06, 'epoch': 21.9}
{'eval_loss': 0.46370118856430054, 'eval_f1_macro': 0.8997036148871522, 'eval_f1_weighted': 0.9038457522235795, 'eval_precision_macro': 0.9010212607629877, 'eval_recall_macro': 0.9006670771756979, 'eval_accuracy': 0.9027777777777778, 'eval_runtime': 0.522, 'eval_samples_per_second': 413.763, 'eval_steps_per_second': 26.818, 'epoch': 22.0}
{'loss': 0.1149, 'grad_norm': 86.88613891601562, 'learning_rate': 4.807066994335159e-06, 'epoch': 22.06}
{'loss': 0.1006, 'grad_norm': 0.22336961328983307, 'learning_rate': 4.711117553330466e-06, 'epoch': 22.22}
{'loss': 0.1663, 'grad_norm': 63.10649108886719, 'learning_rate': 4.615168112325772e-06, 'epoch': 22.38}
{'loss': 0.0544, 'grad_norm': 0.12599757313728333, 'learning_rate': 4.519218671321078e-06, 'epoch': 22.54}
{'loss': 0.0541, 'grad_norm': 0.17578716576099396, 'learning_rate': 4.423269230316384e-06, 'epoch': 22.7}
{'loss': 0.0953, 'grad_norm': 1.231781244277954, 'learning_rate': 4.32731978931169e-06, 'epoch': 22.86}
{'eval_loss': 0.5237488150596619, 'eval_f1_macro': 0.8749302232854864, 'eval_f1_weighted': 0.8882187054336178, 'eval_precision_macro': 0.8776741198616198, 'eval_recall_macro': 0.8795566502463055, 'eval_accuracy': 0.8842592592592593, 'eval_runtime': 0.5288, 'eval_samples_per_second': 408.465, 'eval_steps_per_second': 26.475, 'epoch': 23.0}
{'loss': 0.0414, 'grad_norm': 0.20510178804397583, 'learning_rate': 4.231370348306996e-06, 'epoch': 23.02}
{'loss': 0.058, 'grad_norm': 14.229079246520996, 'learning_rate': 4.1354209073023035e-06, 'epoch': 23.17}
{'loss': 0.1058, 'grad_norm': 24.132165908813477, 'learning_rate': 4.039471466297609e-06, 'epoch': 23.33}
{'loss': 0.0895, 'grad_norm': 0.694599449634552, 'learning_rate': 3.943522025292915e-06, 'epoch': 23.49}
{'loss': 0.1147, 'grad_norm': 6.443960189819336, 'learning_rate': 3.8475725842882215e-06, 'epoch': 23.65}
{'loss': 0.0475, 'grad_norm': 0.15895280241966248, 'learning_rate': 3.7516231432835273e-06, 'epoch': 23.81}
{'loss': 0.1442, 'grad_norm': 21.385786056518555, 'learning_rate': 3.655673702278834e-06, 'epoch': 23.97}
{'eval_loss': 0.6023304462432861, 'eval_f1_macro': 0.8846711513443641, 'eval_f1_weighted': 0.8912363651631494, 'eval_precision_macro': 0.8903220926247242, 'eval_recall_macro': 0.8871202791461412, 'eval_accuracy': 0.8888888888888888, 'eval_runtime': 0.5583, 'eval_samples_per_second': 386.873, 'eval_steps_per_second': 25.075, 'epoch': 24.0}
{'loss': 0.0708, 'grad_norm': 35.28230667114258, 'learning_rate': 3.55972426127414e-06, 'epoch': 24.13}
{'loss': 0.1463, 'grad_norm': 0.1364029347896576, 'learning_rate': 3.463774820269446e-06, 'epoch': 24.29}
{'loss': 0.0793, 'grad_norm': 0.09720703214406967, 'learning_rate': 3.367825379264752e-06, 'epoch': 24.44}
{'loss': 0.0473, 'grad_norm': 0.10912761092185974, 'learning_rate': 3.2718759382600587e-06, 'epoch': 24.6}
{'loss': 0.1089, 'grad_norm': 0.13192075490951538, 'learning_rate': 3.1759264972553646e-06, 'epoch': 24.76}
{'loss': 0.0582, 'grad_norm': 2.4908230304718018, 'learning_rate': 3.079977056250671e-06, 'epoch': 24.92}
{'eval_loss': 0.6184945702552795, 'eval_f1_macro': 0.8771693085379453, 'eval_f1_weighted': 0.8897082301621656, 'eval_precision_macro': 0.8822507316053512, 'eval_recall_macro': 0.8829638752052545, 'eval_accuracy': 0.8842592592592593, 'eval_runtime': 0.5195, 'eval_samples_per_second': 415.82, 'eval_steps_per_second': 26.951, 'epoch': 25.0}
{'loss': 0.0855, 'grad_norm': 44.88261413574219, 'learning_rate': 2.984027615245977e-06, 'epoch': 25.08}
{'loss': 0.0651, 'grad_norm': 0.7796127200126648, 'learning_rate': 2.8880781742412834e-06, 'epoch': 25.24}
{'loss': 0.0548, 'grad_norm': 8.855422973632812, 'learning_rate': 2.7921287332365893e-06, 'epoch': 25.4}
{'loss': 0.0538, 'grad_norm': 15.269122123718262, 'learning_rate': 2.696179292231896e-06, 'epoch': 25.56}
{'loss': 0.0929, 'grad_norm': 0.1202823668718338, 'learning_rate': 2.600229851227202e-06, 'epoch': 25.71}
{'loss': 0.2377, 'grad_norm': 64.19588470458984, 'learning_rate': 2.504280410222508e-06, 'epoch': 25.87}
{'eval_loss': 0.5346263647079468, 'eval_f1_macro': 0.8803181692733433, 'eval_f1_weighted': 0.891688516796514, 'eval_precision_macro': 0.8822481050651241, 'eval_recall_macro': 0.8878899835796388, 'eval_accuracy': 0.8888888888888888, 'eval_runtime': 0.5075, 'eval_samples_per_second': 425.623, 'eval_steps_per_second': 27.587, 'epoch': 26.0}
{'loss': 0.0681, 'grad_norm': 12.202409744262695, 'learning_rate': 2.408330969217814e-06, 'epoch': 26.03}
{'loss': 0.0167, 'grad_norm': 0.9806333184242249, 'learning_rate': 2.3123815282131207e-06, 'epoch': 26.19}
{'loss': 0.0393, 'grad_norm': 0.14808493852615356, 'learning_rate': 2.216432087208427e-06, 'epoch': 26.35}
{'loss': 0.0384, 'grad_norm': 0.07429073005914688, 'learning_rate': 2.120482646203733e-06, 'epoch': 26.51}
{'loss': 0.157, 'grad_norm': 0.13848577439785004, 'learning_rate': 2.0245332051990395e-06, 'epoch': 26.67}
{'loss': 0.0714, 'grad_norm': 21.73495864868164, 'learning_rate': 1.9285837641943454e-06, 'epoch': 26.83}
{'loss': 0.0485, 'grad_norm': 0.08759550005197525, 'learning_rate': 1.8326343231896517e-06, 'epoch': 26.98}
{'eval_loss': 0.5401355028152466, 'eval_f1_macro': 0.8862752559255218, 'eval_f1_weighted': 0.8952266977747863, 'eval_precision_macro': 0.8896225829041294, 'eval_recall_macro': 0.8881773399014778, 'eval_accuracy': 0.8935185185185185, 'eval_runtime': 0.5587, 'eval_samples_per_second': 386.626, 'eval_steps_per_second': 25.059, 'epoch': 27.0}
{'train_runtime': 307.3048, 'train_samples_per_second': 98.404, 'train_steps_per_second': 6.15, 'train_loss': 0.6157238655830397, 'epoch': 27.0}
  Finished  : epoch 27/30 | runtime 307s | 98.4 samples/s
  Finished  : epoch 27/30 | runtime 307s | 98.4 samples/s  Finished  : epoch 27/30 | runtime 307s | 98.4 samples/s

  Finished  : epoch 27/30 | runtime 307s | 98.4 samples/s

  Loading: renumics/emodb
              precision    recall  f1-score   support

       angry       1.00      0.93      0.96        28
        calm       0.82      0.93      0.87        29
     disgust       1.00      0.93      0.96        29
     fearful       1.00      0.90      0.95        29
       happy       0.75      0.83      0.79        29
     neutral       0.67      0.71      0.69        14
         sad       0.83      0.83      0.83        29
   surprised       0.93      0.90      0.91        29

    accuracy                           0.88       216
   macro avg       0.87      0.87      0.87       216
weighted avg       0.89      0.88      0.88       216


  Loading: renumics/emodb

  Loading: renumics/emodb
  Label col : emotion
  Samples   : 535  |  Classes: 7
    0: 127
    1: 81
    2: 46
    3: 69
    4: 71
    5: 79
    6: 62
  Classes   : ['anger', 'boredom', 'disgust', 'fear', 'happiness', 'neutral', 'sadness']
  Label col : emotion
  Samples   : 535  |  Classes: 7
    0: 127
    1: 81
    2: 46
    3: 69
    4: 71
    5: 79
    6: 62
  Classes   : ['anger', 'boredom', 'disgust', 'fear', 'happiness', 'neutral', 'sadness']
  Label col : emotion
  Samples   : 535  |  Classes: 7
    0: 127
    1: 81
    2: 46
    3: 69
    4: 71
    5: 79
    6: 62
  Classes   : ['anger', 'boredom', 'disgust', 'fear', 'happiness', 'neutral', 'sadness']
  Split     : 374 train / 80 val / 81 test  (of 535)
  Split     : 374 train / 80 val / 81 test  (of 535)
  Split     : 374 train / 80 val / 81 test  (of 535)
  Feature extractor : Wav2Vec2FeatureExtractor  (sr=16000)
  Featurising splits ...
  Feature extractor : Wav2Vec2FeatureExtractor  (sr=16000)
  Featurising splits ...
  Feature extractor : Wav2Vec2FeatureExtractor  (sr=16000)
  Featurising splits ...
  Model             : Wav2Vec2ForSequenceClassification  (315,693,191 params, 315,693,191 trainable)
  Training  : lr=4.952548271141294e-05  bs=4  epochs=30  patience=5
  Model             : Wav2Vec2ForSequenceClassification  (315,693,191 params, 315,693,191 trainable)
  Training  : lr=4.952548271141294e-05  bs=4  epochs=30  patience=5
  Model             : Wav2Vec2ForSequenceClassification  (315,693,191 params, 315,693,191 trainable)
  Training  : lr=4.952548271141294e-05  bs=4  epochs=30  patience=5
  F1-Macro 0.8700 | Accuracy 0.8796 | Precision 0.8739 | Recall 0.8692

======================================================================
[14/14]  wav2vec2-large_emodb
  Model  : facebook/wav2vec2-large
  Dataset: renumics/emodb
  Output : /home/tu/tu_tu/tu_zxord71/asp-project/outputs/wav2vec2-large_emodb

  Loading: renumics/emodb
  Label col : emotion
  Samples   : 535  |  Classes: 7
    0: 127
    1: 81
    2: 46
    3: 69
    4: 71
    5: 79
    6: 62
  Classes   : ['anger', 'boredom', 'disgust', 'fear', 'happiness', 'neutral', 'sadness']
  Split     : 374 train / 80 val / 81 test  (of 535)
  Feature extractor : Wav2Vec2FeatureExtractor  (sr=16000)
  Featurising splits ...
  Loaded hyperparameters: lr=4.952548271141294e-05  bs=4  warmup=0.11733045986389888  wd=0.0013944386216952973
  Model             : Wav2Vec2ForSequenceClassification  (315,693,191 params, 315,693,191 trainable)
  Training  : lr=4.952548271141294e-05  bs=4  epochs=30  patience=5
{'loss': 1.9512, 'grad_norm': 3.3965306282043457, 'learning_rate': 5.243874640031958e-06, 'epoch': 0.42}
{'loss': 1.9105, 'grad_norm': 3.8473832607269287, 'learning_rate': 1.1070402017845246e-05, 'epoch': 0.83}
{'eval_loss': 1.8944213390350342, 'eval_f1_macro': 0.05483405483405483, 'eval_f1_weighted': 0.09116161616161615, 'eval_precision_macro': 0.033928571428571426, 'eval_recall_macro': 0.14285714285714285, 'eval_accuracy': 0.2375, 'eval_runtime': 1.984, 'eval_samples_per_second': 40.323, 'eval_steps_per_second': 2.52, 'epoch': 1.0}
{'loss': 1.868, 'grad_norm': 3.4121429920196533, 'learning_rate': 1.6896929395658533e-05, 'epoch': 1.25}
{'loss': 1.8483, 'grad_norm': 4.577963829040527, 'learning_rate': 2.272345677347182e-05, 'epoch': 1.67}
{'eval_loss': 1.507879614830017, 'eval_f1_macro': 0.1573056573056573, 'eval_f1_weighted': 0.21985398860398858, 'eval_precision_macro': 0.11471861471861473, 'eval_recall_macro': 0.2857142857142857, 'eval_accuracy': 0.3625, 'eval_runtime': 0.3238, 'eval_samples_per_second': 247.095, 'eval_steps_per_second': 15.443, 'epoch': 2.0}
{'loss': 1.6612, 'grad_norm': 3.1689646244049072, 'learning_rate': 2.8549984151285105e-05, 'epoch': 2.08}
{'loss': 1.5182, 'grad_norm': 5.080848693847656, 'learning_rate': 3.4376511529098394e-05, 'epoch': 2.5}
{'loss': 1.4264, 'grad_norm': 7.302608966827393, 'learning_rate': 4.020303890691168e-05, 'epoch': 2.92}
{'eval_loss': 1.2255218029022217, 'eval_f1_macro': 0.2650290885585003, 'eval_f1_weighted': 0.3436651583710407, 'eval_precision_macro': 0.2718287147634974, 'eval_recall_macro': 0.36152882205513787, 'eval_accuracy': 0.45, 'eval_runtime': 0.3085, 'eval_samples_per_second': 259.285, 'eval_steps_per_second': 16.205, 'epoch': 3.0}
{'loss': 1.3212, 'grad_norm': 8.609195709228516, 'learning_rate': 4.6029566284724966e-05, 'epoch': 3.33}
{'loss': 1.2899, 'grad_norm': 14.331748962402344, 'learning_rate': 4.9213511166774115e-05, 'epoch': 3.75}
{'eval_loss': 1.0760345458984375, 'eval_f1_macro': 0.335449686814702, 'eval_f1_weighted': 0.40543708061402706, 'eval_precision_macro': 0.4024725274725275, 'eval_recall_macro': 0.42857142857142855, 'eval_accuracy': 0.5125, 'eval_runtime': 0.3125, 'eval_samples_per_second': 256.022, 'eval_steps_per_second': 16.001, 'epoch': 4.0}
{'loss': 1.1984, 'grad_norm': 7.301243782043457, 'learning_rate': 4.843358230517706e-05, 'epoch': 4.17}
{'loss': 1.0902, 'grad_norm': 11.746322631835938, 'learning_rate': 4.7653653443580006e-05, 'epoch': 4.58}
{'loss': 1.1709, 'grad_norm': 18.906251907348633, 'learning_rate': 4.687372458198296e-05, 'epoch': 5.0}
{'eval_loss': 0.8869034051895142, 'eval_f1_macro': 0.6209662354644375, 'eval_f1_weighted': 0.6560719053067451, 'eval_precision_macro': 0.79724111866969, 'eval_recall_macro': 0.6418367346938776, 'eval_accuracy': 0.7, 'eval_runtime': 0.325, 'eval_samples_per_second': 246.138, 'eval_steps_per_second': 15.384, 'epoch': 5.0}
{'loss': 1.0726, 'grad_norm': 2.4618077278137207, 'learning_rate': 4.60937957203859e-05, 'epoch': 5.42}
{'loss': 0.9237, 'grad_norm': 11.228850364685059, 'learning_rate': 4.531386685878884e-05, 'epoch': 5.83}
{'eval_loss': 0.7424834966659546, 'eval_f1_macro': 0.7094543138021397, 'eval_f1_weighted': 0.7250884260666869, 'eval_precision_macro': 0.7758692365835224, 'eval_recall_macro': 0.7244897959183675, 'eval_accuracy': 0.7625, 'eval_runtime': 0.3044, 'eval_samples_per_second': 262.832, 'eval_steps_per_second': 16.427, 'epoch': 6.0}
{'loss': 0.886, 'grad_norm': 3.1704559326171875, 'learning_rate': 4.4533937997191796e-05, 'epoch': 6.25}
{'loss': 0.7569, 'grad_norm': 24.178203582763672, 'learning_rate': 4.375400913559474e-05, 'epoch': 6.67}
{'eval_loss': 0.4975120425224304, 'eval_f1_macro': 0.7836084266482513, 'eval_f1_weighted': 0.7970584722183187, 'eval_precision_macro': 0.844139194139194, 'eval_recall_macro': 0.7734693877551021, 'eval_accuracy': 0.8, 'eval_runtime': 0.3162, 'eval_samples_per_second': 252.991, 'eval_steps_per_second': 15.812, 'epoch': 7.0}
{'loss': 0.5684, 'grad_norm': 6.760469436645508, 'learning_rate': 4.297408027399768e-05, 'epoch': 7.08}
{'loss': 0.4574, 'grad_norm': 17.374040603637695, 'learning_rate': 4.219415141240063e-05, 'epoch': 7.5}
{'loss': 0.3568, 'grad_norm': 3.1825292110443115, 'learning_rate': 4.141422255080358e-05, 'epoch': 7.92}
{'eval_loss': 0.2568599581718445, 'eval_f1_macro': 0.9360739032134913, 'eval_f1_weighted': 0.9389412715431021, 'eval_precision_macro': 0.9457779063042222, 'eval_recall_macro': 0.9315968492660222, 'eval_accuracy': 0.9375, 'eval_runtime': 0.314, 'eval_samples_per_second': 254.79, 'eval_steps_per_second': 15.924, 'epoch': 8.0}
{'loss': 0.3586, 'grad_norm': 4.924110412597656, 'learning_rate': 4.0634293689206524e-05, 'epoch': 8.33}
{'loss': 0.3921, 'grad_norm': 18.939502716064453, 'learning_rate': 3.985436482760946e-05, 'epoch': 8.75}
{'eval_loss': 0.6623638272285461, 'eval_f1_macro': 0.7797794951130212, 'eval_f1_weighted': 0.7785700690336204, 'eval_precision_macro': 0.810482374768089, 'eval_recall_macro': 0.7653061224489797, 'eval_accuracy': 0.7875, 'eval_runtime': 0.3088, 'eval_samples_per_second': 259.051, 'eval_steps_per_second': 16.191, 'epoch': 9.0}
{'loss': 0.4537, 'grad_norm': 10.06128215789795, 'learning_rate': 3.9074435966012415e-05, 'epoch': 9.17}
{'loss': 0.2844, 'grad_norm': 0.6739313006401062, 'learning_rate': 3.829450710441536e-05, 'epoch': 9.58}
{'loss': 0.253, 'grad_norm': 5.400842666625977, 'learning_rate': 3.7514578242818306e-05, 'epoch': 10.0}
{'eval_loss': 0.3318203091621399, 'eval_f1_macro': 0.9022553893619024, 'eval_f1_weighted': 0.9116368286445014, 'eval_precision_macro': 0.9152964829656558, 'eval_recall_macro': 0.905406373075546, 'eval_accuracy': 0.9125, 'eval_runtime': 0.3295, 'eval_samples_per_second': 242.797, 'eval_steps_per_second': 15.175, 'epoch': 10.0}
{'loss': 0.289, 'grad_norm': 30.28200912475586, 'learning_rate': 3.673464938122125e-05, 'epoch': 10.42}
{'loss': 0.2031, 'grad_norm': 11.30019760131836, 'learning_rate': 3.59547205196242e-05, 'epoch': 10.83}
{'eval_loss': 0.46624356508255005, 'eval_f1_macro': 0.8758202643098707, 'eval_f1_weighted': 0.8850586735890527, 'eval_precision_macro': 0.8857815534507264, 'eval_recall_macro': 0.8829573934837092, 'eval_accuracy': 0.8875, 'eval_runtime': 0.3166, 'eval_samples_per_second': 252.658, 'eval_steps_per_second': 15.791, 'epoch': 11.0}
{'loss': 0.2513, 'grad_norm': 65.1539077758789, 'learning_rate': 3.517479165802714e-05, 'epoch': 11.25}
{'loss': 0.2641, 'grad_norm': 22.718530654907227, 'learning_rate': 3.439486279643009e-05, 'epoch': 11.67}
{'eval_loss': 0.7273990511894226, 'eval_f1_macro': 0.7806172927239958, 'eval_f1_weighted': 0.7975976246735481, 'eval_precision_macro': 0.8583333333333334, 'eval_recall_macro': 0.7962585034013606, 'eval_accuracy': 0.825, 'eval_runtime': 0.3389, 'eval_samples_per_second': 236.079, 'eval_steps_per_second': 14.755, 'epoch': 12.0}
{'loss': 0.137, 'grad_norm': 34.59087371826172, 'learning_rate': 3.3614933934833034e-05, 'epoch': 12.08}
{'loss': 0.2951, 'grad_norm': 1.4655017852783203, 'learning_rate': 3.283500507323598e-05, 'epoch': 12.5}
{'loss': 0.1555, 'grad_norm': 0.3233761489391327, 'learning_rate': 3.2055076211638926e-05, 'epoch': 12.92}
{'eval_loss': 0.5215393900871277, 'eval_f1_macro': 0.868107496368366, 'eval_f1_weighted': 0.8848533833316443, 'eval_precision_macro': 0.9007326007326009, 'eval_recall_macro': 0.8602040816326532, 'eval_accuracy': 0.8875, 'eval_runtime': 0.3099, 'eval_samples_per_second': 258.16, 'eval_steps_per_second': 16.135, 'epoch': 13.0}
{'train_runtime': 82.6889, 'train_samples_per_second': 135.689, 'train_steps_per_second': 8.707, 'train_loss': 0.8547225732069749, 'epoch': 13.0}
  Finished  : epoch 13/30 | runtime 83s | 135.7 samples/s  Finished  : epoch 13/30 | runtime 83s | 135.7 samples/s

  Finished  : epoch 13/30 | runtime 83s | 135.7 samples/s
  Finished  : epoch 13/30 | runtime 83s | 135.7 samples/s
              precision    recall  f1-score   support

       anger       0.83      1.00      0.90        19
     boredom       0.62      0.83      0.71        12
     disgust       1.00      0.43      0.60         7
        fear       1.00      1.00      1.00        11
   happiness       1.00      0.64      0.78        11
     neutral       0.90      0.75      0.82        12
     sadness       0.82      1.00      0.90         9

    accuracy                           0.84        81
   macro avg       0.88      0.81      0.82        81
weighted avg       0.87      0.84      0.83        81

  F1-Macro 0.8164 | Accuracy 0.8395 | Precision 0.8813 | Recall 0.8069

Report saved -> /home/tu/tu_tu/tu_zxord71/asp-project/outputs/report.md
# Emotion Recognition — Results Summary

Experiments: 7 models × 2 datasets

## Dataset: `emodb`

| Model | Accuracy | Precision (macro) | Recall (macro) | F1 (macro) | F1 (weighted) |
|-------|:--------:|:-----------------:|:--------------:|:----------:|:-------------:|
| `distilhubert` | 0.8272 | 0.8207 | 0.8345 | 0.8199 | 0.8186 |
| `hubert-base` | 0.9383 | 0.9452 | 0.9427 | 0.9430 | 0.9379 |
| `hubert-xlarge` | 0.9136 | 0.9405 | 0.9123 | 0.9157 | 0.9091 |
| `wav2vec2-base` | 0.9383 | 0.9541 | 0.9361 | 0.9377 | 0.9344 |
| `wav2vec2-large` | 0.8395 | 0.8813 | 0.8069 | 0.8164 | 0.8325 |
| `wavlm-base` | 0.9630 | 0.9721 | 0.9610 | 0.9656 | 0.9624 |
| `wavlm-large` | 0.9877 | 0.9857 | 0.9881 | 0.9863 | 0.9877 |

## Dataset: `ravdess`

| Model | Accuracy | Precision (macro) | Recall (macro) | F1 (macro) | F1 (weighted) |
|-------|:--------:|:-----------------:|:--------------:|:----------:|:-------------:|
| `distilhubert` | 0.7963 | 0.7878 | 0.7909 | 0.7862 | 0.7985 |
| `hubert-base` | 0.8426 | 0.8502 | 0.8111 | 0.8133 | 0.8347 |
| `hubert-xlarge` | 0.9028 | 0.8985 | 0.9044 | 0.9006 | 0.9029 |
| `wav2vec2-base` | 0.8981 | 0.8990 | 0.8956 | 0.8951 | 0.8995 |
| `wav2vec2-large` | 0.8796 | 0.8739 | 0.8692 | 0.8700 | 0.8821 |
| `wavlm-base` | 0.8704 | 0.8687 | 0.8653 | 0.8642 | 0.8727 |
| `wavlm-large` | 0.8981 | 0.8907 | 0.8910 | 0.8898 | 0.8988 |

## Cross-Dataset Comparison — F1-Macro

| Model | `emodb` | `ravdess` |
|-------|:------:|:------:|
| `distilhubert` | 0.8199 | 0.7862 |
| `hubert-base` | 0.9430 | 0.8133 |
| `hubert-xlarge` | 0.9157 | 0.9006 |
| `wav2vec2-base` | 0.9377 | 0.8951 |
| `wav2vec2-large` | 0.8164 | 0.8700 |
| `wavlm-base` | 0.9656 | 0.8642 |
| `wavlm-large` | 0.9863 | 0.8898 |


All experiments complete.

============================================
Job finished
============================================
Stage 1 exit : 0
Stage 2 exit : 0
End time     : Sun Jul  5 09:46:10 PM CEST 2026

Success. Outputs:
total 65K
drwxr-xr-x 4 tu_zxord71 tu_tu 4.0K Jun 30 00:32 distilhubert_emodb
drwxr-xr-x 4 tu_zxord71 tu_tu 4.0K Jun 30 00:32 distilhubert_ravdess
drwxr-xr-x 3 tu_zxord71 tu_tu 4.0K Jul  5 00:54 emotion2vec-base_emodb
drwxr-xr-x 3 tu_zxord71 tu_tu 4.0K Jul  5 00:54 emotion2vec-base_ravdess
drwxr-xr-x 4 tu_zxord71 tu_tu 4.0K Jul  5 21:35 hubert-base_emodb
drwxr-xr-x 4 tu_zxord71 tu_tu 4.0K Jul  5 21:34 hubert-base_ravdess
drwxr-xr-x 4 tu_zxord71 tu_tu 4.0K Jun 30 00:24 hubert-xlarge_emodb
drwxr-xr-x 4 tu_zxord71 tu_tu 4.0K Jun 30 00:19 hubert-xlarge_ravdess
-rw-r--r-- 1 tu_zxord71 tu_tu 1.7K Jul  5 21:46 report.md
drwxr-xr-x 4 tu_zxord71 tu_tu 4.0K Jun 30 00:09 wav2vec2-base_emodb
drwxr-xr-x 4 tu_zxord71 tu_tu 4.0K Jun 30 00:08 wav2vec2-base_ravdess
drwxr-xr-x 4 tu_zxord71 tu_tu 4.0K Jul  5 21:46 wav2vec2-large_emodb
drwxr-xr-x 4 tu_zxord71 tu_tu 4.0K Jul  5 21:44 wav2vec2-large_ravdess
drwxr-xr-x 4 tu_zxord71 tu_tu 4.0K Jul  5 21:39 wavlm-base_emodb
drwxr-xr-x 4 tu_zxord71 tu_tu 4.0K Jul  5 21:38 wavlm-base_ravdess
drwxr-xr-x 4 tu_zxord71 tu_tu 4.0K Jun 30 00:30 wavlm-large_emodb
drwxr-xr-x 4 tu_zxord71 tu_tu 4.0K Jun 30 00:29 wavlm-large_ravdess

=== report.md ===
# Emotion Recognition — Results Summary

Experiments: 7 models × 2 datasets

## Dataset: `emodb`

| Model | Accuracy | Precision (macro) | Recall (macro) | F1 (macro) | F1 (weighted) |
|-------|:--------:|:-----------------:|:--------------:|:----------:|:-------------:|
| `distilhubert` | 0.8272 | 0.8207 | 0.8345 | 0.8199 | 0.8186 |
| `hubert-base` | 0.9383 | 0.9452 | 0.9427 | 0.9430 | 0.9379 |
| `hubert-xlarge` | 0.9136 | 0.9405 | 0.9123 | 0.9157 | 0.9091 |
| `wav2vec2-base` | 0.9383 | 0.9541 | 0.9361 | 0.9377 | 0.9344 |
| `wav2vec2-large` | 0.8395 | 0.8813 | 0.8069 | 0.8164 | 0.8325 |
| `wavlm-base` | 0.9630 | 0.9721 | 0.9610 | 0.9656 | 0.9624 |
| `wavlm-large` | 0.9877 | 0.9857 | 0.9881 | 0.9863 | 0.9877 |

## Dataset: `ravdess`

| Model | Accuracy | Precision (macro) | Recall (macro) | F1 (macro) | F1 (weighted) |
|-------|:--------:|:-----------------:|:--------------:|:----------:|:-------------:|
| `distilhubert` | 0.7963 | 0.7878 | 0.7909 | 0.7862 | 0.7985 |
| `hubert-base` | 0.8426 | 0.8502 | 0.8111 | 0.8133 | 0.8347 |
| `hubert-xlarge` | 0.9028 | 0.8985 | 0.9044 | 0.9006 | 0.9029 |
| `wav2vec2-base` | 0.8981 | 0.8990 | 0.8956 | 0.8951 | 0.8995 |
| `wav2vec2-large` | 0.8796 | 0.8739 | 0.8692 | 0.8700 | 0.8821 |
| `wavlm-base` | 0.8704 | 0.8687 | 0.8653 | 0.8642 | 0.8727 |
| `wavlm-large` | 0.8981 | 0.8907 | 0.8910 | 0.8898 | 0.8988 |

## Cross-Dataset Comparison — F1-Macro

| Model | `emodb` | `ravdess` |
|-------|:------:|:------:|
| `distilhubert` | 0.8199 | 0.7862 |
| `hubert-base` | 0.9430 | 0.8133 |
| `hubert-xlarge` | 0.9157 | 0.9006 |
| `wav2vec2-base` | 0.9377 | 0.8951 |
| `wav2vec2-large` | 0.8164 | 0.8700 |
| `wavlm-base` | 0.9656 | 0.8642 |
| `wavlm-large` | 0.9863 | 0.8898 |

============================= JOB FEEDBACK =============================

NodeName=uc2n913
Job ID: 5771549
Cluster: uc3
User/Group: tu_zxord71/tu_tu
State: COMPLETED (exit code 0)
Nodes: 1
Cores per node: 32
CPU Utilized: 01:33:29
CPU Efficiency: 4.85% of 1-08:09:04 core-walltime
Job Wall-clock time: 01:00:17
Memory Utilized: 8.85 GB
Memory Efficiency: 1.78% of 498.05 GB (498.05 GB/node)
