============================================
Emotion Recognition Pipeline
============================================
Array Job : 6221124_0
Node      : uc2n909
Model     : wav2vec2-base
Start time: Sat Aug  8 03:08:53 PM CEST 2026

Loading modules...
CUDA Home : /opt/bwhpc/common/devel/cuda/12.8
Python    : /opt/bwhpc/common/devel/python/3.13.3_llvm_19.1/bin/python

Setting up project environment...
Python isolation enforced:
  PYTHONNOUSERSITE=1
  VIRTUAL_ENV=/home/tu/tu_tu/tu_zxord71/asp-project/.venv
  Python used: /home/tu/tu_tu/tu_zxord71/asp-project/.venv/bin/python

GPU info:
0, NVIDIA A100 80GB PCIe, 81920 MiB, 81127 MiB

============================================
Stage 1: Optuna HPO (wav2vec2-base, 1 GPU, 10 trials each)
============================================

======================================================================
Emotion Recognition Pipeline  [Stage 1 — HPO only]
======================================================================
Device    : cuda
Models    : ['wav2vec2-base']
Datasets  : ['ravdess', 'emodb', 'cameo']
HPO trials: 10  |  Seed: 42
Output    : /home/tu/tu_tu/tu_zxord71/asp-project/outputs
======================================================================

======================================================================
[1/3]  wav2vec2-base_ravdess
  Model  : facebook/wav2vec2-base
  Dataset: xbgoose/ravdess
  Output : /home/tu/tu_tu/tu_zxord71/asp-project/outputs/wav2vec2-base_ravdess

  Loading: xbgoose/ravdess
  Label col : emotion
  Samples   : 1,440  |  Classes: 8
    angry: 192
    calm: 192
    disgust: 192
    fearful: 192
    happy: 192
    neutral: 96
    sad: 192
    surprised: 192
  Classes   : ['angry', 'calm', 'disgust', 'fearful', 'happy', 'neutral', 'sad', 'surprised']
  Feature extractor : Wav2Vec2FeatureExtractor  (sr=16000)
  Split     : 1,008 train / 216 val / 216 test  (of 1,440)
  Model             : Wav2Vec2ForSequenceClassification  (94,570,632 params, 94,570,632 trainable)
  HPO: 10 trials × 3 epochs ...
  Model             : Wav2Vec2ForSequenceClassification  (94,570,632 params, 94,570,632 trainable)
{'eval_loss': 2.067075490951538, 'eval_f1_macro': 0.02959183673469388, 'eval_f1_weighted': 0.031783824640967503, 'eval_precision_macro': 0.01678240740740741, 'eval_recall_macro': 0.125, 'eval_accuracy': 0.13425925925925927, 'eval_runtime': 13.3789, 'eval_samples_per_second': 16.145, 'eval_steps_per_second': 2.018, 'epoch': 1.0}
{'eval_loss': 2.0682191848754883, 'eval_f1_macro': 0.028688524590163935, 'eval_f1_weighted': 0.029751062537947785, 'eval_precision_macro': 0.016203703703703703, 'eval_recall_macro': 0.125, 'eval_accuracy': 0.12962962962962962, 'eval_runtime': 0.4207, 'eval_samples_per_second': 513.467, 'eval_steps_per_second': 64.183, 'epoch': 2.0}
{'eval_loss': 2.063472032546997, 'eval_f1_macro': 0.02959183673469388, 'eval_f1_weighted': 0.031783824640967503, 'eval_precision_macro': 0.01678240740740741, 'eval_recall_macro': 0.125, 'eval_accuracy': 0.13425925925925927, 'eval_runtime': 0.4184, 'eval_samples_per_second': 516.312, 'eval_steps_per_second': 64.539, 'epoch': 3.0}
{'train_runtime': 100.5369, 'train_samples_per_second': 30.079, 'train_steps_per_second': 3.76, 'train_loss': 2.0750745339368386, 'epoch': 3.0}
  Model             : Wav2Vec2ForSequenceClassification  (94,570,632 params, 94,570,632 trainable)
{'eval_loss': 1.9342402219772339, 'eval_f1_macro': 0.13170214080231551, 'eval_f1_weighted': 0.13846221223429533, 'eval_precision_macro': 0.17955882968920164, 'eval_recall_macro': 0.20504926108374383, 'eval_accuracy': 0.2175925925925926, 'eval_runtime': 0.4324, 'eval_samples_per_second': 499.564, 'eval_steps_per_second': 62.446, 'epoch': 1.0}
{'eval_loss': 1.6869484186172485, 'eval_f1_macro': 0.3170920060062385, 'eval_f1_weighted': 0.33764291572386534, 'eval_precision_macro': 0.32227881158467286, 'eval_recall_macro': 0.38823891625615764, 'eval_accuracy': 0.41203703703703703, 'eval_runtime': 0.4171, 'eval_samples_per_second': 517.845, 'eval_steps_per_second': 64.731, 'epoch': 2.0}
{'eval_loss': 1.5615731477737427, 'eval_f1_macro': 0.4087979360988235, 'eval_f1_weighted': 0.435223820625901, 'eval_precision_macro': 0.5036672656483977, 'eval_recall_macro': 0.4705972906403941, 'eval_accuracy': 0.5, 'eval_runtime': 0.4148, 'eval_samples_per_second': 520.748, 'eval_steps_per_second': 65.094, 'epoch': 3.0}
{'train_runtime': 24.2036, 'train_samples_per_second': 124.94, 'train_steps_per_second': 15.617, 'train_loss': 1.7668544224330358, 'epoch': 3.0}
  Model             : Wav2Vec2ForSequenceClassification  (94,570,632 params, 94,570,632 trainable)
{'eval_loss': 2.0661122798919678, 'eval_f1_macro': 0.028688524590163935, 'eval_f1_weighted': 0.029751062537947785, 'eval_precision_macro': 0.016203703703703703, 'eval_recall_macro': 0.125, 'eval_accuracy': 0.12962962962962962, 'eval_runtime': 0.4285, 'eval_samples_per_second': 504.093, 'eval_steps_per_second': 63.012, 'epoch': 1.0}
{'eval_loss': 2.0673060417175293, 'eval_f1_macro': 0.028688524590163935, 'eval_f1_weighted': 0.029751062537947785, 'eval_precision_macro': 0.016203703703703703, 'eval_recall_macro': 0.125, 'eval_accuracy': 0.12962962962962962, 'eval_runtime': 0.4201, 'eval_samples_per_second': 514.153, 'eval_steps_per_second': 64.269, 'epoch': 2.0}
{'eval_loss': 2.063973903656006, 'eval_f1_macro': 0.028688524590163935, 'eval_f1_weighted': 0.029751062537947785, 'eval_precision_macro': 0.016203703703703703, 'eval_recall_macro': 0.125, 'eval_accuracy': 0.12962962962962962, 'eval_runtime': 0.4095, 'eval_samples_per_second': 527.454, 'eval_steps_per_second': 65.932, 'epoch': 3.0}
{'train_runtime': 16.2271, 'train_samples_per_second': 186.355, 'train_steps_per_second': 11.647, 'train_loss': 2.0716594716228505, 'epoch': 3.0}
  Model             : Wav2Vec2ForSequenceClassification  (94,570,632 params, 94,570,632 trainable)
{'eval_loss': 1.9024658203125, 'eval_f1_macro': 0.1641456494948244, 'eval_f1_weighted': 0.17234861814218785, 'eval_precision_macro': 0.1999869383490073, 'eval_recall_macro': 0.24060960591133004, 'eval_accuracy': 0.25462962962962965, 'eval_runtime': 0.4266, 'eval_samples_per_second': 506.361, 'eval_steps_per_second': 63.295, 'epoch': 1.0}
{'eval_loss': 1.5728873014450073, 'eval_f1_macro': 0.3514778769681052, 'eval_f1_weighted': 0.373638918978044, 'eval_precision_macro': 0.3466599102984302, 'eval_recall_macro': 0.43580665024630544, 'eval_accuracy': 0.46296296296296297, 'eval_runtime': 0.4264, 'eval_samples_per_second': 506.616, 'eval_steps_per_second': 63.327, 'epoch': 2.0}
{'eval_loss': 1.454619288444519, 'eval_f1_macro': 0.4500453668663233, 'eval_f1_weighted': 0.47894597919863924, 'eval_precision_macro': 0.437108942414175, 'eval_recall_macro': 0.4921490147783251, 'eval_accuracy': 0.5231481481481481, 'eval_runtime': 0.4145, 'eval_samples_per_second': 521.089, 'eval_steps_per_second': 65.136, 'epoch': 3.0}
{'train_runtime': 14.5912, 'train_samples_per_second': 207.248, 'train_steps_per_second': 6.579, 'train_loss': 1.7230099042256672, 'epoch': 3.0}
  Model             : Wav2Vec2ForSequenceClassification  (94,570,632 params, 94,570,632 trainable)
{'eval_loss': 1.8704833984375, 'eval_f1_macro': 0.18641585690323326, 'eval_f1_weighted': 0.19711311570405504, 'eval_precision_macro': 0.2521016435461185, 'eval_recall_macro': 0.28925492610837433, 'eval_accuracy': 0.3055555555555556, 'eval_runtime': 0.4111, 'eval_samples_per_second': 525.43, 'eval_steps_per_second': 65.679, 'epoch': 1.0}
{'eval_loss': 1.6020101308822632, 'eval_f1_macro': 0.32738419037674077, 'eval_f1_weighted': 0.34755728407322123, 'eval_precision_macro': 0.33976888561067065, 'eval_recall_macro': 0.42302955665024633, 'eval_accuracy': 0.44907407407407407, 'eval_runtime': 0.4189, 'eval_samples_per_second': 515.651, 'eval_steps_per_second': 64.456, 'epoch': 2.0}
{'eval_loss': 1.4822478294372559, 'eval_f1_macro': 0.4389835893518088, 'eval_f1_weighted': 0.46646665635016876, 'eval_precision_macro': 0.4686858098042308, 'eval_recall_macro': 0.49753694581280783, 'eval_accuracy': 0.5277777777777778, 'eval_runtime': 0.4132, 'eval_samples_per_second': 522.802, 'eval_steps_per_second': 65.35, 'epoch': 3.0}
{'train_runtime': 16.2138, 'train_samples_per_second': 186.508, 'train_steps_per_second': 11.657, 'train_loss': 1.758699447389633, 'epoch': 3.0}
  Model             : Wav2Vec2ForSequenceClassification  (94,570,632 params, 94,570,632 trainable)
{'eval_loss': 2.013427734375, 'eval_f1_macro': 0.18631192181035644, 'eval_f1_weighted': 0.19743229761584605, 'eval_precision_macro': 0.2445839226779821, 'eval_recall_macro': 0.250307881773399, 'eval_accuracy': 0.2638888888888889, 'eval_runtime': 0.4196, 'eval_samples_per_second': 514.822, 'eval_steps_per_second': 64.353, 'epoch': 1.0}
{'eval_loss': 1.9072537422180176, 'eval_f1_macro': 0.20716474192731074, 'eval_f1_weighted': 0.2195222776105129, 'eval_precision_macro': 0.37347085385878487, 'eval_recall_macro': 0.2892549261083744, 'eval_accuracy': 0.3055555555555556, 'eval_runtime': 0.4304, 'eval_samples_per_second': 501.879, 'eval_steps_per_second': 62.735, 'epoch': 2.0}
  Model             : Wav2Vec2ForSequenceClassification  (94,570,632 params, 94,570,632 trainable)
{'eval_loss': 2.0677263736724854, 'eval_f1_macro': 0.02959183673469388, 'eval_f1_weighted': 0.031783824640967503, 'eval_precision_macro': 0.01678240740740741, 'eval_recall_macro': 0.125, 'eval_accuracy': 0.13425925925925927, 'eval_runtime': 0.4173, 'eval_samples_per_second': 517.594, 'eval_steps_per_second': 64.699, 'epoch': 1.0}
  Model             : Wav2Vec2ForSequenceClassification  (94,570,632 params, 94,570,632 trainable)
{'eval_loss': 1.8257107734680176, 'eval_f1_macro': 0.24869913628339244, 'eval_f1_weighted': 0.2626880734267189, 'eval_precision_macro': 0.3183207050508282, 'eval_recall_macro': 0.34082512315270935, 'eval_accuracy': 0.3611111111111111, 'eval_runtime': 0.4197, 'eval_samples_per_second': 514.607, 'eval_steps_per_second': 64.326, 'epoch': 1.0}
{'eval_loss': 1.4770779609680176, 'eval_f1_macro': 0.40332607456149655, 'eval_f1_weighted': 0.42909159479128933, 'eval_precision_macro': 0.4712607956559569, 'eval_recall_macro': 0.4749076354679803, 'eval_accuracy': 0.5046296296296297, 'eval_runtime': 0.4196, 'eval_samples_per_second': 514.736, 'eval_steps_per_second': 64.342, 'epoch': 2.0}
{'eval_loss': 1.3122445344924927, 'eval_f1_macro': 0.4916858210026236, 'eval_f1_weighted': 0.5233218950905827, 'eval_precision_macro': 0.4950659463928323, 'eval_recall_macro': 0.5357142857142857, 'eval_accuracy': 0.5694444444444444, 'eval_runtime': 0.42, 'eval_samples_per_second': 514.291, 'eval_steps_per_second': 64.286, 'epoch': 3.0}
{'train_runtime': 14.2281, 'train_samples_per_second': 212.537, 'train_steps_per_second': 6.747, 'train_loss': 1.672478199005127, 'epoch': 3.0}
  Model             : Wav2Vec2ForSequenceClassification  (94,570,632 params, 94,570,632 trainable)
{'eval_loss': 1.7681432962417603, 'eval_f1_macro': 0.17910608263661698, 'eval_f1_weighted': 0.18893404642980552, 'eval_precision_macro': 0.1432591932121686, 'eval_recall_macro': 0.28894704433497537, 'eval_accuracy': 0.3055555555555556, 'eval_runtime': 0.4205, 'eval_samples_per_second': 513.681, 'eval_steps_per_second': 64.21, 'epoch': 1.0}
{'eval_loss': 1.5588446855545044, 'eval_f1_macro': 0.3154870382044198, 'eval_f1_weighted': 0.3349929066568941, 'eval_precision_macro': 0.33769258865558827, 'eval_recall_macro': 0.38408251231527096, 'eval_accuracy': 0.4074074074074074, 'eval_runtime': 0.4156, 'eval_samples_per_second': 519.705, 'eval_steps_per_second': 64.963, 'epoch': 2.0}
{'eval_loss': 1.284419298171997, 'eval_f1_macro': 0.4955970379385952, 'eval_f1_weighted': 0.5276491828406388, 'eval_precision_macro': 0.5014985949192899, 'eval_recall_macro': 0.5487992610837438, 'eval_accuracy': 0.5833333333333334, 'eval_runtime': 0.42, 'eval_samples_per_second': 514.237, 'eval_steps_per_second': 64.28, 'epoch': 3.0}
{'train_runtime': 24.3948, 'train_samples_per_second': 123.961, 'train_steps_per_second': 15.495, 'train_loss': 1.6376179690083499, 'epoch': 3.0}
  Model             : Wav2Vec2ForSequenceClassification  (94,570,632 params, 94,570,632 trainable)
{'eval_loss': 1.8610433340072632, 'eval_f1_macro': 0.18383560037523455, 'eval_f1_weighted': 0.1945171895629213, 'eval_precision_macro': 0.13181169120928157, 'eval_recall_macro': 0.3100369458128079, 'eval_accuracy': 0.3287037037037037, 'eval_runtime': 0.4174, 'eval_samples_per_second': 517.457, 'eval_steps_per_second': 64.682, 'epoch': 1.0}
  Best f1_macro: 2.6569  |  params: {'learning_rate': 4.6970348773582056e-05, 'per_device_train_batch_size': 8, 'warmup_ratio': 0.07787942080290888, 'weight_decay': 0.0988749731701738}
  HPO complete. Skipping training (--hpo_only mode).

======================================================================
[2/3]  wav2vec2-base_emodb
  Model  : facebook/wav2vec2-base
  Dataset: renumics/emodb
  Output : /home/tu/tu_tu/tu_zxord71/asp-project/outputs/wav2vec2-base_emodb

  Loading: renumics/emodb
  Label col : emotion
  Samples   : 535  |  Classes: 7
    0: 127
    1: 81
    2: 46
    3: 69
    4: 71
    5: 79
    6: 62
  Classes   : ['anger', 'boredom', 'disgust', 'fear', 'happiness', 'neutral', 'sadness']
  Feature extractor : Wav2Vec2FeatureExtractor  (sr=16000)
  Split     : 374 train / 80 val / 81 test  (of 535)
  Model             : Wav2Vec2ForSequenceClassification  (94,570,375 params, 94,570,375 trainable)
  HPO: 10 trials × 3 epochs ...
  Model             : Wav2Vec2ForSequenceClassification  (94,570,375 params, 94,570,375 trainable)
{'eval_loss': 1.859899878501892, 'eval_f1_macro': 0.05483405483405483, 'eval_f1_weighted': 0.09116161616161615, 'eval_precision_macro': 0.033928571428571426, 'eval_recall_macro': 0.14285714285714285, 'eval_accuracy': 0.2375, 'eval_runtime': 6.4353, 'eval_samples_per_second': 12.431, 'eval_steps_per_second': 1.554, 'epoch': 1.0}
{'eval_loss': 1.6232178211212158, 'eval_f1_macro': 0.2766439909297052, 'eval_f1_weighted': 0.34325396825396826, 'eval_precision_macro': 0.22223252937538648, 'eval_recall_macro': 0.38095238095238093, 'eval_accuracy': 0.4875, 'eval_runtime': 0.1726, 'eval_samples_per_second': 463.471, 'eval_steps_per_second': 57.934, 'epoch': 2.0}
{'eval_loss': 1.5208556652069092, 'eval_f1_macro': 0.5417360277444312, 'eval_f1_weighted': 0.5982243814192343, 'eval_precision_macro': 0.5323374419540622, 'eval_recall_macro': 0.5928571428571429, 'eval_accuracy': 0.675, 'eval_runtime': 0.1741, 'eval_samples_per_second': 459.577, 'eval_steps_per_second': 57.447, 'epoch': 3.0}
{'train_runtime': 32.373, 'train_samples_per_second': 34.659, 'train_steps_per_second': 2.224, 'train_loss': 1.7601466708713107, 'epoch': 3.0}
  Model             : Wav2Vec2ForSequenceClassification  (94,570,375 params, 94,570,375 trainable)
{'eval_loss': 1.892480492591858, 'eval_f1_macro': 0.05483405483405483, 'eval_f1_weighted': 0.09116161616161615, 'eval_precision_macro': 0.033928571428571426, 'eval_recall_macro': 0.14285714285714285, 'eval_accuracy': 0.2375, 'eval_runtime': 0.1691, 'eval_samples_per_second': 473.205, 'eval_steps_per_second': 59.151, 'epoch': 1.0}
{'eval_loss': 1.6932494640350342, 'eval_f1_macro': 0.24202301763277376, 'eval_f1_weighted': 0.2999575018477457, 'eval_precision_macro': 0.3976522377109317, 'eval_recall_macro': 0.3238095238095238, 'eval_accuracy': 0.425, 'eval_runtime': 0.1765, 'eval_samples_per_second': 453.376, 'eval_steps_per_second': 56.672, 'epoch': 2.0}
{'eval_loss': 1.578863501548767, 'eval_f1_macro': 0.46553884711779453, 'eval_f1_weighted': 0.5182533539731682, 'eval_precision_macro': 0.45432256235827667, 'eval_recall_macro': 0.5071428571428571, 'eval_accuracy': 0.5875, 'eval_runtime': 0.177, 'eval_samples_per_second': 452.015, 'eval_steps_per_second': 56.502, 'epoch': 3.0}
{'train_runtime': 5.7257, 'train_samples_per_second': 195.96, 'train_steps_per_second': 6.287, 'train_loss': 1.7896984948052301, 'epoch': 3.0}
  Model             : Wav2Vec2ForSequenceClassification  (94,570,375 params, 94,570,375 trainable)
{'eval_loss': 1.868383765220642, 'eval_f1_macro': 0.05483405483405483, 'eval_f1_weighted': 0.09116161616161615, 'eval_precision_macro': 0.033928571428571426, 'eval_recall_macro': 0.14285714285714285, 'eval_accuracy': 0.2375, 'eval_runtime': 0.1749, 'eval_samples_per_second': 457.405, 'eval_steps_per_second': 57.176, 'epoch': 1.0}
{'eval_loss': 1.6453368663787842, 'eval_f1_macro': 0.2635409035409036, 'eval_f1_weighted': 0.3204871794871795, 'eval_precision_macro': 0.2068670576735093, 'eval_recall_macro': 0.37343358395989973, 'eval_accuracy': 0.45, 'eval_runtime': 0.1742, 'eval_samples_per_second': 459.279, 'eval_steps_per_second': 57.41, 'epoch': 2.0}
{'eval_loss': 1.554266333580017, 'eval_f1_macro': 0.26017181131050343, 'eval_f1_weighted': 0.31751309663975785, 'eval_precision_macro': 0.21074113856068744, 'eval_recall_macro': 0.35714285714285715, 'eval_accuracy': 0.4375, 'eval_runtime': 0.1899, 'eval_samples_per_second': 421.313, 'eval_steps_per_second': 52.664, 'epoch': 3.0}
{'train_runtime': 9.3091, 'train_samples_per_second': 120.528, 'train_steps_per_second': 15.147, 'train_loss': 1.7599603098334995, 'epoch': 3.0}
  Model             : Wav2Vec2ForSequenceClassification  (94,570,375 params, 94,570,375 trainable)
{'eval_loss': 1.544488549232483, 'eval_f1_macro': 0.24714285714285714, 'eval_f1_weighted': 0.30458928571428573, 'eval_precision_macro': 0.26132899817110344, 'eval_recall_macro': 0.34285714285714286, 'eval_accuracy': 0.4375, 'eval_runtime': 0.1738, 'eval_samples_per_second': 460.267, 'eval_steps_per_second': 57.533, 'epoch': 1.0}
{'eval_loss': 1.183923363685608, 'eval_f1_macro': 0.5673068994497567, 'eval_f1_weighted': 0.604627664002664, 'eval_precision_macro': 0.6832298136645962, 'eval_recall_macro': 0.6128893662728249, 'eval_accuracy': 0.6625, 'eval_runtime': 0.1773, 'eval_samples_per_second': 451.306, 'eval_steps_per_second': 56.413, 'epoch': 2.0}
{'eval_loss': 1.0262176990509033, 'eval_f1_macro': 0.6678647296873897, 'eval_f1_weighted': 0.711889755359583, 'eval_precision_macro': 0.7934161185877432, 'eval_recall_macro': 0.6962226996061582, 'eval_accuracy': 0.75, 'eval_runtime': 0.1713, 'eval_samples_per_second': 467.137, 'eval_steps_per_second': 58.392, 'epoch': 3.0}
{'train_runtime': 9.3001, 'train_samples_per_second': 120.644, 'train_steps_per_second': 15.161, 'train_loss': 1.4294674920697583, 'epoch': 3.0}
  Model             : Wav2Vec2ForSequenceClassification  (94,570,375 params, 94,570,375 trainable)
{'eval_loss': 1.9355957508087158, 'eval_f1_macro': 0.05483405483405483, 'eval_f1_weighted': 0.09116161616161615, 'eval_precision_macro': 0.033928571428571426, 'eval_recall_macro': 0.14285714285714285, 'eval_accuracy': 0.2375, 'eval_runtime': 0.1724, 'eval_samples_per_second': 464.003, 'eval_steps_per_second': 58.0, 'epoch': 1.0}
{'eval_loss': 1.9074585437774658, 'eval_f1_macro': 0.05483405483405483, 'eval_f1_weighted': 0.09116161616161615, 'eval_precision_macro': 0.033928571428571426, 'eval_recall_macro': 0.14285714285714285, 'eval_accuracy': 0.2375, 'eval_runtime': 0.1635, 'eval_samples_per_second': 489.271, 'eval_steps_per_second': 61.159, 'epoch': 2.0}
{'eval_loss': 1.9062988758087158, 'eval_f1_macro': 0.05483405483405483, 'eval_f1_weighted': 0.09116161616161615, 'eval_precision_macro': 0.033928571428571426, 'eval_recall_macro': 0.14285714285714285, 'eval_accuracy': 0.2375, 'eval_runtime': 0.1743, 'eval_samples_per_second': 459.091, 'eval_steps_per_second': 57.386, 'epoch': 3.0}
{'train_runtime': 9.3136, 'train_samples_per_second': 120.469, 'train_steps_per_second': 15.139, 'train_loss': 1.9254137404421543, 'epoch': 3.0}
  Model             : Wav2Vec2ForSequenceClassification  (94,570,375 params, 94,570,375 trainable)
{'eval_loss': 1.921228051185608, 'eval_f1_macro': 0.05483405483405483, 'eval_f1_weighted': 0.09116161616161615, 'eval_precision_macro': 0.033928571428571426, 'eval_recall_macro': 0.14285714285714285, 'eval_accuracy': 0.2375, 'eval_runtime': 0.1683, 'eval_samples_per_second': 475.456, 'eval_steps_per_second': 59.432, 'epoch': 1.0}
  Model             : Wav2Vec2ForSequenceClassification  (94,570,375 params, 94,570,375 trainable)
{'eval_loss': 1.818200707435608, 'eval_f1_macro': 0.05483405483405483, 'eval_f1_weighted': 0.09116161616161615, 'eval_precision_macro': 0.033928571428571426, 'eval_recall_macro': 0.14285714285714285, 'eval_accuracy': 0.2375, 'eval_runtime': 0.1671, 'eval_samples_per_second': 478.835, 'eval_steps_per_second': 59.854, 'epoch': 1.0}
  Model             : Wav2Vec2ForSequenceClassification  (94,570,375 params, 94,570,375 trainable)
{'eval_loss': 1.91473388671875, 'eval_f1_macro': 0.07560790273556231, 'eval_f1_weighted': 0.11476063829787234, 'eval_precision_macro': 0.07190476190476192, 'eval_recall_macro': 0.15476190476190474, 'eval_accuracy': 0.25, 'eval_runtime': 0.1704, 'eval_samples_per_second': 469.515, 'eval_steps_per_second': 58.689, 'epoch': 1.0}
{'eval_loss': 1.8841552734375, 'eval_f1_macro': 0.05483405483405483, 'eval_f1_weighted': 0.09116161616161615, 'eval_precision_macro': 0.033928571428571426, 'eval_recall_macro': 0.14285714285714285, 'eval_accuracy': 0.2375, 'eval_runtime': 0.168, 'eval_samples_per_second': 476.299, 'eval_steps_per_second': 59.537, 'epoch': 2.0}
  Model             : Wav2Vec2ForSequenceClassification  (94,570,375 params, 94,570,375 trainable)
{'eval_loss': 1.5482819080352783, 'eval_f1_macro': 0.14834787724286697, 'eval_f1_weighted': 0.19875600549073438, 'eval_precision_macro': 0.10173296219807848, 'eval_recall_macro': 0.2857142857142857, 'eval_accuracy': 0.3625, 'eval_runtime': 0.1808, 'eval_samples_per_second': 442.57, 'eval_steps_per_second': 55.321, 'epoch': 1.0}
{'eval_loss': 1.1492798328399658, 'eval_f1_macro': 0.46449502878074306, 'eval_f1_weighted': 0.5152129120879121, 'eval_precision_macro': 0.4612348858038513, 'eval_recall_macro': 0.5210526315789473, 'eval_accuracy': 0.5875, 'eval_runtime': 0.1674, 'eval_samples_per_second': 477.925, 'eval_steps_per_second': 59.741, 'epoch': 2.0}
{'eval_loss': 0.8913513422012329, 'eval_f1_macro': 0.6992913867449728, 'eval_f1_weighted': 0.7396076765801458, 'eval_precision_macro': 0.7972741544170115, 'eval_recall_macro': 0.7057465091299677, 'eval_accuracy': 0.7625, 'eval_runtime': 0.1738, 'eval_samples_per_second': 460.167, 'eval_steps_per_second': 57.521, 'epoch': 3.0}
{'train_runtime': 9.3877, 'train_samples_per_second': 119.518, 'train_steps_per_second': 15.02, 'train_loss': 1.3983977838610926, 'epoch': 3.0}
  Model             : Wav2Vec2ForSequenceClassification  (94,570,375 params, 94,570,375 trainable)
{'eval_loss': 1.6067688465118408, 'eval_f1_macro': 0.24194324194324193, 'eval_f1_weighted': 0.30450336700336694, 'eval_precision_macro': 0.2040816326530612, 'eval_recall_macro': 0.35714285714285715, 'eval_accuracy': 0.4375, 'eval_runtime': 0.1769, 'eval_samples_per_second': 452.2, 'eval_steps_per_second': 56.525, 'epoch': 1.0}
{'eval_loss': 1.2524750232696533, 'eval_f1_macro': 0.43826336861832577, 'eval_f1_weighted': 0.5021401782631894, 'eval_precision_macro': 0.5187728937728938, 'eval_recall_macro': 0.5020050125313283, 'eval_accuracy': 0.575, 'eval_runtime': 0.1763, 'eval_samples_per_second': 453.821, 'eval_steps_per_second': 56.728, 'epoch': 2.0}
{'eval_loss': 1.016058325767517, 'eval_f1_macro': 0.642442342790775, 'eval_f1_weighted': 0.6627032520325203, 'eval_precision_macro': 0.8422109291674509, 'eval_recall_macro': 0.677515216612961, 'eval_accuracy': 0.7125, 'eval_runtime': 0.1753, 'eval_samples_per_second': 456.342, 'eval_steps_per_second': 57.043, 'epoch': 3.0}
{'train_runtime': 6.3577, 'train_samples_per_second': 176.48, 'train_steps_per_second': 11.325, 'train_loss': 1.463211907280816, 'epoch': 3.0}
  Best f1_macro: 3.7044  |  params: {'learning_rate': 0.00010246558033540061, 'per_device_train_batch_size': 8, 'warmup_ratio': 0.19285199541568976, 'weight_decay': 0.06197103748785537}
  HPO complete. Skipping training (--hpo_only mode).

======================================================================
[3/3]  wav2vec2-base_cameo
  Model  : facebook/wav2vec2-base
  Dataset: amu-cai/CAMEO
  Output : /home/tu/tu_tu/tu_zxord71/asp-project/outputs/wav2vec2-base_cameo

  Loading: amu-cai/CAMEO
  Multiple splits found (['crema_d', 'cafe', 'emns', 'emozionalmente', 'enterface', 'jl_corpus', 'mesd', 'nemo', 'oreau', 'pavoque', 'ravdess', 'resd', 'subesco']) — concatenating into one.
  Label col : emotion
  Samples   : 41,265  |  Classes: 17
    anger: 5961
    anxiety: 240
    apology: 240
    assertiveness: 240
    calm: 192
    concern: 240
    disgust: 4368
    encouragement: 240
    enthusiasm: 198
    excitement: 395
    fear: 4977
    happiness: 5965
    neutral: 7970
    poker: 575
    sadness: 5896
    sarcasm: 142
    surprise: 3426
  Filtered to core emotions: 41,265 -> 38,563 samples (2,702 dropped)
  Classes   : ['anger', 'disgust', 'fear', 'happiness', 'neutral', 'sadness', 'surprise']
  Feature extractor : Wav2Vec2FeatureExtractor  (sr=16000)
  Split     : 26,994 train / 5,784 val / 5,785 test  (of 38,563)
  HPO subsample: 26,994 -> 5,398 train samples (stratified, 20%)
  Model             : Wav2Vec2ForSequenceClassification  (94,570,375 params, 94,570,375 trainable)
  HPO: 10 trials × 3 epochs ...
  Model             : Wav2Vec2ForSequenceClassification  (94,570,375 params, 94,570,375 trainable)
{'eval_loss': 1.5950344800949097, 'eval_f1_macro': 0.2546022504717828, 'eval_f1_weighted': 0.30417395365171734, 'eval_precision_macro': 0.40669704192076567, 'eval_recall_macro': 0.3194837674667956, 'eval_accuracy': 0.3926348547717842, 'eval_runtime': 306.1304, 'eval_samples_per_second': 18.894, 'eval_steps_per_second': 2.362, 'epoch': 1.0}
{'eval_loss': 1.3486039638519287, 'eval_f1_macro': 0.45905817419843536, 'eval_f1_weighted': 0.4958633898373255, 'eval_precision_macro': 0.5888494763929025, 'eval_recall_macro': 0.49288339972157, 'eval_accuracy': 0.536134163208852, 'eval_runtime': 11.1335, 'eval_samples_per_second': 519.513, 'eval_steps_per_second': 64.939, 'epoch': 2.0}
{'loss': 1.5045, 'grad_norm': 9.831514358520508, 'learning_rate': 2.4917097859132424e-07, 'epoch': 2.96}
{'eval_loss': 1.2819013595581055, 'eval_f1_macro': 0.4834557039638871, 'eval_f1_weighted': 0.5183570841929832, 'eval_precision_macro': 0.5843172414149908, 'eval_recall_macro': 0.5201293254826016, 'eval_accuracy': 0.5612033195020747, 'eval_runtime': 10.8692, 'eval_samples_per_second': 532.144, 'eval_steps_per_second': 66.518, 'epoch': 3.0}
{'train_runtime': 659.5593, 'train_samples_per_second': 24.553, 'train_steps_per_second': 0.769, 'train_loss': 1.5007678282096306, 'epoch': 3.0}
  Model             : Wav2Vec2ForSequenceClassification  (94,570,375 params, 94,570,375 trainable)
{'eval_loss': 1.6075562238693237, 'eval_f1_macro': 0.28862537153104667, 'eval_f1_weighted': 0.32652033747983944, 'eval_precision_macro': 0.4071826868326083, 'eval_recall_macro': 0.32385506393101765, 'eval_accuracy': 0.39125172890733056, 'eval_runtime': 10.9485, 'eval_samples_per_second': 528.292, 'eval_steps_per_second': 66.037, 'epoch': 1.0}
{'loss': 1.691, 'grad_norm': 5.7255449295043945, 'learning_rate': 9.268399785005554e-06, 'epoch': 1.48}
{'eval_loss': 1.2578972578048706, 'eval_f1_macro': 0.4862978638307958, 'eval_f1_weighted': 0.5245861497511624, 'eval_precision_macro': 0.5437667471368268, 'eval_recall_macro': 0.511424183468188, 'eval_accuracy': 0.5617219917012448, 'eval_runtime': 10.9545, 'eval_samples_per_second': 528.003, 'eval_steps_per_second': 66.0, 'epoch': 2.0}
{'loss': 1.2168, 'grad_norm': 10.836791038513184, 'learning_rate': 2.699533917962783e-07, 'epoch': 2.96}
{'eval_loss': 1.1665804386138916, 'eval_f1_macro': 0.5359413917910087, 'eval_f1_weighted': 0.5678379688075988, 'eval_precision_macro': 0.5809368832937801, 'eval_recall_macro': 0.5646306063183885, 'eval_accuracy': 0.6018326417704011, 'eval_runtime': 10.8974, 'eval_samples_per_second': 530.771, 'eval_steps_per_second': 66.346, 'epoch': 3.0}
{'train_runtime': 111.8005, 'train_samples_per_second': 144.847, 'train_steps_per_second': 9.07, 'train_loss': 1.4487958725622654, 'epoch': 3.0}
  Model             : Wav2Vec2ForSequenceClassification  (94,570,375 params, 94,570,375 trainable)
{'loss': 1.9299, 'grad_norm': 0.6760989427566528, 'learning_rate': 9.264766535944183e-05, 'epoch': 0.74}
{'eval_loss': 1.9170588254928589, 'eval_f1_macro': 0.048990116029222174, 'eval_f1_weighted': 0.07096960273320412, 'eval_precision_macro': 0.029564315352697094, 'eval_recall_macro': 0.14285714285714285, 'eval_accuracy': 0.20695020746887965, 'eval_runtime': 81.366, 'eval_samples_per_second': 71.086, 'eval_steps_per_second': 8.886, 'epoch': 1.0}
{'loss': 1.9197, 'grad_norm': 0.7382946610450745, 'learning_rate': 6.229128745661029e-05, 'epoch': 1.48}
{'eval_loss': 1.917640209197998, 'eval_f1_macro': 0.048990116029222174, 'eval_f1_weighted': 0.07096960273320412, 'eval_precision_macro': 0.029564315352697094, 'eval_recall_macro': 0.14285714285714285, 'eval_accuracy': 0.20695020746887965, 'eval_runtime': 250.4911, 'eval_samples_per_second': 23.091, 'eval_steps_per_second': 2.886, 'epoch': 2.0}
{'loss': 1.9185, 'grad_norm': 0.6649225950241089, 'learning_rate': 3.193490955377877e-05, 'epoch': 2.22}
{'loss': 1.9164, 'grad_norm': 1.1950597763061523, 'learning_rate': 1.5785316509472395e-06, 'epoch': 2.96}
{'eval_loss': 1.9167841672897339, 'eval_f1_macro': 0.048990116029222174, 'eval_f1_weighted': 0.07096960273320412, 'eval_precision_macro': 0.029564315352697094, 'eval_recall_macro': 0.14285714285714285, 'eval_accuracy': 0.20695020746887965, 'eval_runtime': 10.9916, 'eval_samples_per_second': 526.22, 'eval_steps_per_second': 65.777, 'epoch': 3.0}
{'train_runtime': 721.9864, 'train_samples_per_second': 22.43, 'train_steps_per_second': 2.805, 'train_loss': 1.9211746272334347, 'epoch': 3.0}
  Model             : Wav2Vec2ForSequenceClassification  (94,570,375 params, 94,570,375 trainable)
{'eval_loss': 1.3455458879470825, 'eval_f1_macro': 0.42576646503013343, 'eval_f1_weighted': 0.46383533978015934, 'eval_precision_macro': 0.49742126688699245, 'eval_recall_macro': 0.45893438916092183, 'eval_accuracy': 0.5034578146611342, 'eval_runtime': 10.9804, 'eval_samples_per_second': 526.758, 'eval_steps_per_second': 65.845, 'epoch': 1.0}
{'loss': 1.5404, 'grad_norm': 18.32794761657715, 'learning_rate': 2.8065699302894556e-05, 'epoch': 1.48}
{'eval_loss': 1.0532760620117188, 'eval_f1_macro': 0.5945496268554274, 'eval_f1_weighted': 0.6166293626993566, 'eval_precision_macro': 0.6132692173935741, 'eval_recall_macro': 0.5964815000073076, 'eval_accuracy': 0.6327800829875518, 'eval_runtime': 10.9563, 'eval_samples_per_second': 527.914, 'eval_steps_per_second': 65.989, 'epoch': 2.0}
{'loss': 0.9175, 'grad_norm': 17.618452072143555, 'learning_rate': 8.17447552511492e-07, 'epoch': 2.96}
{'eval_loss': 0.8936620950698853, 'eval_f1_macro': 0.677757336181127, 'eval_f1_weighted': 0.696607004759629, 'eval_precision_macro': 0.6795122923817705, 'eval_recall_macro': 0.6780207597920391, 'eval_accuracy': 0.6996887966804979, 'eval_runtime': 11.0315, 'eval_samples_per_second': 524.316, 'eval_steps_per_second': 65.54, 'epoch': 3.0}
{'train_runtime': 111.8798, 'train_samples_per_second': 144.745, 'train_steps_per_second': 9.063, 'train_loss': 1.222281961046027, 'epoch': 3.0}
  Model             : Wav2Vec2ForSequenceClassification  (94,570,375 params, 94,570,375 trainable)
{'loss': 1.6818, 'grad_norm': 11.79413890838623, 'learning_rate': 1.3777849768989945e-05, 'epoch': 0.74}
{'eval_loss': 1.2704564332962036, 'eval_f1_macro': 0.46604398777466643, 'eval_f1_weighted': 0.499921589643845, 'eval_precision_macro': 0.5273281748938895, 'eval_recall_macro': 0.4888352614765265, 'eval_accuracy': 0.54201244813278, 'eval_runtime': 10.9143, 'eval_samples_per_second': 529.948, 'eval_steps_per_second': 66.244, 'epoch': 1.0}
{'loss': 1.2756, 'grad_norm': 14.15498161315918, 'learning_rate': 9.263482216896255e-06, 'epoch': 1.48}
{'eval_loss': 1.0412408113479614, 'eval_f1_macro': 0.6059969466585321, 'eval_f1_weighted': 0.6332820665632419, 'eval_precision_macro': 0.6177809500594699, 'eval_recall_macro': 0.6090380095693713, 'eval_accuracy': 0.6434993084370678, 'eval_runtime': 10.9577, 'eval_samples_per_second': 527.85, 'eval_steps_per_second': 65.981, 'epoch': 2.0}
{'loss': 1.0272, 'grad_norm': 24.33448600769043, 'learning_rate': 4.749114664802563e-06, 'epoch': 2.22}
{'loss': 0.8616, 'grad_norm': 18.63932228088379, 'learning_rate': 2.3474711270887193e-07, 'epoch': 2.96}
{'eval_loss': 0.9677243828773499, 'eval_f1_macro': 0.6428619293935515, 'eval_f1_weighted': 0.6655928303726343, 'eval_precision_macro': 0.6469584893420202, 'eval_recall_macro': 0.6418795623792668, 'eval_accuracy': 0.6701244813278008, 'eval_runtime': 11.1219, 'eval_samples_per_second': 520.053, 'eval_steps_per_second': 65.007, 'epoch': 3.0}
{'train_runtime': 157.1312, 'train_samples_per_second': 103.06, 'train_steps_per_second': 12.887, 'train_loss': 1.2070970926167053, 'epoch': 3.0}
  Model             : Wav2Vec2ForSequenceClassification  (94,570,375 params, 94,570,375 trainable)
{'eval_loss': 1.3518363237380981, 'eval_f1_macro': 0.4098236670434443, 'eval_f1_weighted': 0.44335513513962, 'eval_precision_macro': 0.48856125390149696, 'eval_recall_macro': 0.4418744555121199, 'eval_accuracy': 0.49896265560165975, 'eval_runtime': 11.0119, 'eval_samples_per_second': 525.248, 'eval_steps_per_second': 65.656, 'epoch': 1.0}
{'eval_loss': 1.0220245122909546, 'eval_f1_macro': 0.6016159517407684, 'eval_f1_weighted': 0.6280379474582143, 'eval_precision_macro': 0.6360618886296184, 'eval_recall_macro': 0.6003014213196142, 'eval_accuracy': 0.636237897648686, 'eval_runtime': 10.9508, 'eval_samples_per_second': 528.179, 'eval_steps_per_second': 66.022, 'epoch': 2.0}
{'loss': 1.2109, 'grad_norm': 10.632323265075684, 'learning_rate': 1.7101951136483265e-06, 'epoch': 2.96}
{'eval_loss': 0.8793048858642578, 'eval_f1_macro': 0.681500112060737, 'eval_f1_weighted': 0.7001588616384459, 'eval_precision_macro': 0.6906723731832889, 'eval_recall_macro': 0.6780686645423304, 'eval_accuracy': 0.7036652835408023, 'eval_runtime': 10.9525, 'eval_samples_per_second': 528.097, 'eval_steps_per_second': 66.012, 'epoch': 3.0}
{'train_runtime': 100.7221, 'train_samples_per_second': 160.779, 'train_steps_per_second': 5.034, 'train_loss': 1.2040382720074474, 'epoch': 3.0}
  Model             : Wav2Vec2ForSequenceClassification  (94,570,375 params, 94,570,375 trainable)
{'eval_loss': 1.9190200567245483, 'eval_f1_macro': 0.048990116029222174, 'eval_f1_weighted': 0.07096960273320412, 'eval_precision_macro': 0.029564315352697094, 'eval_recall_macro': 0.14285714285714285, 'eval_accuracy': 0.20695020746887965, 'eval_runtime': 10.8978, 'eval_samples_per_second': 530.751, 'eval_steps_per_second': 66.344, 'epoch': 1.0}
  Model             : Wav2Vec2ForSequenceClassification  (94,570,375 params, 94,570,375 trainable)
{'loss': 1.8516, 'grad_norm': 0.8239839673042297, 'learning_rate': 9.419087244538046e-05, 'epoch': 0.74}
{'eval_loss': 1.9189270734786987, 'eval_f1_macro': 0.048990116029222174, 'eval_f1_weighted': 0.07096960273320412, 'eval_precision_macro': 0.029564315352697094, 'eval_recall_macro': 0.14285714285714285, 'eval_accuracy': 0.20695020746887965, 'eval_runtime': 10.9539, 'eval_samples_per_second': 528.031, 'eval_steps_per_second': 66.004, 'epoch': 1.0}
  Model             : Wav2Vec2ForSequenceClassification  (94,570,375 params, 94,570,375 trainable)
{'eval_loss': 1.5323238372802734, 'eval_f1_macro': 0.3182276536762089, 'eval_f1_weighted': 0.34922747491378153, 'eval_precision_macro': 0.455269001474668, 'eval_recall_macro': 0.36275363216216927, 'eval_accuracy': 0.40836791147994467, 'eval_runtime': 313.0245, 'eval_samples_per_second': 18.478, 'eval_steps_per_second': 2.31, 'epoch': 1.0}
  Model             : Wav2Vec2ForSequenceClassification  (94,570,375 params, 94,570,375 trainable)
{'eval_loss': 1.4064542055130005, 'eval_f1_macro': 0.38991165550572304, 'eval_f1_weighted': 0.4195383651551366, 'eval_precision_macro': 0.4643741696989426, 'eval_recall_macro': 0.427218242565013, 'eval_accuracy': 0.4832295988934993, 'eval_runtime': 11.0571, 'eval_samples_per_second': 523.101, 'eval_steps_per_second': 65.388, 'epoch': 1.0}
  Best f1_macro: 3.4541  |  params: {'learning_rate': 9.555715197510025e-05, 'per_device_train_batch_size': 32, 'warmup_ratio': 0.11727636322835802, 'weight_decay': 0.05590111550115184}
  HPO complete. Skipping training (--hpo_only mode).

Stage 1 complete. Run Stage 2 to train with the selected hyperparameters.

Stage 1 exit code: 0

============================================
Stage 2: 5-fold CV training (wav2vec2-base, 1 GPU)
============================================

======================================================================
Emotion Recognition Pipeline  [Stage 2 — Training]
======================================================================
Device    : cuda
Models    : ['wav2vec2-base']
Datasets  : ['ravdess', 'emodb', 'cameo']
Epochs    : 30  |  Batch: 32  |  LR: 3e-05  |  K-folds: 5
Output    : /home/tu/tu_tu/tu_zxord71/asp-project/outputs
======================================================================

======================================================================
[1/3]  wav2vec2-base_ravdess
  Model  : facebook/wav2vec2-base
  Dataset: xbgoose/ravdess
  Output : /home/tu/tu_tu/tu_zxord71/asp-project/outputs/wav2vec2-base_ravdess

  Loading: xbgoose/ravdess
  Label col : emotion
  Samples   : 1,440  |  Classes: 8
    angry: 192
    calm: 192
    disgust: 192
    fearful: 192
    happy: 192
    neutral: 96
    sad: 192
    surprised: 192
  Classes   : ['angry', 'calm', 'disgust', 'fearful', 'happy', 'neutral', 'sad', 'surprised']
  Feature extractor : Wav2Vec2FeatureExtractor  (sr=16000)
  Loaded hyperparameters: lr=4.6970348773582056e-05  bs=8  warmup=0.07787942080290888  wd=0.0988749731701738
  Fold 1/5: 948 train / 204 val / 288 test  (of 1,440)

  --- Fold 1/5 ---
  Model             : Wav2Vec2ForSequenceClassification  (94,570,632 params, 94,570,632 trainable)
  Training  : lr=4.6970348773582056e-05  bs=8  epochs=30  patience=5
{'loss': 2.0869, 'grad_norm': 1.8556041717529297, 'learning_rate': 1.515172541083292e-06, 'epoch': 0.08}
{'loss': 2.0834, 'grad_norm': 1.4648293256759644, 'learning_rate': 3.1986975867313946e-06, 'epoch': 0.17}
{'loss': 2.0782, 'grad_norm': 1.87192702293396, 'learning_rate': 4.8822226323794966e-06, 'epoch': 0.25}
{'loss': 2.0776, 'grad_norm': 1.2317707538604736, 'learning_rate': 6.565747678027599e-06, 'epoch': 0.34}
{'loss': 2.0794, 'grad_norm': 1.3964943885803223, 'learning_rate': 8.249272723675701e-06, 'epoch': 0.42}
{'loss': 2.0708, 'grad_norm': 1.3762720823287964, 'learning_rate': 9.932797769323804e-06, 'epoch': 0.5}
{'loss': 2.0488, 'grad_norm': 1.973861575126648, 'learning_rate': 1.1616322814971906e-05, 'epoch': 0.59}
{'loss': 2.0343, 'grad_norm': 1.7569959163665771, 'learning_rate': 1.329984786062001e-05, 'epoch': 0.67}
{'loss': 2.0452, 'grad_norm': 3.017338514328003, 'learning_rate': 1.4983372906268112e-05, 'epoch': 0.76}
{'loss': 1.995, 'grad_norm': 3.3009543418884277, 'learning_rate': 1.6666897951916216e-05, 'epoch': 0.84}
{'loss': 1.9696, 'grad_norm': 4.237680435180664, 'learning_rate': 1.8350422997564315e-05, 'epoch': 0.92}
{'eval_loss': 1.8684799671173096, 'eval_f1_macro': 0.11592960685262464, 'eval_f1_weighted': 0.12539605431454373, 'eval_precision_macro': 0.13341346153846154, 'eval_recall_macro': 0.24090608465608465, 'eval_accuracy': 0.25980392156862747, 'eval_runtime': 13.9779, 'eval_samples_per_second': 14.594, 'eval_steps_per_second': 0.501, 'epoch': 1.0}
{'loss': 1.9377, 'grad_norm': 2.3005728721618652, 'learning_rate': 2.003394804321242e-05, 'epoch': 1.01}
{'loss': 1.8827, 'grad_norm': 3.704986810684204, 'learning_rate': 2.171747308886052e-05, 'epoch': 1.09}
{'loss': 1.8384, 'grad_norm': 3.0888350009918213, 'learning_rate': 2.340099813450862e-05, 'epoch': 1.18}
{'loss': 1.7548, 'grad_norm': 3.8679137229919434, 'learning_rate': 2.5084523180156728e-05, 'epoch': 1.26}
{'loss': 1.7844, 'grad_norm': 4.3329758644104, 'learning_rate': 2.676804822580483e-05, 'epoch': 1.34}
{'loss': 1.6889, 'grad_norm': 5.476389408111572, 'learning_rate': 2.845157327145293e-05, 'epoch': 1.43}
{'loss': 1.6987, 'grad_norm': 3.9203410148620605, 'learning_rate': 3.013509831710103e-05, 'epoch': 1.51}
{'loss': 1.668, 'grad_norm': 26.38848876953125, 'learning_rate': 3.1818623362749134e-05, 'epoch': 1.6}
{'loss': 1.5909, 'grad_norm': 3.49428391456604, 'learning_rate': 3.350214840839724e-05, 'epoch': 1.68}
{'loss': 1.7451, 'grad_norm': 4.069118976593018, 'learning_rate': 3.518567345404534e-05, 'epoch': 1.76}
{'loss': 1.5537, 'grad_norm': 4.833741188049316, 'learning_rate': 3.6869198499693444e-05, 'epoch': 1.85}
{'loss': 1.5581, 'grad_norm': 5.543093204498291, 'learning_rate': 3.855272354534154e-05, 'epoch': 1.93}
{'eval_loss': 1.4303648471832275, 'eval_f1_macro': 0.511724081248856, 'eval_f1_weighted': 0.5372105188899527, 'eval_precision_macro': 0.5738328664799253, 'eval_recall_macro': 0.5600198412698413, 'eval_accuracy': 0.5931372549019608, 'eval_runtime': 0.3222, 'eval_samples_per_second': 633.117, 'eval_steps_per_second': 21.725, 'epoch': 2.0}
{'loss': 1.6206, 'grad_norm': 5.881070613861084, 'learning_rate': 4.023624859098964e-05, 'epoch': 2.02}
{'loss': 1.4424, 'grad_norm': 5.376504898071289, 'learning_rate': 4.1919773636637747e-05, 'epoch': 2.1}
{'loss': 1.553, 'grad_norm': 19.921598434448242, 'learning_rate': 4.360329868228585e-05, 'epoch': 2.18}
{'loss': 1.4864, 'grad_norm': 12.45898723602295, 'learning_rate': 4.528682372793395e-05, 'epoch': 2.27}
{'loss': 1.3863, 'grad_norm': 8.65194034576416, 'learning_rate': 4.6970348773582056e-05, 'epoch': 2.35}
{'loss': 1.3766, 'grad_norm': 6.462704181671143, 'learning_rate': 4.682762513707771e-05, 'epoch': 2.44}
{'loss': 1.3473, 'grad_norm': 17.928789138793945, 'learning_rate': 4.668490150057336e-05, 'epoch': 2.52}
{'loss': 1.42, 'grad_norm': 10.929152488708496, 'learning_rate': 4.6542177864069e-05, 'epoch': 2.61}
{'loss': 1.3381, 'grad_norm': 16.779197692871094, 'learning_rate': 4.639945422756465e-05, 'epoch': 2.69}
{'loss': 1.2365, 'grad_norm': 130.4881591796875, 'learning_rate': 4.62567305910603e-05, 'epoch': 2.77}
{'loss': 1.2864, 'grad_norm': 9.578527450561523, 'learning_rate': 4.611400695455595e-05, 'epoch': 2.86}
{'loss': 1.2592, 'grad_norm': 26.51376724243164, 'learning_rate': 4.59712833180516e-05, 'epoch': 2.94}
{'eval_loss': 1.1464807987213135, 'eval_f1_macro': 0.524500418611903, 'eval_f1_weighted': 0.5591830412753482, 'eval_precision_macro': 0.5383185646053292, 'eval_recall_macro': 0.5838293650793651, 'eval_accuracy': 0.6225490196078431, 'eval_runtime': 0.3031, 'eval_samples_per_second': 673.07, 'eval_steps_per_second': 23.096, 'epoch': 3.0}
{'loss': 1.144, 'grad_norm': 12.244784355163574, 'learning_rate': 4.5828559681547244e-05, 'epoch': 3.03}
{'loss': 1.0556, 'grad_norm': 13.00269603729248, 'learning_rate': 4.5685836045042895e-05, 'epoch': 3.11}
{'loss': 1.0609, 'grad_norm': 6.540542125701904, 'learning_rate': 4.554311240853854e-05, 'epoch': 3.19}
{'loss': 1.0458, 'grad_norm': 26.244285583496094, 'learning_rate': 4.540038877203419e-05, 'epoch': 3.28}
{'loss': 1.0105, 'grad_norm': 10.519830703735352, 'learning_rate': 4.5257665135529835e-05, 'epoch': 3.36}
{'loss': 0.9557, 'grad_norm': 21.344135284423828, 'learning_rate': 4.5114941499025486e-05, 'epoch': 3.45}
{'loss': 1.0325, 'grad_norm': 11.251693725585938, 'learning_rate': 4.497221786252114e-05, 'epoch': 3.53}
{'loss': 1.0587, 'grad_norm': 25.133134841918945, 'learning_rate': 4.482949422601679e-05, 'epoch': 3.61}
{'loss': 1.1032, 'grad_norm': 21.489410400390625, 'learning_rate': 4.468677058951243e-05, 'epoch': 3.7}
{'loss': 0.9029, 'grad_norm': 13.672608375549316, 'learning_rate': 4.454404695300808e-05, 'epoch': 3.78}
{'loss': 0.9898, 'grad_norm': 6.483068466186523, 'learning_rate': 4.440132331650373e-05, 'epoch': 3.87}
{'loss': 0.792, 'grad_norm': 7.7830986976623535, 'learning_rate': 4.425859967999938e-05, 'epoch': 3.95}
{'eval_loss': 0.840977668762207, 'eval_f1_macro': 0.6856487422632507, 'eval_f1_weighted': 0.7143674508424714, 'eval_precision_macro': 0.7358005771750512, 'eval_recall_macro': 0.6951058201058201, 'eval_accuracy': 0.7303921568627451, 'eval_runtime': 0.3058, 'eval_samples_per_second': 667.104, 'eval_steps_per_second': 22.891, 'epoch': 4.0}
{'loss': 0.8659, 'grad_norm': 31.7371883392334, 'learning_rate': 4.411587604349503e-05, 'epoch': 4.03}
{'loss': 0.9508, 'grad_norm': 9.412915229797363, 'learning_rate': 4.397315240699068e-05, 'epoch': 4.12}
{'loss': 0.8587, 'grad_norm': 1.8001610040664673, 'learning_rate': 4.3830428770486325e-05, 'epoch': 4.2}
{'loss': 0.7984, 'grad_norm': 21.351993560791016, 'learning_rate': 4.368770513398197e-05, 'epoch': 4.29}
{'loss': 0.7183, 'grad_norm': 14.227121353149414, 'learning_rate': 4.354498149747762e-05, 'epoch': 4.37}
{'loss': 0.7516, 'grad_norm': 46.90513229370117, 'learning_rate': 4.340225786097327e-05, 'epoch': 4.45}
{'loss': 0.9258, 'grad_norm': 26.509397506713867, 'learning_rate': 4.325953422446892e-05, 'epoch': 4.54}
{'loss': 0.8981, 'grad_norm': 11.267035484313965, 'learning_rate': 4.311681058796457e-05, 'epoch': 4.62}
{'loss': 0.8593, 'grad_norm': 36.334388732910156, 'learning_rate': 4.297408695146022e-05, 'epoch': 4.71}
{'loss': 0.7842, 'grad_norm': 48.653900146484375, 'learning_rate': 4.283136331495586e-05, 'epoch': 4.79}
{'loss': 0.6894, 'grad_norm': 17.45561981201172, 'learning_rate': 4.2688639678451513e-05, 'epoch': 4.87}
{'loss': 0.6981, 'grad_norm': 52.36724090576172, 'learning_rate': 4.254591604194716e-05, 'epoch': 4.96}
{'eval_loss': 1.2657740116119385, 'eval_f1_macro': 0.5906520095223562, 'eval_f1_weighted': 0.5923239255395866, 'eval_precision_macro': 0.6696017524142523, 'eval_recall_macro': 0.6145833333333334, 'eval_accuracy': 0.6078431372549019, 'eval_runtime': 0.326, 'eval_samples_per_second': 625.805, 'eval_steps_per_second': 21.474, 'epoch': 5.0}
{'loss': 1.1655, 'grad_norm': 19.034210205078125, 'learning_rate': 4.240319240544281e-05, 'epoch': 5.04}
{'loss': 0.5773, 'grad_norm': 8.675227165222168, 'learning_rate': 4.226046876893846e-05, 'epoch': 5.13}
{'loss': 0.3925, 'grad_norm': 6.926647663116455, 'learning_rate': 4.211774513243411e-05, 'epoch': 5.21}
{'loss': 0.4598, 'grad_norm': 14.100021362304688, 'learning_rate': 4.1975021495929755e-05, 'epoch': 5.29}
{'loss': 0.5425, 'grad_norm': 16.768592834472656, 'learning_rate': 4.18322978594254e-05, 'epoch': 5.38}
{'loss': 0.5209, 'grad_norm': 69.06426239013672, 'learning_rate': 4.168957422292105e-05, 'epoch': 5.46}
{'loss': 0.4523, 'grad_norm': 44.04429244995117, 'learning_rate': 4.15468505864167e-05, 'epoch': 5.55}
{'loss': 0.3977, 'grad_norm': 1.1395763158798218, 'learning_rate': 4.140412694991235e-05, 'epoch': 5.63}
{'loss': 0.4463, 'grad_norm': 49.0626106262207, 'learning_rate': 4.1261403313408004e-05, 'epoch': 5.71}
{'loss': 0.4671, 'grad_norm': 17.313344955444336, 'learning_rate': 4.111867967690365e-05, 'epoch': 5.8}
{'loss': 0.6305, 'grad_norm': 21.29277801513672, 'learning_rate': 4.097595604039929e-05, 'epoch': 5.88}
{'loss': 0.4698, 'grad_norm': 24.392179489135742, 'learning_rate': 4.083323240389494e-05, 'epoch': 5.97}
{'eval_loss': 0.7112999558448792, 'eval_f1_macro': 0.7863399127506423, 'eval_f1_weighted': 0.794168336737101, 'eval_precision_macro': 0.8095937998405103, 'eval_recall_macro': 0.7933201058201058, 'eval_accuracy': 0.7941176470588235, 'eval_runtime': 0.3163, 'eval_samples_per_second': 645.039, 'eval_steps_per_second': 22.134, 'epoch': 6.0}
{'loss': 0.3128, 'grad_norm': 5.451096534729004, 'learning_rate': 4.0690508767390594e-05, 'epoch': 6.05}
{'loss': 0.2853, 'grad_norm': 0.8886523842811584, 'learning_rate': 4.0547785130886246e-05, 'epoch': 6.13}
{'loss': 0.5357, 'grad_norm': 88.41339111328125, 'learning_rate': 4.040506149438189e-05, 'epoch': 6.22}
{'loss': 0.4629, 'grad_norm': 9.004264831542969, 'learning_rate': 4.026233785787754e-05, 'epoch': 6.3}
{'loss': 0.5012, 'grad_norm': 50.182193756103516, 'learning_rate': 4.0119614221373185e-05, 'epoch': 6.39}
{'loss': 0.2926, 'grad_norm': 0.790987491607666, 'learning_rate': 3.9976890584868836e-05, 'epoch': 6.47}
{'loss': 0.4322, 'grad_norm': 40.6879768371582, 'learning_rate': 3.983416694836448e-05, 'epoch': 6.55}
{'loss': 0.3926, 'grad_norm': 64.68881225585938, 'learning_rate': 3.969144331186013e-05, 'epoch': 6.64}
{'loss': 0.5919, 'grad_norm': 63.673946380615234, 'learning_rate': 3.954871967535578e-05, 'epoch': 6.72}
{'loss': 0.5265, 'grad_norm': 6.1307291984558105, 'learning_rate': 3.9405996038851434e-05, 'epoch': 6.81}
{'loss': 0.411, 'grad_norm': 2.300312042236328, 'learning_rate': 3.926327240234708e-05, 'epoch': 6.89}
{'loss': 0.3737, 'grad_norm': 79.61534118652344, 'learning_rate': 3.912054876584272e-05, 'epoch': 6.97}
{'eval_loss': 1.061354398727417, 'eval_f1_macro': 0.7276243364478658, 'eval_f1_weighted': 0.7523670293566488, 'eval_precision_macro': 0.7530055826678497, 'eval_recall_macro': 0.7213955026455027, 'eval_accuracy': 0.75, 'eval_runtime': 0.2993, 'eval_samples_per_second': 681.694, 'eval_steps_per_second': 23.391, 'epoch': 7.0}
{'loss': 0.6006, 'grad_norm': 0.8699588775634766, 'learning_rate': 3.897782512933837e-05, 'epoch': 7.06}
{'loss': 0.2534, 'grad_norm': 4.120309829711914, 'learning_rate': 3.8835101492834024e-05, 'epoch': 7.14}
{'loss': 0.1345, 'grad_norm': 0.4459550678730011, 'learning_rate': 3.8692377856329675e-05, 'epoch': 7.23}
{'loss': 0.4694, 'grad_norm': 10.669949531555176, 'learning_rate': 3.8549654219825326e-05, 'epoch': 7.31}
{'loss': 0.2, 'grad_norm': 0.3434571921825409, 'learning_rate': 3.840693058332097e-05, 'epoch': 7.39}
{'loss': 0.1477, 'grad_norm': 9.67620849609375, 'learning_rate': 3.8264206946816615e-05, 'epoch': 7.48}
{'loss': 0.1498, 'grad_norm': 3.293501853942871, 'learning_rate': 3.8121483310312266e-05, 'epoch': 7.56}
{'loss': 0.2918, 'grad_norm': 14.62758731842041, 'learning_rate': 3.797875967380792e-05, 'epoch': 7.65}
{'loss': 0.3935, 'grad_norm': 0.23491857945919037, 'learning_rate': 3.783603603730357e-05, 'epoch': 7.73}
{'loss': 0.3249, 'grad_norm': 120.09130859375, 'learning_rate': 3.769331240079921e-05, 'epoch': 7.82}
{'loss': 0.2673, 'grad_norm': 65.34638214111328, 'learning_rate': 3.7550588764294864e-05, 'epoch': 7.9}
{'loss': 0.3052, 'grad_norm': 0.23802900314331055, 'learning_rate': 3.740786512779051e-05, 'epoch': 7.98}
{'eval_loss': 0.7000787854194641, 'eval_f1_macro': 0.8069417312415509, 'eval_f1_weighted': 0.8246520616344793, 'eval_precision_macro': 0.833474361967009, 'eval_recall_macro': 0.8176256613756614, 'eval_accuracy': 0.8186274509803921, 'eval_runtime': 0.3006, 'eval_samples_per_second': 678.656, 'eval_steps_per_second': 23.287, 'epoch': 8.0}
{'loss': 0.185, 'grad_norm': 46.080177307128906, 'learning_rate': 3.726514149128616e-05, 'epoch': 8.07}
{'loss': 0.1236, 'grad_norm': 0.2839336693286896, 'learning_rate': 3.71224178547818e-05, 'epoch': 8.15}
{'loss': 0.2967, 'grad_norm': 0.16985371708869934, 'learning_rate': 3.6979694218277454e-05, 'epoch': 8.24}
{'loss': 0.2206, 'grad_norm': 38.3995361328125, 'learning_rate': 3.6836970581773105e-05, 'epoch': 8.32}
{'loss': 0.0635, 'grad_norm': 85.76497650146484, 'learning_rate': 3.6694246945268756e-05, 'epoch': 8.4}
{'loss': 0.117, 'grad_norm': 54.337650299072266, 'learning_rate': 3.65515233087644e-05, 'epoch': 8.49}
{'loss': 0.2526, 'grad_norm': 60.7476806640625, 'learning_rate': 3.6408799672260045e-05, 'epoch': 8.57}
{'loss': 0.1493, 'grad_norm': 49.918670654296875, 'learning_rate': 3.6266076035755696e-05, 'epoch': 8.66}
{'loss': 0.3813, 'grad_norm': 0.11503574997186661, 'learning_rate': 3.612335239925135e-05, 'epoch': 8.74}
{'loss': 0.3062, 'grad_norm': 0.18072214722633362, 'learning_rate': 3.5980628762747e-05, 'epoch': 8.82}
{'loss': 0.3039, 'grad_norm': 0.15367239713668823, 'learning_rate': 3.583790512624265e-05, 'epoch': 8.91}
{'loss': 0.2993, 'grad_norm': 0.11479152739048004, 'learning_rate': 3.5695181489738294e-05, 'epoch': 8.99}
{'eval_loss': 0.647899866104126, 'eval_f1_macro': 0.8400102755206464, 'eval_f1_weighted': 0.855979763436075, 'eval_precision_macro': 0.8468461984396356, 'eval_recall_macro': 0.8402777777777777, 'eval_accuracy': 0.8578431372549019, 'eval_runtime': 0.3085, 'eval_samples_per_second': 661.241, 'eval_steps_per_second': 22.69, 'epoch': 9.0}
{'loss': 0.1272, 'grad_norm': 0.5448507070541382, 'learning_rate': 3.555245785323394e-05, 'epoch': 9.08}
{'loss': 0.1943, 'grad_norm': 16.694324493408203, 'learning_rate': 3.540973421672959e-05, 'epoch': 9.16}
{'loss': 0.3867, 'grad_norm': 9.997578620910645, 'learning_rate': 3.526701058022524e-05, 'epoch': 9.24}
{'loss': 0.2565, 'grad_norm': 2.4134252071380615, 'learning_rate': 3.512428694372089e-05, 'epoch': 9.33}
{'loss': 0.0306, 'grad_norm': 0.1219639703631401, 'learning_rate': 3.4981563307216535e-05, 'epoch': 9.41}
{'loss': 0.4072, 'grad_norm': 0.14162702858448029, 'learning_rate': 3.4838839670712186e-05, 'epoch': 9.5}
{'loss': 0.1785, 'grad_norm': 0.08915990591049194, 'learning_rate': 3.469611603420783e-05, 'epoch': 9.58}
{'loss': 0.2301, 'grad_norm': 0.10190124809741974, 'learning_rate': 3.455339239770348e-05, 'epoch': 9.66}
{'loss': 0.0742, 'grad_norm': 2.487355947494507, 'learning_rate': 3.4410668761199126e-05, 'epoch': 9.75}
{'loss': 0.2919, 'grad_norm': 0.08544088155031204, 'learning_rate': 3.426794512469478e-05, 'epoch': 9.83}
{'loss': 0.1861, 'grad_norm': 4.465504169464111, 'learning_rate': 3.412522148819043e-05, 'epoch': 9.92}
{'loss': 0.016, 'grad_norm': 0.08812446892261505, 'learning_rate': 3.398249785168608e-05, 'epoch': 10.0}
{'eval_loss': 0.5740203857421875, 'eval_f1_macro': 0.8881067144363313, 'eval_f1_weighted': 0.8962940262388741, 'eval_precision_macro': 0.8962164750957854, 'eval_recall_macro': 0.8898809523809523, 'eval_accuracy': 0.8970588235294118, 'eval_runtime': 0.2962, 'eval_samples_per_second': 688.769, 'eval_steps_per_second': 23.634, 'epoch': 10.0}
{'loss': 0.166, 'grad_norm': 52.61955261230469, 'learning_rate': 3.3839774215181723e-05, 'epoch': 10.08}
{'loss': 0.2387, 'grad_norm': 0.07843101769685745, 'learning_rate': 3.369705057867737e-05, 'epoch': 10.17}
{'loss': 0.2833, 'grad_norm': 0.09125540405511856, 'learning_rate': 3.355432694217302e-05, 'epoch': 10.25}
{'loss': 0.2955, 'grad_norm': 0.054963696748018265, 'learning_rate': 3.341160330566867e-05, 'epoch': 10.34}
{'loss': 0.1253, 'grad_norm': 0.05730191618204117, 'learning_rate': 3.326887966916432e-05, 'epoch': 10.42}
{'loss': 0.1767, 'grad_norm': 0.0907711461186409, 'learning_rate': 3.312615603265997e-05, 'epoch': 10.5}
{'loss': 0.0079, 'grad_norm': 1.6684129238128662, 'learning_rate': 3.2983432396155616e-05, 'epoch': 10.59}
{'loss': 0.2869, 'grad_norm': 6.192090034484863, 'learning_rate': 3.284070875965126e-05, 'epoch': 10.67}
{'loss': 0.1086, 'grad_norm': 0.0866362601518631, 'learning_rate': 3.269798512314691e-05, 'epoch': 10.76}
{'loss': 0.1045, 'grad_norm': 0.050361331552267075, 'learning_rate': 3.255526148664256e-05, 'epoch': 10.84}
{'loss': 0.0134, 'grad_norm': 0.07345886528491974, 'learning_rate': 3.2412537850138214e-05, 'epoch': 10.92}
{'eval_loss': 0.9115289449691772, 'eval_f1_macro': 0.8269442836088643, 'eval_f1_weighted': 0.8383375792177236, 'eval_precision_macro': 0.8371592415597757, 'eval_recall_macro': 0.8344907407407407, 'eval_accuracy': 0.8333333333333334, 'eval_runtime': 0.2947, 'eval_samples_per_second': 692.297, 'eval_steps_per_second': 23.755, 'epoch': 11.0}
{'loss': 0.0119, 'grad_norm': 0.04857514426112175, 'learning_rate': 3.226981421363386e-05, 'epoch': 11.01}
{'loss': 0.0338, 'grad_norm': 125.70308685302734, 'learning_rate': 3.212709057712951e-05, 'epoch': 11.09}
{'loss': 0.4073, 'grad_norm': 0.05932369455695152, 'learning_rate': 3.198436694062515e-05, 'epoch': 11.18}
{'loss': 0.0103, 'grad_norm': 0.0375787578523159, 'learning_rate': 3.1841643304120804e-05, 'epoch': 11.26}
{'loss': 0.0756, 'grad_norm': 0.049152299761772156, 'learning_rate': 3.1698919667616455e-05, 'epoch': 11.34}
{'loss': 0.0496, 'grad_norm': 0.09207026660442352, 'learning_rate': 3.15561960311121e-05, 'epoch': 11.43}
{'loss': 0.0805, 'grad_norm': 0.04767564311623573, 'learning_rate': 3.141347239460775e-05, 'epoch': 11.51}
{'loss': 0.0073, 'grad_norm': 0.03938273340463638, 'learning_rate': 3.12707487581034e-05, 'epoch': 11.6}
{'loss': 0.0928, 'grad_norm': 0.0681350827217102, 'learning_rate': 3.1128025121599046e-05, 'epoch': 11.68}
{'loss': 0.3618, 'grad_norm': 0.055275820195674896, 'learning_rate': 3.098530148509469e-05, 'epoch': 11.76}
{'loss': 0.0056, 'grad_norm': 0.04915918409824371, 'learning_rate': 3.084257784859034e-05, 'epoch': 11.85}
{'loss': 0.2026, 'grad_norm': 0.03728438541293144, 'learning_rate': 3.069985421208599e-05, 'epoch': 11.93}
{'eval_loss': 0.752072811126709, 'eval_f1_macro': 0.8534745386619451, 'eval_f1_weighted': 0.8591734943426919, 'eval_precision_macro': 0.8602797733077905, 'eval_recall_macro': 0.8665674603174602, 'eval_accuracy': 0.8627450980392157, 'eval_runtime': 0.2959, 'eval_samples_per_second': 689.504, 'eval_steps_per_second': 23.659, 'epoch': 12.0}
{'loss': 0.0514, 'grad_norm': 0.05566380172967911, 'learning_rate': 3.0557130575581644e-05, 'epoch': 12.02}
{'loss': 0.0258, 'grad_norm': 0.8448811173439026, 'learning_rate': 3.041440693907729e-05, 'epoch': 12.1}
{'loss': 0.0631, 'grad_norm': 2.4029250144958496, 'learning_rate': 3.0271683302572936e-05, 'epoch': 12.18}
{'loss': 0.0047, 'grad_norm': 0.05812636390328407, 'learning_rate': 3.0128959666068587e-05, 'epoch': 12.27}
{'loss': 0.0099, 'grad_norm': 0.03396977484226227, 'learning_rate': 2.9986236029564234e-05, 'epoch': 12.35}
{'loss': 0.0932, 'grad_norm': 139.56536865234375, 'learning_rate': 2.9843512393059885e-05, 'epoch': 12.44}
{'loss': 0.1774, 'grad_norm': 0.03761277720332146, 'learning_rate': 2.9700788756555536e-05, 'epoch': 12.52}
{'loss': 0.0394, 'grad_norm': 0.04033290594816208, 'learning_rate': 2.955806512005118e-05, 'epoch': 12.61}
{'loss': 0.027, 'grad_norm': 0.06579010933637619, 'learning_rate': 2.941534148354683e-05, 'epoch': 12.69}
{'loss': 0.0515, 'grad_norm': 0.029553821310400963, 'learning_rate': 2.927261784704248e-05, 'epoch': 12.77}
{'loss': 0.0462, 'grad_norm': 0.03487762436270714, 'learning_rate': 2.9129894210538127e-05, 'epoch': 12.86}
{'loss': 0.0471, 'grad_norm': 0.10687249898910522, 'learning_rate': 2.8987170574033778e-05, 'epoch': 12.94}
{'eval_loss': 0.8198506832122803, 'eval_f1_macro': 0.8530961875112826, 'eval_f1_weighted': 0.865189517450531, 'eval_precision_macro': 0.8626705653021443, 'eval_recall_macro': 0.8664021164021163, 'eval_accuracy': 0.8627450980392157, 'eval_runtime': 0.3068, 'eval_samples_per_second': 664.966, 'eval_steps_per_second': 22.817, 'epoch': 13.0}
{'loss': 0.0874, 'grad_norm': 0.042461466044187546, 'learning_rate': 2.8844446937529423e-05, 'epoch': 13.03}
{'loss': 0.059, 'grad_norm': 0.02924734726548195, 'learning_rate': 2.8701723301025074e-05, 'epoch': 13.11}
{'loss': 0.0065, 'grad_norm': 0.08645924180746078, 'learning_rate': 2.855899966452072e-05, 'epoch': 13.19}
{'loss': 0.0821, 'grad_norm': 0.03176795318722725, 'learning_rate': 2.8416276028016372e-05, 'epoch': 13.28}
{'loss': 0.0079, 'grad_norm': 0.03627946600317955, 'learning_rate': 2.8273552391512017e-05, 'epoch': 13.36}
{'loss': 0.0034, 'grad_norm': 0.035802941769361496, 'learning_rate': 2.8130828755007664e-05, 'epoch': 13.45}
{'loss': 0.0834, 'grad_norm': 0.025770826265215874, 'learning_rate': 2.7988105118503315e-05, 'epoch': 13.53}
{'loss': 0.0028, 'grad_norm': 0.14453497529029846, 'learning_rate': 2.7845381481998966e-05, 'epoch': 13.61}
{'loss': 0.011, 'grad_norm': 0.032773200422525406, 'learning_rate': 2.7702657845494614e-05, 'epoch': 13.7}
{'loss': 0.0734, 'grad_norm': 0.042636189609766006, 'learning_rate': 2.755993420899026e-05, 'epoch': 13.78}
{'loss': 0.1175, 'grad_norm': 0.025162098929286003, 'learning_rate': 2.741721057248591e-05, 'epoch': 13.87}
{'loss': 0.0026, 'grad_norm': 0.021900225430727005, 'learning_rate': 2.7274486935981557e-05, 'epoch': 13.95}
{'eval_loss': 0.9594004154205322, 'eval_f1_macro': 0.8434862974008075, 'eval_f1_weighted': 0.8578557061181288, 'eval_precision_macro': 0.8604798115827528, 'eval_recall_macro': 0.857473544973545, 'eval_accuracy': 0.8529411764705882, 'eval_runtime': 0.309, 'eval_samples_per_second': 660.191, 'eval_steps_per_second': 22.654, 'epoch': 14.0}
{'loss': 0.1795, 'grad_norm': 0.018443267792463303, 'learning_rate': 2.7131763299477208e-05, 'epoch': 14.03}
{'loss': 0.0857, 'grad_norm': 0.024198051542043686, 'learning_rate': 2.698903966297286e-05, 'epoch': 14.12}
{'loss': 0.1589, 'grad_norm': 0.026555100455880165, 'learning_rate': 2.6846316026468504e-05, 'epoch': 14.2}
{'loss': 0.0028, 'grad_norm': 0.022224759683012962, 'learning_rate': 2.670359238996415e-05, 'epoch': 14.29}
{'loss': 0.0042, 'grad_norm': 0.04701727256178856, 'learning_rate': 2.6560868753459802e-05, 'epoch': 14.37}
{'loss': 0.0025, 'grad_norm': 0.02503095753490925, 'learning_rate': 2.641814511695545e-05, 'epoch': 14.45}
{'loss': 0.0712, 'grad_norm': 5.630606651306152, 'learning_rate': 2.62754214804511e-05, 'epoch': 14.54}
{'loss': 0.0037, 'grad_norm': 0.05918033793568611, 'learning_rate': 2.6132697843946745e-05, 'epoch': 14.62}
{'loss': 0.1553, 'grad_norm': 120.35263061523438, 'learning_rate': 2.5989974207442396e-05, 'epoch': 14.71}
{'loss': 0.091, 'grad_norm': 0.3190033435821533, 'learning_rate': 2.5847250570938044e-05, 'epoch': 14.79}
{'loss': 0.0257, 'grad_norm': 0.02457699365913868, 'learning_rate': 2.5704526934433695e-05, 'epoch': 14.87}
{'loss': 0.004, 'grad_norm': 0.018146248534321785, 'learning_rate': 2.556180329792934e-05, 'epoch': 14.96}
{'eval_loss': 0.7531089782714844, 'eval_f1_macro': 0.861516734995083, 'eval_f1_weighted': 0.8690810826829035, 'eval_precision_macro': 0.8713482300548395, 'eval_recall_macro': 0.8758267195767195, 'eval_accuracy': 0.8725490196078431, 'eval_runtime': 0.3057, 'eval_samples_per_second': 667.229, 'eval_steps_per_second': 22.895, 'epoch': 15.0}
{'train_runtime': 192.4704, 'train_samples_per_second': 147.763, 'train_steps_per_second': 18.548, 'train_loss': 0.6013197952959718, 'epoch': 15.0}
  Finished  : epoch 15/30 | runtime 192s | 147.8 samples/s
              precision    recall  f1-score   support

       angry       0.97      1.00      0.99        39
        calm       0.97      0.84      0.90        38
     disgust       1.00      0.95      0.97        39
     fearful       0.82      0.95      0.88        38
       happy       0.97      0.82      0.89        39
     neutral       0.62      0.84      0.71        19
         sad       0.88      0.74      0.80        38
   surprised       0.84      0.95      0.89        38

    accuracy                           0.89       288
   macro avg       0.88      0.89      0.88       288
weighted avg       0.90      0.89      0.89       288

  F1-Macro 0.8787 | Accuracy 0.8889 | Precision 0.8825 | Recall 0.8856
  Fold 2/5: 948 train / 204 val / 288 test  (of 1,440)

  --- Fold 2/5 ---
  Model             : Wav2Vec2ForSequenceClassification  (94,570,632 params, 94,570,632 trainable)
  Training  : lr=4.6970348773582056e-05  bs=8  epochs=30  patience=5
{'loss': 2.0735, 'grad_norm': 1.886001706123352, 'learning_rate': 1.515172541083292e-06, 'epoch': 0.08}
{'loss': 2.0751, 'grad_norm': nan, 'learning_rate': 3.1986975867313946e-06, 'epoch': 0.17}
{'loss': 2.0649, 'grad_norm': 3.0660130977630615, 'learning_rate': 4.8822226323794966e-06, 'epoch': 0.25}
{'loss': 2.0706, 'grad_norm': 1.6833553314208984, 'learning_rate': 6.565747678027599e-06, 'epoch': 0.34}
{'loss': 2.076, 'grad_norm': 1.9500313997268677, 'learning_rate': 8.249272723675701e-06, 'epoch': 0.42}
{'loss': 2.0696, 'grad_norm': nan, 'learning_rate': 9.932797769323804e-06, 'epoch': 0.5}
{'loss': 2.0456, 'grad_norm': 2.3886468410491943, 'learning_rate': 1.1616322814971906e-05, 'epoch': 0.59}
{'loss': 2.0457, 'grad_norm': 5.012202262878418, 'learning_rate': 1.329984786062001e-05, 'epoch': 0.67}
{'loss': 2.042, 'grad_norm': 5.976344108581543, 'learning_rate': 1.4983372906268112e-05, 'epoch': 0.76}
{'loss': 1.9858, 'grad_norm': 10.896934509277344, 'learning_rate': 1.6666897951916216e-05, 'epoch': 0.84}
{'loss': 1.9804, 'grad_norm': 6.296154022216797, 'learning_rate': 1.8350422997564315e-05, 'epoch': 0.92}
{'eval_loss': 1.918950080871582, 'eval_f1_macro': 0.2064517200494141, 'eval_f1_weighted': 0.2210006743549475, 'eval_precision_macro': 0.335638998682477, 'eval_recall_macro': 0.2966269841269841, 'eval_accuracy': 0.31862745098039214, 'eval_runtime': 0.5126, 'eval_samples_per_second': 397.948, 'eval_steps_per_second': 13.655, 'epoch': 1.0}
{'loss': 1.9593, 'grad_norm': 12.00870132446289, 'learning_rate': 2.003394804321242e-05, 'epoch': 1.01}
{'loss': 1.9189, 'grad_norm': 5.267911434173584, 'learning_rate': 2.171747308886052e-05, 'epoch': 1.09}
{'loss': 1.8575, 'grad_norm': 3.3802497386932373, 'learning_rate': 2.340099813450862e-05, 'epoch': 1.18}
{'loss': 1.8161, 'grad_norm': 2.611853837966919, 'learning_rate': 2.5084523180156728e-05, 'epoch': 1.26}
{'loss': 1.7988, 'grad_norm': 5.677775859832764, 'learning_rate': 2.676804822580483e-05, 'epoch': 1.34}
{'loss': 1.867, 'grad_norm': 6.5551838874816895, 'learning_rate': 2.845157327145293e-05, 'epoch': 1.43}
{'loss': 1.8668, 'grad_norm': 7.463459014892578, 'learning_rate': 3.013509831710103e-05, 'epoch': 1.51}
{'loss': 1.7675, 'grad_norm': 8.156538009643555, 'learning_rate': 3.1818623362749134e-05, 'epoch': 1.6}
{'loss': 1.6522, 'grad_norm': 3.9031147956848145, 'learning_rate': 3.350214840839724e-05, 'epoch': 1.68}
{'loss': 1.7355, 'grad_norm': 8.886293411254883, 'learning_rate': 3.518567345404534e-05, 'epoch': 1.76}
{'loss': 1.5852, 'grad_norm': 7.024226665496826, 'learning_rate': 3.6869198499693444e-05, 'epoch': 1.85}
{'loss': 1.5896, 'grad_norm': 6.209697246551514, 'learning_rate': 3.855272354534154e-05, 'epoch': 1.93}
{'eval_loss': 1.4517008066177368, 'eval_f1_macro': 0.4406010656010656, 'eval_f1_weighted': 0.46950257755884356, 'eval_precision_macro': 0.4911755952380953, 'eval_recall_macro': 0.5, 'eval_accuracy': 0.5343137254901961, 'eval_runtime': 0.3256, 'eval_samples_per_second': 626.467, 'eval_steps_per_second': 21.496, 'epoch': 2.0}
{'loss': 1.4674, 'grad_norm': 6.434222221374512, 'learning_rate': 4.023624859098964e-05, 'epoch': 2.02}
{'loss': 1.4207, 'grad_norm': 37.905609130859375, 'learning_rate': 4.1919773636637747e-05, 'epoch': 2.1}
{'loss': 1.525, 'grad_norm': 20.63120460510254, 'learning_rate': 4.360329868228585e-05, 'epoch': 2.18}
{'loss': 1.4136, 'grad_norm': 8.557120323181152, 'learning_rate': 4.528682372793395e-05, 'epoch': 2.27}
{'loss': 1.2021, 'grad_norm': 12.583690643310547, 'learning_rate': 4.6970348773582056e-05, 'epoch': 2.35}
{'loss': 1.2819, 'grad_norm': 46.46564483642578, 'learning_rate': 4.682762513707771e-05, 'epoch': 2.44}
{'loss': 1.4268, 'grad_norm': 14.488303184509277, 'learning_rate': 4.668490150057336e-05, 'epoch': 2.52}
{'loss': 1.3098, 'grad_norm': 10.543574333190918, 'learning_rate': 4.6542177864069e-05, 'epoch': 2.61}
{'loss': 1.3505, 'grad_norm': 8.777484893798828, 'learning_rate': 4.639945422756465e-05, 'epoch': 2.69}
{'loss': 1.29, 'grad_norm': 17.05185317993164, 'learning_rate': 4.62567305910603e-05, 'epoch': 2.77}
{'loss': 1.2627, 'grad_norm': 13.032421112060547, 'learning_rate': 4.611400695455595e-05, 'epoch': 2.86}
{'loss': 1.631, 'grad_norm': 7.521212577819824, 'learning_rate': 4.59712833180516e-05, 'epoch': 2.94}
{'eval_loss': 1.537097454071045, 'eval_f1_macro': 0.4222532176286047, 'eval_f1_weighted': 0.42818249482563814, 'eval_precision_macro': 0.6962568681318682, 'eval_recall_macro': 0.4310515873015873, 'eval_accuracy': 0.44607843137254904, 'eval_runtime': 0.282, 'eval_samples_per_second': 723.427, 'eval_steps_per_second': 24.823, 'epoch': 3.0}
{'loss': 1.3284, 'grad_norm': 19.839086532592773, 'learning_rate': 4.5828559681547244e-05, 'epoch': 3.03}
{'loss': 1.0682, 'grad_norm': 3.2194976806640625, 'learning_rate': 4.5685836045042895e-05, 'epoch': 3.11}
{'loss': 0.9797, 'grad_norm': 4.101378917694092, 'learning_rate': 4.554311240853854e-05, 'epoch': 3.19}
{'loss': 1.0173, 'grad_norm': 6.090123653411865, 'learning_rate': 4.540038877203419e-05, 'epoch': 3.28}
{'loss': 0.9348, 'grad_norm': 9.98720645904541, 'learning_rate': 4.5257665135529835e-05, 'epoch': 3.36}
{'loss': 0.9191, 'grad_norm': 6.329034805297852, 'learning_rate': 4.5114941499025486e-05, 'epoch': 3.45}
{'loss': 0.8468, 'grad_norm': 5.78900671005249, 'learning_rate': 4.497221786252114e-05, 'epoch': 3.53}
{'loss': 1.0119, 'grad_norm': 12.940077781677246, 'learning_rate': 4.482949422601679e-05, 'epoch': 3.61}
{'loss': 1.0357, 'grad_norm': 8.267528533935547, 'learning_rate': 4.468677058951243e-05, 'epoch': 3.7}
{'loss': 0.9047, 'grad_norm': 9.05484676361084, 'learning_rate': 4.454404695300808e-05, 'epoch': 3.78}
{'loss': 0.8885, 'grad_norm': 1.6861381530761719, 'learning_rate': 4.440132331650373e-05, 'epoch': 3.87}
{'loss': 0.9222, 'grad_norm': 16.38640594482422, 'learning_rate': 4.425859967999938e-05, 'epoch': 3.95}
{'eval_loss': 1.0089688301086426, 'eval_f1_macro': 0.6705834943064046, 'eval_f1_weighted': 0.6761483826681423, 'eval_precision_macro': 0.6976851851851852, 'eval_recall_macro': 0.6823743386243386, 'eval_accuracy': 0.6813725490196079, 'eval_runtime': 0.2906, 'eval_samples_per_second': 701.879, 'eval_steps_per_second': 24.084, 'epoch': 4.0}
{'loss': 0.8954, 'grad_norm': 13.527246475219727, 'learning_rate': 4.411587604349503e-05, 'epoch': 4.03}
{'loss': 0.9716, 'grad_norm': 11.230484962463379, 'learning_rate': 4.397315240699068e-05, 'epoch': 4.12}
{'loss': 0.7121, 'grad_norm': 13.064269065856934, 'learning_rate': 4.3830428770486325e-05, 'epoch': 4.2}
{'loss': 0.7225, 'grad_norm': 18.750329971313477, 'learning_rate': 4.368770513398197e-05, 'epoch': 4.29}
{'loss': 0.7113, 'grad_norm': 12.909220695495605, 'learning_rate': 4.354498149747762e-05, 'epoch': 4.37}
{'loss': 0.6801, 'grad_norm': 16.876741409301758, 'learning_rate': 4.340225786097327e-05, 'epoch': 4.45}
{'loss': 0.6595, 'grad_norm': 8.598478317260742, 'learning_rate': 4.325953422446892e-05, 'epoch': 4.54}
{'loss': 0.6412, 'grad_norm': 2.434560775756836, 'learning_rate': 4.311681058796457e-05, 'epoch': 4.62}
{'loss': 0.7821, 'grad_norm': 14.229423522949219, 'learning_rate': 4.297408695146022e-05, 'epoch': 4.71}
{'loss': 0.708, 'grad_norm': 25.50982666015625, 'learning_rate': 4.283136331495586e-05, 'epoch': 4.79}
{'loss': 0.456, 'grad_norm': 8.28856372833252, 'learning_rate': 4.2688639678451513e-05, 'epoch': 4.87}
{'loss': 0.8109, 'grad_norm': 16.188032150268555, 'learning_rate': 4.254591604194716e-05, 'epoch': 4.96}
{'eval_loss': 0.9107100367546082, 'eval_f1_macro': 0.679386043989989, 'eval_f1_weighted': 0.7078570965034882, 'eval_precision_macro': 0.7623479554865424, 'eval_recall_macro': 0.6850198412698413, 'eval_accuracy': 0.7205882352941176, 'eval_runtime': 0.302, 'eval_samples_per_second': 675.425, 'eval_steps_per_second': 23.176, 'epoch': 5.0}
{'loss': 0.5904, 'grad_norm': 5.456951141357422, 'learning_rate': 4.240319240544281e-05, 'epoch': 5.04}
{'loss': 0.5273, 'grad_norm': 3.0534520149230957, 'learning_rate': 4.226046876893846e-05, 'epoch': 5.13}
{'loss': 0.7059, 'grad_norm': 28.143587112426758, 'learning_rate': 4.211774513243411e-05, 'epoch': 5.21}
{'loss': 0.5375, 'grad_norm': 74.10371398925781, 'learning_rate': 4.1975021495929755e-05, 'epoch': 5.29}
{'loss': 0.4788, 'grad_norm': 33.23972702026367, 'learning_rate': 4.18322978594254e-05, 'epoch': 5.38}
{'loss': 0.5489, 'grad_norm': 14.002246856689453, 'learning_rate': 4.168957422292105e-05, 'epoch': 5.46}
{'loss': 0.7402, 'grad_norm': 40.48810958862305, 'learning_rate': 4.15468505864167e-05, 'epoch': 5.55}
{'loss': 0.5381, 'grad_norm': 4.479798793792725, 'learning_rate': 4.140412694991235e-05, 'epoch': 5.63}
{'loss': 0.5293, 'grad_norm': 20.848276138305664, 'learning_rate': 4.1261403313408004e-05, 'epoch': 5.71}
{'loss': 0.6253, 'grad_norm': 46.34390640258789, 'learning_rate': 4.111867967690365e-05, 'epoch': 5.8}
{'loss': 0.4259, 'grad_norm': 9.690176963806152, 'learning_rate': 4.097595604039929e-05, 'epoch': 5.88}
{'loss': 0.4968, 'grad_norm': 16.36370849609375, 'learning_rate': 4.083323240389494e-05, 'epoch': 5.97}
{'eval_loss': 0.6395108103752136, 'eval_f1_macro': 0.7891185583809919, 'eval_f1_weighted': 0.8017641121596302, 'eval_precision_macro': 0.7996688984811354, 'eval_recall_macro': 0.7984457671957672, 'eval_accuracy': 0.7990196078431373, 'eval_runtime': 0.2963, 'eval_samples_per_second': 688.574, 'eval_steps_per_second': 23.628, 'epoch': 6.0}
{'loss': 0.4285, 'grad_norm': 17.443788528442383, 'learning_rate': 4.0690508767390594e-05, 'epoch': 6.05}
{'loss': 0.4098, 'grad_norm': 36.064395904541016, 'learning_rate': 4.0547785130886246e-05, 'epoch': 6.13}
{'loss': 0.2234, 'grad_norm': 1.5424455404281616, 'learning_rate': 4.040506149438189e-05, 'epoch': 6.22}
{'loss': 0.419, 'grad_norm': 30.740772247314453, 'learning_rate': 4.026233785787754e-05, 'epoch': 6.3}
{'loss': 0.3284, 'grad_norm': 0.7769138813018799, 'learning_rate': 4.0119614221373185e-05, 'epoch': 6.39}
{'loss': 0.4418, 'grad_norm': 35.74099349975586, 'learning_rate': 3.9976890584868836e-05, 'epoch': 6.47}
{'loss': 0.5091, 'grad_norm': 53.4882698059082, 'learning_rate': 3.983416694836448e-05, 'epoch': 6.55}
{'loss': 0.4436, 'grad_norm': 38.770896911621094, 'learning_rate': 3.969144331186013e-05, 'epoch': 6.64}
{'loss': 0.2459, 'grad_norm': 3.2406795024871826, 'learning_rate': 3.954871967535578e-05, 'epoch': 6.72}
{'loss': 0.3878, 'grad_norm': 24.68185806274414, 'learning_rate': 3.9405996038851434e-05, 'epoch': 6.81}
{'loss': 0.5566, 'grad_norm': 161.1358184814453, 'learning_rate': 3.926327240234708e-05, 'epoch': 6.89}
{'loss': 0.4809, 'grad_norm': 7.617311477661133, 'learning_rate': 3.912054876584272e-05, 'epoch': 6.97}
{'eval_loss': 0.7586672306060791, 'eval_f1_macro': 0.7682804856743537, 'eval_f1_weighted': 0.7921590037132953, 'eval_precision_macro': 0.8076923076923077, 'eval_recall_macro': 0.7633928571428572, 'eval_accuracy': 0.7941176470588235, 'eval_runtime': 0.3032, 'eval_samples_per_second': 672.879, 'eval_steps_per_second': 23.089, 'epoch': 7.0}
{'loss': 0.4592, 'grad_norm': 0.5782885551452637, 'learning_rate': 3.897782512933837e-05, 'epoch': 7.06}
{'loss': 0.3733, 'grad_norm': 5.4539923667907715, 'learning_rate': 3.8835101492834024e-05, 'epoch': 7.14}
{'loss': 0.4107, 'grad_norm': 0.6215364933013916, 'learning_rate': 3.8692377856329675e-05, 'epoch': 7.23}
{'loss': 0.3231, 'grad_norm': 1.0828489065170288, 'learning_rate': 3.8549654219825326e-05, 'epoch': 7.31}
{'loss': 0.1355, 'grad_norm': 35.41301345825195, 'learning_rate': 3.840693058332097e-05, 'epoch': 7.39}
{'loss': 0.213, 'grad_norm': 16.979137420654297, 'learning_rate': 3.8264206946816615e-05, 'epoch': 7.48}
{'loss': 0.3129, 'grad_norm': 0.27871161699295044, 'learning_rate': 3.8121483310312266e-05, 'epoch': 7.56}
{'loss': 0.1436, 'grad_norm': 24.32419776916504, 'learning_rate': 3.797875967380792e-05, 'epoch': 7.65}
{'loss': 0.245, 'grad_norm': 0.1957527995109558, 'learning_rate': 3.783603603730357e-05, 'epoch': 7.73}
{'loss': 0.2254, 'grad_norm': 8.027153968811035, 'learning_rate': 3.769331240079921e-05, 'epoch': 7.82}
{'loss': 0.2938, 'grad_norm': 32.91579818725586, 'learning_rate': 3.7550588764294864e-05, 'epoch': 7.9}
{'loss': 0.2292, 'grad_norm': 114.34382629394531, 'learning_rate': 3.740786512779051e-05, 'epoch': 7.98}
{'eval_loss': 0.7474978566169739, 'eval_f1_macro': 0.8082550415967426, 'eval_f1_weighted': 0.8155053381612568, 'eval_precision_macro': 0.8382898351648351, 'eval_recall_macro': 0.8204365079365079, 'eval_accuracy': 0.8088235294117647, 'eval_runtime': 0.3026, 'eval_samples_per_second': 674.178, 'eval_steps_per_second': 23.134, 'epoch': 8.0}
{'loss': 0.1254, 'grad_norm': 12.980097770690918, 'learning_rate': 3.726514149128616e-05, 'epoch': 8.07}
{'loss': 0.1229, 'grad_norm': 0.2817405164241791, 'learning_rate': 3.71224178547818e-05, 'epoch': 8.15}
{'loss': 0.256, 'grad_norm': 1.8013869524002075, 'learning_rate': 3.6979694218277454e-05, 'epoch': 8.24}
{'loss': 0.3649, 'grad_norm': 0.7244256138801575, 'learning_rate': 3.6836970581773105e-05, 'epoch': 8.32}
{'loss': 0.2018, 'grad_norm': 19.860715866088867, 'learning_rate': 3.6694246945268756e-05, 'epoch': 8.4}
{'loss': 0.1982, 'grad_norm': 0.1553412824869156, 'learning_rate': 3.65515233087644e-05, 'epoch': 8.49}
{'loss': 0.2997, 'grad_norm': 0.14300382137298584, 'learning_rate': 3.6408799672260045e-05, 'epoch': 8.57}
{'loss': 0.1234, 'grad_norm': 0.6461322903633118, 'learning_rate': 3.6266076035755696e-05, 'epoch': 8.66}
{'loss': 0.1191, 'grad_norm': 1.82794189453125, 'learning_rate': 3.612335239925135e-05, 'epoch': 8.74}
{'loss': 0.477, 'grad_norm': 34.79698181152344, 'learning_rate': 3.5980628762747e-05, 'epoch': 8.82}
{'loss': 0.0256, 'grad_norm': 0.16147634387016296, 'learning_rate': 3.583790512624265e-05, 'epoch': 8.91}
{'loss': 0.0978, 'grad_norm': 8.262081146240234, 'learning_rate': 3.5695181489738294e-05, 'epoch': 8.99}
{'eval_loss': 0.7407689690589905, 'eval_f1_macro': 0.8428726692228213, 'eval_f1_weighted': 0.8501536662891215, 'eval_precision_macro': 0.8535047800953999, 'eval_recall_macro': 0.8528439153439153, 'eval_accuracy': 0.8529411764705882, 'eval_runtime': 0.2854, 'eval_samples_per_second': 714.834, 'eval_steps_per_second': 24.529, 'epoch': 9.0}
{'loss': 0.1696, 'grad_norm': 78.17959594726562, 'learning_rate': 3.555245785323394e-05, 'epoch': 9.08}
{'loss': 0.3704, 'grad_norm': 1.1809853315353394, 'learning_rate': 3.540973421672959e-05, 'epoch': 9.16}
{'loss': 0.1497, 'grad_norm': 69.06212615966797, 'learning_rate': 3.526701058022524e-05, 'epoch': 9.24}
{'loss': 0.1616, 'grad_norm': 27.96730613708496, 'learning_rate': 3.512428694372089e-05, 'epoch': 9.33}
{'loss': 0.304, 'grad_norm': 0.08773992210626602, 'learning_rate': 3.4981563307216535e-05, 'epoch': 9.41}
{'loss': 0.3289, 'grad_norm': 0.09858658164739609, 'learning_rate': 3.4838839670712186e-05, 'epoch': 9.5}
{'loss': 0.0867, 'grad_norm': 0.16628272831439972, 'learning_rate': 3.469611603420783e-05, 'epoch': 9.58}
{'loss': 0.3964, 'grad_norm': 0.32732656598091125, 'learning_rate': 3.455339239770348e-05, 'epoch': 9.66}
{'loss': 0.133, 'grad_norm': 0.8130362629890442, 'learning_rate': 3.4410668761199126e-05, 'epoch': 9.75}
{'loss': 0.134, 'grad_norm': 48.90987777709961, 'learning_rate': 3.426794512469478e-05, 'epoch': 9.83}
{'loss': 0.2572, 'grad_norm': 0.15380187332630157, 'learning_rate': 3.412522148819043e-05, 'epoch': 9.92}
{'loss': 0.141, 'grad_norm': 0.07353384792804718, 'learning_rate': 3.398249785168608e-05, 'epoch': 10.0}
{'eval_loss': 0.7979276776313782, 'eval_f1_macro': 0.8444130975090728, 'eval_f1_weighted': 0.8493992618469034, 'eval_precision_macro': 0.8512381341425459, 'eval_recall_macro': 0.8571428571428572, 'eval_accuracy': 0.8529411764705882, 'eval_runtime': 0.3082, 'eval_samples_per_second': 661.862, 'eval_steps_per_second': 22.711, 'epoch': 10.0}
{'loss': 0.0406, 'grad_norm': 0.09286642074584961, 'learning_rate': 3.3839774215181723e-05, 'epoch': 10.08}
{'loss': 0.1449, 'grad_norm': 0.08137619495391846, 'learning_rate': 3.369705057867737e-05, 'epoch': 10.17}
{'loss': 0.1522, 'grad_norm': 0.42126986384391785, 'learning_rate': 3.355432694217302e-05, 'epoch': 10.25}
{'loss': 0.0519, 'grad_norm': 0.06651076674461365, 'learning_rate': 3.341160330566867e-05, 'epoch': 10.34}
{'loss': 0.0492, 'grad_norm': 0.05238882824778557, 'learning_rate': 3.326887966916432e-05, 'epoch': 10.42}
{'loss': 0.3282, 'grad_norm': 124.99378967285156, 'learning_rate': 3.312615603265997e-05, 'epoch': 10.5}
{'loss': 0.2457, 'grad_norm': 0.5839363932609558, 'learning_rate': 3.2983432396155616e-05, 'epoch': 10.59}
{'loss': 0.2749, 'grad_norm': 0.08470064401626587, 'learning_rate': 3.284070875965126e-05, 'epoch': 10.67}
{'loss': 0.355, 'grad_norm': 7.292995452880859, 'learning_rate': 3.269798512314691e-05, 'epoch': 10.76}
{'loss': 0.2025, 'grad_norm': 1.0452531576156616, 'learning_rate': 3.255526148664256e-05, 'epoch': 10.84}
{'loss': 0.1641, 'grad_norm': 15.671487808227539, 'learning_rate': 3.2412537850138214e-05, 'epoch': 10.92}
{'eval_loss': 0.6690852046012878, 'eval_f1_macro': 0.8828771859165558, 'eval_f1_weighted': 0.8877545839261719, 'eval_precision_macro': 0.8893937942685628, 'eval_recall_macro': 0.8895502645502646, 'eval_accuracy': 0.8872549019607843, 'eval_runtime': 0.3105, 'eval_samples_per_second': 656.911, 'eval_steps_per_second': 22.541, 'epoch': 11.0}
{'loss': 0.3048, 'grad_norm': 0.11190160363912582, 'learning_rate': 3.226981421363386e-05, 'epoch': 11.01}
{'loss': 0.0085, 'grad_norm': 0.6266422271728516, 'learning_rate': 3.212709057712951e-05, 'epoch': 11.09}
{'loss': 0.028, 'grad_norm': 3.7666850090026855, 'learning_rate': 3.198436694062515e-05, 'epoch': 11.18}
{'loss': 0.073, 'grad_norm': 0.3152678906917572, 'learning_rate': 3.1841643304120804e-05, 'epoch': 11.26}
{'loss': 0.0721, 'grad_norm': 0.06306028366088867, 'learning_rate': 3.1698919667616455e-05, 'epoch': 11.34}
{'loss': 0.133, 'grad_norm': 0.07944952696561813, 'learning_rate': 3.15561960311121e-05, 'epoch': 11.43}
{'loss': 0.0075, 'grad_norm': 0.061701420694589615, 'learning_rate': 3.141347239460775e-05, 'epoch': 11.51}
{'loss': 0.1539, 'grad_norm': 0.056034158915281296, 'learning_rate': 3.12707487581034e-05, 'epoch': 11.6}
{'loss': 0.1821, 'grad_norm': 0.06039056181907654, 'learning_rate': 3.1128025121599046e-05, 'epoch': 11.68}
{'loss': 0.0808, 'grad_norm': 0.054535966366529465, 'learning_rate': 3.098530148509469e-05, 'epoch': 11.76}
{'loss': 0.0061, 'grad_norm': 0.054472826421260834, 'learning_rate': 3.084257784859034e-05, 'epoch': 11.85}
{'loss': 0.0078, 'grad_norm': 0.05947050452232361, 'learning_rate': 3.069985421208599e-05, 'epoch': 11.93}
{'eval_loss': 0.6311993598937988, 'eval_f1_macro': 0.8864160129056089, 'eval_f1_weighted': 0.8918981113716417, 'eval_precision_macro': 0.888853475712516, 'eval_recall_macro': 0.8898809523809523, 'eval_accuracy': 0.8921568627450981, 'eval_runtime': 0.3079, 'eval_samples_per_second': 662.563, 'eval_steps_per_second': 22.735, 'epoch': 12.0}
{'loss': 0.1369, 'grad_norm': 0.06707879900932312, 'learning_rate': 3.0557130575581644e-05, 'epoch': 12.02}
{'loss': 0.0048, 'grad_norm': 0.11744295805692673, 'learning_rate': 3.041440693907729e-05, 'epoch': 12.1}
{'loss': 0.1849, 'grad_norm': 0.11226293444633484, 'learning_rate': 3.0271683302572936e-05, 'epoch': 12.18}
{'loss': 0.0861, 'grad_norm': 0.07929909229278564, 'learning_rate': 3.0128959666068587e-05, 'epoch': 12.27}
{'loss': 0.0049, 'grad_norm': 0.05173218250274658, 'learning_rate': 2.9986236029564234e-05, 'epoch': 12.35}
{'loss': 0.0904, 'grad_norm': 61.44887924194336, 'learning_rate': 2.9843512393059885e-05, 'epoch': 12.44}
{'loss': 0.061, 'grad_norm': 0.8970672488212585, 'learning_rate': 2.9700788756555536e-05, 'epoch': 12.52}
{'loss': 0.0627, 'grad_norm': 200.9929656982422, 'learning_rate': 2.955806512005118e-05, 'epoch': 12.61}
{'loss': 0.0739, 'grad_norm': 0.050341229885816574, 'learning_rate': 2.941534148354683e-05, 'epoch': 12.69}
{'loss': 0.1659, 'grad_norm': 0.02803850919008255, 'learning_rate': 2.927261784704248e-05, 'epoch': 12.77}
{'loss': 0.0425, 'grad_norm': 0.05320347100496292, 'learning_rate': 2.9129894210538127e-05, 'epoch': 12.86}
{'loss': 0.0277, 'grad_norm': 0.03777194395661354, 'learning_rate': 2.8987170574033778e-05, 'epoch': 12.94}
{'eval_loss': 0.7564659714698792, 'eval_f1_macro': 0.8731969620180894, 'eval_f1_weighted': 0.8780530612630475, 'eval_precision_macro': 0.8767003350283383, 'eval_recall_macro': 0.8845899470899471, 'eval_accuracy': 0.8774509803921569, 'eval_runtime': 0.3068, 'eval_samples_per_second': 664.83, 'eval_steps_per_second': 22.813, 'epoch': 13.0}
{'loss': 0.0037, 'grad_norm': 0.04937342554330826, 'learning_rate': 2.8844446937529423e-05, 'epoch': 13.03}
{'loss': 0.0607, 'grad_norm': 0.030062252655625343, 'learning_rate': 2.8701723301025074e-05, 'epoch': 13.11}
{'loss': 0.094, 'grad_norm': 0.034288860857486725, 'learning_rate': 2.855899966452072e-05, 'epoch': 13.19}
{'loss': 0.0034, 'grad_norm': 0.029387060552835464, 'learning_rate': 2.8416276028016372e-05, 'epoch': 13.28}
{'loss': 0.0043, 'grad_norm': 0.043128859251737595, 'learning_rate': 2.8273552391512017e-05, 'epoch': 13.36}
{'loss': 0.0323, 'grad_norm': 26.621946334838867, 'learning_rate': 2.8130828755007664e-05, 'epoch': 13.45}
{'loss': 0.0035, 'grad_norm': 0.5612318515777588, 'learning_rate': 2.7988105118503315e-05, 'epoch': 13.53}
{'loss': 0.0029, 'grad_norm': 0.031709589064121246, 'learning_rate': 2.7845381481998966e-05, 'epoch': 13.61}
{'loss': 0.0561, 'grad_norm': 0.026805061846971512, 'learning_rate': 2.7702657845494614e-05, 'epoch': 13.7}
{'loss': 0.0079, 'grad_norm': 55.60350799560547, 'learning_rate': 2.755993420899026e-05, 'epoch': 13.78}
{'loss': 0.0032, 'grad_norm': 0.0813087746500969, 'learning_rate': 2.741721057248591e-05, 'epoch': 13.87}
{'loss': 0.0027, 'grad_norm': 0.021960455924272537, 'learning_rate': 2.7274486935981557e-05, 'epoch': 13.95}
{'eval_loss': 0.8495393395423889, 'eval_f1_macro': 0.8632420502617795, 'eval_f1_weighted': 0.868821160428981, 'eval_precision_macro': 0.8703767134873274, 'eval_recall_macro': 0.8665674603174602, 'eval_accuracy': 0.8676470588235294, 'eval_runtime': 0.3131, 'eval_samples_per_second': 651.551, 'eval_steps_per_second': 22.357, 'epoch': 14.0}
{'loss': 0.0729, 'grad_norm': 0.018382487818598747, 'learning_rate': 2.7131763299477208e-05, 'epoch': 14.03}
{'loss': 0.0853, 'grad_norm': 0.024125244468450546, 'learning_rate': 2.698903966297286e-05, 'epoch': 14.12}
{'loss': 0.0027, 'grad_norm': 0.023086022585630417, 'learning_rate': 2.6846316026468504e-05, 'epoch': 14.2}
{'loss': 0.0231, 'grad_norm': 0.019655026495456696, 'learning_rate': 2.670359238996415e-05, 'epoch': 14.29}
{'loss': 0.0061, 'grad_norm': 0.25280627608299255, 'learning_rate': 2.6560868753459802e-05, 'epoch': 14.37}
{'loss': 0.0212, 'grad_norm': 0.02322975918650627, 'learning_rate': 2.641814511695545e-05, 'epoch': 14.45}
{'loss': 0.0287, 'grad_norm': 0.45590630173683167, 'learning_rate': 2.62754214804511e-05, 'epoch': 14.54}
{'loss': 0.0253, 'grad_norm': 0.04111025854945183, 'learning_rate': 2.6132697843946745e-05, 'epoch': 14.62}
{'loss': 0.1037, 'grad_norm': 0.019625848159193993, 'learning_rate': 2.5989974207442396e-05, 'epoch': 14.71}
{'loss': 0.0125, 'grad_norm': 0.020122414454817772, 'learning_rate': 2.5847250570938044e-05, 'epoch': 14.79}
{'loss': 0.0021, 'grad_norm': 0.021110953763127327, 'learning_rate': 2.5704526934433695e-05, 'epoch': 14.87}
{'loss': 0.081, 'grad_norm': 0.016174644231796265, 'learning_rate': 2.556180329792934e-05, 'epoch': 14.96}
{'eval_loss': 0.8330389857292175, 'eval_f1_macro': 0.8637118245738935, 'eval_f1_weighted': 0.8657907609631748, 'eval_precision_macro': 0.876834575779456, 'eval_recall_macro': 0.8665674603174602, 'eval_accuracy': 0.8676470588235294, 'eval_runtime': 0.2963, 'eval_samples_per_second': 688.543, 'eval_steps_per_second': 23.626, 'epoch': 15.0}
{'loss': 0.002, 'grad_norm': 0.07714570313692093, 'learning_rate': 2.5419079661424987e-05, 'epoch': 15.04}
{'loss': 0.0019, 'grad_norm': 0.020920036360621452, 'learning_rate': 2.5276356024920638e-05, 'epoch': 15.13}
{'loss': 0.0019, 'grad_norm': 0.01899653486907482, 'learning_rate': 2.513363238841629e-05, 'epoch': 15.21}
{'loss': 0.0023, 'grad_norm': 0.027878260239958763, 'learning_rate': 2.4990908751911937e-05, 'epoch': 15.29}
{'loss': 0.0281, 'grad_norm': 131.86436462402344, 'learning_rate': 2.484818511540758e-05, 'epoch': 15.38}
{'loss': 0.0635, 'grad_norm': 0.014963320456445217, 'learning_rate': 2.4705461478903232e-05, 'epoch': 15.46}
{'loss': 0.002, 'grad_norm': 0.017626553773880005, 'learning_rate': 2.456273784239888e-05, 'epoch': 15.55}
{'loss': 0.002, 'grad_norm': 0.01489327847957611, 'learning_rate': 2.442001420589453e-05, 'epoch': 15.63}
{'loss': 0.0365, 'grad_norm': 240.85276794433594, 'learning_rate': 2.4277290569390182e-05, 'epoch': 15.71}
{'loss': 0.0019, 'grad_norm': 0.04217079281806946, 'learning_rate': 2.4134566932885826e-05, 'epoch': 15.8}
{'loss': 0.092, 'grad_norm': 127.42870330810547, 'learning_rate': 2.3991843296381474e-05, 'epoch': 15.88}
{'loss': 0.0016, 'grad_norm': 0.021115416660904884, 'learning_rate': 2.3849119659877125e-05, 'epoch': 15.97}
{'eval_loss': 1.1098750829696655, 'eval_f1_macro': 0.8295019965897625, 'eval_f1_weighted': 0.8344482871000393, 'eval_precision_macro': 0.8470988612836439, 'eval_recall_macro': 0.8430886243386243, 'eval_accuracy': 0.8333333333333334, 'eval_runtime': 0.321, 'eval_samples_per_second': 635.482, 'eval_steps_per_second': 21.806, 'epoch': 16.0}
{'loss': 0.0102, 'grad_norm': 0.016928544268012047, 'learning_rate': 2.3706396023372773e-05, 'epoch': 16.05}
{'loss': 0.0018, 'grad_norm': 0.01903015747666359, 'learning_rate': 2.3563672386868424e-05, 'epoch': 16.13}
{'loss': 0.0017, 'grad_norm': 0.014453398995101452, 'learning_rate': 2.342094875036407e-05, 'epoch': 16.22}
{'loss': 0.0017, 'grad_norm': 0.01543151494115591, 'learning_rate': 2.327822511385972e-05, 'epoch': 16.3}
{'loss': 0.0017, 'grad_norm': 0.01941165141761303, 'learning_rate': 2.3135501477355367e-05, 'epoch': 16.39}
{'loss': 0.0982, 'grad_norm': 0.013064606115221977, 'learning_rate': 2.2992777840851014e-05, 'epoch': 16.47}
{'loss': 0.0055, 'grad_norm': 44.60957336425781, 'learning_rate': 2.2850054204346665e-05, 'epoch': 16.55}
{'loss': 0.0742, 'grad_norm': 0.01416146382689476, 'learning_rate': 2.2707330567842313e-05, 'epoch': 16.64}
{'loss': 0.0016, 'grad_norm': 0.10545899718999863, 'learning_rate': 2.256460693133796e-05, 'epoch': 16.72}
{'loss': 0.0821, 'grad_norm': 0.024184243753552437, 'learning_rate': 2.2421883294833612e-05, 'epoch': 16.81}
{'loss': 0.0016, 'grad_norm': 0.01145992986857891, 'learning_rate': 2.2279159658329256e-05, 'epoch': 16.89}
{'loss': 0.0422, 'grad_norm': 0.012470736168324947, 'learning_rate': 2.2136436021824907e-05, 'epoch': 16.97}
{'eval_loss': 0.8102689385414124, 'eval_f1_macro': 0.8769942010068937, 'eval_f1_weighted': 0.8829515788262835, 'eval_precision_macro': 0.8837864164233332, 'eval_recall_macro': 0.8766534391534391, 'eval_accuracy': 0.8823529411764706, 'eval_runtime': 0.3075, 'eval_samples_per_second': 663.496, 'eval_steps_per_second': 22.767, 'epoch': 17.0}
{'train_runtime': 141.3192, 'train_samples_per_second': 201.247, 'train_steps_per_second': 25.262, 'train_loss': 0.5264080498870268, 'epoch': 17.0}
  Finished  : epoch 17/30 | runtime 141s | 201.2 samples/s
              precision    recall  f1-score   support

       angry       0.94      0.77      0.85        39
        calm       0.91      0.79      0.85        38
     disgust       0.88      0.95      0.91        38
     fearful       0.88      0.92      0.90        38
       happy       0.88      0.90      0.89        39
     neutral       0.73      0.84      0.78        19
         sad       0.81      0.87      0.84        39
   surprised       0.92      0.92      0.92        38

    accuracy                           0.87       288
   macro avg       0.87      0.87      0.87       288
weighted avg       0.88      0.87      0.87       288

  F1-Macro 0.8658 | Accuracy 0.8715 | Precision 0.8666 | Recall 0.8699
  Fold 3/5: 948 train / 204 val / 288 test  (of 1,440)

  --- Fold 3/5 ---
  Model             : Wav2Vec2ForSequenceClassification  (94,570,632 params, 94,570,632 trainable)
  Training  : lr=4.6970348773582056e-05  bs=8  epochs=30  patience=5
{'loss': 2.078, 'grad_norm': 1.6277087926864624, 'learning_rate': 1.515172541083292e-06, 'epoch': 0.08}
{'loss': 2.0812, 'grad_norm': 1.6637555360794067, 'learning_rate': 3.1986975867313946e-06, 'epoch': 0.17}
{'loss': 2.0738, 'grad_norm': 1.841759204864502, 'learning_rate': 4.8822226323794966e-06, 'epoch': 0.25}
{'loss': 2.072, 'grad_norm': 1.3263938426971436, 'learning_rate': 6.565747678027599e-06, 'epoch': 0.34}
{'loss': 2.0693, 'grad_norm': 1.5682308673858643, 'learning_rate': 8.249272723675701e-06, 'epoch': 0.42}
{'loss': 2.0658, 'grad_norm': 4.21147346496582, 'learning_rate': 9.932797769323804e-06, 'epoch': 0.5}
{'loss': 2.0534, 'grad_norm': 4.9404706954956055, 'learning_rate': 1.1616322814971906e-05, 'epoch': 0.59}
{'loss': 2.0459, 'grad_norm': 2.7474260330200195, 'learning_rate': 1.329984786062001e-05, 'epoch': 0.67}
{'loss': 2.0621, 'grad_norm': 3.1121559143066406, 'learning_rate': 1.4983372906268112e-05, 'epoch': 0.76}
{'loss': 2.0004, 'grad_norm': 2.472921371459961, 'learning_rate': 1.6666897951916216e-05, 'epoch': 0.84}
{'loss': 1.985, 'grad_norm': 4.663859844207764, 'learning_rate': 1.8350422997564315e-05, 'epoch': 0.92}
{'eval_loss': 1.921377182006836, 'eval_f1_macro': 0.12368192055692057, 'eval_f1_weighted': 0.13095732764850412, 'eval_precision_macro': 0.13630952380952382, 'eval_recall_macro': 0.22685185185185186, 'eval_accuracy': 0.24019607843137256, 'eval_runtime': 0.5755, 'eval_samples_per_second': 354.48, 'eval_steps_per_second': 12.164, 'epoch': 1.0}
{'loss': 1.938, 'grad_norm': 2.5539791584014893, 'learning_rate': 2.003394804321242e-05, 'epoch': 1.01}
{'loss': 1.9083, 'grad_norm': 5.197763442993164, 'learning_rate': 2.171747308886052e-05, 'epoch': 1.09}
{'loss': 1.8966, 'grad_norm': 5.532498359680176, 'learning_rate': 2.340099813450862e-05, 'epoch': 1.18}
{'loss': 1.8561, 'grad_norm': 2.776000738143921, 'learning_rate': 2.5084523180156728e-05, 'epoch': 1.26}
{'loss': 1.8213, 'grad_norm': 12.956625938415527, 'learning_rate': 2.676804822580483e-05, 'epoch': 1.34}
{'loss': 1.7795, 'grad_norm': 3.8754849433898926, 'learning_rate': 2.845157327145293e-05, 'epoch': 1.43}
{'loss': 1.8357, 'grad_norm': 3.7847564220428467, 'learning_rate': 3.013509831710103e-05, 'epoch': 1.51}
{'loss': 1.6605, 'grad_norm': 5.999801158905029, 'learning_rate': 3.1818623362749134e-05, 'epoch': 1.6}
{'loss': 1.6108, 'grad_norm': 4.158278942108154, 'learning_rate': 3.350214840839724e-05, 'epoch': 1.68}
{'loss': 1.6363, 'grad_norm': 5.9447784423828125, 'learning_rate': 3.518567345404534e-05, 'epoch': 1.76}
{'loss': 1.5235, 'grad_norm': 8.454717636108398, 'learning_rate': 3.6869198499693444e-05, 'epoch': 1.85}
{'loss': 1.653, 'grad_norm': 16.25119972229004, 'learning_rate': 3.855272354534154e-05, 'epoch': 1.93}
{'eval_loss': 1.5781919956207275, 'eval_f1_macro': 0.3795355080972703, 'eval_f1_weighted': 0.405697443356189, 'eval_precision_macro': 0.4264128728414443, 'eval_recall_macro': 0.4322089947089947, 'eval_accuracy': 0.46078431372549017, 'eval_runtime': 0.3232, 'eval_samples_per_second': 631.15, 'eval_steps_per_second': 21.657, 'epoch': 2.0}
{'loss': 1.5644, 'grad_norm': 2.178265333175659, 'learning_rate': 4.023624859098964e-05, 'epoch': 2.02}
{'loss': 1.4891, 'grad_norm': 15.588595390319824, 'learning_rate': 4.1919773636637747e-05, 'epoch': 2.1}
{'loss': 1.6021, 'grad_norm': 11.754491806030273, 'learning_rate': 4.360329868228585e-05, 'epoch': 2.18}
{'loss': 1.5358, 'grad_norm': 6.918149948120117, 'learning_rate': 4.528682372793395e-05, 'epoch': 2.27}
{'loss': 1.3375, 'grad_norm': 25.08238983154297, 'learning_rate': 4.6970348773582056e-05, 'epoch': 2.35}
{'loss': 1.3982, 'grad_norm': 8.06887435913086, 'learning_rate': 4.682762513707771e-05, 'epoch': 2.44}
{'loss': 1.2136, 'grad_norm': 10.782952308654785, 'learning_rate': 4.668490150057336e-05, 'epoch': 2.52}
{'loss': 1.4359, 'grad_norm': 6.2159953117370605, 'learning_rate': 4.6542177864069e-05, 'epoch': 2.61}
{'loss': 1.5262, 'grad_norm': 90.63959503173828, 'learning_rate': 4.639945422756465e-05, 'epoch': 2.69}
{'loss': 1.3814, 'grad_norm': 15.256001472473145, 'learning_rate': 4.62567305910603e-05, 'epoch': 2.77}
{'loss': 1.1967, 'grad_norm': 8.594648361206055, 'learning_rate': 4.611400695455595e-05, 'epoch': 2.86}
{'loss': 1.2994, 'grad_norm': 19.794015884399414, 'learning_rate': 4.59712833180516e-05, 'epoch': 2.94}
{'eval_loss': 1.225766658782959, 'eval_f1_macro': 0.5347525170636548, 'eval_f1_weighted': 0.5533117220823386, 'eval_precision_macro': 0.746703215894318, 'eval_recall_macro': 0.5830026455026456, 'eval_accuracy': 0.6127450980392157, 'eval_runtime': 0.3177, 'eval_samples_per_second': 642.063, 'eval_steps_per_second': 22.032, 'epoch': 3.0}
{'loss': 1.0959, 'grad_norm': 10.553275108337402, 'learning_rate': 4.5828559681547244e-05, 'epoch': 3.03}
{'loss': 1.3071, 'grad_norm': 21.346309661865234, 'learning_rate': 4.5685836045042895e-05, 'epoch': 3.11}
{'loss': 1.1953, 'grad_norm': 6.07495641708374, 'learning_rate': 4.554311240853854e-05, 'epoch': 3.19}
{'loss': 1.2599, 'grad_norm': 11.362979888916016, 'learning_rate': 4.540038877203419e-05, 'epoch': 3.28}
{'loss': 1.044, 'grad_norm': 25.676937103271484, 'learning_rate': 4.5257665135529835e-05, 'epoch': 3.36}
{'loss': 1.0375, 'grad_norm': 11.958580017089844, 'learning_rate': 4.5114941499025486e-05, 'epoch': 3.45}
{'loss': 0.9991, 'grad_norm': 3.66703462600708, 'learning_rate': 4.497221786252114e-05, 'epoch': 3.53}
{'loss': 1.1464, 'grad_norm': 12.689409255981445, 'learning_rate': 4.482949422601679e-05, 'epoch': 3.61}
{'loss': 0.9518, 'grad_norm': 28.307186126708984, 'learning_rate': 4.468677058951243e-05, 'epoch': 3.7}
{'loss': 0.9619, 'grad_norm': 5.218775272369385, 'learning_rate': 4.454404695300808e-05, 'epoch': 3.78}
{'loss': 0.9512, 'grad_norm': 7.003486156463623, 'learning_rate': 4.440132331650373e-05, 'epoch': 3.87}
{'loss': 0.8904, 'grad_norm': 7.783539772033691, 'learning_rate': 4.425859967999938e-05, 'epoch': 3.95}
{'eval_loss': 0.8565494418144226, 'eval_f1_macro': 0.6200445688237031, 'eval_f1_weighted': 0.6611523598596786, 'eval_precision_macro': 0.6127969239524472, 'eval_recall_macro': 0.6669973544973544, 'eval_accuracy': 0.7107843137254902, 'eval_runtime': 0.3139, 'eval_samples_per_second': 649.968, 'eval_steps_per_second': 22.303, 'epoch': 4.0}
{'loss': 0.8136, 'grad_norm': 6.258150577545166, 'learning_rate': 4.411587604349503e-05, 'epoch': 4.03}
{'loss': 0.8755, 'grad_norm': 14.636754989624023, 'learning_rate': 4.397315240699068e-05, 'epoch': 4.12}
{'loss': 0.7501, 'grad_norm': 16.372150421142578, 'learning_rate': 4.3830428770486325e-05, 'epoch': 4.2}
{'loss': 0.8791, 'grad_norm': 47.72288513183594, 'learning_rate': 4.368770513398197e-05, 'epoch': 4.29}
{'loss': 0.857, 'grad_norm': 7.667607307434082, 'learning_rate': 4.354498149747762e-05, 'epoch': 4.37}
{'loss': 0.8242, 'grad_norm': 15.099677085876465, 'learning_rate': 4.340225786097327e-05, 'epoch': 4.45}
{'loss': 0.8258, 'grad_norm': 12.811859130859375, 'learning_rate': 4.325953422446892e-05, 'epoch': 4.54}
{'loss': 0.8665, 'grad_norm': 11.842605590820312, 'learning_rate': 4.311681058796457e-05, 'epoch': 4.62}
{'loss': 1.1138, 'grad_norm': 30.868988037109375, 'learning_rate': 4.297408695146022e-05, 'epoch': 4.71}
{'loss': 0.7247, 'grad_norm': 34.18327331542969, 'learning_rate': 4.283136331495586e-05, 'epoch': 4.79}
{'loss': 0.5897, 'grad_norm': 10.26108169555664, 'learning_rate': 4.2688639678451513e-05, 'epoch': 4.87}
{'loss': 0.5805, 'grad_norm': 40.38880157470703, 'learning_rate': 4.254591604194716e-05, 'epoch': 4.96}
{'eval_loss': 0.6872053146362305, 'eval_f1_macro': 0.7688065989287793, 'eval_f1_weighted': 0.7836160780101514, 'eval_precision_macro': 0.7814818623642154, 'eval_recall_macro': 0.7837301587301587, 'eval_accuracy': 0.7843137254901961, 'eval_runtime': 0.3189, 'eval_samples_per_second': 639.747, 'eval_steps_per_second': 21.952, 'epoch': 5.0}
{'loss': 0.6387, 'grad_norm': 29.83466148376465, 'learning_rate': 4.240319240544281e-05, 'epoch': 5.04}
{'loss': 0.4164, 'grad_norm': 12.18558406829834, 'learning_rate': 4.226046876893846e-05, 'epoch': 5.13}
{'loss': 0.4595, 'grad_norm': 21.09400177001953, 'learning_rate': 4.211774513243411e-05, 'epoch': 5.21}
{'loss': 0.4248, 'grad_norm': 1.2356828451156616, 'learning_rate': 4.1975021495929755e-05, 'epoch': 5.29}
{'loss': 0.7585, 'grad_norm': 33.47285461425781, 'learning_rate': 4.18322978594254e-05, 'epoch': 5.38}
{'loss': 0.5475, 'grad_norm': 38.976593017578125, 'learning_rate': 4.168957422292105e-05, 'epoch': 5.46}
{'loss': 0.5914, 'grad_norm': 6.186244964599609, 'learning_rate': 4.15468505864167e-05, 'epoch': 5.55}
{'loss': 0.5663, 'grad_norm': 19.47689437866211, 'learning_rate': 4.140412694991235e-05, 'epoch': 5.63}
{'loss': 0.3206, 'grad_norm': 16.03036880493164, 'learning_rate': 4.1261403313408004e-05, 'epoch': 5.71}
{'loss': 0.927, 'grad_norm': 42.822227478027344, 'learning_rate': 4.111867967690365e-05, 'epoch': 5.8}
{'loss': 0.6618, 'grad_norm': 44.20145797729492, 'learning_rate': 4.097595604039929e-05, 'epoch': 5.88}
{'loss': 0.5632, 'grad_norm': 9.616462707519531, 'learning_rate': 4.083323240389494e-05, 'epoch': 5.97}
{'eval_loss': 0.8747538924217224, 'eval_f1_macro': 0.6938824746319026, 'eval_f1_weighted': 0.7194621626821452, 'eval_precision_macro': 0.7398002325633904, 'eval_recall_macro': 0.6949404761904762, 'eval_accuracy': 0.7254901960784313, 'eval_runtime': 0.299, 'eval_samples_per_second': 682.363, 'eval_steps_per_second': 23.414, 'epoch': 6.0}
{'loss': 0.5149, 'grad_norm': 57.66681671142578, 'learning_rate': 4.0690508767390594e-05, 'epoch': 6.05}
{'loss': 0.5602, 'grad_norm': 46.76417541503906, 'learning_rate': 4.0547785130886246e-05, 'epoch': 6.13}
{'loss': 0.5304, 'grad_norm': 85.5504379272461, 'learning_rate': 4.040506149438189e-05, 'epoch': 6.22}
{'loss': 0.5785, 'grad_norm': 29.546585083007812, 'learning_rate': 4.026233785787754e-05, 'epoch': 6.3}
{'loss': 0.6197, 'grad_norm': 12.527338027954102, 'learning_rate': 4.0119614221373185e-05, 'epoch': 6.39}
{'loss': 0.4146, 'grad_norm': 52.79972839355469, 'learning_rate': 3.9976890584868836e-05, 'epoch': 6.47}
{'loss': 0.5153, 'grad_norm': 32.318565368652344, 'learning_rate': 3.983416694836448e-05, 'epoch': 6.55}
{'loss': 0.3756, 'grad_norm': 1.6226195096969604, 'learning_rate': 3.969144331186013e-05, 'epoch': 6.64}
{'loss': 0.4956, 'grad_norm': 1.1786919832229614, 'learning_rate': 3.954871967535578e-05, 'epoch': 6.72}
{'loss': 0.6446, 'grad_norm': 4.2975335121154785, 'learning_rate': 3.9405996038851434e-05, 'epoch': 6.81}
{'loss': 0.5414, 'grad_norm': 6.960382461547852, 'learning_rate': 3.926327240234708e-05, 'epoch': 6.89}
{'loss': 0.2809, 'grad_norm': 46.078304290771484, 'learning_rate': 3.912054876584272e-05, 'epoch': 6.97}
{'eval_loss': 0.6890661120414734, 'eval_f1_macro': 0.7945389419695662, 'eval_f1_weighted': 0.8070872955432506, 'eval_precision_macro': 0.8019238182015227, 'eval_recall_macro': 0.7982804232804233, 'eval_accuracy': 0.8088235294117647, 'eval_runtime': 0.2835, 'eval_samples_per_second': 719.619, 'eval_steps_per_second': 24.693, 'epoch': 7.0}
{'loss': 0.3209, 'grad_norm': 5.785717487335205, 'learning_rate': 3.897782512933837e-05, 'epoch': 7.06}
{'loss': 0.3303, 'grad_norm': 2.9997246265411377, 'learning_rate': 3.8835101492834024e-05, 'epoch': 7.14}
{'loss': 0.2767, 'grad_norm': 27.92780303955078, 'learning_rate': 3.8692377856329675e-05, 'epoch': 7.23}
{'loss': 0.5625, 'grad_norm': 41.20962905883789, 'learning_rate': 3.8549654219825326e-05, 'epoch': 7.31}
{'loss': 0.2616, 'grad_norm': 53.26219940185547, 'learning_rate': 3.840693058332097e-05, 'epoch': 7.39}
{'loss': 0.2255, 'grad_norm': 0.572597861289978, 'learning_rate': 3.8264206946816615e-05, 'epoch': 7.48}
{'loss': 0.3798, 'grad_norm': 19.019575119018555, 'learning_rate': 3.8121483310312266e-05, 'epoch': 7.56}
{'loss': 0.2683, 'grad_norm': 4.272412300109863, 'learning_rate': 3.797875967380792e-05, 'epoch': 7.65}
{'loss': 0.2301, 'grad_norm': 9.003491401672363, 'learning_rate': 3.783603603730357e-05, 'epoch': 7.73}
{'loss': 0.3944, 'grad_norm': 51.36559295654297, 'learning_rate': 3.769331240079921e-05, 'epoch': 7.82}
{'loss': 0.2763, 'grad_norm': 0.6976004242897034, 'learning_rate': 3.7550588764294864e-05, 'epoch': 7.9}
{'loss': 0.2051, 'grad_norm': 0.39435502886772156, 'learning_rate': 3.740786512779051e-05, 'epoch': 7.98}
{'eval_loss': 0.6342368125915527, 'eval_f1_macro': 0.829800278330548, 'eval_f1_weighted': 0.8435302710976048, 'eval_precision_macro': 0.8369825098273374, 'eval_recall_macro': 0.8306878306878307, 'eval_accuracy': 0.8431372549019608, 'eval_runtime': 0.313, 'eval_samples_per_second': 651.778, 'eval_steps_per_second': 22.365, 'epoch': 8.0}
{'loss': 0.0616, 'grad_norm': 0.18165156245231628, 'learning_rate': 3.726514149128616e-05, 'epoch': 8.07}
{'loss': 0.1391, 'grad_norm': 0.197967991232872, 'learning_rate': 3.71224178547818e-05, 'epoch': 8.15}
{'loss': 0.0517, 'grad_norm': 0.22891300916671753, 'learning_rate': 3.6979694218277454e-05, 'epoch': 8.24}
{'loss': 0.2076, 'grad_norm': 5.520296573638916, 'learning_rate': 3.6836970581773105e-05, 'epoch': 8.32}
{'loss': 0.2651, 'grad_norm': 0.21974124014377594, 'learning_rate': 3.6694246945268756e-05, 'epoch': 8.4}
{'loss': 0.2835, 'grad_norm': 85.45686340332031, 'learning_rate': 3.65515233087644e-05, 'epoch': 8.49}
{'loss': 0.156, 'grad_norm': 4.361969947814941, 'learning_rate': 3.6408799672260045e-05, 'epoch': 8.57}
{'loss': 0.2295, 'grad_norm': 0.14388315379619598, 'learning_rate': 3.6266076035755696e-05, 'epoch': 8.66}
{'loss': 0.3844, 'grad_norm': 59.77295684814453, 'learning_rate': 3.612335239925135e-05, 'epoch': 8.74}
{'loss': 0.4849, 'grad_norm': 4.485508441925049, 'learning_rate': 3.5980628762747e-05, 'epoch': 8.82}
{'loss': 0.2441, 'grad_norm': 0.17495767772197723, 'learning_rate': 3.583790512624265e-05, 'epoch': 8.91}
{'loss': 0.2835, 'grad_norm': 0.6217308640480042, 'learning_rate': 3.5695181489738294e-05, 'epoch': 8.99}
{'eval_loss': 1.1342642307281494, 'eval_f1_macro': 0.7556503550886688, 'eval_f1_weighted': 0.7736599536534624, 'eval_precision_macro': 0.7833301458262636, 'eval_recall_macro': 0.753637566137566, 'eval_accuracy': 0.7745098039215687, 'eval_runtime': 0.3014, 'eval_samples_per_second': 676.736, 'eval_steps_per_second': 23.221, 'epoch': 9.0}
{'loss': 0.1507, 'grad_norm': 0.10370106995105743, 'learning_rate': 3.555245785323394e-05, 'epoch': 9.08}
{'loss': 0.1547, 'grad_norm': 2.841912031173706, 'learning_rate': 3.540973421672959e-05, 'epoch': 9.16}
{'loss': 0.0533, 'grad_norm': 0.22150979936122894, 'learning_rate': 3.526701058022524e-05, 'epoch': 9.24}
{'loss': 0.2362, 'grad_norm': 0.1556284874677658, 'learning_rate': 3.512428694372089e-05, 'epoch': 9.33}
{'loss': 0.3632, 'grad_norm': 0.17949050664901733, 'learning_rate': 3.4981563307216535e-05, 'epoch': 9.41}
{'loss': 0.0567, 'grad_norm': 131.9716339111328, 'learning_rate': 3.4838839670712186e-05, 'epoch': 9.5}
{'loss': 0.085, 'grad_norm': 8.556727409362793, 'learning_rate': 3.469611603420783e-05, 'epoch': 9.58}
{'loss': 0.4068, 'grad_norm': 14.006810188293457, 'learning_rate': 3.455339239770348e-05, 'epoch': 9.66}
{'loss': 0.2016, 'grad_norm': 3.0306129455566406, 'learning_rate': 3.4410668761199126e-05, 'epoch': 9.75}
{'loss': 0.1411, 'grad_norm': 66.9317626953125, 'learning_rate': 3.426794512469478e-05, 'epoch': 9.83}
{'loss': 0.2397, 'grad_norm': 0.09515916556119919, 'learning_rate': 3.412522148819043e-05, 'epoch': 9.92}
{'loss': 0.0849, 'grad_norm': 0.089808389544487, 'learning_rate': 3.398249785168608e-05, 'epoch': 10.0}
{'eval_loss': 1.1292669773101807, 'eval_f1_macro': 0.7603517319232114, 'eval_f1_weighted': 0.7630485295163706, 'eval_precision_macro': 0.8046768996704812, 'eval_recall_macro': 0.7791005291005291, 'eval_accuracy': 0.7696078431372549, 'eval_runtime': 0.2795, 'eval_samples_per_second': 729.774, 'eval_steps_per_second': 25.041, 'epoch': 10.0}
{'loss': 0.3831, 'grad_norm': 17.080120086669922, 'learning_rate': 3.3839774215181723e-05, 'epoch': 10.08}
{'loss': 0.1159, 'grad_norm': 0.18547306954860687, 'learning_rate': 3.369705057867737e-05, 'epoch': 10.17}
{'loss': 0.0868, 'grad_norm': 0.11465268582105637, 'learning_rate': 3.355432694217302e-05, 'epoch': 10.25}
{'loss': 0.2765, 'grad_norm': 133.9423828125, 'learning_rate': 3.341160330566867e-05, 'epoch': 10.34}
{'loss': 0.0882, 'grad_norm': 0.06202762946486473, 'learning_rate': 3.326887966916432e-05, 'epoch': 10.42}
{'loss': 0.122, 'grad_norm': 0.1591019630432129, 'learning_rate': 3.312615603265997e-05, 'epoch': 10.5}
{'loss': 0.4341, 'grad_norm': 95.58161926269531, 'learning_rate': 3.2983432396155616e-05, 'epoch': 10.59}
{'loss': 0.0745, 'grad_norm': 0.1740853190422058, 'learning_rate': 3.284070875965126e-05, 'epoch': 10.67}
{'loss': 0.5676, 'grad_norm': 82.77979278564453, 'learning_rate': 3.269798512314691e-05, 'epoch': 10.76}
{'loss': 0.0848, 'grad_norm': 2.906278610229492, 'learning_rate': 3.255526148664256e-05, 'epoch': 10.84}
{'loss': 0.2915, 'grad_norm': 4.763007640838623, 'learning_rate': 3.2412537850138214e-05, 'epoch': 10.92}
{'eval_loss': 0.7849135994911194, 'eval_f1_macro': 0.8428939956716055, 'eval_f1_weighted': 0.8528477537053475, 'eval_precision_macro': 0.8491527480947186, 'eval_recall_macro': 0.8442460317460316, 'eval_accuracy': 0.8529411764705882, 'eval_runtime': 0.2915, 'eval_samples_per_second': 699.88, 'eval_steps_per_second': 24.015, 'epoch': 11.0}
{'loss': 0.1635, 'grad_norm': 0.20369455218315125, 'learning_rate': 3.226981421363386e-05, 'epoch': 11.01}
{'loss': 0.2928, 'grad_norm': 0.05328135937452316, 'learning_rate': 3.212709057712951e-05, 'epoch': 11.09}
{'loss': 0.1012, 'grad_norm': 0.5045987963676453, 'learning_rate': 3.198436694062515e-05, 'epoch': 11.18}
{'loss': 0.0357, 'grad_norm': 0.25256168842315674, 'learning_rate': 3.1841643304120804e-05, 'epoch': 11.26}
{'loss': 0.0126, 'grad_norm': 20.56517219543457, 'learning_rate': 3.1698919667616455e-05, 'epoch': 11.34}
{'loss': 0.0885, 'grad_norm': 0.10478723049163818, 'learning_rate': 3.15561960311121e-05, 'epoch': 11.43}
{'loss': 0.1252, 'grad_norm': 0.08967509120702744, 'learning_rate': 3.141347239460775e-05, 'epoch': 11.51}
{'loss': 0.1075, 'grad_norm': 0.06222228333353996, 'learning_rate': 3.12707487581034e-05, 'epoch': 11.6}
{'loss': 0.1601, 'grad_norm': 7.283844470977783, 'learning_rate': 3.1128025121599046e-05, 'epoch': 11.68}
{'loss': 0.0694, 'grad_norm': 0.06077619642019272, 'learning_rate': 3.098530148509469e-05, 'epoch': 11.76}
{'loss': 0.2419, 'grad_norm': 106.1589584350586, 'learning_rate': 3.084257784859034e-05, 'epoch': 11.85}
{'loss': 0.1792, 'grad_norm': 0.16438183188438416, 'learning_rate': 3.069985421208599e-05, 'epoch': 11.93}
{'eval_loss': 1.0458436012268066, 'eval_f1_macro': 0.8093140904004282, 'eval_f1_weighted': 0.8200367247565595, 'eval_precision_macro': 0.8346317913181723, 'eval_recall_macro': 0.8078703703703703, 'eval_accuracy': 0.8137254901960784, 'eval_runtime': 0.2955, 'eval_samples_per_second': 690.433, 'eval_steps_per_second': 23.691, 'epoch': 12.0}
{'loss': 0.1617, 'grad_norm': 0.10729452222585678, 'learning_rate': 3.0557130575581644e-05, 'epoch': 12.02}
{'loss': 0.0923, 'grad_norm': 1.6729778051376343, 'learning_rate': 3.041440693907729e-05, 'epoch': 12.1}
{'loss': 0.1194, 'grad_norm': 0.050972335040569305, 'learning_rate': 3.0271683302572936e-05, 'epoch': 12.18}
{'loss': 0.2218, 'grad_norm': 0.08064605295658112, 'learning_rate': 3.0128959666068587e-05, 'epoch': 12.27}
{'loss': 0.0767, 'grad_norm': 13.714805603027344, 'learning_rate': 2.9986236029564234e-05, 'epoch': 12.35}
{'loss': 0.1576, 'grad_norm': 24.72766876220703, 'learning_rate': 2.9843512393059885e-05, 'epoch': 12.44}
{'loss': 0.2446, 'grad_norm': 0.04490429162979126, 'learning_rate': 2.9700788756555536e-05, 'epoch': 12.52}
{'loss': 0.0923, 'grad_norm': 0.057604581117630005, 'learning_rate': 2.955806512005118e-05, 'epoch': 12.61}
{'loss': 0.1171, 'grad_norm': 0.036047425121068954, 'learning_rate': 2.941534148354683e-05, 'epoch': 12.69}
{'loss': 0.1126, 'grad_norm': 0.03692949563264847, 'learning_rate': 2.927261784704248e-05, 'epoch': 12.77}
{'loss': 0.0292, 'grad_norm': 0.045573364943265915, 'learning_rate': 2.9129894210538127e-05, 'epoch': 12.86}
{'loss': 0.0042, 'grad_norm': 0.6648147106170654, 'learning_rate': 2.8987170574033778e-05, 'epoch': 12.94}
{'eval_loss': 0.8702466487884521, 'eval_f1_macro': 0.8589131744898959, 'eval_f1_weighted': 0.8644783661943255, 'eval_precision_macro': 0.8607661987488322, 'eval_recall_macro': 0.8622685185185186, 'eval_accuracy': 0.8627450980392157, 'eval_runtime': 0.2941, 'eval_samples_per_second': 693.66, 'eval_steps_per_second': 23.802, 'epoch': 13.0}
{'loss': 0.0857, 'grad_norm': 0.06013939157128334, 'learning_rate': 2.8844446937529423e-05, 'epoch': 13.03}
{'loss': 0.0039, 'grad_norm': 0.03131046146154404, 'learning_rate': 2.8701723301025074e-05, 'epoch': 13.11}
{'loss': 0.0042, 'grad_norm': 0.0356503427028656, 'learning_rate': 2.855899966452072e-05, 'epoch': 13.19}
{'loss': 0.004, 'grad_norm': 0.029236918315291405, 'learning_rate': 2.8416276028016372e-05, 'epoch': 13.28}
{'loss': 0.004, 'grad_norm': 0.03422761335968971, 'learning_rate': 2.8273552391512017e-05, 'epoch': 13.36}
{'loss': 0.0038, 'grad_norm': 0.02532990649342537, 'learning_rate': 2.8130828755007664e-05, 'epoch': 13.45}
{'loss': 0.0294, 'grad_norm': 0.026294276118278503, 'learning_rate': 2.7988105118503315e-05, 'epoch': 13.53}
{'loss': 0.0034, 'grad_norm': 0.03133081644773483, 'learning_rate': 2.7845381481998966e-05, 'epoch': 13.61}
{'loss': 0.0853, 'grad_norm': 0.028908032923936844, 'learning_rate': 2.7702657845494614e-05, 'epoch': 13.7}
{'loss': 0.075, 'grad_norm': 0.0732332170009613, 'learning_rate': 2.755993420899026e-05, 'epoch': 13.78}
{'loss': 0.0031, 'grad_norm': 0.024885190650820732, 'learning_rate': 2.741721057248591e-05, 'epoch': 13.87}
{'loss': 0.0034, 'grad_norm': 0.026231814175844193, 'learning_rate': 2.7274486935981557e-05, 'epoch': 13.95}
{'eval_loss': 1.039542555809021, 'eval_f1_macro': 0.8301163088261532, 'eval_f1_weighted': 0.8347542753028764, 'eval_precision_macro': 0.838617222992223, 'eval_recall_macro': 0.8387896825396826, 'eval_accuracy': 0.8333333333333334, 'eval_runtime': 0.3135, 'eval_samples_per_second': 650.718, 'eval_steps_per_second': 22.329, 'epoch': 14.0}
{'loss': 0.1307, 'grad_norm': 0.02119520492851734, 'learning_rate': 2.7131763299477208e-05, 'epoch': 14.03}
{'loss': 0.0757, 'grad_norm': 0.02443518489599228, 'learning_rate': 2.698903966297286e-05, 'epoch': 14.12}
{'loss': 0.0032, 'grad_norm': 0.023579666391015053, 'learning_rate': 2.6846316026468504e-05, 'epoch': 14.2}
{'loss': 0.0029, 'grad_norm': 0.020682943984866142, 'learning_rate': 2.670359238996415e-05, 'epoch': 14.29}
{'loss': 0.0064, 'grad_norm': 0.03917023539543152, 'learning_rate': 2.6560868753459802e-05, 'epoch': 14.37}
{'loss': 0.0056, 'grad_norm': 0.02355305477976799, 'learning_rate': 2.641814511695545e-05, 'epoch': 14.45}
{'loss': 0.0024, 'grad_norm': 0.05249020457267761, 'learning_rate': 2.62754214804511e-05, 'epoch': 14.54}
{'loss': 0.1825, 'grad_norm': 0.03856685385107994, 'learning_rate': 2.6132697843946745e-05, 'epoch': 14.62}
{'loss': 0.0577, 'grad_norm': 0.10659618675708771, 'learning_rate': 2.5989974207442396e-05, 'epoch': 14.71}
{'loss': 0.0601, 'grad_norm': 0.021275721490383148, 'learning_rate': 2.5847250570938044e-05, 'epoch': 14.79}
{'loss': 0.0776, 'grad_norm': 71.16189575195312, 'learning_rate': 2.5704526934433695e-05, 'epoch': 14.87}
{'loss': 0.0026, 'grad_norm': 0.019595853984355927, 'learning_rate': 2.556180329792934e-05, 'epoch': 14.96}
{'eval_loss': 0.9796571731567383, 'eval_f1_macro': 0.847534132935577, 'eval_f1_weighted': 0.8523636643573502, 'eval_precision_macro': 0.8535776740790766, 'eval_recall_macro': 0.8616071428571428, 'eval_accuracy': 0.8529411764705882, 'eval_runtime': 0.3051, 'eval_samples_per_second': 668.589, 'eval_steps_per_second': 22.942, 'epoch': 15.0}
{'loss': 0.0024, 'grad_norm': 0.02372705563902855, 'learning_rate': 2.5419079661424987e-05, 'epoch': 15.04}
{'loss': 0.0033, 'grad_norm': 0.1474061757326126, 'learning_rate': 2.5276356024920638e-05, 'epoch': 15.13}
{'loss': 0.0022, 'grad_norm': 0.021891318261623383, 'learning_rate': 2.513363238841629e-05, 'epoch': 15.21}
{'loss': 0.0161, 'grad_norm': 0.03392181918025017, 'learning_rate': 2.4990908751911937e-05, 'epoch': 15.29}
{'loss': 0.0837, 'grad_norm': 0.01772923208773136, 'learning_rate': 2.484818511540758e-05, 'epoch': 15.38}
{'loss': 0.0024, 'grad_norm': 0.019902026280760765, 'learning_rate': 2.4705461478903232e-05, 'epoch': 15.46}
{'loss': 0.0708, 'grad_norm': 0.020320121198892593, 'learning_rate': 2.456273784239888e-05, 'epoch': 15.55}
{'loss': 0.0023, 'grad_norm': 2.0197203159332275, 'learning_rate': 2.442001420589453e-05, 'epoch': 15.63}
{'loss': 0.1568, 'grad_norm': 0.04936257004737854, 'learning_rate': 2.4277290569390182e-05, 'epoch': 15.71}
{'loss': 0.0025, 'grad_norm': 0.046796269714832306, 'learning_rate': 2.4134566932885826e-05, 'epoch': 15.8}
{'loss': 0.0022, 'grad_norm': 0.09211548417806625, 'learning_rate': 2.3991843296381474e-05, 'epoch': 15.88}
{'loss': 0.002, 'grad_norm': 0.02372221276164055, 'learning_rate': 2.3849119659877125e-05, 'epoch': 15.97}
{'eval_loss': 0.9193008542060852, 'eval_f1_macro': 0.8554187171787051, 'eval_f1_weighted': 0.8624951683292733, 'eval_precision_macro': 0.8617799207133445, 'eval_recall_macro': 0.8621031746031745, 'eval_accuracy': 0.8627450980392157, 'eval_runtime': 0.2865, 'eval_samples_per_second': 711.989, 'eval_steps_per_second': 24.431, 'epoch': 16.0}
{'loss': 0.011, 'grad_norm': 0.020601242780685425, 'learning_rate': 2.3706396023372773e-05, 'epoch': 16.05}
{'loss': 0.0092, 'grad_norm': 0.02159794047474861, 'learning_rate': 2.3563672386868424e-05, 'epoch': 16.13}
{'loss': 0.0019, 'grad_norm': 0.01702507585287094, 'learning_rate': 2.342094875036407e-05, 'epoch': 16.22}
{'loss': 0.0021, 'grad_norm': 0.9645927548408508, 'learning_rate': 2.327822511385972e-05, 'epoch': 16.3}
{'loss': 0.0117, 'grad_norm': 0.01595516875386238, 'learning_rate': 2.3135501477355367e-05, 'epoch': 16.39}
{'loss': 0.0019, 'grad_norm': 0.014289645478129387, 'learning_rate': 2.2992777840851014e-05, 'epoch': 16.47}
{'loss': 0.0625, 'grad_norm': 0.03562745079398155, 'learning_rate': 2.2850054204346665e-05, 'epoch': 16.55}
{'loss': 0.0019, 'grad_norm': 0.016597207635641098, 'learning_rate': 2.2707330567842313e-05, 'epoch': 16.64}
{'loss': 0.0018, 'grad_norm': 0.019747436046600342, 'learning_rate': 2.256460693133796e-05, 'epoch': 16.72}
{'loss': 0.057, 'grad_norm': 0.014722099527716637, 'learning_rate': 2.2421883294833612e-05, 'epoch': 16.81}
{'loss': 0.0017, 'grad_norm': 0.03092801384627819, 'learning_rate': 2.2279159658329256e-05, 'epoch': 16.89}
{'loss': 0.012, 'grad_norm': 0.012780379503965378, 'learning_rate': 2.2136436021824907e-05, 'epoch': 16.97}
{'eval_loss': 1.0063265562057495, 'eval_f1_macro': 0.8405619153989021, 'eval_f1_weighted': 0.845714988396731, 'eval_precision_macro': 0.8461756761756762, 'eval_recall_macro': 0.8482142857142856, 'eval_accuracy': 0.8431372549019608, 'eval_runtime': 0.312, 'eval_samples_per_second': 653.868, 'eval_steps_per_second': 22.437, 'epoch': 17.0}
{'loss': 0.0016, 'grad_norm': 0.04832299426198006, 'learning_rate': 2.1993712385320555e-05, 'epoch': 17.06}
{'loss': 0.0019, 'grad_norm': 0.019634244963526726, 'learning_rate': 2.1850988748816203e-05, 'epoch': 17.14}
{'loss': 0.0016, 'grad_norm': 0.017138391733169556, 'learning_rate': 2.1708265112311854e-05, 'epoch': 17.23}
{'loss': 0.0017, 'grad_norm': 0.01603122428059578, 'learning_rate': 2.15655414758075e-05, 'epoch': 17.31}
{'loss': 0.0016, 'grad_norm': 0.022560250014066696, 'learning_rate': 2.142281783930315e-05, 'epoch': 17.39}
{'loss': 0.1131, 'grad_norm': 0.016484756022691727, 'learning_rate': 2.1280094202798797e-05, 'epoch': 17.48}
{'loss': 0.0015, 'grad_norm': 0.012658750638365746, 'learning_rate': 2.1137370566294448e-05, 'epoch': 17.56}
{'loss': 0.1318, 'grad_norm': 0.017843827605247498, 'learning_rate': 2.0994646929790095e-05, 'epoch': 17.65}
{'loss': 0.0016, 'grad_norm': 0.012982427142560482, 'learning_rate': 2.0851923293285743e-05, 'epoch': 17.73}
{'loss': 0.0582, 'grad_norm': 0.014866284094750881, 'learning_rate': 2.0709199656781394e-05, 'epoch': 17.82}
{'loss': 0.075, 'grad_norm': 0.01496308483183384, 'learning_rate': 2.0566476020277042e-05, 'epoch': 17.9}
{'loss': 0.0421, 'grad_norm': 0.012785298749804497, 'learning_rate': 2.042375238377269e-05, 'epoch': 17.98}
{'eval_loss': 1.0994644165039062, 'eval_f1_macro': 0.8284860136437461, 'eval_f1_weighted': 0.8347579086061339, 'eval_precision_macro': 0.8348560099327087, 'eval_recall_macro': 0.8298611111111112, 'eval_accuracy': 0.8333333333333334, 'eval_runtime': 0.2921, 'eval_samples_per_second': 698.313, 'eval_steps_per_second': 23.962, 'epoch': 18.0}
{'train_runtime': 148.5041, 'train_samples_per_second': 191.51, 'train_steps_per_second': 24.04, 'train_loss': 0.5241328989034718, 'epoch': 18.0}
  Finished  : epoch 18/30 | runtime 149s | 191.5 samples/s
              precision    recall  f1-score   support

       angry       0.86      0.95      0.90        38
        calm       0.90      0.90      0.90        39
     disgust       0.95      0.92      0.93        38
     fearful       0.97      0.77      0.86        39
       happy       0.92      0.89      0.91        38
     neutral       0.83      1.00      0.90        19
         sad       0.84      0.79      0.82        39
   surprised       0.88      0.97      0.93        38

    accuracy                           0.89       288
   macro avg       0.89      0.90      0.89       288
weighted avg       0.90      0.89      0.89       288

  F1-Macro 0.8925 | Accuracy 0.8924 | Precision 0.8915 | Recall 0.8998
  Fold 4/5: 948 train / 204 val / 288 test  (of 1,440)

  --- Fold 4/5 ---
  Model             : Wav2Vec2ForSequenceClassification  (94,570,632 params, 94,570,632 trainable)
  Training  : lr=4.6970348773582056e-05  bs=8  epochs=30  patience=5
{'loss': 2.0675, 'grad_norm': 1.7575751543045044, 'learning_rate': 1.515172541083292e-06, 'epoch': 0.08}
{'loss': 2.0769, 'grad_norm': 1.4383913278579712, 'learning_rate': 3.1986975867313946e-06, 'epoch': 0.17}
{'loss': 2.0708, 'grad_norm': 1.1629960536956787, 'learning_rate': 4.8822226323794966e-06, 'epoch': 0.25}
{'loss': 2.0681, 'grad_norm': nan, 'learning_rate': 6.565747678027599e-06, 'epoch': 0.34}
{'loss': 2.0728, 'grad_norm': 1.4910452365875244, 'learning_rate': 8.249272723675701e-06, 'epoch': 0.42}
{'loss': 2.0661, 'grad_norm': 1.473423719406128, 'learning_rate': 9.932797769323804e-06, 'epoch': 0.5}
{'loss': 2.0544, 'grad_norm': 4.998754978179932, 'learning_rate': 1.1616322814971906e-05, 'epoch': 0.59}
{'loss': 2.0272, 'grad_norm': 1.7526334524154663, 'learning_rate': 1.329984786062001e-05, 'epoch': 0.67}
{'loss': 2.0416, 'grad_norm': 2.3729987144470215, 'learning_rate': 1.4983372906268112e-05, 'epoch': 0.76}
{'loss': 1.9679, 'grad_norm': 2.389177083969116, 'learning_rate': 1.6666897951916216e-05, 'epoch': 0.84}
{'loss': 1.9575, 'grad_norm': 3.51639461517334, 'learning_rate': 1.8350422997564315e-05, 'epoch': 0.92}
{'eval_loss': 1.9290555715560913, 'eval_f1_macro': 0.16466440676726385, 'eval_f1_weighted': 0.17435054834180877, 'eval_precision_macro': 0.3091283913092424, 'eval_recall_macro': 0.22685185185185183, 'eval_accuracy': 0.24019607843137256, 'eval_runtime': 0.5769, 'eval_samples_per_second': 353.587, 'eval_steps_per_second': 12.133, 'epoch': 1.0}
{'loss': 1.9307, 'grad_norm': 6.01092529296875, 'learning_rate': 2.003394804321242e-05, 'epoch': 1.01}
{'loss': 1.9065, 'grad_norm': 3.0577008724212646, 'learning_rate': 2.171747308886052e-05, 'epoch': 1.09}
{'loss': 1.8573, 'grad_norm': 3.43772029876709, 'learning_rate': 2.340099813450862e-05, 'epoch': 1.18}
{'loss': 1.8385, 'grad_norm': 4.953780174255371, 'learning_rate': 2.5084523180156728e-05, 'epoch': 1.26}
{'loss': 1.8182, 'grad_norm': 4.44550085067749, 'learning_rate': 2.676804822580483e-05, 'epoch': 1.34}
{'loss': 1.7562, 'grad_norm': 9.64228630065918, 'learning_rate': 2.845157327145293e-05, 'epoch': 1.43}
{'loss': 1.7839, 'grad_norm': 3.286423921585083, 'learning_rate': 3.013509831710103e-05, 'epoch': 1.51}
{'loss': 1.717, 'grad_norm': 3.2061431407928467, 'learning_rate': 3.1818623362749134e-05, 'epoch': 1.6}
{'loss': 1.7249, 'grad_norm': 22.37435531616211, 'learning_rate': 3.350214840839724e-05, 'epoch': 1.68}
{'loss': 1.6923, 'grad_norm': 3.7007288932800293, 'learning_rate': 3.518567345404534e-05, 'epoch': 1.76}
{'loss': 1.6112, 'grad_norm': 5.712920188903809, 'learning_rate': 3.6869198499693444e-05, 'epoch': 1.85}
{'loss': 1.6195, 'grad_norm': 21.794485092163086, 'learning_rate': 3.855272354534154e-05, 'epoch': 1.93}
{'eval_loss': 1.623669147491455, 'eval_f1_macro': 0.36440906822499114, 'eval_f1_weighted': 0.38854097419901024, 'eval_precision_macro': 0.41098091330476727, 'eval_recall_macro': 0.4333664021164021, 'eval_accuracy': 0.46078431372549017, 'eval_runtime': 0.2845, 'eval_samples_per_second': 716.935, 'eval_steps_per_second': 24.601, 'epoch': 2.0}
{'loss': 1.6119, 'grad_norm': 33.52903366088867, 'learning_rate': 4.023624859098964e-05, 'epoch': 2.02}
{'loss': 1.4448, 'grad_norm': 6.301003456115723, 'learning_rate': 4.1919773636637747e-05, 'epoch': 2.1}
{'loss': 1.5038, 'grad_norm': 4.202321529388428, 'learning_rate': 4.360329868228585e-05, 'epoch': 2.18}
{'loss': 1.4875, 'grad_norm': 12.954880714416504, 'learning_rate': 4.528682372793395e-05, 'epoch': 2.27}
{'loss': 1.3384, 'grad_norm': 8.817394256591797, 'learning_rate': 4.6970348773582056e-05, 'epoch': 2.35}
{'loss': 1.3703, 'grad_norm': 5.632848739624023, 'learning_rate': 4.682762513707771e-05, 'epoch': 2.44}
{'loss': 1.339, 'grad_norm': 5.647007465362549, 'learning_rate': 4.668490150057336e-05, 'epoch': 2.52}
{'loss': 1.3539, 'grad_norm': 6.145905017852783, 'learning_rate': 4.6542177864069e-05, 'epoch': 2.61}
{'loss': 1.2335, 'grad_norm': 22.578033447265625, 'learning_rate': 4.639945422756465e-05, 'epoch': 2.69}
{'loss': 1.2707, 'grad_norm': 16.42559242248535, 'learning_rate': 4.62567305910603e-05, 'epoch': 2.77}
{'loss': 1.1781, 'grad_norm': 11.948661804199219, 'learning_rate': 4.611400695455595e-05, 'epoch': 2.86}
{'loss': 1.0724, 'grad_norm': 6.865649223327637, 'learning_rate': 4.59712833180516e-05, 'epoch': 2.94}
{'eval_loss': 1.2708237171173096, 'eval_f1_macro': 0.5451999502819684, 'eval_f1_weighted': 0.5641891402438354, 'eval_precision_macro': 0.6362004215452491, 'eval_recall_macro': 0.5785383597883598, 'eval_accuracy': 0.6078431372549019, 'eval_runtime': 0.2992, 'eval_samples_per_second': 681.72, 'eval_steps_per_second': 23.392, 'epoch': 3.0}
{'loss': 1.059, 'grad_norm': 3.49104905128479, 'learning_rate': 4.5828559681547244e-05, 'epoch': 3.03}
{'loss': 1.0231, 'grad_norm': 4.819586753845215, 'learning_rate': 4.5685836045042895e-05, 'epoch': 3.11}
{'loss': 0.8809, 'grad_norm': 23.643108367919922, 'learning_rate': 4.554311240853854e-05, 'epoch': 3.19}
{'loss': 1.0081, 'grad_norm': 17.71636199951172, 'learning_rate': 4.540038877203419e-05, 'epoch': 3.28}
{'loss': 0.8951, 'grad_norm': 6.139845848083496, 'learning_rate': 4.5257665135529835e-05, 'epoch': 3.36}
{'loss': 0.8809, 'grad_norm': 7.754565238952637, 'learning_rate': 4.5114941499025486e-05, 'epoch': 3.45}
{'loss': 0.8145, 'grad_norm': 15.372869491577148, 'learning_rate': 4.497221786252114e-05, 'epoch': 3.53}
{'loss': 0.8553, 'grad_norm': 14.700881958007812, 'learning_rate': 4.482949422601679e-05, 'epoch': 3.61}
{'loss': 0.8753, 'grad_norm': 20.997962951660156, 'learning_rate': 4.468677058951243e-05, 'epoch': 3.7}
{'loss': 0.962, 'grad_norm': 11.68934154510498, 'learning_rate': 4.454404695300808e-05, 'epoch': 3.78}
{'loss': 0.8094, 'grad_norm': 13.75561237335205, 'learning_rate': 4.440132331650373e-05, 'epoch': 3.87}
{'loss': 1.0275, 'grad_norm': 20.678449630737305, 'learning_rate': 4.425859967999938e-05, 'epoch': 3.95}
{'eval_loss': 0.9377094507217407, 'eval_f1_macro': 0.6932508351960007, 'eval_f1_weighted': 0.7047764045171508, 'eval_precision_macro': 0.7476252913752913, 'eval_recall_macro': 0.6980820105820106, 'eval_accuracy': 0.7156862745098039, 'eval_runtime': 0.3143, 'eval_samples_per_second': 649.035, 'eval_steps_per_second': 22.271, 'epoch': 4.0}
{'loss': 0.8022, 'grad_norm': 9.208329200744629, 'learning_rate': 4.411587604349503e-05, 'epoch': 4.03}
{'loss': 0.8347, 'grad_norm': 7.8719940185546875, 'learning_rate': 4.397315240699068e-05, 'epoch': 4.12}
{'loss': 0.7622, 'grad_norm': 8.279255867004395, 'learning_rate': 4.3830428770486325e-05, 'epoch': 4.2}
{'loss': 0.6883, 'grad_norm': 12.550374984741211, 'learning_rate': 4.368770513398197e-05, 'epoch': 4.29}
{'loss': 0.6965, 'grad_norm': 25.5364990234375, 'learning_rate': 4.354498149747762e-05, 'epoch': 4.37}
{'loss': 0.7633, 'grad_norm': 17.506601333618164, 'learning_rate': 4.340225786097327e-05, 'epoch': 4.45}
{'loss': 0.844, 'grad_norm': 7.39204740524292, 'learning_rate': 4.325953422446892e-05, 'epoch': 4.54}
{'loss': 0.5671, 'grad_norm': 7.8310980796813965, 'learning_rate': 4.311681058796457e-05, 'epoch': 4.62}
{'loss': 0.6131, 'grad_norm': 11.128485679626465, 'learning_rate': 4.297408695146022e-05, 'epoch': 4.71}
{'loss': 0.5962, 'grad_norm': 21.323200225830078, 'learning_rate': 4.283136331495586e-05, 'epoch': 4.79}
{'loss': 0.6307, 'grad_norm': 15.188872337341309, 'learning_rate': 4.2688639678451513e-05, 'epoch': 4.87}
{'loss': 0.6561, 'grad_norm': 16.830474853515625, 'learning_rate': 4.254591604194716e-05, 'epoch': 4.96}
{'eval_loss': 0.8144980072975159, 'eval_f1_macro': 0.7175897313169404, 'eval_f1_weighted': 0.7391271505625382, 'eval_precision_macro': 0.735430083668743, 'eval_recall_macro': 0.7166005291005291, 'eval_accuracy': 0.7352941176470589, 'eval_runtime': 0.3119, 'eval_samples_per_second': 654.086, 'eval_steps_per_second': 22.444, 'epoch': 5.0}
{'loss': 0.4297, 'grad_norm': 4.187671184539795, 'learning_rate': 4.240319240544281e-05, 'epoch': 5.04}
{'loss': 0.5368, 'grad_norm': 17.016918182373047, 'learning_rate': 4.226046876893846e-05, 'epoch': 5.13}
{'loss': 0.5662, 'grad_norm': 2.144906759262085, 'learning_rate': 4.211774513243411e-05, 'epoch': 5.21}
{'loss': 0.4907, 'grad_norm': 9.419960975646973, 'learning_rate': 4.1975021495929755e-05, 'epoch': 5.29}
{'loss': 0.577, 'grad_norm': 41.1096305847168, 'learning_rate': 4.18322978594254e-05, 'epoch': 5.38}
{'loss': 0.5333, 'grad_norm': 39.898468017578125, 'learning_rate': 4.168957422292105e-05, 'epoch': 5.46}
{'loss': 0.5616, 'grad_norm': 2.6724321842193604, 'learning_rate': 4.15468505864167e-05, 'epoch': 5.55}
{'loss': 0.4466, 'grad_norm': 0.8532142639160156, 'learning_rate': 4.140412694991235e-05, 'epoch': 5.63}
{'loss': 0.3566, 'grad_norm': 18.915746688842773, 'learning_rate': 4.1261403313408004e-05, 'epoch': 5.71}
{'loss': 0.4472, 'grad_norm': 52.104225158691406, 'learning_rate': 4.111867967690365e-05, 'epoch': 5.8}
{'loss': 0.4386, 'grad_norm': 0.7938975095748901, 'learning_rate': 4.097595604039929e-05, 'epoch': 5.88}
{'loss': 0.3588, 'grad_norm': 3.8068907260894775, 'learning_rate': 4.083323240389494e-05, 'epoch': 5.97}
{'eval_loss': 0.9464656114578247, 'eval_f1_macro': 0.7200760826952272, 'eval_f1_weighted': 0.7416001659910249, 'eval_precision_macro': 0.7369519325990316, 'eval_recall_macro': 0.7222222222222222, 'eval_accuracy': 0.7450980392156863, 'eval_runtime': 0.3152, 'eval_samples_per_second': 647.22, 'eval_steps_per_second': 22.209, 'epoch': 6.0}
{'loss': 0.6958, 'grad_norm': 23.95591926574707, 'learning_rate': 4.0690508767390594e-05, 'epoch': 6.05}
{'loss': 0.3493, 'grad_norm': 0.8348321914672852, 'learning_rate': 4.0547785130886246e-05, 'epoch': 6.13}
{'loss': 0.5011, 'grad_norm': 35.934295654296875, 'learning_rate': 4.040506149438189e-05, 'epoch': 6.22}
{'loss': 0.4512, 'grad_norm': 6.952008247375488, 'learning_rate': 4.026233785787754e-05, 'epoch': 6.3}
{'loss': 0.2823, 'grad_norm': 19.231538772583008, 'learning_rate': 4.0119614221373185e-05, 'epoch': 6.39}
{'loss': 0.4421, 'grad_norm': 16.158370971679688, 'learning_rate': 3.9976890584868836e-05, 'epoch': 6.47}
{'loss': 0.4518, 'grad_norm': 0.6101579070091248, 'learning_rate': 3.983416694836448e-05, 'epoch': 6.55}
{'loss': 0.4193, 'grad_norm': 1.1049351692199707, 'learning_rate': 3.969144331186013e-05, 'epoch': 6.64}
{'loss': 0.2675, 'grad_norm': 10.34228229522705, 'learning_rate': 3.954871967535578e-05, 'epoch': 6.72}
{'loss': 0.1833, 'grad_norm': 21.298748016357422, 'learning_rate': 3.9405996038851434e-05, 'epoch': 6.81}
{'loss': 0.4235, 'grad_norm': 26.30942153930664, 'learning_rate': 3.926327240234708e-05, 'epoch': 6.89}
{'loss': 0.1599, 'grad_norm': 14.741514205932617, 'learning_rate': 3.912054876584272e-05, 'epoch': 6.97}
{'eval_loss': 0.9235472083091736, 'eval_f1_macro': 0.7520614379611855, 'eval_f1_weighted': 0.7530555552827389, 'eval_precision_macro': 0.782984059380336, 'eval_recall_macro': 0.7478505291005291, 'eval_accuracy': 0.75, 'eval_runtime': 0.314, 'eval_samples_per_second': 649.693, 'eval_steps_per_second': 22.293, 'epoch': 7.0}
{'loss': 0.2329, 'grad_norm': 1.3736335039138794, 'learning_rate': 3.897782512933837e-05, 'epoch': 7.06}
{'loss': 0.0615, 'grad_norm': 23.50185775756836, 'learning_rate': 3.8835101492834024e-05, 'epoch': 7.14}
{'loss': 0.2167, 'grad_norm': 17.36283302307129, 'learning_rate': 3.8692377856329675e-05, 'epoch': 7.23}
{'loss': 0.1298, 'grad_norm': 0.3164712190628052, 'learning_rate': 3.8549654219825326e-05, 'epoch': 7.31}
{'loss': 0.3086, 'grad_norm': 17.039581298828125, 'learning_rate': 3.840693058332097e-05, 'epoch': 7.39}
{'loss': 0.3487, 'grad_norm': 2.7040343284606934, 'learning_rate': 3.8264206946816615e-05, 'epoch': 7.48}
{'loss': 0.0808, 'grad_norm': 0.21107473969459534, 'learning_rate': 3.8121483310312266e-05, 'epoch': 7.56}
{'loss': 0.3866, 'grad_norm': 0.5591101050376892, 'learning_rate': 3.797875967380792e-05, 'epoch': 7.65}
{'loss': 0.4064, 'grad_norm': 0.2661910951137543, 'learning_rate': 3.783603603730357e-05, 'epoch': 7.73}
{'loss': 0.2662, 'grad_norm': 39.91440200805664, 'learning_rate': 3.769331240079921e-05, 'epoch': 7.82}
{'loss': 0.196, 'grad_norm': 0.19675378501415253, 'learning_rate': 3.7550588764294864e-05, 'epoch': 7.9}
{'loss': 0.3833, 'grad_norm': 0.2005285918712616, 'learning_rate': 3.740786512779051e-05, 'epoch': 7.98}
{'eval_loss': 1.0832741260528564, 'eval_f1_macro': 0.7547874848569518, 'eval_f1_weighted': 0.7799771305888564, 'eval_precision_macro': 0.7876515011689431, 'eval_recall_macro': 0.7547949735449735, 'eval_accuracy': 0.7843137254901961, 'eval_runtime': 0.3036, 'eval_samples_per_second': 671.867, 'eval_steps_per_second': 23.054, 'epoch': 8.0}
{'loss': 0.2269, 'grad_norm': 8.970621109008789, 'learning_rate': 3.726514149128616e-05, 'epoch': 8.07}
{'loss': 0.3439, 'grad_norm': 0.17333848774433136, 'learning_rate': 3.71224178547818e-05, 'epoch': 8.15}
{'loss': 0.2494, 'grad_norm': 5.059309005737305, 'learning_rate': 3.6979694218277454e-05, 'epoch': 8.24}
{'loss': 0.1163, 'grad_norm': 13.215075492858887, 'learning_rate': 3.6836970581773105e-05, 'epoch': 8.32}
{'loss': 0.278, 'grad_norm': 100.68486022949219, 'learning_rate': 3.6694246945268756e-05, 'epoch': 8.4}
{'loss': 0.1354, 'grad_norm': 0.2480880320072174, 'learning_rate': 3.65515233087644e-05, 'epoch': 8.49}
{'loss': 0.0963, 'grad_norm': 0.15831442177295685, 'learning_rate': 3.6408799672260045e-05, 'epoch': 8.57}
{'loss': 0.2885, 'grad_norm': 5.260146617889404, 'learning_rate': 3.6266076035755696e-05, 'epoch': 8.66}
{'loss': 0.3751, 'grad_norm': 55.45552062988281, 'learning_rate': 3.612335239925135e-05, 'epoch': 8.74}
{'loss': 0.1728, 'grad_norm': 3.1545464992523193, 'learning_rate': 3.5980628762747e-05, 'epoch': 8.82}
{'loss': 0.1232, 'grad_norm': 0.12562677264213562, 'learning_rate': 3.583790512624265e-05, 'epoch': 8.91}
{'loss': 0.337, 'grad_norm': 11.259392738342285, 'learning_rate': 3.5695181489738294e-05, 'epoch': 8.99}
{'eval_loss': 0.961064338684082, 'eval_f1_macro': 0.7806243875577386, 'eval_f1_weighted': 0.7916641328288574, 'eval_precision_macro': 0.7968328735416331, 'eval_recall_macro': 0.7931547619047619, 'eval_accuracy': 0.7892156862745098, 'eval_runtime': 0.3115, 'eval_samples_per_second': 654.894, 'eval_steps_per_second': 22.472, 'epoch': 9.0}
{'loss': 0.1713, 'grad_norm': 1.062577247619629, 'learning_rate': 3.555245785323394e-05, 'epoch': 9.08}
{'loss': 0.1616, 'grad_norm': 92.7388687133789, 'learning_rate': 3.540973421672959e-05, 'epoch': 9.16}
{'loss': 0.1508, 'grad_norm': 4.723050594329834, 'learning_rate': 3.526701058022524e-05, 'epoch': 9.24}
{'loss': 0.2187, 'grad_norm': 30.734329223632812, 'learning_rate': 3.512428694372089e-05, 'epoch': 9.33}
{'loss': 0.2358, 'grad_norm': 0.09618604183197021, 'learning_rate': 3.4981563307216535e-05, 'epoch': 9.41}
{'loss': 0.3643, 'grad_norm': 9.637046813964844, 'learning_rate': 3.4838839670712186e-05, 'epoch': 9.5}
{'loss': 0.1741, 'grad_norm': 19.45662498474121, 'learning_rate': 3.469611603420783e-05, 'epoch': 9.58}
{'loss': 0.2453, 'grad_norm': 0.08898501098155975, 'learning_rate': 3.455339239770348e-05, 'epoch': 9.66}
{'loss': 0.2351, 'grad_norm': 52.058204650878906, 'learning_rate': 3.4410668761199126e-05, 'epoch': 9.75}
{'loss': 0.253, 'grad_norm': 0.17861224710941315, 'learning_rate': 3.426794512469478e-05, 'epoch': 9.83}
{'loss': 0.2769, 'grad_norm': 3.6157424449920654, 'learning_rate': 3.412522148819043e-05, 'epoch': 9.92}
{'loss': 0.1829, 'grad_norm': 0.06253119558095932, 'learning_rate': 3.398249785168608e-05, 'epoch': 10.0}
{'eval_loss': 1.0193768739700317, 'eval_f1_macro': 0.7765427096861295, 'eval_f1_weighted': 0.7826521805935105, 'eval_precision_macro': 0.8063700647213579, 'eval_recall_macro': 0.7929894179894179, 'eval_accuracy': 0.7892156862745098, 'eval_runtime': 0.6714, 'eval_samples_per_second': 303.833, 'eval_steps_per_second': 10.426, 'epoch': 10.0}
{'loss': 0.306, 'grad_norm': 0.31306129693984985, 'learning_rate': 3.3839774215181723e-05, 'epoch': 10.08}
{'loss': 0.2483, 'grad_norm': 0.14653947949409485, 'learning_rate': 3.369705057867737e-05, 'epoch': 10.17}
{'loss': 0.1437, 'grad_norm': 0.23340196907520294, 'learning_rate': 3.355432694217302e-05, 'epoch': 10.25}
{'loss': 0.0251, 'grad_norm': 0.07241783291101456, 'learning_rate': 3.341160330566867e-05, 'epoch': 10.34}
{'loss': 0.0832, 'grad_norm': 4.70521879196167, 'learning_rate': 3.326887966916432e-05, 'epoch': 10.42}
{'loss': 0.0818, 'grad_norm': 11.254279136657715, 'learning_rate': 3.312615603265997e-05, 'epoch': 10.5}
{'loss': 0.1866, 'grad_norm': 4.453238487243652, 'learning_rate': 3.2983432396155616e-05, 'epoch': 10.59}
{'loss': 0.1947, 'grad_norm': 0.14764326810836792, 'learning_rate': 3.284070875965126e-05, 'epoch': 10.67}
{'loss': 0.4289, 'grad_norm': 1.4124798774719238, 'learning_rate': 3.269798512314691e-05, 'epoch': 10.76}
{'loss': 0.0737, 'grad_norm': 0.12263227999210358, 'learning_rate': 3.255526148664256e-05, 'epoch': 10.84}
{'loss': 0.2922, 'grad_norm': 0.05463739484548569, 'learning_rate': 3.2412537850138214e-05, 'epoch': 10.92}
{'eval_loss': 0.8901253342628479, 'eval_f1_macro': 0.8476258875888405, 'eval_f1_weighted': 0.853456484086629, 'eval_precision_macro': 0.8637682360742706, 'eval_recall_macro': 0.8445767195767195, 'eval_accuracy': 0.8480392156862745, 'eval_runtime': 13.6063, 'eval_samples_per_second': 14.993, 'eval_steps_per_second': 0.514, 'epoch': 11.0}
{'loss': 0.155, 'grad_norm': 4.763662338256836, 'learning_rate': 3.226981421363386e-05, 'epoch': 11.01}
{'loss': 0.1184, 'grad_norm': 0.37114739418029785, 'learning_rate': 3.212709057712951e-05, 'epoch': 11.09}
{'loss': 0.0095, 'grad_norm': 0.07471967488527298, 'learning_rate': 3.198436694062515e-05, 'epoch': 11.18}
{'loss': 0.0069, 'grad_norm': 0.05166206136345863, 'learning_rate': 3.1841643304120804e-05, 'epoch': 11.26}
{'loss': 0.0811, 'grad_norm': 0.06503787636756897, 'learning_rate': 3.1698919667616455e-05, 'epoch': 11.34}
{'loss': 0.0824, 'grad_norm': 0.08592059463262558, 'learning_rate': 3.15561960311121e-05, 'epoch': 11.43}
{'loss': 0.1511, 'grad_norm': 0.06299769878387451, 'learning_rate': 3.141347239460775e-05, 'epoch': 11.51}
{'loss': 0.0064, 'grad_norm': 0.05442157760262489, 'learning_rate': 3.12707487581034e-05, 'epoch': 11.6}
{'loss': 0.0072, 'grad_norm': 0.3178171217441559, 'learning_rate': 3.1128025121599046e-05, 'epoch': 11.68}
{'loss': 0.2108, 'grad_norm': 3.460819721221924, 'learning_rate': 3.098530148509469e-05, 'epoch': 11.76}
{'loss': 0.1481, 'grad_norm': 0.06956221163272858, 'learning_rate': 3.084257784859034e-05, 'epoch': 11.85}
{'loss': 0.1092, 'grad_norm': 3.0369458198547363, 'learning_rate': 3.069985421208599e-05, 'epoch': 11.93}
{'eval_loss': 1.2376636266708374, 'eval_f1_macro': 0.7878463491440013, 'eval_f1_weighted': 0.8019773668807634, 'eval_precision_macro': 0.8103821074269444, 'eval_recall_macro': 0.7855489417989417, 'eval_accuracy': 0.7990196078431373, 'eval_runtime': 0.3126, 'eval_samples_per_second': 652.556, 'eval_steps_per_second': 22.392, 'epoch': 12.0}
{'loss': 0.2351, 'grad_norm': 0.12746363878250122, 'learning_rate': 3.0557130575581644e-05, 'epoch': 12.02}
{'loss': 0.1507, 'grad_norm': 0.1804385483264923, 'learning_rate': 3.041440693907729e-05, 'epoch': 12.1}
{'loss': 0.1125, 'grad_norm': 116.76591491699219, 'learning_rate': 3.0271683302572936e-05, 'epoch': 12.18}
{'loss': 0.0063, 'grad_norm': 0.19141016900539398, 'learning_rate': 3.0128959666068587e-05, 'epoch': 12.27}
{'loss': 0.0051, 'grad_norm': 0.05112193524837494, 'learning_rate': 2.9986236029564234e-05, 'epoch': 12.35}
{'loss': 0.119, 'grad_norm': 0.04821814224123955, 'learning_rate': 2.9843512393059885e-05, 'epoch': 12.44}
{'loss': 0.0907, 'grad_norm': 0.6228000521659851, 'learning_rate': 2.9700788756555536e-05, 'epoch': 12.52}
{'loss': 0.0054, 'grad_norm': 0.0564570426940918, 'learning_rate': 2.955806512005118e-05, 'epoch': 12.61}
{'loss': 0.0048, 'grad_norm': 0.03839819133281708, 'learning_rate': 2.941534148354683e-05, 'epoch': 12.69}
{'loss': 0.0104, 'grad_norm': 0.03380347415804863, 'learning_rate': 2.927261784704248e-05, 'epoch': 12.77}
{'loss': 0.1115, 'grad_norm': 0.04116591066122055, 'learning_rate': 2.9129894210538127e-05, 'epoch': 12.86}
{'loss': 0.0983, 'grad_norm': 27.212879180908203, 'learning_rate': 2.8987170574033778e-05, 'epoch': 12.94}
{'eval_loss': 0.9529299736022949, 'eval_f1_macro': 0.8314589366962467, 'eval_f1_weighted': 0.8355902228858052, 'eval_precision_macro': 0.8447866751215537, 'eval_recall_macro': 0.8387896825396826, 'eval_accuracy': 0.8333333333333334, 'eval_runtime': 0.3676, 'eval_samples_per_second': 554.952, 'eval_steps_per_second': 19.042, 'epoch': 13.0}
{'loss': 0.1914, 'grad_norm': 0.05493751913309097, 'learning_rate': 2.8844446937529423e-05, 'epoch': 13.03}
{'loss': 0.0982, 'grad_norm': 0.03429240733385086, 'learning_rate': 2.8701723301025074e-05, 'epoch': 13.11}
{'loss': 0.1415, 'grad_norm': 0.03908545523881912, 'learning_rate': 2.855899966452072e-05, 'epoch': 13.19}
{'loss': 0.0042, 'grad_norm': 0.054044101387262344, 'learning_rate': 2.8416276028016372e-05, 'epoch': 13.28}
{'loss': 0.0841, 'grad_norm': 0.029873471707105637, 'learning_rate': 2.8273552391512017e-05, 'epoch': 13.36}
{'loss': 0.0589, 'grad_norm': 0.09688189625740051, 'learning_rate': 2.8130828755007664e-05, 'epoch': 13.45}
{'loss': 0.0828, 'grad_norm': 0.03267265483736992, 'learning_rate': 2.7988105118503315e-05, 'epoch': 13.53}
{'loss': 0.004, 'grad_norm': 0.06137611344456673, 'learning_rate': 2.7845381481998966e-05, 'epoch': 13.61}
{'loss': 0.0907, 'grad_norm': 0.03529566526412964, 'learning_rate': 2.7702657845494614e-05, 'epoch': 13.7}
{'loss': 0.0064, 'grad_norm': 0.062277719378471375, 'learning_rate': 2.755993420899026e-05, 'epoch': 13.78}
{'loss': 0.0053, 'grad_norm': 0.02950451523065567, 'learning_rate': 2.741721057248591e-05, 'epoch': 13.87}
{'loss': 0.0046, 'grad_norm': 0.025060953572392464, 'learning_rate': 2.7274486935981557e-05, 'epoch': 13.95}
{'eval_loss': 0.8528751134872437, 'eval_f1_macro': 0.8301860690072761, 'eval_f1_weighted': 0.8372746533794608, 'eval_precision_macro': 0.8390094016792387, 'eval_recall_macro': 0.8389550264550264, 'eval_accuracy': 0.8333333333333334, 'eval_runtime': 0.3037, 'eval_samples_per_second': 671.686, 'eval_steps_per_second': 23.048, 'epoch': 14.0}
{'loss': 0.0033, 'grad_norm': 0.02274865284562111, 'learning_rate': 2.7131763299477208e-05, 'epoch': 14.03}
{'loss': 0.0033, 'grad_norm': 1.9916107654571533, 'learning_rate': 2.698903966297286e-05, 'epoch': 14.12}
{'loss': 0.0031, 'grad_norm': 0.025890236720442772, 'learning_rate': 2.6846316026468504e-05, 'epoch': 14.2}
{'loss': 0.0063, 'grad_norm': 69.55166625976562, 'learning_rate': 2.670359238996415e-05, 'epoch': 14.29}
{'loss': 0.003, 'grad_norm': 0.06193389743566513, 'learning_rate': 2.6560868753459802e-05, 'epoch': 14.37}
{'loss': 0.0026, 'grad_norm': 0.02551192231476307, 'learning_rate': 2.641814511695545e-05, 'epoch': 14.45}
{'loss': 0.0024, 'grad_norm': 0.01971258595585823, 'learning_rate': 2.62754214804511e-05, 'epoch': 14.54}
{'loss': 0.0029, 'grad_norm': 0.06710516661405563, 'learning_rate': 2.6132697843946745e-05, 'epoch': 14.62}
{'loss': 0.0025, 'grad_norm': 0.3840217590332031, 'learning_rate': 2.5989974207442396e-05, 'epoch': 14.71}
{'loss': 0.0028, 'grad_norm': 0.0215237308293581, 'learning_rate': 2.5847250570938044e-05, 'epoch': 14.79}
{'loss': 0.0598, 'grad_norm': 0.024720333516597748, 'learning_rate': 2.5704526934433695e-05, 'epoch': 14.87}
{'loss': 0.0265, 'grad_norm': 0.019265221431851387, 'learning_rate': 2.556180329792934e-05, 'epoch': 14.96}
{'eval_loss': 0.9180396795272827, 'eval_f1_macro': 0.8455895170517812, 'eval_f1_weighted': 0.8536198372269405, 'eval_precision_macro': 0.8577587187369796, 'eval_recall_macro': 0.8531746031746031, 'eval_accuracy': 0.8480392156862745, 'eval_runtime': 0.3084, 'eval_samples_per_second': 661.443, 'eval_steps_per_second': 22.697, 'epoch': 15.0}
{'loss': 0.041, 'grad_norm': 0.10093200951814651, 'learning_rate': 2.5419079661424987e-05, 'epoch': 15.04}
{'loss': 0.0022, 'grad_norm': 0.0402681939303875, 'learning_rate': 2.5276356024920638e-05, 'epoch': 15.13}
{'loss': 0.0022, 'grad_norm': 0.021725302562117577, 'learning_rate': 2.513363238841629e-05, 'epoch': 15.21}
{'loss': 0.0787, 'grad_norm': 0.0303561482578516, 'learning_rate': 2.4990908751911937e-05, 'epoch': 15.29}
{'loss': 0.0021, 'grad_norm': 0.019057681784033775, 'learning_rate': 2.484818511540758e-05, 'epoch': 15.38}
{'loss': 0.0024, 'grad_norm': 0.12889055907726288, 'learning_rate': 2.4705461478903232e-05, 'epoch': 15.46}
{'loss': 0.1226, 'grad_norm': 149.7873992919922, 'learning_rate': 2.456273784239888e-05, 'epoch': 15.55}
{'loss': 0.093, 'grad_norm': 0.01722257398068905, 'learning_rate': 2.442001420589453e-05, 'epoch': 15.63}
{'loss': 0.1001, 'grad_norm': 227.76686096191406, 'learning_rate': 2.4277290569390182e-05, 'epoch': 15.71}
{'loss': 0.0022, 'grad_norm': 0.027425244450569153, 'learning_rate': 2.4134566932885826e-05, 'epoch': 15.8}
{'loss': 0.0023, 'grad_norm': 0.20023788511753082, 'learning_rate': 2.3991843296381474e-05, 'epoch': 15.88}
{'loss': 0.002, 'grad_norm': 0.024064239114522934, 'learning_rate': 2.3849119659877125e-05, 'epoch': 15.97}
{'eval_loss': 0.9070226550102234, 'eval_f1_macro': 0.8449006047304721, 'eval_f1_weighted': 0.8544141735592927, 'eval_precision_macro': 0.8577191486674245, 'eval_recall_macro': 0.857308201058201, 'eval_accuracy': 0.8480392156862745, 'eval_runtime': 0.311, 'eval_samples_per_second': 656.008, 'eval_steps_per_second': 22.51, 'epoch': 16.0}
{'train_runtime': 195.0935, 'train_samples_per_second': 145.776, 'train_steps_per_second': 18.299, 'train_loss': 0.5451307805145488, 'epoch': 16.0}
  Finished  : epoch 16/30 | runtime 195s | 145.8 samples/s
              precision    recall  f1-score   support

       angry       0.86      0.84      0.85        38
        calm       0.95      0.90      0.92        39
     disgust       0.88      0.92      0.90        38
     fearful       0.86      0.77      0.81        39
       happy       0.86      0.66      0.75        38
     neutral       0.58      1.00      0.73        19
         sad       0.80      0.74      0.77        38
   surprised       0.81      0.87      0.84        39

    accuracy                           0.83       288
   macro avg       0.82      0.84      0.82       288
weighted avg       0.84      0.83      0.83       288

  F1-Macro 0.8208 | Accuracy 0.8264 | Precision 0.8238 | Recall 0.8370
  Fold 5/5: 948 train / 204 val / 288 test  (of 1,440)

  --- Fold 5/5 ---
  Model             : Wav2Vec2ForSequenceClassification  (94,570,632 params, 94,570,632 trainable)
  Training  : lr=4.6970348773582056e-05  bs=8  epochs=30  patience=5
{'loss': 2.0723, 'grad_norm': 1.7036558389663696, 'learning_rate': 1.515172541083292e-06, 'epoch': 0.08}
{'loss': 2.0811, 'grad_norm': 1.7229537963867188, 'learning_rate': 3.1986975867313946e-06, 'epoch': 0.17}
{'loss': 2.07, 'grad_norm': 1.4740808010101318, 'learning_rate': 4.8822226323794966e-06, 'epoch': 0.25}
{'loss': 2.0764, 'grad_norm': 1.7762311697006226, 'learning_rate': 6.565747678027599e-06, 'epoch': 0.34}
{'loss': 2.0759, 'grad_norm': 1.6988385915756226, 'learning_rate': 8.249272723675701e-06, 'epoch': 0.42}
{'loss': 2.0656, 'grad_norm': 2.0952954292297363, 'learning_rate': 9.932797769323804e-06, 'epoch': 0.5}
{'loss': 2.0435, 'grad_norm': 2.558953285217285, 'learning_rate': 1.1616322814971906e-05, 'epoch': 0.59}
{'loss': 2.0271, 'grad_norm': 7.354790687561035, 'learning_rate': 1.329984786062001e-05, 'epoch': 0.67}
{'loss': 2.022, 'grad_norm': 2.4092440605163574, 'learning_rate': 1.4983372906268112e-05, 'epoch': 0.76}
{'loss': 1.966, 'grad_norm': 2.9645588397979736, 'learning_rate': 1.6666897951916216e-05, 'epoch': 0.84}
{'loss': 1.9505, 'grad_norm': 2.872727632522583, 'learning_rate': 1.8350422997564315e-05, 'epoch': 0.92}
{'eval_loss': 1.9363080263137817, 'eval_f1_macro': 0.1061194820217202, 'eval_f1_weighted': 0.11236180449358608, 'eval_precision_macro': 0.18707556577494272, 'eval_recall_macro': 0.2037037037037037, 'eval_accuracy': 0.21568627450980393, 'eval_runtime': 0.5923, 'eval_samples_per_second': 344.428, 'eval_steps_per_second': 11.819, 'epoch': 1.0}
{'loss': 1.8876, 'grad_norm': 3.9358739852905273, 'learning_rate': 2.003394804321242e-05, 'epoch': 1.01}
{'loss': 1.9517, 'grad_norm': 2.8031582832336426, 'learning_rate': 2.171747308886052e-05, 'epoch': 1.09}
{'loss': 1.9493, 'grad_norm': 15.198264122009277, 'learning_rate': 2.340099813450862e-05, 'epoch': 1.18}
{'loss': 1.8497, 'grad_norm': 2.7407121658325195, 'learning_rate': 2.5084523180156728e-05, 'epoch': 1.26}
{'loss': 1.8014, 'grad_norm': 3.438900947570801, 'learning_rate': 2.676804822580483e-05, 'epoch': 1.34}
{'loss': 1.9357, 'grad_norm': 5.369027614593506, 'learning_rate': 2.845157327145293e-05, 'epoch': 1.43}
{'loss': 1.9103, 'grad_norm': 5.596647262573242, 'learning_rate': 3.013509831710103e-05, 'epoch': 1.51}
{'loss': 1.8307, 'grad_norm': 34.25661087036133, 'learning_rate': 3.1818623362749134e-05, 'epoch': 1.6}
{'loss': 1.8349, 'grad_norm': 3.0963916778564453, 'learning_rate': 3.350214840839724e-05, 'epoch': 1.68}
{'loss': 1.7767, 'grad_norm': 5.657918453216553, 'learning_rate': 3.518567345404534e-05, 'epoch': 1.76}
{'loss': 1.8662, 'grad_norm': 7.275204181671143, 'learning_rate': 3.6869198499693444e-05, 'epoch': 1.85}
{'loss': 1.8083, 'grad_norm': 11.683292388916016, 'learning_rate': 3.855272354534154e-05, 'epoch': 1.93}
{'eval_loss': 1.8457461595535278, 'eval_f1_macro': 0.25164763947987734, 'eval_f1_weighted': 0.26645044180222305, 'eval_precision_macro': 0.29815291530059146, 'eval_recall_macro': 0.3055555555555555, 'eval_accuracy': 0.3235294117647059, 'eval_runtime': 0.3051, 'eval_samples_per_second': 668.595, 'eval_steps_per_second': 22.942, 'epoch': 2.0}
{'loss': 1.7974, 'grad_norm': 6.005423069000244, 'learning_rate': 4.023624859098964e-05, 'epoch': 2.02}
{'loss': 1.6726, 'grad_norm': 9.887450218200684, 'learning_rate': 4.1919773636637747e-05, 'epoch': 2.1}
{'loss': 1.7985, 'grad_norm': 9.16074275970459, 'learning_rate': 4.360329868228585e-05, 'epoch': 2.18}
{'loss': 1.651, 'grad_norm': 3.482046365737915, 'learning_rate': 4.528682372793395e-05, 'epoch': 2.27}
{'loss': 1.6078, 'grad_norm': 13.334839820861816, 'learning_rate': 4.6970348773582056e-05, 'epoch': 2.35}
{'loss': 1.5771, 'grad_norm': 6.141648769378662, 'learning_rate': 4.682762513707771e-05, 'epoch': 2.44}
{'loss': 1.6733, 'grad_norm': 8.114946365356445, 'learning_rate': 4.668490150057336e-05, 'epoch': 2.52}
{'loss': 1.5331, 'grad_norm': 4.340303421020508, 'learning_rate': 4.6542177864069e-05, 'epoch': 2.61}
{'loss': 1.5709, 'grad_norm': 15.005802154541016, 'learning_rate': 4.639945422756465e-05, 'epoch': 2.69}
{'loss': 1.4454, 'grad_norm': 21.200204849243164, 'learning_rate': 4.62567305910603e-05, 'epoch': 2.77}
{'loss': 1.3967, 'grad_norm': 35.857398986816406, 'learning_rate': 4.611400695455595e-05, 'epoch': 2.86}
{'loss': 1.5733, 'grad_norm': 49.80061721801758, 'learning_rate': 4.59712833180516e-05, 'epoch': 2.94}
{'eval_loss': 1.3231117725372314, 'eval_f1_macro': 0.4603779249571839, 'eval_f1_weighted': 0.48779704562741716, 'eval_precision_macro': 0.560032894736842, 'eval_recall_macro': 0.5368716931216931, 'eval_accuracy': 0.5686274509803921, 'eval_runtime': 0.313, 'eval_samples_per_second': 651.754, 'eval_steps_per_second': 22.364, 'epoch': 3.0}
{'loss': 1.2493, 'grad_norm': 7.862241268157959, 'learning_rate': 4.5828559681547244e-05, 'epoch': 3.03}
{'loss': 1.2039, 'grad_norm': 23.631498336791992, 'learning_rate': 4.5685836045042895e-05, 'epoch': 3.11}
{'loss': 1.3704, 'grad_norm': 29.885663986206055, 'learning_rate': 4.554311240853854e-05, 'epoch': 3.19}
{'loss': 1.3522, 'grad_norm': 13.361668586730957, 'learning_rate': 4.540038877203419e-05, 'epoch': 3.28}
{'loss': 1.1326, 'grad_norm': 11.23300838470459, 'learning_rate': 4.5257665135529835e-05, 'epoch': 3.36}
{'loss': 1.2869, 'grad_norm': 13.73300552368164, 'learning_rate': 4.5114941499025486e-05, 'epoch': 3.45}
{'loss': 1.1663, 'grad_norm': 22.464824676513672, 'learning_rate': 4.497221786252114e-05, 'epoch': 3.53}
{'loss': 1.1695, 'grad_norm': 13.572935104370117, 'learning_rate': 4.482949422601679e-05, 'epoch': 3.61}
{'loss': 1.038, 'grad_norm': 11.5066499710083, 'learning_rate': 4.468677058951243e-05, 'epoch': 3.7}
{'loss': 1.2215, 'grad_norm': 15.728740692138672, 'learning_rate': 4.454404695300808e-05, 'epoch': 3.78}
{'loss': 1.1131, 'grad_norm': 5.727215766906738, 'learning_rate': 4.440132331650373e-05, 'epoch': 3.87}
{'loss': 0.9346, 'grad_norm': 37.483154296875, 'learning_rate': 4.425859967999938e-05, 'epoch': 3.95}
{'eval_loss': 0.969059944152832, 'eval_f1_macro': 0.6439904537755495, 'eval_f1_weighted': 0.6849067923263055, 'eval_precision_macro': 0.6648855311355312, 'eval_recall_macro': 0.6645171957671958, 'eval_accuracy': 0.7058823529411765, 'eval_runtime': 0.315, 'eval_samples_per_second': 647.6, 'eval_steps_per_second': 22.222, 'epoch': 4.0}
{'loss': 0.866, 'grad_norm': 31.820775985717773, 'learning_rate': 4.411587604349503e-05, 'epoch': 4.03}
{'loss': 0.9512, 'grad_norm': 3.9857828617095947, 'learning_rate': 4.397315240699068e-05, 'epoch': 4.12}
{'loss': 0.8746, 'grad_norm': 23.64337730407715, 'learning_rate': 4.3830428770486325e-05, 'epoch': 4.2}
{'loss': 0.8756, 'grad_norm': 5.2655930519104, 'learning_rate': 4.368770513398197e-05, 'epoch': 4.29}
{'loss': 0.9988, 'grad_norm': 24.11310577392578, 'learning_rate': 4.354498149747762e-05, 'epoch': 4.37}
{'loss': 0.8069, 'grad_norm': 11.472158432006836, 'learning_rate': 4.340225786097327e-05, 'epoch': 4.45}
{'loss': 0.8228, 'grad_norm': 16.40530014038086, 'learning_rate': 4.325953422446892e-05, 'epoch': 4.54}
{'loss': 0.9531, 'grad_norm': 9.526996612548828, 'learning_rate': 4.311681058796457e-05, 'epoch': 4.62}
{'loss': 0.7982, 'grad_norm': 20.79065704345703, 'learning_rate': 4.297408695146022e-05, 'epoch': 4.71}
{'loss': 1.0048, 'grad_norm': 18.93445587158203, 'learning_rate': 4.283136331495586e-05, 'epoch': 4.79}
{'loss': 1.035, 'grad_norm': 88.98363494873047, 'learning_rate': 4.2688639678451513e-05, 'epoch': 4.87}
{'loss': 0.9549, 'grad_norm': 61.30800247192383, 'learning_rate': 4.254591604194716e-05, 'epoch': 4.96}
{'eval_loss': 0.887977123260498, 'eval_f1_macro': 0.7027317781687408, 'eval_f1_weighted': 0.7261477946370264, 'eval_precision_macro': 0.7741162352964156, 'eval_recall_macro': 0.699239417989418, 'eval_accuracy': 0.7303921568627451, 'eval_runtime': 0.312, 'eval_samples_per_second': 653.794, 'eval_steps_per_second': 22.434, 'epoch': 5.0}
{'loss': 0.6632, 'grad_norm': 20.45172691345215, 'learning_rate': 4.240319240544281e-05, 'epoch': 5.04}
{'loss': 0.9289, 'grad_norm': 29.282623291015625, 'learning_rate': 4.226046876893846e-05, 'epoch': 5.13}
{'loss': 0.5305, 'grad_norm': 30.322704315185547, 'learning_rate': 4.211774513243411e-05, 'epoch': 5.21}
{'loss': 0.6446, 'grad_norm': nan, 'learning_rate': 4.1975021495929755e-05, 'epoch': 5.29}
{'loss': 0.758, 'grad_norm': 26.58258628845215, 'learning_rate': 4.18322978594254e-05, 'epoch': 5.38}
{'loss': 0.601, 'grad_norm': 11.95661735534668, 'learning_rate': 4.168957422292105e-05, 'epoch': 5.46}
{'loss': 0.5963, 'grad_norm': 18.101543426513672, 'learning_rate': 4.15468505864167e-05, 'epoch': 5.55}
{'loss': 0.6675, 'grad_norm': 34.28031539916992, 'learning_rate': 4.140412694991235e-05, 'epoch': 5.63}
{'loss': 0.7493, 'grad_norm': 49.27305603027344, 'learning_rate': 4.1261403313408004e-05, 'epoch': 5.71}
{'loss': 0.8179, 'grad_norm': 16.776302337646484, 'learning_rate': 4.111867967690365e-05, 'epoch': 5.8}
{'loss': 0.668, 'grad_norm': 14.595118522644043, 'learning_rate': 4.097595604039929e-05, 'epoch': 5.88}
{'loss': 0.5601, 'grad_norm': 31.613792419433594, 'learning_rate': 4.083323240389494e-05, 'epoch': 5.97}
{'eval_loss': 0.6556642055511475, 'eval_f1_macro': 0.7777875602264808, 'eval_f1_weighted': 0.7926100682255429, 'eval_precision_macro': 0.8137891433747413, 'eval_recall_macro': 0.7928240740740741, 'eval_accuracy': 0.7892156862745098, 'eval_runtime': 0.3192, 'eval_samples_per_second': 639.0, 'eval_steps_per_second': 21.926, 'epoch': 6.0}
{'loss': 0.5699, 'grad_norm': 11.886212348937988, 'learning_rate': 4.0690508767390594e-05, 'epoch': 6.05}
{'loss': 0.645, 'grad_norm': 2.1126015186309814, 'learning_rate': 4.0547785130886246e-05, 'epoch': 6.13}
{'loss': 0.5998, 'grad_norm': 17.438003540039062, 'learning_rate': 4.040506149438189e-05, 'epoch': 6.22}
{'loss': 0.4537, 'grad_norm': 24.033050537109375, 'learning_rate': 4.026233785787754e-05, 'epoch': 6.3}
{'loss': 0.6889, 'grad_norm': 8.501337051391602, 'learning_rate': 4.0119614221373185e-05, 'epoch': 6.39}
{'loss': 0.4831, 'grad_norm': 3.8940422534942627, 'learning_rate': 3.9976890584868836e-05, 'epoch': 6.47}
{'loss': 0.4288, 'grad_norm': 10.290851593017578, 'learning_rate': 3.983416694836448e-05, 'epoch': 6.55}
{'loss': 0.5297, 'grad_norm': 2.3907883167266846, 'learning_rate': 3.969144331186013e-05, 'epoch': 6.64}
{'loss': 0.3896, 'grad_norm': 0.7118314504623413, 'learning_rate': 3.954871967535578e-05, 'epoch': 6.72}
{'loss': 0.4505, 'grad_norm': 35.558563232421875, 'learning_rate': 3.9405996038851434e-05, 'epoch': 6.81}
{'loss': 0.3907, 'grad_norm': 12.714844703674316, 'learning_rate': 3.926327240234708e-05, 'epoch': 6.89}
{'loss': 0.4409, 'grad_norm': 21.049406051635742, 'learning_rate': 3.912054876584272e-05, 'epoch': 6.97}
{'eval_loss': 0.5874981880187988, 'eval_f1_macro': 0.8280307356772103, 'eval_f1_weighted': 0.8367057462726017, 'eval_precision_macro': 0.8350065194623384, 'eval_recall_macro': 0.8308531746031746, 'eval_accuracy': 0.8431372549019608, 'eval_runtime': 0.3173, 'eval_samples_per_second': 642.883, 'eval_steps_per_second': 22.06, 'epoch': 7.0}
{'loss': 0.5585, 'grad_norm': 27.953166961669922, 'learning_rate': 3.897782512933837e-05, 'epoch': 7.06}
{'loss': 0.3957, 'grad_norm': 41.66169357299805, 'learning_rate': 3.8835101492834024e-05, 'epoch': 7.14}
{'loss': 0.3152, 'grad_norm': 173.73280334472656, 'learning_rate': 3.8692377856329675e-05, 'epoch': 7.23}
{'loss': 0.5269, 'grad_norm': 20.916337966918945, 'learning_rate': 3.8549654219825326e-05, 'epoch': 7.31}
{'loss': 0.3117, 'grad_norm': 1.7416568994522095, 'learning_rate': 3.840693058332097e-05, 'epoch': 7.39}
{'loss': 0.1907, 'grad_norm': 42.5890998840332, 'learning_rate': 3.8264206946816615e-05, 'epoch': 7.48}
{'loss': 0.1686, 'grad_norm': 2.7337489128112793, 'learning_rate': 3.8121483310312266e-05, 'epoch': 7.56}
{'loss': 0.1881, 'grad_norm': 1.701650857925415, 'learning_rate': 3.797875967380792e-05, 'epoch': 7.65}
{'loss': 0.3705, 'grad_norm': 0.40460625290870667, 'learning_rate': 3.783603603730357e-05, 'epoch': 7.73}
{'loss': 0.4623, 'grad_norm': 16.575321197509766, 'learning_rate': 3.769331240079921e-05, 'epoch': 7.82}
{'loss': 0.6343, 'grad_norm': 3.404864549636841, 'learning_rate': 3.7550588764294864e-05, 'epoch': 7.9}
{'loss': 0.2941, 'grad_norm': 63.333248138427734, 'learning_rate': 3.740786512779051e-05, 'epoch': 7.98}
{'eval_loss': 0.515173614025116, 'eval_f1_macro': 0.8591142112752281, 'eval_f1_weighted': 0.8676895570365162, 'eval_precision_macro': 0.868858403928447, 'eval_recall_macro': 0.8544973544973544, 'eval_accuracy': 0.8676470588235294, 'eval_runtime': 0.3128, 'eval_samples_per_second': 652.172, 'eval_steps_per_second': 22.378, 'epoch': 8.0}
{'loss': 0.2116, 'grad_norm': 57.85340118408203, 'learning_rate': 3.726514149128616e-05, 'epoch': 8.07}
{'loss': 0.372, 'grad_norm': 55.4912109375, 'learning_rate': 3.71224178547818e-05, 'epoch': 8.15}
{'loss': 0.284, 'grad_norm': 108.60247039794922, 'learning_rate': 3.6979694218277454e-05, 'epoch': 8.24}
{'loss': 0.275, 'grad_norm': 29.557966232299805, 'learning_rate': 3.6836970581773105e-05, 'epoch': 8.32}
{'loss': 0.3522, 'grad_norm': 10.212239265441895, 'learning_rate': 3.6694246945268756e-05, 'epoch': 8.4}
{'loss': 0.4276, 'grad_norm': 3.463519334793091, 'learning_rate': 3.65515233087644e-05, 'epoch': 8.49}
{'loss': 0.3974, 'grad_norm': 0.42371681332588196, 'learning_rate': 3.6408799672260045e-05, 'epoch': 8.57}
{'loss': 0.1271, 'grad_norm': 0.5988442301750183, 'learning_rate': 3.6266076035755696e-05, 'epoch': 8.66}
{'loss': 0.3196, 'grad_norm': 0.30664896965026855, 'learning_rate': 3.612335239925135e-05, 'epoch': 8.74}
{'loss': 0.2312, 'grad_norm': 3.546478033065796, 'learning_rate': 3.5980628762747e-05, 'epoch': 8.82}
{'loss': 0.0488, 'grad_norm': 0.25903037190437317, 'learning_rate': 3.583790512624265e-05, 'epoch': 8.91}
{'loss': 0.2458, 'grad_norm': 9.1867036819458, 'learning_rate': 3.5695181489738294e-05, 'epoch': 8.99}
{'eval_loss': 0.5233833193778992, 'eval_f1_macro': 0.8802356029128535, 'eval_f1_weighted': 0.8924228523366957, 'eval_precision_macro': 0.8807738972394145, 'eval_recall_macro': 0.8816137566137566, 'eval_accuracy': 0.8921568627450981, 'eval_runtime': 0.2964, 'eval_samples_per_second': 688.261, 'eval_steps_per_second': 23.617, 'epoch': 9.0}
{'loss': 0.0972, 'grad_norm': 0.23083063960075378, 'learning_rate': 3.555245785323394e-05, 'epoch': 9.08}
{'loss': 0.2017, 'grad_norm': 65.82180786132812, 'learning_rate': 3.540973421672959e-05, 'epoch': 9.16}
{'loss': 0.0808, 'grad_norm': 0.15594644844532013, 'learning_rate': 3.526701058022524e-05, 'epoch': 9.24}
{'loss': 0.3228, 'grad_norm': 0.24705272912979126, 'learning_rate': 3.512428694372089e-05, 'epoch': 9.33}
{'loss': 0.0353, 'grad_norm': 38.47319793701172, 'learning_rate': 3.4981563307216535e-05, 'epoch': 9.41}
{'loss': 0.3571, 'grad_norm': 1.2668899297714233, 'learning_rate': 3.4838839670712186e-05, 'epoch': 9.5}
{'loss': 0.1348, 'grad_norm': 0.1127428188920021, 'learning_rate': 3.469611603420783e-05, 'epoch': 9.58}
{'loss': 0.1859, 'grad_norm': 29.235546112060547, 'learning_rate': 3.455339239770348e-05, 'epoch': 9.66}
{'loss': 0.1734, 'grad_norm': 0.22361259162425995, 'learning_rate': 3.4410668761199126e-05, 'epoch': 9.75}
{'loss': 0.2533, 'grad_norm': 0.15924201905727386, 'learning_rate': 3.426794512469478e-05, 'epoch': 9.83}
{'loss': 0.2488, 'grad_norm': 149.60035705566406, 'learning_rate': 3.412522148819043e-05, 'epoch': 9.92}
{'loss': 0.3495, 'grad_norm': 52.138675689697266, 'learning_rate': 3.398249785168608e-05, 'epoch': 10.0}
{'eval_loss': 0.9109476208686829, 'eval_f1_macro': 0.815864595414928, 'eval_f1_weighted': 0.8255746509808856, 'eval_precision_macro': 0.8474049721295984, 'eval_recall_macro': 0.8128306878306878, 'eval_accuracy': 0.8284313725490197, 'eval_runtime': 0.3093, 'eval_samples_per_second': 659.484, 'eval_steps_per_second': 22.629, 'epoch': 10.0}
{'loss': 0.2096, 'grad_norm': 76.031494140625, 'learning_rate': 3.3839774215181723e-05, 'epoch': 10.08}
{'loss': 0.2132, 'grad_norm': 130.5734100341797, 'learning_rate': 3.369705057867737e-05, 'epoch': 10.17}
{'loss': 0.1584, 'grad_norm': 40.813720703125, 'learning_rate': 3.355432694217302e-05, 'epoch': 10.25}
{'loss': 0.2325, 'grad_norm': 0.0804443210363388, 'learning_rate': 3.341160330566867e-05, 'epoch': 10.34}
{'loss': 0.0702, 'grad_norm': 0.08180107921361923, 'learning_rate': 3.326887966916432e-05, 'epoch': 10.42}
{'loss': 0.1055, 'grad_norm': 0.13078798353672028, 'learning_rate': 3.312615603265997e-05, 'epoch': 10.5}
{'loss': 0.2023, 'grad_norm': 0.22877264022827148, 'learning_rate': 3.2983432396155616e-05, 'epoch': 10.59}
{'loss': 0.3449, 'grad_norm': 134.8945770263672, 'learning_rate': 3.284070875965126e-05, 'epoch': 10.67}
{'loss': 0.3907, 'grad_norm': 13.701004981994629, 'learning_rate': 3.269798512314691e-05, 'epoch': 10.76}
{'loss': 0.1064, 'grad_norm': 0.2096157670021057, 'learning_rate': 3.255526148664256e-05, 'epoch': 10.84}
{'loss': 0.0098, 'grad_norm': 0.05969374626874924, 'learning_rate': 3.2412537850138214e-05, 'epoch': 10.92}
{'eval_loss': 0.47214582562446594, 'eval_f1_macro': 0.9064174479012638, 'eval_f1_weighted': 0.9068512892134635, 'eval_precision_macro': 0.9122620155382253, 'eval_recall_macro': 0.908068783068783, 'eval_accuracy': 0.9068627450980392, 'eval_runtime': 0.3027, 'eval_samples_per_second': 673.919, 'eval_steps_per_second': 23.125, 'epoch': 11.0}
{'loss': 0.0095, 'grad_norm': 0.071123868227005, 'learning_rate': 3.226981421363386e-05, 'epoch': 11.01}
{'loss': 0.0089, 'grad_norm': 0.06313186138868332, 'learning_rate': 3.212709057712951e-05, 'epoch': 11.09}
{'loss': 0.009, 'grad_norm': 0.0765848308801651, 'learning_rate': 3.198436694062515e-05, 'epoch': 11.18}
{'loss': 0.0076, 'grad_norm': 0.25306645035743713, 'learning_rate': 3.1841643304120804e-05, 'epoch': 11.26}
{'loss': 0.2258, 'grad_norm': 12.306859016418457, 'learning_rate': 3.1698919667616455e-05, 'epoch': 11.34}
{'loss': 0.1706, 'grad_norm': 0.09360451251268387, 'learning_rate': 3.15561960311121e-05, 'epoch': 11.43}
{'loss': 0.2491, 'grad_norm': 0.07655984163284302, 'learning_rate': 3.141347239460775e-05, 'epoch': 11.51}
{'loss': 0.1533, 'grad_norm': 0.0964236855506897, 'learning_rate': 3.12707487581034e-05, 'epoch': 11.6}
{'loss': 0.1027, 'grad_norm': 65.20723724365234, 'learning_rate': 3.1128025121599046e-05, 'epoch': 11.68}
{'loss': 0.2601, 'grad_norm': 0.05734330788254738, 'learning_rate': 3.098530148509469e-05, 'epoch': 11.76}
{'loss': 0.3699, 'grad_norm': 0.07436097413301468, 'learning_rate': 3.084257784859034e-05, 'epoch': 11.85}
{'loss': 0.0077, 'grad_norm': 0.11444694548845291, 'learning_rate': 3.069985421208599e-05, 'epoch': 11.93}
{'eval_loss': 0.934096097946167, 'eval_f1_macro': 0.8313405648730134, 'eval_f1_weighted': 0.8364316765322104, 'eval_precision_macro': 0.8420945677365457, 'eval_recall_macro': 0.8389550264550265, 'eval_accuracy': 0.8382352941176471, 'eval_runtime': 0.3039, 'eval_samples_per_second': 671.188, 'eval_steps_per_second': 23.031, 'epoch': 12.0}
{'loss': 0.3023, 'grad_norm': 0.07662326097488403, 'learning_rate': 3.0557130575581644e-05, 'epoch': 12.02}
{'loss': 0.0844, 'grad_norm': 0.09677328169345856, 'learning_rate': 3.041440693907729e-05, 'epoch': 12.1}
{'loss': 0.0366, 'grad_norm': 0.06356261670589447, 'learning_rate': 3.0271683302572936e-05, 'epoch': 12.18}
{'loss': 0.028, 'grad_norm': 186.65756225585938, 'learning_rate': 3.0128959666068587e-05, 'epoch': 12.27}
{'loss': 0.0834, 'grad_norm': 0.047283828258514404, 'learning_rate': 2.9986236029564234e-05, 'epoch': 12.35}
{'loss': 0.0885, 'grad_norm': 0.04903211072087288, 'learning_rate': 2.9843512393059885e-05, 'epoch': 12.44}
{'loss': 0.1443, 'grad_norm': 26.7932186126709, 'learning_rate': 2.9700788756555536e-05, 'epoch': 12.52}
{'loss': 0.2686, 'grad_norm': 0.05207008868455887, 'learning_rate': 2.955806512005118e-05, 'epoch': 12.61}
{'loss': 0.0078, 'grad_norm': 0.04143872484564781, 'learning_rate': 2.941534148354683e-05, 'epoch': 12.69}
{'loss': 0.1588, 'grad_norm': 91.37678527832031, 'learning_rate': 2.927261784704248e-05, 'epoch': 12.77}
{'loss': 0.1539, 'grad_norm': 0.046238601207733154, 'learning_rate': 2.9129894210538127e-05, 'epoch': 12.86}
{'loss': 0.1607, 'grad_norm': 27.809200286865234, 'learning_rate': 2.8987170574033778e-05, 'epoch': 12.94}
{'eval_loss': 0.7725672721862793, 'eval_f1_macro': 0.854948363350486, 'eval_f1_weighted': 0.8688885395496104, 'eval_precision_macro': 0.8814761320149251, 'eval_recall_macro': 0.8501984126984127, 'eval_accuracy': 0.8725490196078431, 'eval_runtime': 0.3042, 'eval_samples_per_second': 670.595, 'eval_steps_per_second': 23.011, 'epoch': 13.0}
{'loss': 0.1196, 'grad_norm': 0.06025736778974533, 'learning_rate': 2.8844446937529423e-05, 'epoch': 13.03}
{'loss': 0.0828, 'grad_norm': 0.10101598501205444, 'learning_rate': 2.8701723301025074e-05, 'epoch': 13.11}
{'loss': 0.0862, 'grad_norm': 73.77188873291016, 'learning_rate': 2.855899966452072e-05, 'epoch': 13.19}
{'loss': 0.0587, 'grad_norm': 0.0343480259180069, 'learning_rate': 2.8416276028016372e-05, 'epoch': 13.28}
{'loss': 0.0694, 'grad_norm': 0.03271353244781494, 'learning_rate': 2.8273552391512017e-05, 'epoch': 13.36}
{'loss': 0.0121, 'grad_norm': 0.030275503173470497, 'learning_rate': 2.8130828755007664e-05, 'epoch': 13.45}
{'loss': 0.0746, 'grad_norm': 0.03273520618677139, 'learning_rate': 2.7988105118503315e-05, 'epoch': 13.53}
{'loss': 0.0048, 'grad_norm': 0.035878416150808334, 'learning_rate': 2.7845381481998966e-05, 'epoch': 13.61}
{'loss': 0.0575, 'grad_norm': 0.09239234030246735, 'learning_rate': 2.7702657845494614e-05, 'epoch': 13.7}
{'loss': 0.0119, 'grad_norm': 0.06198577210307121, 'learning_rate': 2.755993420899026e-05, 'epoch': 13.78}
{'loss': 0.3213, 'grad_norm': 17.42117691040039, 'learning_rate': 2.741721057248591e-05, 'epoch': 13.87}
{'loss': 0.0437, 'grad_norm': 0.3337242007255554, 'learning_rate': 2.7274486935981557e-05, 'epoch': 13.95}
{'eval_loss': 0.5643395185470581, 'eval_f1_macro': 0.8786252748730063, 'eval_f1_weighted': 0.8864376034745417, 'eval_precision_macro': 0.8814051938677125, 'eval_recall_macro': 0.8809523809523809, 'eval_accuracy': 0.8872549019607843, 'eval_runtime': 0.3022, 'eval_samples_per_second': 674.971, 'eval_steps_per_second': 23.161, 'epoch': 14.0}
{'loss': 0.0813, 'grad_norm': 0.0260100606828928, 'learning_rate': 2.7131763299477208e-05, 'epoch': 14.03}
{'loss': 0.0276, 'grad_norm': 0.03229035437107086, 'learning_rate': 2.698903966297286e-05, 'epoch': 14.12}
{'loss': 0.0852, 'grad_norm': 0.03849118575453758, 'learning_rate': 2.6846316026468504e-05, 'epoch': 14.2}
{'loss': 0.0351, 'grad_norm': 0.030881136655807495, 'learning_rate': 2.670359238996415e-05, 'epoch': 14.29}
{'loss': 0.0862, 'grad_norm': 0.7677300572395325, 'learning_rate': 2.6560868753459802e-05, 'epoch': 14.37}
{'loss': 0.1213, 'grad_norm': 51.413856506347656, 'learning_rate': 2.641814511695545e-05, 'epoch': 14.45}
{'loss': 0.1776, 'grad_norm': 0.022954830899834633, 'learning_rate': 2.62754214804511e-05, 'epoch': 14.54}
{'loss': 0.1571, 'grad_norm': 0.04047831892967224, 'learning_rate': 2.6132697843946745e-05, 'epoch': 14.62}
{'loss': 0.123, 'grad_norm': 0.03309569135308266, 'learning_rate': 2.5989974207442396e-05, 'epoch': 14.71}
{'loss': 0.056, 'grad_norm': 0.4197901487350464, 'learning_rate': 2.5847250570938044e-05, 'epoch': 14.79}
{'loss': 0.0067, 'grad_norm': 0.06271076202392578, 'learning_rate': 2.5704526934433695e-05, 'epoch': 14.87}
{'loss': 0.0063, 'grad_norm': 0.03652283176779747, 'learning_rate': 2.556180329792934e-05, 'epoch': 14.96}
{'eval_loss': 0.6774004697799683, 'eval_f1_macro': 0.8962456997999079, 'eval_f1_weighted': 0.8960812029884982, 'eval_precision_macro': 0.9028105874011046, 'eval_recall_macro': 0.8988095238095238, 'eval_accuracy': 0.8970588235294118, 'eval_runtime': 0.3044, 'eval_samples_per_second': 670.092, 'eval_steps_per_second': 22.993, 'epoch': 15.0}
{'loss': 0.1699, 'grad_norm': 0.025160185992717743, 'learning_rate': 2.5419079661424987e-05, 'epoch': 15.04}
{'loss': 0.0576, 'grad_norm': 68.30715942382812, 'learning_rate': 2.5276356024920638e-05, 'epoch': 15.13}
{'loss': 0.1305, 'grad_norm': 0.02396705187857151, 'learning_rate': 2.513363238841629e-05, 'epoch': 15.21}
{'loss': 0.157, 'grad_norm': 2.5888469219207764, 'learning_rate': 2.4990908751911937e-05, 'epoch': 15.29}
{'loss': 0.0897, 'grad_norm': 8.586381912231445, 'learning_rate': 2.484818511540758e-05, 'epoch': 15.38}
{'loss': 0.0908, 'grad_norm': 0.022720372304320335, 'learning_rate': 2.4705461478903232e-05, 'epoch': 15.46}
{'loss': 0.0032, 'grad_norm': 0.28293412923812866, 'learning_rate': 2.456273784239888e-05, 'epoch': 15.55}
{'loss': 0.0026, 'grad_norm': 0.020500974729657173, 'learning_rate': 2.442001420589453e-05, 'epoch': 15.63}
{'loss': 0.1015, 'grad_norm': 0.04592842608690262, 'learning_rate': 2.4277290569390182e-05, 'epoch': 15.71}
{'loss': 0.0689, 'grad_norm': 0.02579895406961441, 'learning_rate': 2.4134566932885826e-05, 'epoch': 15.8}
{'loss': 0.0879, 'grad_norm': 0.039909232407808304, 'learning_rate': 2.3991843296381474e-05, 'epoch': 15.88}
{'loss': 0.1285, 'grad_norm': 0.04744875058531761, 'learning_rate': 2.3849119659877125e-05, 'epoch': 15.97}
{'eval_loss': 0.8049851059913635, 'eval_f1_macro': 0.8791985267230372, 'eval_f1_weighted': 0.8874356949616473, 'eval_precision_macro': 0.9030332244041921, 'eval_recall_macro': 0.873015873015873, 'eval_accuracy': 0.8872549019607843, 'eval_runtime': 0.3036, 'eval_samples_per_second': 671.943, 'eval_steps_per_second': 23.057, 'epoch': 16.0}
{'train_runtime': 135.1765, 'train_samples_per_second': 210.392, 'train_steps_per_second': 26.41, 'train_loss': 0.6400495497118525, 'epoch': 16.0}
  Finished  : epoch 16/30 | runtime 135s | 210.4 samples/s
              precision    recall  f1-score   support

       angry       0.92      0.92      0.92        38
        calm       0.88      0.92      0.90        38
     disgust       0.97      0.90      0.93        39
     fearful       0.89      0.82      0.85        38
       happy       0.93      0.74      0.82        38
     neutral       0.87      0.65      0.74        20
         sad       0.66      0.87      0.75        38
   surprised       0.84      0.95      0.89        39

    accuracy                           0.86       288
   macro avg       0.87      0.84      0.85       288
weighted avg       0.87      0.86      0.86       288

  F1-Macro 0.8511 | Accuracy 0.8576 | Precision 0.8694 | Recall 0.8449

  5-fold CV summary (mean ± 95% CI):
    f1_macro         = 0.8618 ± 0.0342  (95% CI [0.8275, 0.8960])
    f1_weighted      = 0.8677 ± 0.0330  (95% CI [0.8347, 0.9007])
    precision_macro  = 0.8667 ± 0.0323  (95% CI [0.8344, 0.8991])
    recall_macro     = 0.8675 ± 0.0329  (95% CI [0.8345, 0.9004])
    accuracy         = 0.8674 ± 0.0333  (95% CI [0.8340, 0.9007])

======================================================================
[2/3]  wav2vec2-base_emodb
  Model  : facebook/wav2vec2-base
  Dataset: renumics/emodb
  Output : /home/tu/tu_tu/tu_zxord71/asp-project/outputs/wav2vec2-base_emodb

  Loading: renumics/emodb
  Label col : emotion
  Samples   : 535  |  Classes: 7
    0: 127
    1: 81
    2: 46
    3: 69
    4: 71
    5: 79
    6: 62
  Classes   : ['anger', 'boredom', 'disgust', 'fear', 'happiness', 'neutral', 'sadness']
  Feature extractor : Wav2Vec2FeatureExtractor  (sr=16000)
  Loaded hyperparameters: lr=0.00010246558033540061  bs=8  warmup=0.19285199541568976  wd=0.06197103748785537
  Fold 1/5: 352 train / 76 val / 107 test  (of 535)

  --- Fold 1/5 ---
  Model             : Wav2Vec2ForSequenceClassification  (94,570,375 params, 94,570,375 trainable)
  Training  : lr=0.00010246558033540061  bs=8  epochs=30  patience=5
{'loss': 1.9541, 'grad_norm': nan, 'learning_rate': 3.6164322471317865e-06, 'epoch': 0.23}
{'loss': 1.9464, 'grad_norm': nan, 'learning_rate': 7.634690299500438e-06, 'epoch': 0.45}
{'loss': 1.9322, 'grad_norm': 2.3069539070129395, 'learning_rate': 1.165294835186909e-05, 'epoch': 0.68}
{'loss': 1.9024, 'grad_norm': 2.162008762359619, 'learning_rate': 1.5671206404237743e-05, 'epoch': 0.91}
{'eval_loss': 1.8662235736846924, 'eval_f1_macro': 0.055900621118012424, 'eval_f1_weighted': 0.09267734553775744, 'eval_precision_macro': 0.03474903474903475, 'eval_recall_macro': 0.14285714285714285, 'eval_accuracy': 0.23684210526315788, 'eval_runtime': 11.6513, 'eval_samples_per_second': 6.523, 'eval_steps_per_second': 0.257, 'epoch': 1.0}
{'loss': 1.8799, 'grad_norm': 2.4346797466278076, 'learning_rate': 1.9689464456606395e-05, 'epoch': 1.14}
{'loss': 1.8005, 'grad_norm': 3.8065786361694336, 'learning_rate': 2.3707722508975044e-05, 'epoch': 1.36}
{'loss': 1.7638, 'grad_norm': 2.418712615966797, 'learning_rate': 2.7725980561343693e-05, 'epoch': 1.59}
{'loss': 1.6471, 'grad_norm': 2.964012384414673, 'learning_rate': 3.1744238613712346e-05, 'epoch': 1.82}
{'eval_loss': 1.466636300086975, 'eval_f1_macro': 0.2689171265990673, 'eval_f1_weighted': 0.32937847764064243, 'eval_precision_macro': 0.3220688275310124, 'eval_recall_macro': 0.3545454545454545, 'eval_accuracy': 0.4473684210526316, 'eval_runtime': 0.1342, 'eval_samples_per_second': 566.503, 'eval_steps_per_second': 22.362, 'epoch': 2.0}
{'loss': 1.5515, 'grad_norm': 3.379039764404297, 'learning_rate': 3.5762496666081e-05, 'epoch': 2.05}
{'loss': 1.3849, 'grad_norm': 8.01860523223877, 'learning_rate': 3.978075471844965e-05, 'epoch': 2.27}
{'loss': 1.2481, 'grad_norm': 3.890326499938965, 'learning_rate': 4.37990127708183e-05, 'epoch': 2.5}
{'loss': 1.3042, 'grad_norm': 9.644586563110352, 'learning_rate': 4.7817270823186956e-05, 'epoch': 2.73}
{'loss': 1.2507, 'grad_norm': 3.4184281826019287, 'learning_rate': 5.18355288755556e-05, 'epoch': 2.95}
{'eval_loss': 1.0411955118179321, 'eval_f1_macro': 0.7330809381498671, 'eval_f1_weighted': 0.7556466687300533, 'eval_precision_macro': 0.8554147715638399, 'eval_recall_macro': 0.7625231910946196, 'eval_accuracy': 0.8026315789473685, 'eval_runtime': 0.1473, 'eval_samples_per_second': 515.935, 'eval_steps_per_second': 20.366, 'epoch': 3.0}
{'loss': 1.1169, 'grad_norm': 14.571942329406738, 'learning_rate': 5.5853786927924254e-05, 'epoch': 3.18}
{'loss': 1.0347, 'grad_norm': 12.34747314453125, 'learning_rate': 5.987204498029291e-05, 'epoch': 3.41}
{'loss': 0.8747, 'grad_norm': 7.082586765289307, 'learning_rate': 6.389030303266156e-05, 'epoch': 3.64}
{'loss': 0.7531, 'grad_norm': 16.549348831176758, 'learning_rate': 6.79085610850302e-05, 'epoch': 3.86}
{'eval_loss': 0.8340069055557251, 'eval_f1_macro': 0.7052241409384268, 'eval_f1_weighted': 0.7375353447721869, 'eval_precision_macro': 0.8306701701659686, 'eval_recall_macro': 0.7291280148423006, 'eval_accuracy': 0.7763157894736842, 'eval_runtime': 0.1326, 'eval_samples_per_second': 573.354, 'eval_steps_per_second': 22.632, 'epoch': 4.0}
{'loss': 0.7801, 'grad_norm': 19.95993995666504, 'learning_rate': 7.192681913739886e-05, 'epoch': 4.09}
{'loss': 0.6704, 'grad_norm': 11.028225898742676, 'learning_rate': 7.594507718976752e-05, 'epoch': 4.32}
{'loss': 0.66, 'grad_norm': 37.21127700805664, 'learning_rate': 7.996333524213617e-05, 'epoch': 4.55}
{'loss': 0.931, 'grad_norm': 16.1480655670166, 'learning_rate': 8.398159329450481e-05, 'epoch': 4.77}
{'loss': 1.1725, 'grad_norm': 20.27288055419922, 'learning_rate': 8.799985134687346e-05, 'epoch': 5.0}
{'eval_loss': 0.8687568306922913, 'eval_f1_macro': 0.6189504943676244, 'eval_f1_weighted': 0.6712117733427961, 'eval_precision_macro': 0.7935531469366055, 'eval_recall_macro': 0.646588332302618, 'eval_accuracy': 0.7105263157894737, 'eval_runtime': 0.1365, 'eval_samples_per_second': 556.693, 'eval_steps_per_second': 21.975, 'epoch': 5.0}
{'loss': 0.6962, 'grad_norm': 13.649202346801758, 'learning_rate': 9.201810939924212e-05, 'epoch': 5.23}
{'loss': 0.7557, 'grad_norm': 52.58734130859375, 'learning_rate': 9.603636745161078e-05, 'epoch': 5.45}
{'loss': 0.8313, 'grad_norm': 30.854400634765625, 'learning_rate': 0.00010005462550397942, 'epoch': 5.68}
{'loss': 0.509, 'grad_norm': 22.319339752197266, 'learning_rate': 0.0001020807330853146, 'epoch': 5.91}
{'eval_loss': 0.717282772064209, 'eval_f1_macro': 0.5889757453368943, 'eval_f1_weighted': 0.5927824577403381, 'eval_precision_macro': 0.6564285714285714, 'eval_recall_macro': 0.6230880230880231, 'eval_accuracy': 0.6447368421052632, 'eval_runtime': 0.1389, 'eval_samples_per_second': 547.031, 'eval_steps_per_second': 21.593, 'epoch': 6.0}
{'loss': 0.4951, 'grad_norm': 28.123411178588867, 'learning_rate': 0.00010111861496009958, 'epoch': 6.14}
{'loss': 0.7401, 'grad_norm': 13.057853698730469, 'learning_rate': 0.00010015649683488455, 'epoch': 6.36}
{'loss': 0.4734, 'grad_norm': 8.154196739196777, 'learning_rate': 9.919437870966951e-05, 'epoch': 6.59}
{'loss': 0.57, 'grad_norm': 13.407347679138184, 'learning_rate': 9.823226058445448e-05, 'epoch': 6.82}
{'eval_loss': 0.7674387693405151, 'eval_f1_macro': 0.6903841235742417, 'eval_f1_weighted': 0.6886450147926206, 'eval_precision_macro': 0.6905353734846822, 'eval_recall_macro': 0.7159554730983303, 'eval_accuracy': 0.7368421052631579, 'eval_runtime': 0.1399, 'eval_samples_per_second': 543.118, 'eval_steps_per_second': 21.439, 'epoch': 7.0}
{'loss': 0.5846, 'grad_norm': 18.01473045349121, 'learning_rate': 9.727014245923946e-05, 'epoch': 7.05}
{'loss': 0.3697, 'grad_norm': 29.51028060913086, 'learning_rate': 9.630802433402443e-05, 'epoch': 7.27}
{'loss': 1.061, 'grad_norm': 77.91517639160156, 'learning_rate': 9.53459062088094e-05, 'epoch': 7.5}
{'loss': 0.9512, 'grad_norm': 68.68340301513672, 'learning_rate': 9.438378808359436e-05, 'epoch': 7.73}
{'loss': 0.8077, 'grad_norm': 7.602814197540283, 'learning_rate': 9.342166995837934e-05, 'epoch': 7.95}
{'eval_loss': 1.9367778301239014, 'eval_f1_macro': 0.45802154195011335, 'eval_f1_weighted': 0.4932069757727652, 'eval_precision_macro': 0.6364254792826222, 'eval_recall_macro': 0.5239538239538238, 'eval_accuracy': 0.5131578947368421, 'eval_runtime': 0.1388, 'eval_samples_per_second': 547.457, 'eval_steps_per_second': 21.61, 'epoch': 8.0}
{'train_runtime': 56.1712, 'train_samples_per_second': 187.997, 'train_steps_per_second': 23.5, 'train_loss': 1.1041186506097966, 'epoch': 8.0}
  Finished  : epoch 8/30 | runtime 56s | 188.0 samples/s
              precision    recall  f1-score   support

       anger       1.00      0.42      0.59        26
     boredom       0.69      0.56      0.62        16
     disgust       0.18      1.00      0.30         9
        fear       1.00      0.43      0.60        14
   happiness       0.00      0.00      0.00        15
     neutral       0.00      0.00      0.00        15
     sadness       0.48      1.00      0.65        12

    accuracy                           0.44       107
   macro avg       0.48      0.49      0.39       107
weighted avg       0.55      0.44      0.41       107

  F1-Macro 0.3948 | Accuracy 0.4393 | Precision 0.4784 | Recall 0.4877
  Fold 2/5: 352 train / 76 val / 107 test  (of 535)

  --- Fold 2/5 ---
  Model             : Wav2Vec2ForSequenceClassification  (94,570,375 params, 94,570,375 trainable)
  Training  : lr=0.00010246558033540061  bs=8  epochs=30  patience=5
{'loss': 1.9387, 'grad_norm': nan, 'learning_rate': 3.6164322471317865e-06, 'epoch': 0.23}
{'loss': 1.9377, 'grad_norm': 1.5982455015182495, 'learning_rate': 7.634690299500438e-06, 'epoch': 0.45}
{'loss': 1.9274, 'grad_norm': 2.230512857437134, 'learning_rate': 1.165294835186909e-05, 'epoch': 0.68}
{'loss': 1.904, 'grad_norm': 1.4277461767196655, 'learning_rate': 1.5671206404237743e-05, 'epoch': 0.91}
{'eval_loss': 1.8934520483016968, 'eval_f1_macro': 0.05529953917050691, 'eval_f1_weighted': 0.09168081494057725, 'eval_precision_macro': 0.03428571428571429, 'eval_recall_macro': 0.14285714285714285, 'eval_accuracy': 0.23684210526315788, 'eval_runtime': 0.3707, 'eval_samples_per_second': 205.0, 'eval_steps_per_second': 8.092, 'epoch': 1.0}
{'loss': 1.8822, 'grad_norm': 3.5689027309417725, 'learning_rate': 1.9689464456606395e-05, 'epoch': 1.14}
{'loss': 1.8175, 'grad_norm': 3.6335561275482178, 'learning_rate': 2.3707722508975044e-05, 'epoch': 1.36}
{'loss': 1.7269, 'grad_norm': 2.2020418643951416, 'learning_rate': 2.7725980561343693e-05, 'epoch': 1.59}
{'loss': 1.6539, 'grad_norm': 3.1059062480926514, 'learning_rate': 3.1744238613712346e-05, 'epoch': 1.82}
{'eval_loss': 1.6141679286956787, 'eval_f1_macro': 0.35857394661742487, 'eval_f1_weighted': 0.4149011998268291, 'eval_precision_macro': 0.427938894856188, 'eval_recall_macro': 0.39639249639249646, 'eval_accuracy': 0.4605263157894737, 'eval_runtime': 0.1349, 'eval_samples_per_second': 563.271, 'eval_steps_per_second': 22.234, 'epoch': 2.0}
{'loss': 1.6115, 'grad_norm': 9.425532341003418, 'learning_rate': 3.5762496666081e-05, 'epoch': 2.05}
{'loss': 1.4183, 'grad_norm': 4.5341572761535645, 'learning_rate': 3.978075471844965e-05, 'epoch': 2.27}
{'loss': 1.3599, 'grad_norm': 9.49734115600586, 'learning_rate': 4.37990127708183e-05, 'epoch': 2.5}
{'loss': 1.2925, 'grad_norm': 5.856862545013428, 'learning_rate': 4.7817270823186956e-05, 'epoch': 2.73}
{'loss': 1.2965, 'grad_norm': 9.41739273071289, 'learning_rate': 5.18355288755556e-05, 'epoch': 2.95}
{'eval_loss': 1.2589175701141357, 'eval_f1_macro': 0.5331988922051034, 'eval_f1_weighted': 0.5526445712944569, 'eval_precision_macro': 0.6524700789406672, 'eval_recall_macro': 0.5408163265306122, 'eval_accuracy': 0.5921052631578947, 'eval_runtime': 0.1337, 'eval_samples_per_second': 568.481, 'eval_steps_per_second': 22.44, 'epoch': 3.0}
{'loss': 1.0306, 'grad_norm': 3.256730556488037, 'learning_rate': 5.5853786927924254e-05, 'epoch': 3.18}
{'loss': 1.1543, 'grad_norm': 10.672557830810547, 'learning_rate': 5.987204498029291e-05, 'epoch': 3.41}
{'loss': 1.0991, 'grad_norm': 5.922388076782227, 'learning_rate': 6.389030303266156e-05, 'epoch': 3.64}
{'loss': 0.9848, 'grad_norm': 9.50648307800293, 'learning_rate': 6.79085610850302e-05, 'epoch': 3.86}
{'eval_loss': 0.9550572633743286, 'eval_f1_macro': 0.7024138994903673, 'eval_f1_weighted': 0.7061306682158925, 'eval_precision_macro': 0.7547871668561325, 'eval_recall_macro': 0.7046382189239332, 'eval_accuracy': 0.7368421052631579, 'eval_runtime': 0.1336, 'eval_samples_per_second': 569.07, 'eval_steps_per_second': 22.463, 'epoch': 4.0}
{'loss': 0.9356, 'grad_norm': 17.460729598999023, 'learning_rate': 7.192681913739886e-05, 'epoch': 4.09}
{'loss': 0.8433, 'grad_norm': 21.03719139099121, 'learning_rate': 7.594507718976752e-05, 'epoch': 4.32}
{'loss': 0.7559, 'grad_norm': 9.850606918334961, 'learning_rate': 7.996333524213617e-05, 'epoch': 4.55}
{'loss': 0.541, 'grad_norm': 19.34265899658203, 'learning_rate': 8.398159329450481e-05, 'epoch': 4.77}
{'loss': 1.0671, 'grad_norm': 24.514188766479492, 'learning_rate': 8.799985134687346e-05, 'epoch': 5.0}
{'eval_loss': 0.813441276550293, 'eval_f1_macro': 0.6802478223530856, 'eval_f1_weighted': 0.6718047188268794, 'eval_precision_macro': 0.6664936149898556, 'eval_recall_macro': 0.7210884353741498, 'eval_accuracy': 0.7236842105263158, 'eval_runtime': 0.1325, 'eval_samples_per_second': 573.432, 'eval_steps_per_second': 22.635, 'epoch': 5.0}
{'loss': 0.8604, 'grad_norm': 16.8548641204834, 'learning_rate': 9.201810939924212e-05, 'epoch': 5.23}
{'loss': 0.5339, 'grad_norm': 6.531062602996826, 'learning_rate': 9.603636745161078e-05, 'epoch': 5.45}
{'loss': 0.7109, 'grad_norm': 6.07423210144043, 'learning_rate': 0.00010005462550397942, 'epoch': 5.68}
{'loss': 0.6065, 'grad_norm': 20.879905700683594, 'learning_rate': 0.0001020807330853146, 'epoch': 5.91}
{'eval_loss': 0.7814227342605591, 'eval_f1_macro': 0.7420318757549301, 'eval_f1_weighted': 0.7428655285028956, 'eval_precision_macro': 0.7923534798534799, 'eval_recall_macro': 0.752092352092352, 'eval_accuracy': 0.7763157894736842, 'eval_runtime': 0.132, 'eval_samples_per_second': 575.794, 'eval_steps_per_second': 22.729, 'epoch': 6.0}
{'loss': 0.6002, 'grad_norm': 24.286745071411133, 'learning_rate': 0.00010111861496009958, 'epoch': 6.14}
{'loss': 0.6521, 'grad_norm': 8.45529842376709, 'learning_rate': 0.00010015649683488455, 'epoch': 6.36}
{'loss': 0.9245, 'grad_norm': 16.56186866760254, 'learning_rate': 9.919437870966951e-05, 'epoch': 6.59}
{'loss': 0.6424, 'grad_norm': 2.231719970703125, 'learning_rate': 9.823226058445448e-05, 'epoch': 6.82}
{'eval_loss': 0.8882768750190735, 'eval_f1_macro': 0.6907440395513044, 'eval_f1_weighted': 0.6969739933324773, 'eval_precision_macro': 0.7166666666666666, 'eval_recall_macro': 0.7395382395382395, 'eval_accuracy': 0.7236842105263158, 'eval_runtime': 0.1321, 'eval_samples_per_second': 575.261, 'eval_steps_per_second': 22.708, 'epoch': 7.0}
{'loss': 0.5333, 'grad_norm': 7.494304656982422, 'learning_rate': 9.727014245923946e-05, 'epoch': 7.05}
{'loss': 0.421, 'grad_norm': 0.5807597637176514, 'learning_rate': 9.630802433402443e-05, 'epoch': 7.27}
{'loss': 0.3316, 'grad_norm': 6.16187858581543, 'learning_rate': 9.53459062088094e-05, 'epoch': 7.5}
{'loss': 0.4176, 'grad_norm': 77.46540069580078, 'learning_rate': 9.438378808359436e-05, 'epoch': 7.73}
{'loss': 0.1974, 'grad_norm': 54.58561706542969, 'learning_rate': 9.342166995837934e-05, 'epoch': 7.95}
{'eval_loss': 0.7895599603652954, 'eval_f1_macro': 0.7493457989256308, 'eval_f1_weighted': 0.7657541804600628, 'eval_precision_macro': 0.8364946457051721, 'eval_recall_macro': 0.7389198103483816, 'eval_accuracy': 0.7763157894736842, 'eval_runtime': 0.1322, 'eval_samples_per_second': 574.678, 'eval_steps_per_second': 22.685, 'epoch': 8.0}
{'loss': 0.4369, 'grad_norm': 67.30223083496094, 'learning_rate': 9.24595518331643e-05, 'epoch': 8.18}
{'loss': 0.232, 'grad_norm': 0.6014189124107361, 'learning_rate': 9.149743370794928e-05, 'epoch': 8.41}
{'loss': 0.1602, 'grad_norm': 6.653964996337891, 'learning_rate': 9.053531558273425e-05, 'epoch': 8.64}
{'loss': 0.1729, 'grad_norm': 40.103004455566406, 'learning_rate': 8.957319745751923e-05, 'epoch': 8.86}
{'eval_loss': 0.3796789348125458, 'eval_f1_macro': 0.9150644468313641, 'eval_f1_weighted': 0.9133211317768104, 'eval_precision_macro': 0.9239177489177489, 'eval_recall_macro': 0.9206349206349207, 'eval_accuracy': 0.9210526315789473, 'eval_runtime': 0.1356, 'eval_samples_per_second': 560.661, 'eval_steps_per_second': 22.131, 'epoch': 9.0}
{'loss': 0.467, 'grad_norm': 5.285256385803223, 'learning_rate': 8.861107933230419e-05, 'epoch': 9.09}
{'loss': 0.2509, 'grad_norm': 95.53412628173828, 'learning_rate': 8.764896120708917e-05, 'epoch': 9.32}
{'loss': 0.3065, 'grad_norm': 4.294654369354248, 'learning_rate': 8.668684308187413e-05, 'epoch': 9.55}
{'loss': 0.1298, 'grad_norm': 25.255043029785156, 'learning_rate': 8.572472495665911e-05, 'epoch': 9.77}
{'loss': 0.5308, 'grad_norm': 100.03278350830078, 'learning_rate': 8.476260683144408e-05, 'epoch': 10.0}
{'eval_loss': 1.0174435377120972, 'eval_f1_macro': 0.7654269212375382, 'eval_f1_weighted': 0.7675405681182318, 'eval_precision_macro': 0.8263107302417534, 'eval_recall_macro': 0.7556380127808698, 'eval_accuracy': 0.7763157894736842, 'eval_runtime': 0.1392, 'eval_samples_per_second': 546.113, 'eval_steps_per_second': 21.557, 'epoch': 10.0}
{'loss': 0.148, 'grad_norm': 58.96212387084961, 'learning_rate': 8.380048870622904e-05, 'epoch': 10.23}
{'loss': 0.232, 'grad_norm': 3.02133846282959, 'learning_rate': 8.283837058101402e-05, 'epoch': 10.45}
{'loss': 0.1988, 'grad_norm': 0.32616108655929565, 'learning_rate': 8.1876252455799e-05, 'epoch': 10.68}
{'loss': 0.4104, 'grad_norm': 20.13945960998535, 'learning_rate': 8.091413433058396e-05, 'epoch': 10.91}
{'eval_loss': 0.5129367709159851, 'eval_f1_macro': 0.8806279124602107, 'eval_f1_weighted': 0.8828711572561687, 'eval_precision_macro': 0.8931068931068931, 'eval_recall_macro': 0.8824778396206968, 'eval_accuracy': 0.881578947368421, 'eval_runtime': 0.1378, 'eval_samples_per_second': 551.673, 'eval_steps_per_second': 21.777, 'epoch': 11.0}
{'loss': 0.278, 'grad_norm': 0.172865092754364, 'learning_rate': 7.995201620536892e-05, 'epoch': 11.14}
{'loss': 0.2807, 'grad_norm': 0.49973589181900024, 'learning_rate': 7.89898980801539e-05, 'epoch': 11.36}
{'loss': 0.1455, 'grad_norm': 29.75308609008789, 'learning_rate': 7.802777995493887e-05, 'epoch': 11.59}
{'loss': 0.1522, 'grad_norm': 2.0488452911376953, 'learning_rate': 7.706566182972385e-05, 'epoch': 11.82}
{'eval_loss': 0.6253034472465515, 'eval_f1_macro': 0.9002315691970865, 'eval_f1_weighted': 0.8900918299284906, 'eval_precision_macro': 0.9323308270676691, 'eval_recall_macro': 0.9034013605442176, 'eval_accuracy': 0.881578947368421, 'eval_runtime': 0.1384, 'eval_samples_per_second': 549.062, 'eval_steps_per_second': 21.673, 'epoch': 12.0}
{'loss': 0.0117, 'grad_norm': 0.08526931703090668, 'learning_rate': 7.610354370450881e-05, 'epoch': 12.05}
{'loss': 0.0097, 'grad_norm': 0.11188293248414993, 'learning_rate': 7.514142557929377e-05, 'epoch': 12.27}
{'loss': 0.0801, 'grad_norm': 0.09515101462602615, 'learning_rate': 7.417930745407875e-05, 'epoch': 12.5}
{'loss': 0.1451, 'grad_norm': 0.3589853346347809, 'learning_rate': 7.321718932886373e-05, 'epoch': 12.73}
{'loss': 0.2632, 'grad_norm': 0.17512379586696625, 'learning_rate': 7.22550712036487e-05, 'epoch': 12.95}
{'eval_loss': 0.3537055253982544, 'eval_f1_macro': 0.9291653628374588, 'eval_f1_weighted': 0.9294193162577021, 'eval_precision_macro': 0.9500000000000001, 'eval_recall_macro': 0.926984126984127, 'eval_accuracy': 0.9342105263157895, 'eval_runtime': 0.1321, 'eval_samples_per_second': 575.256, 'eval_steps_per_second': 22.707, 'epoch': 13.0}
{'loss': 0.0796, 'grad_norm': 0.10822493582963943, 'learning_rate': 7.129295307843366e-05, 'epoch': 13.18}
{'loss': 0.1258, 'grad_norm': 0.14356264472007751, 'learning_rate': 7.033083495321864e-05, 'epoch': 13.41}
{'loss': 0.0146, 'grad_norm': 0.16888663172721863, 'learning_rate': 6.936871682800362e-05, 'epoch': 13.64}
{'loss': 0.0628, 'grad_norm': 0.043621815741062164, 'learning_rate': 6.840659870278858e-05, 'epoch': 13.86}
{'eval_loss': 0.3272284269332886, 'eval_f1_macro': 0.9470855231724797, 'eval_f1_weighted': 0.9425937334976237, 'eval_precision_macro': 0.9676870748299321, 'eval_recall_macro': 0.9428571428571428, 'eval_accuracy': 0.9473684210526315, 'eval_runtime': 0.1373, 'eval_samples_per_second': 553.35, 'eval_steps_per_second': 21.843, 'epoch': 14.0}
{'loss': 0.0053, 'grad_norm': 0.050372157245874405, 'learning_rate': 6.744448057757355e-05, 'epoch': 14.09}
{'loss': 0.0241, 'grad_norm': 0.03906631842255592, 'learning_rate': 6.648236245235851e-05, 'epoch': 14.32}
{'loss': 0.1525, 'grad_norm': 0.049931857734918594, 'learning_rate': 6.55202443271435e-05, 'epoch': 14.55}
{'loss': 0.072, 'grad_norm': 0.06935163587331772, 'learning_rate': 6.455812620192847e-05, 'epoch': 14.77}
{'loss': 0.1934, 'grad_norm': 0.03401118516921997, 'learning_rate': 6.359600807671343e-05, 'epoch': 15.0}
{'eval_loss': 0.12529170513153076, 'eval_f1_macro': 0.9743344848608005, 'eval_f1_weighted': 0.9735157595268399, 'eval_precision_macro': 0.9781954887218045, 'eval_recall_macro': 0.9714285714285714, 'eval_accuracy': 0.9736842105263158, 'eval_runtime': 0.1366, 'eval_samples_per_second': 556.191, 'eval_steps_per_second': 21.955, 'epoch': 15.0}
{'loss': 0.0044, 'grad_norm': 0.06386064738035202, 'learning_rate': 6.26338899514984e-05, 'epoch': 15.23}
{'loss': 0.052, 'grad_norm': 0.03928560018539429, 'learning_rate': 6.167177182628337e-05, 'epoch': 15.45}
{'loss': 0.1534, 'grad_norm': 0.03335169330239296, 'learning_rate': 6.070965370106835e-05, 'epoch': 15.68}
{'loss': 0.005, 'grad_norm': 0.03236019238829613, 'learning_rate': 5.9747535575853315e-05, 'epoch': 15.91}
{'eval_loss': 0.3248685598373413, 'eval_f1_macro': 0.9470051941447821, 'eval_f1_weighted': 0.9450767460221875, 'eval_precision_macro': 0.955952380952381, 'eval_recall_macro': 0.9428571428571428, 'eval_accuracy': 0.9473684210526315, 'eval_runtime': 0.1407, 'eval_samples_per_second': 540.195, 'eval_steps_per_second': 21.323, 'epoch': 16.0}
{'loss': 0.0034, 'grad_norm': 0.026560066267848015, 'learning_rate': 5.878541745063829e-05, 'epoch': 16.14}
{'loss': 0.0038, 'grad_norm': 0.030993547290563583, 'learning_rate': 5.782329932542325e-05, 'epoch': 16.36}
{'loss': 0.0132, 'grad_norm': 0.023740751668810844, 'learning_rate': 5.686118120020823e-05, 'epoch': 16.59}
{'loss': 0.0032, 'grad_norm': 0.027887601405382156, 'learning_rate': 5.58990630749932e-05, 'epoch': 16.82}
{'eval_loss': 0.5252553820610046, 'eval_f1_macro': 0.9086517347386912, 'eval_f1_weighted': 0.8993423941936527, 'eval_precision_macro': 0.9173469387755102, 'eval_recall_macro': 0.9111111111111111, 'eval_accuracy': 0.8947368421052632, 'eval_runtime': 0.1354, 'eval_samples_per_second': 561.315, 'eval_steps_per_second': 22.157, 'epoch': 17.0}
{'loss': 0.0032, 'grad_norm': 0.030746987089514732, 'learning_rate': 5.4936944949778165e-05, 'epoch': 17.05}
{'loss': 0.004, 'grad_norm': 0.10425136238336563, 'learning_rate': 5.3974826824563137e-05, 'epoch': 17.27}
{'loss': 0.0263, 'grad_norm': 0.02597997337579727, 'learning_rate': 5.3012708699348115e-05, 'epoch': 17.5}
{'loss': 0.0028, 'grad_norm': 0.04196607321500778, 'learning_rate': 5.2050590574133086e-05, 'epoch': 17.73}
{'loss': 0.0025, 'grad_norm': 0.028670035302639008, 'learning_rate': 5.108847244891805e-05, 'epoch': 17.95}
{'eval_loss': 0.2596011161804199, 'eval_f1_macro': 0.9683794466403163, 'eval_f1_weighted': 0.96130642812565, 'eval_precision_macro': 0.967032967032967, 'eval_recall_macro': 0.9761904761904763, 'eval_accuracy': 0.9605263157894737, 'eval_runtime': 0.1361, 'eval_samples_per_second': 558.344, 'eval_steps_per_second': 22.04, 'epoch': 18.0}
{'loss': 0.0111, 'grad_norm': 0.03959570825099945, 'learning_rate': 5.012635432370302e-05, 'epoch': 18.18}
{'loss': 0.0939, 'grad_norm': 0.023351654410362244, 'learning_rate': 4.916423619848799e-05, 'epoch': 18.41}
{'loss': 0.0024, 'grad_norm': 0.02132987231016159, 'learning_rate': 4.8202118073272964e-05, 'epoch': 18.64}
{'loss': 0.0024, 'grad_norm': 0.10323518514633179, 'learning_rate': 4.7239999948057936e-05, 'epoch': 18.86}
{'eval_loss': 0.5285165309906006, 'eval_f1_macro': 0.9285714285714286, 'eval_f1_weighted': 0.9216008771929823, 'eval_precision_macro': 0.9372056514913657, 'eval_recall_macro': 0.9365079365079365, 'eval_accuracy': 0.9210526315789473, 'eval_runtime': 0.1344, 'eval_samples_per_second': 565.539, 'eval_steps_per_second': 22.324, 'epoch': 19.0}
{'loss': 0.0025, 'grad_norm': 0.025229139253497124, 'learning_rate': 4.627788182284291e-05, 'epoch': 19.09}
{'loss': 0.0023, 'grad_norm': 0.020218804478645325, 'learning_rate': 4.531576369762788e-05, 'epoch': 19.32}
{'loss': 0.0021, 'grad_norm': 0.017760926857590675, 'learning_rate': 4.435364557241285e-05, 'epoch': 19.55}
{'loss': 0.0022, 'grad_norm': 0.01694944128394127, 'learning_rate': 4.3391527447197814e-05, 'epoch': 19.77}
{'loss': 0.002, 'grad_norm': 0.018406393006443977, 'learning_rate': 4.242940932198279e-05, 'epoch': 20.0}
{'eval_loss': 0.5363916754722595, 'eval_f1_macro': 0.9285714285714286, 'eval_f1_weighted': 0.9216008771929823, 'eval_precision_macro': 0.9372056514913657, 'eval_recall_macro': 0.9365079365079365, 'eval_accuracy': 0.9210526315789473, 'eval_runtime': 0.1386, 'eval_samples_per_second': 548.146, 'eval_steps_per_second': 21.637, 'epoch': 20.0}
{'train_runtime': 70.0105, 'train_samples_per_second': 150.834, 'train_steps_per_second': 18.854, 'train_loss': 0.4975145218047229, 'epoch': 20.0}
  Finished  : epoch 20/30 | runtime 70s | 150.8 samples/s
              precision    recall  f1-score   support

       anger       1.00      0.81      0.89        26
     boredom       0.94      1.00      0.97        16
     disgust       1.00      0.89      0.94         9
        fear       1.00      1.00      1.00        14
   happiness       0.74      1.00      0.85        14
     neutral       1.00      1.00      1.00        16
     sadness       1.00      1.00      1.00        12

    accuracy                           0.94       107
   macro avg       0.95      0.96      0.95       107
weighted avg       0.96      0.94      0.94       107

  F1-Macro 0.9504 | Accuracy 0.9439 | Precision 0.9540 | Recall 0.9567
  Fold 3/5: 352 train / 76 val / 107 test  (of 535)

  --- Fold 3/5 ---
  Model             : Wav2Vec2ForSequenceClassification  (94,570,375 params, 94,570,375 trainable)
  Training  : lr=0.00010246558033540061  bs=8  epochs=30  patience=5
{'loss': 1.9426, 'grad_norm': 1.7235157489776611, 'learning_rate': 3.6164322471317865e-06, 'epoch': 0.23}
{'loss': 1.9321, 'grad_norm': 3.162631034851074, 'learning_rate': 7.634690299500438e-06, 'epoch': 0.45}
{'loss': 1.9197, 'grad_norm': 2.504708766937256, 'learning_rate': 1.165294835186909e-05, 'epoch': 0.68}
{'loss': 1.8972, 'grad_norm': 2.6406116485595703, 'learning_rate': 1.5671206404237743e-05, 'epoch': 0.91}
{'eval_loss': 1.8880809545516968, 'eval_f1_macro': 0.0547112462006079, 'eval_f1_weighted': 0.09070548712206046, 'eval_precision_macro': 0.03383458646616541, 'eval_recall_macro': 0.14285714285714285, 'eval_accuracy': 0.23684210526315788, 'eval_runtime': 0.3552, 'eval_samples_per_second': 213.951, 'eval_steps_per_second': 8.445, 'epoch': 1.0}
{'loss': 1.8832, 'grad_norm': 3.2008354663848877, 'learning_rate': 1.9689464456606395e-05, 'epoch': 1.14}
{'loss': 1.8179, 'grad_norm': 3.164609909057617, 'learning_rate': 2.3707722508975044e-05, 'epoch': 1.36}
{'loss': 1.776, 'grad_norm': 2.8252737522125244, 'learning_rate': 2.7725980561343693e-05, 'epoch': 1.59}
{'loss': 1.7056, 'grad_norm': 7.270151138305664, 'learning_rate': 3.1744238613712346e-05, 'epoch': 1.82}
{'eval_loss': 1.6360892057418823, 'eval_f1_macro': 0.18635066929997807, 'eval_f1_weighted': 0.23701996927803384, 'eval_precision_macro': 0.25198994553833265, 'eval_recall_macro': 0.30158730158730157, 'eval_accuracy': 0.39473684210526316, 'eval_runtime': 0.1378, 'eval_samples_per_second': 551.42, 'eval_steps_per_second': 21.767, 'epoch': 2.0}
{'loss': 1.6645, 'grad_norm': 3.4963130950927734, 'learning_rate': 3.5762496666081e-05, 'epoch': 2.05}
{'loss': 1.4779, 'grad_norm': 16.84279441833496, 'learning_rate': 3.978075471844965e-05, 'epoch': 2.27}
{'loss': 1.4292, 'grad_norm': 5.595769882202148, 'learning_rate': 4.37990127708183e-05, 'epoch': 2.5}
{'loss': 1.2456, 'grad_norm': 7.731414318084717, 'learning_rate': 4.7817270823186956e-05, 'epoch': 2.73}
{'loss': 1.2878, 'grad_norm': 12.11811351776123, 'learning_rate': 5.18355288755556e-05, 'epoch': 2.95}
{'eval_loss': 1.1592342853546143, 'eval_f1_macro': 0.41193400437097916, 'eval_f1_weighted': 0.4532343301693147, 'eval_precision_macro': 0.4269195716564137, 'eval_recall_macro': 0.4857142857142857, 'eval_accuracy': 0.5526315789473685, 'eval_runtime': 0.1421, 'eval_samples_per_second': 535.002, 'eval_steps_per_second': 21.119, 'epoch': 3.0}
{'loss': 1.1094, 'grad_norm': 19.594730377197266, 'learning_rate': 5.5853786927924254e-05, 'epoch': 3.18}
{'loss': 1.0518, 'grad_norm': 3.3487918376922607, 'learning_rate': 5.987204498029291e-05, 'epoch': 3.41}
{'loss': 0.9912, 'grad_norm': 7.293455123901367, 'learning_rate': 6.389030303266156e-05, 'epoch': 3.64}
{'loss': 1.1068, 'grad_norm': 14.450565338134766, 'learning_rate': 6.79085610850302e-05, 'epoch': 3.86}
{'eval_loss': 0.9476832151412964, 'eval_f1_macro': 0.5434219188524306, 'eval_f1_weighted': 0.5641851870763496, 'eval_precision_macro': 0.47792207792207797, 'eval_recall_macro': 0.6518037518037518, 'eval_accuracy': 0.6578947368421053, 'eval_runtime': 0.1316, 'eval_samples_per_second': 577.625, 'eval_steps_per_second': 22.801, 'epoch': 4.0}
{'loss': 0.8757, 'grad_norm': 2.993018388748169, 'learning_rate': 7.192681913739886e-05, 'epoch': 4.09}
{'loss': 1.0556, 'grad_norm': 6.946926593780518, 'learning_rate': 7.594507718976752e-05, 'epoch': 4.32}
{'loss': 0.9071, 'grad_norm': 30.849035263061523, 'learning_rate': 7.996333524213617e-05, 'epoch': 4.55}
{'loss': 0.7848, 'grad_norm': 8.091965675354004, 'learning_rate': 8.398159329450481e-05, 'epoch': 4.77}
{'loss': 0.9278, 'grad_norm': 70.51777648925781, 'learning_rate': 8.799985134687346e-05, 'epoch': 5.0}
{'eval_loss': 1.2542965412139893, 'eval_f1_macro': 0.5283512635343299, 'eval_f1_weighted': 0.5506885745933379, 'eval_precision_macro': 0.6325396825396824, 'eval_recall_macro': 0.5484436198721913, 'eval_accuracy': 0.5789473684210527, 'eval_runtime': 0.141, 'eval_samples_per_second': 538.897, 'eval_steps_per_second': 21.272, 'epoch': 5.0}
{'loss': 0.7936, 'grad_norm': 3.6083779335021973, 'learning_rate': 9.201810939924212e-05, 'epoch': 5.23}
{'loss': 0.7339, 'grad_norm': 6.678405284881592, 'learning_rate': 9.603636745161078e-05, 'epoch': 5.45}
{'loss': 0.7183, 'grad_norm': 19.809335708618164, 'learning_rate': 0.00010005462550397942, 'epoch': 5.68}
{'loss': 0.7859, 'grad_norm': 39.96010208129883, 'learning_rate': 0.0001020807330853146, 'epoch': 5.91}
{'eval_loss': 0.8882993459701538, 'eval_f1_macro': 0.6301099406689469, 'eval_f1_weighted': 0.5960290451137134, 'eval_precision_macro': 0.7063775510204081, 'eval_recall_macro': 0.6686250257678829, 'eval_accuracy': 0.618421052631579, 'eval_runtime': 0.1408, 'eval_samples_per_second': 539.738, 'eval_steps_per_second': 21.305, 'epoch': 6.0}
{'loss': 0.7997, 'grad_norm': 4.411453723907471, 'learning_rate': 0.00010111861496009958, 'epoch': 6.14}
{'loss': 0.5112, 'grad_norm': 4.570550918579102, 'learning_rate': 0.00010015649683488455, 'epoch': 6.36}
{'loss': 0.5977, 'grad_norm': 1.0151923894882202, 'learning_rate': 9.919437870966951e-05, 'epoch': 6.59}
{'loss': 0.6061, 'grad_norm': 12.057622909545898, 'learning_rate': 9.823226058445448e-05, 'epoch': 6.82}
{'eval_loss': 0.8225494623184204, 'eval_f1_macro': 0.7096938775510206, 'eval_f1_weighted': 0.7257988721804512, 'eval_precision_macro': 0.8421486616975339, 'eval_recall_macro': 0.7280148423005566, 'eval_accuracy': 0.75, 'eval_runtime': 0.1516, 'eval_samples_per_second': 501.305, 'eval_steps_per_second': 19.788, 'epoch': 7.0}
{'loss': 0.7423, 'grad_norm': 8.19046688079834, 'learning_rate': 9.727014245923946e-05, 'epoch': 7.05}
{'loss': 0.3601, 'grad_norm': 19.36698341369629, 'learning_rate': 9.630802433402443e-05, 'epoch': 7.27}
{'loss': 0.5437, 'grad_norm': 12.31231689453125, 'learning_rate': 9.53459062088094e-05, 'epoch': 7.5}
{'loss': 0.6819, 'grad_norm': 5.105532646179199, 'learning_rate': 9.438378808359436e-05, 'epoch': 7.73}
{'loss': 0.5223, 'grad_norm': 10.231630325317383, 'learning_rate': 9.342166995837934e-05, 'epoch': 7.95}
{'eval_loss': 0.657942533493042, 'eval_f1_macro': 0.7751217630618595, 'eval_f1_weighted': 0.77899053252182, 'eval_precision_macro': 0.8385714285714286, 'eval_recall_macro': 0.7757781900639044, 'eval_accuracy': 0.8026315789473685, 'eval_runtime': 0.1342, 'eval_samples_per_second': 566.346, 'eval_steps_per_second': 22.356, 'epoch': 8.0}
{'loss': 0.4101, 'grad_norm': 163.59756469726562, 'learning_rate': 9.24595518331643e-05, 'epoch': 8.18}
{'loss': 0.4194, 'grad_norm': 90.29106903076172, 'learning_rate': 9.149743370794928e-05, 'epoch': 8.41}
{'loss': 0.4798, 'grad_norm': 2.633687973022461, 'learning_rate': 9.053531558273425e-05, 'epoch': 8.64}
{'loss': 0.5028, 'grad_norm': 6.66886043548584, 'learning_rate': 8.957319745751923e-05, 'epoch': 8.86}
{'eval_loss': 1.0412899255752563, 'eval_f1_macro': 0.6605805958747135, 'eval_f1_weighted': 0.6520897832817337, 'eval_precision_macro': 0.6390752105037819, 'eval_recall_macro': 0.7134199134199134, 'eval_accuracy': 0.6973684210526315, 'eval_runtime': 0.1422, 'eval_samples_per_second': 534.48, 'eval_steps_per_second': 21.098, 'epoch': 9.0}
{'loss': 0.7396, 'grad_norm': 3.730557918548584, 'learning_rate': 8.861107933230419e-05, 'epoch': 9.09}
{'loss': 0.5518, 'grad_norm': 31.430908203125, 'learning_rate': 8.764896120708917e-05, 'epoch': 9.32}
{'loss': 0.3113, 'grad_norm': 0.5559145212173462, 'learning_rate': 8.668684308187413e-05, 'epoch': 9.55}
{'loss': 0.3668, 'grad_norm': 14.172183990478516, 'learning_rate': 8.572472495665911e-05, 'epoch': 9.77}
{'loss': 0.2781, 'grad_norm': 95.52063751220703, 'learning_rate': 8.476260683144408e-05, 'epoch': 10.0}
{'eval_loss': 0.6361791491508484, 'eval_f1_macro': 0.8251345965065399, 'eval_f1_weighted': 0.8293900183847951, 'eval_precision_macro': 0.897191697191697, 'eval_recall_macro': 0.8289424860853433, 'eval_accuracy': 0.8421052631578947, 'eval_runtime': 0.1371, 'eval_samples_per_second': 554.315, 'eval_steps_per_second': 21.881, 'epoch': 10.0}
{'loss': 0.3119, 'grad_norm': 19.627714157104492, 'learning_rate': 8.380048870622904e-05, 'epoch': 10.23}
{'loss': 0.2427, 'grad_norm': 53.28971862792969, 'learning_rate': 8.283837058101402e-05, 'epoch': 10.45}
{'loss': 0.2768, 'grad_norm': 138.0565948486328, 'learning_rate': 8.1876252455799e-05, 'epoch': 10.68}
{'loss': 0.274, 'grad_norm': 5.0328145027160645, 'learning_rate': 8.091413433058396e-05, 'epoch': 10.91}
{'eval_loss': 0.5313458442687988, 'eval_f1_macro': 0.8740749958519993, 'eval_f1_weighted': 0.8694564154288159, 'eval_precision_macro': 0.9183946488294313, 'eval_recall_macro': 0.8727272727272728, 'eval_accuracy': 0.881578947368421, 'eval_runtime': 0.1435, 'eval_samples_per_second': 529.462, 'eval_steps_per_second': 20.9, 'epoch': 11.0}
{'loss': 0.3635, 'grad_norm': 2.0069103240966797, 'learning_rate': 7.995201620536892e-05, 'epoch': 11.14}
{'loss': 0.1498, 'grad_norm': 48.93125915527344, 'learning_rate': 7.89898980801539e-05, 'epoch': 11.36}
{'loss': 0.2055, 'grad_norm': 0.2587808072566986, 'learning_rate': 7.802777995493887e-05, 'epoch': 11.59}
{'loss': 0.1038, 'grad_norm': 0.1517365276813507, 'learning_rate': 7.706566182972385e-05, 'epoch': 11.82}
{'eval_loss': 0.5262389779090881, 'eval_f1_macro': 0.900957360731797, 'eval_f1_weighted': 0.9065557227953348, 'eval_precision_macro': 0.912783123309439, 'eval_recall_macro': 0.8964749536178108, 'eval_accuracy': 0.9078947368421053, 'eval_runtime': 0.144, 'eval_samples_per_second': 527.756, 'eval_steps_per_second': 20.832, 'epoch': 12.0}
{'loss': 0.1114, 'grad_norm': 0.15050365030765533, 'learning_rate': 7.610354370450881e-05, 'epoch': 12.05}
{'loss': 0.1808, 'grad_norm': 5.406673908233643, 'learning_rate': 7.514142557929377e-05, 'epoch': 12.27}
{'loss': 0.251, 'grad_norm': 0.20762284100055695, 'learning_rate': 7.417930745407875e-05, 'epoch': 12.5}
{'loss': 0.0337, 'grad_norm': 0.3328508734703064, 'learning_rate': 7.321718932886373e-05, 'epoch': 12.73}
{'loss': 0.0193, 'grad_norm': 0.2304968684911728, 'learning_rate': 7.22550712036487e-05, 'epoch': 12.95}
{'eval_loss': 0.5494382977485657, 'eval_f1_macro': 0.9081271868014941, 'eval_f1_weighted': 0.9036553390475787, 'eval_precision_macro': 0.9258400329828901, 'eval_recall_macro': 0.9012987012987013, 'eval_accuracy': 0.9078947368421053, 'eval_runtime': 0.1465, 'eval_samples_per_second': 518.702, 'eval_steps_per_second': 20.475, 'epoch': 13.0}
{'loss': 0.1519, 'grad_norm': 4.063617706298828, 'learning_rate': 7.129295307843366e-05, 'epoch': 13.18}
{'loss': 0.1629, 'grad_norm': 0.15095317363739014, 'learning_rate': 7.033083495321864e-05, 'epoch': 13.41}
{'loss': 0.0103, 'grad_norm': 0.14516931772232056, 'learning_rate': 6.936871682800362e-05, 'epoch': 13.64}
{'loss': 0.0698, 'grad_norm': 0.0984717532992363, 'learning_rate': 6.840659870278858e-05, 'epoch': 13.86}
{'eval_loss': 1.083182692527771, 'eval_f1_macro': 0.8007506592380542, 'eval_f1_weighted': 0.8078145968238847, 'eval_precision_macro': 0.8827067669172932, 'eval_recall_macro': 0.80995670995671, 'eval_accuracy': 0.8157894736842105, 'eval_runtime': 0.1398, 'eval_samples_per_second': 543.828, 'eval_steps_per_second': 21.467, 'epoch': 14.0}
{'loss': 0.0859, 'grad_norm': 0.11023227125406265, 'learning_rate': 6.744448057757355e-05, 'epoch': 14.09}
{'loss': 0.1835, 'grad_norm': 0.041771192103624344, 'learning_rate': 6.648236245235851e-05, 'epoch': 14.32}
{'loss': 0.1065, 'grad_norm': 0.09080418944358826, 'learning_rate': 6.55202443271435e-05, 'epoch': 14.55}
{'loss': 0.0083, 'grad_norm': 0.10074787586927414, 'learning_rate': 6.455812620192847e-05, 'epoch': 14.77}
{'loss': 0.07, 'grad_norm': 0.055440742522478104, 'learning_rate': 6.359600807671343e-05, 'epoch': 15.0}
{'eval_loss': 0.4993569254875183, 'eval_f1_macro': 0.9174245136651152, 'eval_f1_weighted': 0.9218166029107858, 'eval_precision_macro': 0.9241758241758242, 'eval_recall_macro': 0.9168831168831169, 'eval_accuracy': 0.9210526315789473, 'eval_runtime': 0.1466, 'eval_samples_per_second': 518.568, 'eval_steps_per_second': 20.47, 'epoch': 15.0}
{'loss': 0.0061, 'grad_norm': 0.05161840096116066, 'learning_rate': 6.26338899514984e-05, 'epoch': 15.23}
{'loss': 0.3836, 'grad_norm': 0.06942203640937805, 'learning_rate': 6.167177182628337e-05, 'epoch': 15.45}
{'loss': 0.5216, 'grad_norm': 9.51596736907959, 'learning_rate': 6.070965370106835e-05, 'epoch': 15.68}
{'loss': 0.026, 'grad_norm': 0.07087145000696182, 'learning_rate': 5.9747535575853315e-05, 'epoch': 15.91}
{'eval_loss': 0.8554215431213379, 'eval_f1_macro': 0.8582634253211688, 'eval_f1_weighted': 0.848660782292689, 'eval_precision_macro': 0.9055782312925169, 'eval_recall_macro': 0.8467532467532468, 'eval_accuracy': 0.8552631578947368, 'eval_runtime': 0.1436, 'eval_samples_per_second': 529.254, 'eval_steps_per_second': 20.892, 'epoch': 16.0}
{'loss': 0.0068, 'grad_norm': 0.07542303949594498, 'learning_rate': 5.878541745063829e-05, 'epoch': 16.14}
{'loss': 0.1884, 'grad_norm': 18.99173355102539, 'learning_rate': 5.782329932542325e-05, 'epoch': 16.36}
{'loss': 0.006, 'grad_norm': 0.05528947338461876, 'learning_rate': 5.686118120020823e-05, 'epoch': 16.59}
{'loss': 0.0889, 'grad_norm': 0.054696228355169296, 'learning_rate': 5.58990630749932e-05, 'epoch': 16.82}
{'eval_loss': 0.41984105110168457, 'eval_f1_macro': 0.9279830381036079, 'eval_f1_weighted': 0.9322565676651018, 'eval_precision_macro': 0.936745272271588, 'eval_recall_macro': 0.92987012987013, 'eval_accuracy': 0.9342105263157895, 'eval_runtime': 0.1362, 'eval_samples_per_second': 557.875, 'eval_steps_per_second': 22.021, 'epoch': 17.0}
{'loss': 0.2487, 'grad_norm': 0.046921130269765854, 'learning_rate': 5.4936944949778165e-05, 'epoch': 17.05}
{'loss': 0.0527, 'grad_norm': 0.029512591660022736, 'learning_rate': 5.3974826824563137e-05, 'epoch': 17.27}
{'loss': 0.0491, 'grad_norm': 0.057699814438819885, 'learning_rate': 5.3012708699348115e-05, 'epoch': 17.5}
{'loss': 0.0699, 'grad_norm': 6.72728157043457, 'learning_rate': 5.2050590574133086e-05, 'epoch': 17.73}
{'loss': 0.0036, 'grad_norm': 0.1261492520570755, 'learning_rate': 5.108847244891805e-05, 'epoch': 17.95}
{'eval_loss': 0.32265570759773254, 'eval_f1_macro': 0.9440215445445912, 'eval_f1_weighted': 0.9472422474951682, 'eval_precision_macro': 0.9462481962481962, 'eval_recall_macro': 0.9441558441558442, 'eval_accuracy': 0.9473684210526315, 'eval_runtime': 0.1419, 'eval_samples_per_second': 535.438, 'eval_steps_per_second': 21.136, 'epoch': 18.0}
{'loss': 0.0038, 'grad_norm': 0.05032553896307945, 'learning_rate': 5.012635432370302e-05, 'epoch': 18.18}
{'loss': 0.0039, 'grad_norm': 0.03290098160505295, 'learning_rate': 4.916423619848799e-05, 'epoch': 18.41}
{'loss': 0.0037, 'grad_norm': 0.027916116639971733, 'learning_rate': 4.8202118073272964e-05, 'epoch': 18.64}
{'loss': 0.0035, 'grad_norm': 0.02658717706799507, 'learning_rate': 4.7239999948057936e-05, 'epoch': 18.86}
{'eval_loss': 0.355999618768692, 'eval_f1_macro': 0.9440215445445912, 'eval_f1_weighted': 0.9472422474951682, 'eval_precision_macro': 0.9462481962481962, 'eval_recall_macro': 0.9441558441558442, 'eval_accuracy': 0.9473684210526315, 'eval_runtime': 0.1673, 'eval_samples_per_second': 454.224, 'eval_steps_per_second': 17.93, 'epoch': 19.0}
{'loss': 0.0032, 'grad_norm': 0.03994867205619812, 'learning_rate': 4.627788182284291e-05, 'epoch': 19.09}
{'loss': 0.0029, 'grad_norm': 0.02850540727376938, 'learning_rate': 4.531576369762788e-05, 'epoch': 19.32}
{'loss': 0.0029, 'grad_norm': 0.019803866744041443, 'learning_rate': 4.435364557241285e-05, 'epoch': 19.55}
{'loss': 0.0029, 'grad_norm': 0.026688413694500923, 'learning_rate': 4.3391527447197814e-05, 'epoch': 19.77}
{'loss': 0.0028, 'grad_norm': 0.030279621481895447, 'learning_rate': 4.242940932198279e-05, 'epoch': 20.0}
{'eval_loss': 0.36111220717430115, 'eval_f1_macro': 0.9440215445445912, 'eval_f1_weighted': 0.9472422474951682, 'eval_precision_macro': 0.9462481962481962, 'eval_recall_macro': 0.9441558441558442, 'eval_accuracy': 0.9473684210526315, 'eval_runtime': 0.1538, 'eval_samples_per_second': 494.17, 'eval_steps_per_second': 19.507, 'epoch': 20.0}
{'loss': 0.0026, 'grad_norm': 0.024411551654338837, 'learning_rate': 4.146729119676776e-05, 'epoch': 20.23}
{'loss': 0.0025, 'grad_norm': 0.024371007457375526, 'learning_rate': 4.0505173071552735e-05, 'epoch': 20.45}
{'loss': 0.0024, 'grad_norm': 0.022392941638827324, 'learning_rate': 3.95430549463377e-05, 'epoch': 20.68}
{'loss': 0.0026, 'grad_norm': 0.020416349172592163, 'learning_rate': 3.858093682112268e-05, 'epoch': 20.91}
{'eval_loss': 0.3679947257041931, 'eval_f1_macro': 0.9440215445445912, 'eval_f1_weighted': 0.9472422474951682, 'eval_precision_macro': 0.9462481962481962, 'eval_recall_macro': 0.9441558441558442, 'eval_accuracy': 0.9473684210526315, 'eval_runtime': 0.1333, 'eval_samples_per_second': 570.255, 'eval_steps_per_second': 22.51, 'epoch': 21.0}
{'loss': 0.0024, 'grad_norm': 0.030910549685359, 'learning_rate': 3.761881869590764e-05, 'epoch': 21.14}
{'loss': 0.0024, 'grad_norm': 0.0275339987128973, 'learning_rate': 3.665670057069261e-05, 'epoch': 21.36}
{'loss': 0.0021, 'grad_norm': 0.027546025812625885, 'learning_rate': 3.5694582445477584e-05, 'epoch': 21.59}
{'loss': 0.0022, 'grad_norm': 0.021546801552176476, 'learning_rate': 3.4732464320262556e-05, 'epoch': 21.82}
{'eval_loss': 0.3743894100189209, 'eval_f1_macro': 0.9440215445445912, 'eval_f1_weighted': 0.9472422474951682, 'eval_precision_macro': 0.9462481962481962, 'eval_recall_macro': 0.9441558441558442, 'eval_accuracy': 0.9473684210526315, 'eval_runtime': 0.1447, 'eval_samples_per_second': 525.087, 'eval_steps_per_second': 20.727, 'epoch': 22.0}
{'loss': 0.0022, 'grad_norm': 0.030920639634132385, 'learning_rate': 3.377034619504753e-05, 'epoch': 22.05}
{'loss': 0.002, 'grad_norm': 0.015863245353102684, 'learning_rate': 3.28082280698325e-05, 'epoch': 22.27}
{'loss': 0.002, 'grad_norm': 0.017397327348589897, 'learning_rate': 3.184610994461747e-05, 'epoch': 22.5}
{'loss': 0.002, 'grad_norm': 0.01729729026556015, 'learning_rate': 3.0883991819402434e-05, 'epoch': 22.73}
{'loss': 0.002, 'grad_norm': 0.01619715988636017, 'learning_rate': 2.9921873694187412e-05, 'epoch': 22.95}
{'eval_loss': 0.37980329990386963, 'eval_f1_macro': 0.9440215445445912, 'eval_f1_weighted': 0.9472422474951682, 'eval_precision_macro': 0.9462481962481962, 'eval_recall_macro': 0.9441558441558442, 'eval_accuracy': 0.9473684210526315, 'eval_runtime': 0.1334, 'eval_samples_per_second': 569.814, 'eval_steps_per_second': 22.493, 'epoch': 23.0}
{'train_runtime': 83.6697, 'train_samples_per_second': 126.211, 'train_steps_per_second': 15.776, 'train_loss': 0.477570173297475, 'epoch': 23.0}
  Finished  : epoch 23/30 | runtime 84s | 126.2 samples/s
              precision    recall  f1-score   support

       anger       0.86      0.96      0.91        25
     boredom       0.92      0.75      0.83        16
     disgust       0.90      1.00      0.95         9
        fear       1.00      0.86      0.92        14
   happiness       0.82      0.64      0.72        14
     neutral       0.83      0.94      0.88        16
     sadness       0.87      1.00      0.93        13

    accuracy                           0.88       107
   macro avg       0.89      0.88      0.88       107
weighted avg       0.88      0.88      0.87       107

  F1-Macro 0.8764 | Accuracy 0.8785 | Precision 0.8855 | Recall 0.8782
  Fold 4/5: 352 train / 76 val / 107 test  (of 535)

  --- Fold 4/5 ---
  Model             : Wav2Vec2ForSequenceClassification  (94,570,375 params, 94,570,375 trainable)
  Training  : lr=0.00010246558033540061  bs=8  epochs=30  patience=5
{'loss': 1.9469, 'grad_norm': 2.044456720352173, 'learning_rate': 3.6164322471317865e-06, 'epoch': 0.23}
{'loss': 1.9356, 'grad_norm': 2.1137173175811768, 'learning_rate': 7.634690299500438e-06, 'epoch': 0.45}
{'loss': 1.9177, 'grad_norm': inf, 'learning_rate': 1.165294835186909e-05, 'epoch': 0.68}
{'loss': 1.903, 'grad_norm': 1.5674567222595215, 'learning_rate': 1.5671206404237743e-05, 'epoch': 0.91}
{'eval_loss': 1.8882091045379639, 'eval_f1_macro': 0.0547112462006079, 'eval_f1_weighted': 0.09070548712206046, 'eval_precision_macro': 0.03383458646616541, 'eval_recall_macro': 0.14285714285714285, 'eval_accuracy': 0.23684210526315788, 'eval_runtime': 0.3635, 'eval_samples_per_second': 209.081, 'eval_steps_per_second': 8.253, 'epoch': 1.0}
{'loss': 1.8733, 'grad_norm': 3.1188924312591553, 'learning_rate': 1.9689464456606395e-05, 'epoch': 1.14}
{'loss': 1.7823, 'grad_norm': 1.827523112297058, 'learning_rate': 2.3707722508975044e-05, 'epoch': 1.36}
{'loss': 1.677, 'grad_norm': 5.284158706665039, 'learning_rate': 2.7725980561343693e-05, 'epoch': 1.59}
{'loss': 1.646, 'grad_norm': 2.773716449737549, 'learning_rate': 3.1744238613712346e-05, 'epoch': 1.82}
{'eval_loss': 1.4915063381195068, 'eval_f1_macro': 0.40008589294303576, 'eval_f1_weighted': 0.4411157312473102, 'eval_precision_macro': 0.5017351069982648, 'eval_recall_macro': 0.4471861471861472, 'eval_accuracy': 0.5263157894736842, 'eval_runtime': 0.1358, 'eval_samples_per_second': 559.695, 'eval_steps_per_second': 22.093, 'epoch': 2.0}
{'loss': 1.5956, 'grad_norm': 3.1722779273986816, 'learning_rate': 3.5762496666081e-05, 'epoch': 2.05}
{'loss': 1.3719, 'grad_norm': 3.560533285140991, 'learning_rate': 3.978075471844965e-05, 'epoch': 2.27}
{'loss': 1.2904, 'grad_norm': 5.850293159484863, 'learning_rate': 4.37990127708183e-05, 'epoch': 2.5}
{'loss': 1.2238, 'grad_norm': 5.159060955047607, 'learning_rate': 4.7817270823186956e-05, 'epoch': 2.73}
{'loss': 1.1204, 'grad_norm': 5.00311279296875, 'learning_rate': 5.18355288755556e-05, 'epoch': 2.95}
{'eval_loss': 1.0121139287948608, 'eval_f1_macro': 0.6539115646258503, 'eval_f1_weighted': 0.6679667919799499, 'eval_precision_macro': 0.7496212121212121, 'eval_recall_macro': 0.6573283858998143, 'eval_accuracy': 0.6973684210526315, 'eval_runtime': 0.1425, 'eval_samples_per_second': 533.262, 'eval_steps_per_second': 21.05, 'epoch': 3.0}
{'loss': 0.9393, 'grad_norm': 3.35605525970459, 'learning_rate': 5.5853786927924254e-05, 'epoch': 3.18}
{'loss': 0.9137, 'grad_norm': 3.4944703578948975, 'learning_rate': 5.987204498029291e-05, 'epoch': 3.41}
{'loss': 0.8427, 'grad_norm': 8.135455131530762, 'learning_rate': 6.389030303266156e-05, 'epoch': 3.64}
{'loss': 0.7324, 'grad_norm': 5.743129253387451, 'learning_rate': 6.79085610850302e-05, 'epoch': 3.86}
{'eval_loss': 0.89361572265625, 'eval_f1_macro': 0.5447616850915201, 'eval_f1_weighted': 0.5784725046383692, 'eval_precision_macro': 0.7190737833594977, 'eval_recall_macro': 0.5962894248608535, 'eval_accuracy': 0.631578947368421, 'eval_runtime': 0.1347, 'eval_samples_per_second': 564.214, 'eval_steps_per_second': 22.272, 'epoch': 4.0}
{'loss': 0.8544, 'grad_norm': 41.86843490600586, 'learning_rate': 7.192681913739886e-05, 'epoch': 4.09}
{'loss': 0.6072, 'grad_norm': 65.56783294677734, 'learning_rate': 7.594507718976752e-05, 'epoch': 4.32}
{'loss': 0.5673, 'grad_norm': 9.05993366241455, 'learning_rate': 7.996333524213617e-05, 'epoch': 4.55}
{'loss': 0.7708, 'grad_norm': 9.499277114868164, 'learning_rate': 8.398159329450481e-05, 'epoch': 4.77}
{'loss': 0.7545, 'grad_norm': 5.850797176361084, 'learning_rate': 8.799985134687346e-05, 'epoch': 5.0}
{'eval_loss': 0.9291848540306091, 'eval_f1_macro': 0.5643703414380107, 'eval_f1_weighted': 0.5895651209363122, 'eval_precision_macro': 0.8012437298151583, 'eval_recall_macro': 0.6076685219542363, 'eval_accuracy': 0.6447368421052632, 'eval_runtime': 0.1375, 'eval_samples_per_second': 552.563, 'eval_steps_per_second': 21.812, 'epoch': 5.0}
{'loss': 0.7209, 'grad_norm': 20.13531494140625, 'learning_rate': 9.201810939924212e-05, 'epoch': 5.23}
{'loss': 0.8942, 'grad_norm': 5.655094623565674, 'learning_rate': 9.603636745161078e-05, 'epoch': 5.45}
{'loss': 1.2951, 'grad_norm': 7.828328609466553, 'learning_rate': 0.00010005462550397942, 'epoch': 5.68}
{'loss': 1.012, 'grad_norm': 3.184023857116699, 'learning_rate': 0.0001020807330853146, 'epoch': 5.91}
{'eval_loss': 1.0778422355651855, 'eval_f1_macro': 0.5465733047440365, 'eval_f1_weighted': 0.4921525377703169, 'eval_precision_macro': 0.7511520737327189, 'eval_recall_macro': 0.5754071325499897, 'eval_accuracy': 0.5131578947368421, 'eval_runtime': 0.1445, 'eval_samples_per_second': 525.774, 'eval_steps_per_second': 20.754, 'epoch': 6.0}
{'loss': 1.1797, 'grad_norm': 11.823246002197266, 'learning_rate': 0.00010111861496009958, 'epoch': 6.14}
{'loss': 1.2553, 'grad_norm': 2.206545829772949, 'learning_rate': 0.00010015649683488455, 'epoch': 6.36}
{'loss': 1.6495, 'grad_norm': 1.06198251247406, 'learning_rate': 9.919437870966951e-05, 'epoch': 6.59}
{'loss': 1.2856, 'grad_norm': 3.419456958770752, 'learning_rate': 9.823226058445448e-05, 'epoch': 6.82}
{'eval_loss': 2.1187000274658203, 'eval_f1_macro': 0.19194704908990623, 'eval_f1_weighted': 0.2343019711440764, 'eval_precision_macro': 0.19829931972789114, 'eval_recall_macro': 0.3116883116883117, 'eval_accuracy': 0.3815789473684211, 'eval_runtime': 0.1459, 'eval_samples_per_second': 520.921, 'eval_steps_per_second': 20.563, 'epoch': 7.0}
{'loss': 1.5883, 'grad_norm': 5.673285484313965, 'learning_rate': 9.727014245923946e-05, 'epoch': 7.05}
{'loss': 1.9168, 'grad_norm': 13.784517288208008, 'learning_rate': 9.630802433402443e-05, 'epoch': 7.27}
{'loss': 1.124, 'grad_norm': 14.328177452087402, 'learning_rate': 9.53459062088094e-05, 'epoch': 7.5}
{'loss': 1.1208, 'grad_norm': 2.09932541847229, 'learning_rate': 9.438378808359436e-05, 'epoch': 7.73}
{'loss': 1.1742, 'grad_norm': 5.0251288414001465, 'learning_rate': 9.342166995837934e-05, 'epoch': 7.95}
{'eval_loss': 1.1224254369735718, 'eval_f1_macro': 0.5233785822021116, 'eval_f1_weighted': 0.524956338810828, 'eval_precision_macro': 0.5504658385093167, 'eval_recall_macro': 0.5688517831374974, 'eval_accuracy': 0.6052631578947368, 'eval_runtime': 0.1424, 'eval_samples_per_second': 533.66, 'eval_steps_per_second': 21.066, 'epoch': 8.0}
{'train_runtime': 27.1904, 'train_samples_per_second': 388.372, 'train_steps_per_second': 48.546, 'train_loss': 1.2684736251831055, 'epoch': 8.0}
  Finished  : epoch 8/30 | runtime 27s | 388.4 samples/s
              precision    recall  f1-score   support

       anger       0.58      1.00      0.74        25
     boredom       1.00      0.71      0.83        17
     disgust       0.75      1.00      0.86         9
        fear       0.00      0.00      0.00        13
   happiness       0.00      0.00      0.00        14
     neutral       0.59      1.00      0.74        16
     sadness       1.00      1.00      1.00        13

    accuracy                           0.70       107
   macro avg       0.56      0.67      0.59       107
weighted avg       0.57      0.70      0.61       107

  F1-Macro 0.5949 | Accuracy 0.7009 | Precision 0.5606 | Recall 0.6723
  Fold 5/5: 352 train / 76 val / 107 test  (of 535)

  --- Fold 5/5 ---
  Model             : Wav2Vec2ForSequenceClassification  (94,570,375 params, 94,570,375 trainable)
  Training  : lr=0.00010246558033540061  bs=8  epochs=30  patience=5
{'loss': 1.9386, 'grad_norm': 2.3375415802001953, 'learning_rate': 3.6164322471317865e-06, 'epoch': 0.23}
{'loss': 1.9367, 'grad_norm': 1.4732909202575684, 'learning_rate': 7.634690299500438e-06, 'epoch': 0.45}
{'loss': 1.9274, 'grad_norm': 2.5206449031829834, 'learning_rate': 1.165294835186909e-05, 'epoch': 0.68}
{'loss': 1.8995, 'grad_norm': 1.372633457183838, 'learning_rate': 1.5671206404237743e-05, 'epoch': 0.91}
{'eval_loss': 1.8859094381332397, 'eval_f1_macro': 0.0547112462006079, 'eval_f1_weighted': 0.09070548712206046, 'eval_precision_macro': 0.03383458646616541, 'eval_recall_macro': 0.14285714285714285, 'eval_accuracy': 0.23684210526315788, 'eval_runtime': 0.3671, 'eval_samples_per_second': 207.041, 'eval_steps_per_second': 8.173, 'epoch': 1.0}
{'loss': 1.8862, 'grad_norm': 2.5447158813476562, 'learning_rate': 1.9689464456606395e-05, 'epoch': 1.14}
{'loss': 1.8224, 'grad_norm': 3.1670796871185303, 'learning_rate': 2.3707722508975044e-05, 'epoch': 1.36}
{'loss': 1.7234, 'grad_norm': 3.3966283798217773, 'learning_rate': 2.7725980561343693e-05, 'epoch': 1.59}
{'loss': 1.6415, 'grad_norm': 6.927224159240723, 'learning_rate': 3.1744238613712346e-05, 'epoch': 1.82}
{'eval_loss': 1.4556176662445068, 'eval_f1_macro': 0.4897126682840969, 'eval_f1_weighted': 0.5513302486986698, 'eval_precision_macro': 0.612970362970363, 'eval_recall_macro': 0.5211399711399711, 'eval_accuracy': 0.6052631578947368, 'eval_runtime': 0.1334, 'eval_samples_per_second': 569.538, 'eval_steps_per_second': 22.482, 'epoch': 2.0}
{'loss': 1.6265, 'grad_norm': 4.569194316864014, 'learning_rate': 3.5762496666081e-05, 'epoch': 2.05}
{'loss': 1.424, 'grad_norm': 3.311077833175659, 'learning_rate': 3.978075471844965e-05, 'epoch': 2.27}
{'loss': 1.4114, 'grad_norm': 11.42409896850586, 'learning_rate': 4.37990127708183e-05, 'epoch': 2.5}
{'loss': 1.2782, 'grad_norm': 16.074825286865234, 'learning_rate': 4.7817270823186956e-05, 'epoch': 2.73}
{'loss': 1.25, 'grad_norm': 14.333125114440918, 'learning_rate': 5.18355288755556e-05, 'epoch': 2.95}
{'eval_loss': 1.3022750616073608, 'eval_f1_macro': 0.5912826304130653, 'eval_f1_weighted': 0.5927495273605113, 'eval_precision_macro': 0.7272005772005772, 'eval_recall_macro': 0.6314574314574315, 'eval_accuracy': 0.618421052631579, 'eval_runtime': 0.1417, 'eval_samples_per_second': 536.342, 'eval_steps_per_second': 21.171, 'epoch': 3.0}
{'loss': 1.1049, 'grad_norm': 2.9341177940368652, 'learning_rate': 5.5853786927924254e-05, 'epoch': 3.18}
{'loss': 1.1864, 'grad_norm': 6.332310676574707, 'learning_rate': 5.987204498029291e-05, 'epoch': 3.41}
{'loss': 0.9771, 'grad_norm': 16.733623504638672, 'learning_rate': 6.389030303266156e-05, 'epoch': 3.64}
{'loss': 0.9469, 'grad_norm': 8.7332181930542, 'learning_rate': 6.79085610850302e-05, 'epoch': 3.86}
{'eval_loss': 0.9468641877174377, 'eval_f1_macro': 0.7429082304858703, 'eval_f1_weighted': 0.7383280335225415, 'eval_precision_macro': 0.7303648732220162, 'eval_recall_macro': 0.7692640692640692, 'eval_accuracy': 0.7894736842105263, 'eval_runtime': 0.1582, 'eval_samples_per_second': 480.415, 'eval_steps_per_second': 18.964, 'epoch': 4.0}
{'loss': 0.8919, 'grad_norm': 15.960050582885742, 'learning_rate': 7.192681913739886e-05, 'epoch': 4.09}
{'loss': 0.7936, 'grad_norm': 7.187117099761963, 'learning_rate': 7.594507718976752e-05, 'epoch': 4.32}
{'loss': 0.7654, 'grad_norm': 32.35636520385742, 'learning_rate': 7.996333524213617e-05, 'epoch': 4.55}
{'loss': 0.7369, 'grad_norm': 7.039867877960205, 'learning_rate': 8.398159329450481e-05, 'epoch': 4.77}
{'loss': 0.7017, 'grad_norm': 15.600930213928223, 'learning_rate': 8.799985134687346e-05, 'epoch': 5.0}
{'eval_loss': 0.7088960409164429, 'eval_f1_macro': 0.8152808970478144, 'eval_f1_weighted': 0.8246577118633904, 'eval_precision_macro': 0.8375457875457875, 'eval_recall_macro': 0.834126984126984, 'eval_accuracy': 0.8421052631578947, 'eval_runtime': 0.1454, 'eval_samples_per_second': 522.562, 'eval_steps_per_second': 20.627, 'epoch': 5.0}
{'loss': 0.6677, 'grad_norm': 24.1169376373291, 'learning_rate': 9.201810939924212e-05, 'epoch': 5.23}
{'loss': 0.5551, 'grad_norm': 6.369185447692871, 'learning_rate': 9.603636745161078e-05, 'epoch': 5.45}
{'loss': 1.2125, 'grad_norm': 61.049407958984375, 'learning_rate': 0.00010005462550397942, 'epoch': 5.68}
{'loss': 1.3361, 'grad_norm': 3.248568296432495, 'learning_rate': 0.0001020807330853146, 'epoch': 5.91}
{'eval_loss': 0.6643508076667786, 'eval_f1_macro': 0.7598374068962305, 'eval_f1_weighted': 0.7667445794380779, 'eval_precision_macro': 0.7302780761427378, 'eval_recall_macro': 0.8124098124098124, 'eval_accuracy': 0.8157894736842105, 'eval_runtime': 0.1442, 'eval_samples_per_second': 526.949, 'eval_steps_per_second': 20.801, 'epoch': 6.0}
{'loss': 0.8201, 'grad_norm': 55.40678405761719, 'learning_rate': 0.00010111861496009958, 'epoch': 6.14}
{'loss': 0.5489, 'grad_norm': 7.043456554412842, 'learning_rate': 0.00010015649683488455, 'epoch': 6.36}
{'loss': 0.6219, 'grad_norm': 44.32989501953125, 'learning_rate': 9.919437870966951e-05, 'epoch': 6.59}
{'loss': 0.5585, 'grad_norm': 1.4010252952575684, 'learning_rate': 9.823226058445448e-05, 'epoch': 6.82}
{'eval_loss': 0.5497669577598572, 'eval_f1_macro': 0.760281208385164, 'eval_f1_weighted': 0.7723980548938395, 'eval_precision_macro': 0.8496669996669997, 'eval_recall_macro': 0.7880952380952381, 'eval_accuracy': 0.8157894736842105, 'eval_runtime': 0.1396, 'eval_samples_per_second': 544.447, 'eval_steps_per_second': 21.491, 'epoch': 7.0}
{'loss': 0.6344, 'grad_norm': 9.241369247436523, 'learning_rate': 9.727014245923946e-05, 'epoch': 7.05}
{'loss': 0.401, 'grad_norm': 95.82898712158203, 'learning_rate': 9.630802433402443e-05, 'epoch': 7.27}
{'loss': 0.7263, 'grad_norm': 10.312606811523438, 'learning_rate': 9.53459062088094e-05, 'epoch': 7.5}
{'loss': 0.3151, 'grad_norm': 16.435253143310547, 'learning_rate': 9.438378808359436e-05, 'epoch': 7.73}
{'loss': 0.2488, 'grad_norm': 12.398754119873047, 'learning_rate': 9.342166995837934e-05, 'epoch': 7.95}
{'eval_loss': 0.9923035502433777, 'eval_f1_macro': 0.6685010841692869, 'eval_f1_weighted': 0.6652355284783129, 'eval_precision_macro': 0.7609604681033252, 'eval_recall_macro': 0.7, 'eval_accuracy': 0.7105263157894737, 'eval_runtime': 0.1362, 'eval_samples_per_second': 557.863, 'eval_steps_per_second': 22.021, 'epoch': 8.0}
{'loss': 0.8367, 'grad_norm': 29.527694702148438, 'learning_rate': 9.24595518331643e-05, 'epoch': 8.18}
{'loss': 0.2433, 'grad_norm': 12.764472961425781, 'learning_rate': 9.149743370794928e-05, 'epoch': 8.41}
{'loss': 0.2237, 'grad_norm': 2.5193562507629395, 'learning_rate': 9.053531558273425e-05, 'epoch': 8.64}
{'loss': 0.2912, 'grad_norm': 0.5975292325019836, 'learning_rate': 8.957319745751923e-05, 'epoch': 8.86}
{'eval_loss': 0.5393356084823608, 'eval_f1_macro': 0.8497461602724761, 'eval_f1_weighted': 0.8548269289959041, 'eval_precision_macro': 0.9141156462585034, 'eval_recall_macro': 0.8476190476190475, 'eval_accuracy': 0.868421052631579, 'eval_runtime': 0.145, 'eval_samples_per_second': 524.269, 'eval_steps_per_second': 20.695, 'epoch': 9.0}
{'loss': 0.2031, 'grad_norm': 97.33148193359375, 'learning_rate': 8.861107933230419e-05, 'epoch': 9.09}
{'loss': 0.3793, 'grad_norm': 10.438569068908691, 'learning_rate': 8.764896120708917e-05, 'epoch': 9.32}
{'loss': 0.0973, 'grad_norm': 0.22634845972061157, 'learning_rate': 8.668684308187413e-05, 'epoch': 9.55}
{'loss': 0.187, 'grad_norm': 54.65673065185547, 'learning_rate': 8.572472495665911e-05, 'epoch': 9.77}
{'loss': 0.2792, 'grad_norm': 20.54824447631836, 'learning_rate': 8.476260683144408e-05, 'epoch': 10.0}
{'eval_loss': 0.8103176355361938, 'eval_f1_macro': 0.7937938252223967, 'eval_f1_weighted': 0.8010044341623289, 'eval_precision_macro': 0.8580705009276438, 'eval_recall_macro': 0.792063492063492, 'eval_accuracy': 0.8157894736842105, 'eval_runtime': 0.1361, 'eval_samples_per_second': 558.315, 'eval_steps_per_second': 22.039, 'epoch': 10.0}
{'loss': 0.1502, 'grad_norm': 0.2299652397632599, 'learning_rate': 8.380048870622904e-05, 'epoch': 10.23}
{'loss': 0.0165, 'grad_norm': 0.13167454302310944, 'learning_rate': 8.283837058101402e-05, 'epoch': 10.45}
{'loss': 0.0539, 'grad_norm': 0.20267291367053986, 'learning_rate': 8.1876252455799e-05, 'epoch': 10.68}
{'loss': 0.4594, 'grad_norm': 0.11584828794002533, 'learning_rate': 8.091413433058396e-05, 'epoch': 10.91}
{'eval_loss': 0.49651387333869934, 'eval_f1_macro': 0.9031761702349937, 'eval_f1_weighted': 0.9072290420278036, 'eval_precision_macro': 0.9257456828885401, 'eval_recall_macro': 0.8888888888888891, 'eval_accuracy': 0.9078947368421053, 'eval_runtime': 0.1544, 'eval_samples_per_second': 492.282, 'eval_steps_per_second': 19.432, 'epoch': 11.0}
{'loss': 0.2385, 'grad_norm': 4.688229084014893, 'learning_rate': 7.995201620536892e-05, 'epoch': 11.14}
{'loss': 0.3012, 'grad_norm': 0.5233593583106995, 'learning_rate': 7.89898980801539e-05, 'epoch': 11.36}
{'loss': 0.1177, 'grad_norm': 0.060170289129018784, 'learning_rate': 7.802777995493887e-05, 'epoch': 11.59}
{'loss': 0.2901, 'grad_norm': 7.154834747314453, 'learning_rate': 7.706566182972385e-05, 'epoch': 11.82}
{'eval_loss': 0.6236445903778076, 'eval_f1_macro': 0.8938352020650157, 'eval_f1_weighted': 0.8889993016137181, 'eval_precision_macro': 0.9285714285714286, 'eval_recall_macro': 0.880952380952381, 'eval_accuracy': 0.8947368421052632, 'eval_runtime': 0.1528, 'eval_samples_per_second': 497.266, 'eval_steps_per_second': 19.629, 'epoch': 12.0}
{'loss': 0.072, 'grad_norm': 0.05484199896454811, 'learning_rate': 7.610354370450881e-05, 'epoch': 12.05}
{'loss': 0.2114, 'grad_norm': 3.4342384338378906, 'learning_rate': 7.514142557929377e-05, 'epoch': 12.27}
{'loss': 0.072, 'grad_norm': 34.16357421875, 'learning_rate': 7.417930745407875e-05, 'epoch': 12.5}
{'loss': 0.1574, 'grad_norm': 0.3329339623451233, 'learning_rate': 7.321718932886373e-05, 'epoch': 12.73}
{'loss': 0.0906, 'grad_norm': 1.1652036905288696, 'learning_rate': 7.22550712036487e-05, 'epoch': 12.95}
{'eval_loss': 0.3930792510509491, 'eval_f1_macro': 0.9325912183055041, 'eval_f1_weighted': 0.9213374344953291, 'eval_precision_macro': 0.9309523809523811, 'eval_recall_macro': 0.940981240981241, 'eval_accuracy': 0.9210526315789473, 'eval_runtime': 0.1549, 'eval_samples_per_second': 490.77, 'eval_steps_per_second': 19.372, 'epoch': 13.0}
{'loss': 0.0634, 'grad_norm': 0.09757102280855179, 'learning_rate': 7.129295307843366e-05, 'epoch': 13.18}
{'loss': 0.0062, 'grad_norm': 0.04697561264038086, 'learning_rate': 7.033083495321864e-05, 'epoch': 13.41}
{'loss': 0.0054, 'grad_norm': 4.708485126495361, 'learning_rate': 6.936871682800362e-05, 'epoch': 13.64}
{'loss': 0.0694, 'grad_norm': 0.0384233333170414, 'learning_rate': 6.840659870278858e-05, 'epoch': 13.86}
{'eval_loss': 0.4968954026699066, 'eval_f1_macro': 0.9341013824884793, 'eval_f1_weighted': 0.9223259762308998, 'eval_precision_macro': 0.9380952380952381, 'eval_recall_macro': 0.946031746031746, 'eval_accuracy': 0.9210526315789473, 'eval_runtime': 0.1448, 'eval_samples_per_second': 524.686, 'eval_steps_per_second': 20.711, 'epoch': 14.0}
{'loss': 0.0043, 'grad_norm': 0.03754947707056999, 'learning_rate': 6.744448057757355e-05, 'epoch': 14.09}
{'loss': 0.0042, 'grad_norm': 0.03300846740603447, 'learning_rate': 6.648236245235851e-05, 'epoch': 14.32}
{'loss': 0.0728, 'grad_norm': 0.16800998151302338, 'learning_rate': 6.55202443271435e-05, 'epoch': 14.55}
{'loss': 0.1664, 'grad_norm': 0.044603973627090454, 'learning_rate': 6.455812620192847e-05, 'epoch': 14.77}
{'loss': 0.0842, 'grad_norm': 0.027383465319871902, 'learning_rate': 6.359600807671343e-05, 'epoch': 15.0}
{'eval_loss': 0.7404634356498718, 'eval_f1_macro': 0.8901888341543513, 'eval_f1_weighted': 0.885700241984271, 'eval_precision_macro': 0.9323308270676691, 'eval_recall_macro': 0.8968253968253969, 'eval_accuracy': 0.881578947368421, 'eval_runtime': 0.1475, 'eval_samples_per_second': 515.177, 'eval_steps_per_second': 20.336, 'epoch': 15.0}
{'loss': 0.1726, 'grad_norm': 0.03247164189815521, 'learning_rate': 6.26338899514984e-05, 'epoch': 15.23}
{'loss': 0.1568, 'grad_norm': 0.05162323638796806, 'learning_rate': 6.167177182628337e-05, 'epoch': 15.45}
{'loss': 0.0603, 'grad_norm': 0.026388123631477356, 'learning_rate': 6.070965370106835e-05, 'epoch': 15.68}
{'loss': 0.0119, 'grad_norm': 0.02694925107061863, 'learning_rate': 5.9747535575853315e-05, 'epoch': 15.91}
{'eval_loss': 0.3637319505214691, 'eval_f1_macro': 0.9500000000000001, 'eval_f1_weighted': 0.9434210526315789, 'eval_precision_macro': 0.974025974025974, 'eval_recall_macro': 0.9428571428571428, 'eval_accuracy': 0.9473684210526315, 'eval_runtime': 0.1366, 'eval_samples_per_second': 556.294, 'eval_steps_per_second': 21.959, 'epoch': 16.0}
{'loss': 0.0028, 'grad_norm': 0.028686359524726868, 'learning_rate': 5.878541745063829e-05, 'epoch': 16.14}
{'loss': 0.0028, 'grad_norm': 0.02605375275015831, 'learning_rate': 5.782329932542325e-05, 'epoch': 16.36}
{'loss': 0.0025, 'grad_norm': 0.02111155539751053, 'learning_rate': 5.686118120020823e-05, 'epoch': 16.59}
{'loss': 0.0034, 'grad_norm': 0.023810748010873795, 'learning_rate': 5.58990630749932e-05, 'epoch': 16.82}
{'eval_loss': 0.5027469992637634, 'eval_f1_macro': 0.9094117647058824, 'eval_f1_weighted': 0.9155108359133127, 'eval_precision_macro': 0.9426287997716569, 'eval_recall_macro': 0.8952380952380953, 'eval_accuracy': 0.9210526315789473, 'eval_runtime': 0.1377, 'eval_samples_per_second': 551.799, 'eval_steps_per_second': 21.782, 'epoch': 17.0}
{'loss': 0.0025, 'grad_norm': 0.021700207144021988, 'learning_rate': 5.4936944949778165e-05, 'epoch': 17.05}
{'loss': 0.0023, 'grad_norm': 0.020602146163582802, 'learning_rate': 5.3974826824563137e-05, 'epoch': 17.27}
{'loss': 0.0022, 'grad_norm': 0.020436150953173637, 'learning_rate': 5.3012708699348115e-05, 'epoch': 17.5}
{'loss': 0.0022, 'grad_norm': 0.22682741284370422, 'learning_rate': 5.2050590574133086e-05, 'epoch': 17.73}
{'loss': 0.002, 'grad_norm': 0.019300559535622597, 'learning_rate': 5.108847244891805e-05, 'epoch': 17.95}
{'eval_loss': 0.5418384075164795, 'eval_f1_macro': 0.9160959245358222, 'eval_f1_weighted': 0.917180215127449, 'eval_precision_macro': 0.941713048855906, 'eval_recall_macro': 0.9031746031746033, 'eval_accuracy': 0.9210526315789473, 'eval_runtime': 0.136, 'eval_samples_per_second': 559.012, 'eval_steps_per_second': 22.066, 'epoch': 18.0}
{'loss': 0.002, 'grad_norm': 0.022337479516863823, 'learning_rate': 5.012635432370302e-05, 'epoch': 18.18}
{'loss': 0.0019, 'grad_norm': 0.018026767298579216, 'learning_rate': 4.916423619848799e-05, 'epoch': 18.41}
{'loss': 0.0018, 'grad_norm': 0.01856076531112194, 'learning_rate': 4.8202118073272964e-05, 'epoch': 18.64}
{'loss': 0.0017, 'grad_norm': 0.01689733751118183, 'learning_rate': 4.7239999948057936e-05, 'epoch': 18.86}
{'eval_loss': 0.5730202198028564, 'eval_f1_macro': 0.9160959245358222, 'eval_f1_weighted': 0.917180215127449, 'eval_precision_macro': 0.941713048855906, 'eval_recall_macro': 0.9031746031746033, 'eval_accuracy': 0.9210526315789473, 'eval_runtime': 0.1369, 'eval_samples_per_second': 555.158, 'eval_steps_per_second': 21.914, 'epoch': 19.0}
{'loss': 0.0017, 'grad_norm': 0.017524393275380135, 'learning_rate': 4.627788182284291e-05, 'epoch': 19.09}
{'loss': 0.0017, 'grad_norm': 0.017553268000483513, 'learning_rate': 4.531576369762788e-05, 'epoch': 19.32}
{'loss': 0.0016, 'grad_norm': 0.014308035373687744, 'learning_rate': 4.435364557241285e-05, 'epoch': 19.55}
{'loss': 0.0016, 'grad_norm': 0.013772976584732533, 'learning_rate': 4.3391527447197814e-05, 'epoch': 19.77}
{'loss': 0.0015, 'grad_norm': 0.015321464277803898, 'learning_rate': 4.242940932198279e-05, 'epoch': 20.0}
{'eval_loss': 0.5685182213783264, 'eval_f1_macro': 0.9160959245358222, 'eval_f1_weighted': 0.917180215127449, 'eval_precision_macro': 0.941713048855906, 'eval_recall_macro': 0.9031746031746033, 'eval_accuracy': 0.9210526315789473, 'eval_runtime': 0.1415, 'eval_samples_per_second': 536.965, 'eval_steps_per_second': 21.196, 'epoch': 20.0}
{'loss': 0.0015, 'grad_norm': 0.01378586608916521, 'learning_rate': 4.146729119676776e-05, 'epoch': 20.23}
{'loss': 0.0015, 'grad_norm': 0.01565173640847206, 'learning_rate': 4.0505173071552735e-05, 'epoch': 20.45}
{'loss': 0.0014, 'grad_norm': 0.01333556417375803, 'learning_rate': 3.95430549463377e-05, 'epoch': 20.68}
{'loss': 0.0015, 'grad_norm': 0.012508598156273365, 'learning_rate': 3.858093682112268e-05, 'epoch': 20.91}
{'eval_loss': 0.5638836026191711, 'eval_f1_macro': 0.9160959245358222, 'eval_f1_weighted': 0.917180215127449, 'eval_precision_macro': 0.941713048855906, 'eval_recall_macro': 0.9031746031746033, 'eval_accuracy': 0.9210526315789473, 'eval_runtime': 0.1398, 'eval_samples_per_second': 543.52, 'eval_steps_per_second': 21.455, 'epoch': 21.0}
{'train_runtime': 73.4968, 'train_samples_per_second': 143.68, 'train_steps_per_second': 17.96, 'train_loss': 0.48064120352526246, 'epoch': 21.0}
  Finished  : epoch 21/30 | runtime 73s | 143.7 samples/s
              precision    recall  f1-score   support

       anger       0.89      1.00      0.94        25
     boredom       1.00      0.94      0.97        16
     disgust       1.00      0.90      0.95        10
        fear       1.00      1.00      1.00        14
   happiness       1.00      0.71      0.83        14
     neutral       0.89      1.00      0.94        16
     sadness       0.92      1.00      0.96        12

    accuracy                           0.94       107
   macro avg       0.96      0.94      0.94       107
weighted avg       0.95      0.94      0.94       107

  F1-Macro 0.9419 | Accuracy 0.9439 | Precision 0.9578 | Recall 0.9360

  5-fold CV summary (mean ± 95% CI):
    f1_macro         = 0.7517 ± 0.3061  (95% CI [0.4456, 1.0578])
    f1_weighted      = 0.7567 ± 0.2934  (95% CI [0.4633, 1.0501])
    precision_macro  = 0.7673 ± 0.2854  (95% CI [0.4819, 1.0527])
    recall_macro     = 0.7862 ± 0.2499  (95% CI [0.5363, 1.0361])
    accuracy         = 0.7813 ± 0.2676  (95% CI [0.5137, 1.0489])

======================================================================
[3/3]  wav2vec2-base_cameo
  Model  : facebook/wav2vec2-base
  Dataset: amu-cai/CAMEO
  Output : /home/tu/tu_tu/tu_zxord71/asp-project/outputs/wav2vec2-base_cameo

  Loading: amu-cai/CAMEO
  Multiple splits found (['crema_d', 'cafe', 'emns', 'emozionalmente', 'enterface', 'jl_corpus', 'mesd', 'nemo', 'oreau', 'pavoque', 'ravdess', 'resd', 'subesco']) — concatenating into one.
  Label col : emotion
  Samples   : 41,265  |  Classes: 17
    anger: 5961
    anxiety: 240
    apology: 240
    assertiveness: 240
    calm: 192
    concern: 240
    disgust: 4368
    encouragement: 240
    enthusiasm: 198
    excitement: 395
    fear: 4977
    happiness: 5965
    neutral: 7970
    poker: 575
    sadness: 5896
    sarcasm: 142
    surprise: 3426
  Filtered to core emotions: 41,265 -> 38,563 samples (2,702 dropped)
  Classes   : ['anger', 'disgust', 'fear', 'happiness', 'neutral', 'sadness', 'surprise']
  Feature extractor : Wav2Vec2FeatureExtractor  (sr=16000)
  Loaded hyperparameters: lr=9.555715197510025e-05  bs=32  warmup=0.11727636322835802  wd=0.05590111550115184
  Fold 1/5: 25,405 train / 5,445 val / 7,713 test  (of 38,563)

  --- Fold 1/5 ---
  Model             : Wav2Vec2ForSequenceClassification  (94,570,375 params, 94,570,375 trainable)
  Training  : lr=9.555715197510025e-05  bs=32  epochs=30  patience=5
{'loss': 1.9497, 'grad_norm': 1.4609975814819336, 'learning_rate': 3.078075761545821e-07, 'epoch': 0.01}
{'loss': 1.9488, 'grad_norm': 1.5458106994628906, 'learning_rate': 6.498159941041176e-07, 'epoch': 0.03}
{'loss': 1.9503, 'grad_norm': 1.256126046180725, 'learning_rate': 9.918244120536532e-07, 'epoch': 0.04}
{'loss': 1.9497, 'grad_norm': 0.9898256659507751, 'learning_rate': 1.3338328300031888e-06, 'epoch': 0.05}
{'loss': 1.9443, 'grad_norm': 1.6194921731948853, 'learning_rate': 1.6758412479527246e-06, 'epoch': 0.06}
{'loss': 1.9421, 'grad_norm': 1.1027610301971436, 'learning_rate': 2.0178496659022604e-06, 'epoch': 0.08}
{'loss': 1.939, 'grad_norm': 1.2660255432128906, 'learning_rate': 2.359858083851796e-06, 'epoch': 0.09}
{'loss': 1.9342, 'grad_norm': 1.2070424556732178, 'learning_rate': 2.7018665018013315e-06, 'epoch': 0.1}
{'loss': 1.9257, 'grad_norm': 2.037076234817505, 'learning_rate': 3.043874919750867e-06, 'epoch': 0.11}
{'loss': 1.9279, 'grad_norm': 1.1448628902435303, 'learning_rate': 3.3858833377004023e-06, 'epoch': 0.13}
{'loss': 1.9227, 'grad_norm': 1.1632646322250366, 'learning_rate': 3.7278917556499383e-06, 'epoch': 0.14}
{'loss': 1.9226, 'grad_norm': 1.358424186706543, 'learning_rate': 4.0699001735994735e-06, 'epoch': 0.15}
{'loss': 1.91, 'grad_norm': 2.295971393585205, 'learning_rate': 4.41190859154901e-06, 'epoch': 0.16}
{'loss': 1.9021, 'grad_norm': 2.7351222038269043, 'learning_rate': 4.753917009498545e-06, 'epoch': 0.18}
{'loss': 1.8945, 'grad_norm': 2.1402130126953125, 'learning_rate': 5.095925427448081e-06, 'epoch': 0.19}
{'loss': 1.8716, 'grad_norm': 1.6657429933547974, 'learning_rate': 5.437933845397616e-06, 'epoch': 0.2}
{'loss': 1.8475, 'grad_norm': 2.0687613487243652, 'learning_rate': 5.779942263347152e-06, 'epoch': 0.21}
{'loss': 1.8708, 'grad_norm': 3.492788314819336, 'learning_rate': 6.121950681296688e-06, 'epoch': 0.23}
{'loss': 1.8345, 'grad_norm': 2.341200113296509, 'learning_rate': 6.463959099246223e-06, 'epoch': 0.24}
{'loss': 1.8057, 'grad_norm': 5.203461647033691, 'learning_rate': 6.805967517195758e-06, 'epoch': 0.25}
{'loss': 1.8237, 'grad_norm': 3.3193256855010986, 'learning_rate': 7.147975935145295e-06, 'epoch': 0.26}
{'loss': 1.7867, 'grad_norm': 3.6217572689056396, 'learning_rate': 7.48998435309483e-06, 'epoch': 0.28}
{'loss': 1.7678, 'grad_norm': 3.661679983139038, 'learning_rate': 7.831992771044365e-06, 'epoch': 0.29}
{'loss': 1.7683, 'grad_norm': 6.613206386566162, 'learning_rate': 8.1740011889939e-06, 'epoch': 0.3}
{'loss': 1.7207, 'grad_norm': 8.916193008422852, 'learning_rate': 8.516009606943438e-06, 'epoch': 0.31}
{'loss': 1.6649, 'grad_norm': 5.919576644897461, 'learning_rate': 8.858018024892972e-06, 'epoch': 0.33}
{'loss': 1.7394, 'grad_norm': 2.552621603012085, 'learning_rate': 9.200026442842507e-06, 'epoch': 0.34}
{'loss': 1.6993, 'grad_norm': 8.749815940856934, 'learning_rate': 9.542034860792045e-06, 'epoch': 0.35}
{'loss': 1.6555, 'grad_norm': 10.415160179138184, 'learning_rate': 9.88404327874158e-06, 'epoch': 0.37}
{'loss': 1.6864, 'grad_norm': 7.72932767868042, 'learning_rate': 1.0226051696691114e-05, 'epoch': 0.38}
{'loss': 1.6592, 'grad_norm': 5.781190872192383, 'learning_rate': 1.056806011464065e-05, 'epoch': 0.39}
{'loss': 1.6201, 'grad_norm': 7.8173322677612305, 'learning_rate': 1.0910068532590187e-05, 'epoch': 0.4}
{'loss': 1.631, 'grad_norm': 9.253695487976074, 'learning_rate': 1.1252076950539722e-05, 'epoch': 0.42}
{'loss': 1.6279, 'grad_norm': 4.740493297576904, 'learning_rate': 1.1594085368489256e-05, 'epoch': 0.43}
{'loss': 1.6377, 'grad_norm': 4.559211254119873, 'learning_rate': 1.1936093786438792e-05, 'epoch': 0.44}
{'loss': 1.5681, 'grad_norm': 6.1556806564331055, 'learning_rate': 1.227810220438833e-05, 'epoch': 0.45}
{'loss': 1.5871, 'grad_norm': 14.032310485839844, 'learning_rate': 1.2620110622337865e-05, 'epoch': 0.47}
{'loss': 1.5424, 'grad_norm': 5.572266101837158, 'learning_rate': 1.2962119040287399e-05, 'epoch': 0.48}
{'loss': 1.5371, 'grad_norm': 9.331222534179688, 'learning_rate': 1.3304127458236934e-05, 'epoch': 0.49}
{'loss': 1.475, 'grad_norm': 6.05795431137085, 'learning_rate': 1.364613587618647e-05, 'epoch': 0.5}
{'loss': 1.4967, 'grad_norm': 15.02153491973877, 'learning_rate': 1.3988144294136007e-05, 'epoch': 0.52}
{'loss': 1.4334, 'grad_norm': 7.581026077270508, 'learning_rate': 1.4330152712085543e-05, 'epoch': 0.53}
{'loss': 1.4547, 'grad_norm': 9.11367130279541, 'learning_rate': 1.4672161130035078e-05, 'epoch': 0.54}
{'loss': 1.4825, 'grad_norm': 5.454570293426514, 'learning_rate': 1.5014169547984614e-05, 'epoch': 0.55}
{'loss': 1.4736, 'grad_norm': 5.767967700958252, 'learning_rate': 1.5356177965934148e-05, 'epoch': 0.57}
{'loss': 1.3808, 'grad_norm': 8.44111156463623, 'learning_rate': 1.5698186383883683e-05, 'epoch': 0.58}
{'loss': 1.3746, 'grad_norm': 19.227928161621094, 'learning_rate': 1.604019480183322e-05, 'epoch': 0.59}
{'loss': 1.3661, 'grad_norm': 8.980337142944336, 'learning_rate': 1.6382203219782758e-05, 'epoch': 0.6}
{'loss': 1.3477, 'grad_norm': 14.919315338134766, 'learning_rate': 1.6724211637732294e-05, 'epoch': 0.62}
{'loss': 1.4011, 'grad_norm': 13.934192657470703, 'learning_rate': 1.706622005568183e-05, 'epoch': 0.63}
{'loss': 1.3994, 'grad_norm': 7.443165302276611, 'learning_rate': 1.740822847363136e-05, 'epoch': 0.64}
{'loss': 1.4495, 'grad_norm': 6.975866317749023, 'learning_rate': 1.7750236891580897e-05, 'epoch': 0.65}
{'loss': 1.3466, 'grad_norm': 9.05649185180664, 'learning_rate': 1.8092245309530432e-05, 'epoch': 0.67}
{'loss': 1.3356, 'grad_norm': 6.43837833404541, 'learning_rate': 1.8434253727479968e-05, 'epoch': 0.68}
{'loss': 1.289, 'grad_norm': 9.094754219055176, 'learning_rate': 1.8776262145429504e-05, 'epoch': 0.69}
{'loss': 1.274, 'grad_norm': 9.900259971618652, 'learning_rate': 1.9118270563379043e-05, 'epoch': 0.71}
{'loss': 1.2949, 'grad_norm': 14.361250877380371, 'learning_rate': 1.9460278981328578e-05, 'epoch': 0.72}
{'loss': 1.2367, 'grad_norm': 15.165543556213379, 'learning_rate': 1.980228739927811e-05, 'epoch': 0.73}
{'loss': 1.2154, 'grad_norm': 9.689598083496094, 'learning_rate': 2.0144295817227646e-05, 'epoch': 0.74}
{'loss': 1.1593, 'grad_norm': 14.976204872131348, 'learning_rate': 2.048630423517718e-05, 'epoch': 0.76}
{'loss': 1.2132, 'grad_norm': 8.572242736816406, 'learning_rate': 2.0828312653126717e-05, 'epoch': 0.77}
{'loss': 1.2082, 'grad_norm': 5.338738918304443, 'learning_rate': 2.1170321071076253e-05, 'epoch': 0.78}
{'loss': 1.2648, 'grad_norm': 10.527505874633789, 'learning_rate': 2.1512329489025792e-05, 'epoch': 0.79}
{'loss': 1.2265, 'grad_norm': 11.650446891784668, 'learning_rate': 2.1854337906975327e-05, 'epoch': 0.81}
{'loss': 1.1691, 'grad_norm': 10.267054557800293, 'learning_rate': 2.2196346324924863e-05, 'epoch': 0.82}
{'loss': 1.125, 'grad_norm': 11.373859405517578, 'learning_rate': 2.2538354742874395e-05, 'epoch': 0.83}
{'loss': 1.2156, 'grad_norm': 9.88700008392334, 'learning_rate': 2.288036316082393e-05, 'epoch': 0.84}
{'loss': 1.1953, 'grad_norm': 10.541546821594238, 'learning_rate': 2.3222371578773466e-05, 'epoch': 0.86}
{'loss': 1.1374, 'grad_norm': 15.224349021911621, 'learning_rate': 2.3564379996723002e-05, 'epoch': 0.87}
{'loss': 1.2015, 'grad_norm': 11.160438537597656, 'learning_rate': 2.3906388414672537e-05, 'epoch': 0.88}
{'loss': 1.2012, 'grad_norm': 15.416509628295898, 'learning_rate': 2.4248396832622076e-05, 'epoch': 0.89}
{'loss': 1.1111, 'grad_norm': 11.114686012268066, 'learning_rate': 2.459040525057161e-05, 'epoch': 0.91}
{'loss': 1.1576, 'grad_norm': 8.289566040039062, 'learning_rate': 2.4932413668521148e-05, 'epoch': 0.92}
{'loss': 1.0786, 'grad_norm': 15.411828994750977, 'learning_rate': 2.5274422086470683e-05, 'epoch': 0.93}
{'loss': 1.1427, 'grad_norm': 21.355331420898438, 'learning_rate': 2.5616430504420215e-05, 'epoch': 0.94}
{'loss': 1.0475, 'grad_norm': 8.179166793823242, 'learning_rate': 2.5958438922369754e-05, 'epoch': 0.96}
{'loss': 1.0548, 'grad_norm': 13.137079238891602, 'learning_rate': 2.6300447340319287e-05, 'epoch': 0.97}
{'loss': 1.0272, 'grad_norm': 9.086033821105957, 'learning_rate': 2.6642455758268825e-05, 'epoch': 0.98}
{'loss': 1.0557, 'grad_norm': 16.89639663696289, 'learning_rate': 2.6984464176218358e-05, 'epoch': 0.99}
{'eval_loss': 0.9927080869674683, 'eval_f1_macro': 0.637187602931446, 'eval_f1_weighted': 0.6619236992330308, 'eval_precision_macro': 0.679387150928164, 'eval_recall_macro': 0.6347835993147853, 'eval_accuracy': 0.6758494031221304, 'eval_runtime': 304.9016, 'eval_samples_per_second': 17.858, 'eval_steps_per_second': 0.282, 'epoch': 1.0}
{'loss': 0.9922, 'grad_norm': 23.565187454223633, 'learning_rate': 2.7326472594167897e-05, 'epoch': 1.01}
{'loss': 1.0305, 'grad_norm': 19.585430145263672, 'learning_rate': 2.7668481012117432e-05, 'epoch': 1.02}
{'loss': 0.9645, 'grad_norm': 11.646024703979492, 'learning_rate': 2.8010489430066964e-05, 'epoch': 1.03}
{'loss': 0.9942, 'grad_norm': 10.693620681762695, 'learning_rate': 2.8352497848016503e-05, 'epoch': 1.05}
{'loss': 1.059, 'grad_norm': 21.89180564880371, 'learning_rate': 2.8694506265966036e-05, 'epoch': 1.06}
{'loss': 1.0643, 'grad_norm': 17.305023193359375, 'learning_rate': 2.9036514683915575e-05, 'epoch': 1.07}
{'loss': 0.9405, 'grad_norm': 13.371838569641113, 'learning_rate': 2.9378523101865107e-05, 'epoch': 1.08}
{'loss': 1.0124, 'grad_norm': 6.972700595855713, 'learning_rate': 2.9720531519814646e-05, 'epoch': 1.1}
{'loss': 0.9442, 'grad_norm': 14.643441200256348, 'learning_rate': 3.006253993776418e-05, 'epoch': 1.11}
{'loss': 0.9297, 'grad_norm': 10.15640926361084, 'learning_rate': 3.0404548355713714e-05, 'epoch': 1.12}
{'loss': 0.9529, 'grad_norm': 8.800461769104004, 'learning_rate': 3.074655677366325e-05, 'epoch': 1.13}
{'loss': 1.0234, 'grad_norm': 19.917451858520508, 'learning_rate': 3.108856519161279e-05, 'epoch': 1.15}
{'loss': 0.9893, 'grad_norm': 17.745471954345703, 'learning_rate': 3.1430573609562324e-05, 'epoch': 1.16}
{'loss': 1.0354, 'grad_norm': 21.67658233642578, 'learning_rate': 3.177258202751186e-05, 'epoch': 1.17}
{'loss': 0.9444, 'grad_norm': 19.609464645385742, 'learning_rate': 3.2114590445461395e-05, 'epoch': 1.18}
{'loss': 0.9825, 'grad_norm': 14.567719459533691, 'learning_rate': 3.245659886341093e-05, 'epoch': 1.2}
{'loss': 0.9423, 'grad_norm': 22.938125610351562, 'learning_rate': 3.2798607281360466e-05, 'epoch': 1.21}
{'loss': 0.9139, 'grad_norm': 10.271663665771484, 'learning_rate': 3.314061569931e-05, 'epoch': 1.22}
{'loss': 1.0066, 'grad_norm': 11.736486434936523, 'learning_rate': 3.348262411725954e-05, 'epoch': 1.23}
{'loss': 1.0302, 'grad_norm': 21.77616310119629, 'learning_rate': 3.382463253520907e-05, 'epoch': 1.25}
{'loss': 0.9577, 'grad_norm': 16.63955307006836, 'learning_rate': 3.416664095315861e-05, 'epoch': 1.26}
{'loss': 0.8632, 'grad_norm': 11.985067367553711, 'learning_rate': 3.4508649371108144e-05, 'epoch': 1.27}
{'loss': 1.0204, 'grad_norm': 18.835447311401367, 'learning_rate': 3.485065778905767e-05, 'epoch': 1.28}
{'loss': 0.9137, 'grad_norm': 18.575841903686523, 'learning_rate': 3.5192666207007215e-05, 'epoch': 1.3}
{'loss': 0.8409, 'grad_norm': 12.496983528137207, 'learning_rate': 3.553467462495675e-05, 'epoch': 1.31}
{'loss': 0.8085, 'grad_norm': 8.983967781066895, 'learning_rate': 3.5876683042906286e-05, 'epoch': 1.32}
{'loss': 0.8797, 'grad_norm': 14.412622451782227, 'learning_rate': 3.621869146085582e-05, 'epoch': 1.34}
{'loss': 0.9863, 'grad_norm': 12.180498123168945, 'learning_rate': 3.656069987880536e-05, 'epoch': 1.35}
{'loss': 0.7918, 'grad_norm': 15.40995979309082, 'learning_rate': 3.690270829675489e-05, 'epoch': 1.36}
{'loss': 0.9718, 'grad_norm': 18.795074462890625, 'learning_rate': 3.724471671470443e-05, 'epoch': 1.37}
{'loss': 0.8131, 'grad_norm': 16.254222869873047, 'learning_rate': 3.7586725132653964e-05, 'epoch': 1.39}
{'loss': 0.9387, 'grad_norm': 23.257966995239258, 'learning_rate': 3.79287335506035e-05, 'epoch': 1.4}
{'loss': 0.9332, 'grad_norm': 17.729169845581055, 'learning_rate': 3.8270741968553035e-05, 'epoch': 1.41}
{'loss': 0.9564, 'grad_norm': 16.05894660949707, 'learning_rate': 3.861275038650257e-05, 'epoch': 1.42}
{'loss': 0.8282, 'grad_norm': 9.330963134765625, 'learning_rate': 3.8954758804452107e-05, 'epoch': 1.44}
{'loss': 0.9102, 'grad_norm': 16.235450744628906, 'learning_rate': 3.929676722240164e-05, 'epoch': 1.45}
{'loss': 0.7727, 'grad_norm': 20.740266799926758, 'learning_rate': 3.963877564035118e-05, 'epoch': 1.46}
{'loss': 0.846, 'grad_norm': 16.03872299194336, 'learning_rate': 3.998078405830071e-05, 'epoch': 1.47}
{'loss': 0.8462, 'grad_norm': 24.039960861206055, 'learning_rate': 4.032279247625025e-05, 'epoch': 1.49}
{'loss': 0.9673, 'grad_norm': 17.4489688873291, 'learning_rate': 4.0664800894199785e-05, 'epoch': 1.5}
{'loss': 0.7875, 'grad_norm': 20.227140426635742, 'learning_rate': 4.100680931214932e-05, 'epoch': 1.51}
{'loss': 0.8298, 'grad_norm': 17.282243728637695, 'learning_rate': 4.1348817730098856e-05, 'epoch': 1.52}
{'loss': 0.868, 'grad_norm': 18.26460075378418, 'learning_rate': 4.169082614804839e-05, 'epoch': 1.54}
{'loss': 0.8938, 'grad_norm': 15.87132740020752, 'learning_rate': 4.203283456599793e-05, 'epoch': 1.55}
{'loss': 0.9711, 'grad_norm': 15.12716293334961, 'learning_rate': 4.237484298394746e-05, 'epoch': 1.56}
{'loss': 0.7715, 'grad_norm': 10.069510459899902, 'learning_rate': 4.2716851401897e-05, 'epoch': 1.57}
{'loss': 0.8978, 'grad_norm': 13.616716384887695, 'learning_rate': 4.3058859819846534e-05, 'epoch': 1.59}
{'loss': 0.9744, 'grad_norm': 15.782747268676758, 'learning_rate': 4.340086823779607e-05, 'epoch': 1.6}
{'loss': 0.7419, 'grad_norm': 13.803832054138184, 'learning_rate': 4.3742876655745605e-05, 'epoch': 1.61}
{'loss': 0.7607, 'grad_norm': 19.522911071777344, 'learning_rate': 4.408488507369514e-05, 'epoch': 1.62}
{'loss': 0.7265, 'grad_norm': 14.781689643859863, 'learning_rate': 4.4426893491644676e-05, 'epoch': 1.64}
{'loss': 0.8242, 'grad_norm': 16.371479034423828, 'learning_rate': 4.476890190959421e-05, 'epoch': 1.65}
{'loss': 0.8894, 'grad_norm': 10.791634559631348, 'learning_rate': 4.511091032754375e-05, 'epoch': 1.66}
{'loss': 0.8055, 'grad_norm': 11.443464279174805, 'learning_rate': 4.545291874549328e-05, 'epoch': 1.68}
{'loss': 0.8304, 'grad_norm': 43.16704559326172, 'learning_rate': 4.579492716344282e-05, 'epoch': 1.69}
{'loss': 0.8886, 'grad_norm': 10.796015739440918, 'learning_rate': 4.6136935581392354e-05, 'epoch': 1.7}
{'loss': 0.8329, 'grad_norm': 12.495895385742188, 'learning_rate': 4.647894399934189e-05, 'epoch': 1.71}
{'loss': 0.8364, 'grad_norm': 13.784717559814453, 'learning_rate': 4.6820952417291425e-05, 'epoch': 1.73}
{'loss': 0.727, 'grad_norm': 12.735844612121582, 'learning_rate': 4.716296083524096e-05, 'epoch': 1.74}
{'loss': 0.8219, 'grad_norm': 13.592171669006348, 'learning_rate': 4.7504969253190496e-05, 'epoch': 1.75}
{'loss': 0.8304, 'grad_norm': 16.113588333129883, 'learning_rate': 4.784697767114004e-05, 'epoch': 1.76}
{'loss': 0.8911, 'grad_norm': 9.101914405822754, 'learning_rate': 4.818898608908956e-05, 'epoch': 1.78}
{'loss': 0.8217, 'grad_norm': 11.715710639953613, 'learning_rate': 4.85309945070391e-05, 'epoch': 1.79}
{'loss': 0.7644, 'grad_norm': 15.668068885803223, 'learning_rate': 4.887300292498864e-05, 'epoch': 1.8}
{'loss': 0.7775, 'grad_norm': 12.250178337097168, 'learning_rate': 4.9215011342938174e-05, 'epoch': 1.81}
{'loss': 0.7476, 'grad_norm': 14.416851043701172, 'learning_rate': 4.95570197608877e-05, 'epoch': 1.83}
{'loss': 0.7893, 'grad_norm': 15.603873252868652, 'learning_rate': 4.9899028178837245e-05, 'epoch': 1.84}
{'loss': 0.7739, 'grad_norm': 9.512248039245605, 'learning_rate': 5.024103659678678e-05, 'epoch': 1.85}
{'loss': 0.7513, 'grad_norm': 7.529008388519287, 'learning_rate': 5.0583045014736316e-05, 'epoch': 1.86}
{'loss': 0.8409, 'grad_norm': 21.55995750427246, 'learning_rate': 5.092505343268586e-05, 'epoch': 1.88}
{'loss': 0.7901, 'grad_norm': 14.328935623168945, 'learning_rate': 5.126706185063538e-05, 'epoch': 1.89}
{'loss': 0.8165, 'grad_norm': 10.434438705444336, 'learning_rate': 5.160907026858492e-05, 'epoch': 1.9}
{'loss': 0.9968, 'grad_norm': 11.423055648803711, 'learning_rate': 5.195107868653446e-05, 'epoch': 1.91}
{'loss': 0.7655, 'grad_norm': 12.702691078186035, 'learning_rate': 5.2293087104483994e-05, 'epoch': 1.93}
{'loss': 0.8292, 'grad_norm': 10.304211616516113, 'learning_rate': 5.263509552243354e-05, 'epoch': 1.94}
{'loss': 0.7819, 'grad_norm': 11.638652801513672, 'learning_rate': 5.2977103940383066e-05, 'epoch': 1.95}
{'loss': 0.8472, 'grad_norm': 20.227163314819336, 'learning_rate': 5.33191123583326e-05, 'epoch': 1.96}
{'loss': 0.7799, 'grad_norm': 14.003024101257324, 'learning_rate': 5.366112077628214e-05, 'epoch': 1.98}
{'loss': 0.7543, 'grad_norm': 16.225505828857422, 'learning_rate': 5.400312919423168e-05, 'epoch': 1.99}
{'eval_loss': 0.862485408782959, 'eval_f1_macro': 0.6890305403041416, 'eval_f1_weighted': 0.7030507927876802, 'eval_precision_macro': 0.7113224698606101, 'eval_recall_macro': 0.6983639831663812, 'eval_accuracy': 0.708356290174472, 'eval_runtime': 305.319, 'eval_samples_per_second': 17.834, 'eval_steps_per_second': 0.282, 'epoch': 2.0}
{'loss': 0.8419, 'grad_norm': 9.03978157043457, 'learning_rate': 5.43451376121812e-05, 'epoch': 2.0}
{'loss': 0.8051, 'grad_norm': 18.170040130615234, 'learning_rate': 5.4687146030130744e-05, 'epoch': 2.02}
{'loss': 0.6189, 'grad_norm': 8.787399291992188, 'learning_rate': 5.502915444808028e-05, 'epoch': 2.03}
{'loss': 0.6247, 'grad_norm': 10.841985702514648, 'learning_rate': 5.5371162866029815e-05, 'epoch': 2.04}
{'loss': 0.6554, 'grad_norm': 17.573932647705078, 'learning_rate': 5.571317128397936e-05, 'epoch': 2.05}
{'loss': 0.7113, 'grad_norm': 17.810012817382812, 'learning_rate': 5.605517970192888e-05, 'epoch': 2.07}
{'loss': 0.6777, 'grad_norm': 22.623071670532227, 'learning_rate': 5.639718811987842e-05, 'epoch': 2.08}
{'loss': 0.7178, 'grad_norm': 31.895296096801758, 'learning_rate': 5.673919653782796e-05, 'epoch': 2.09}
{'loss': 0.6725, 'grad_norm': 42.84599304199219, 'learning_rate': 5.70812049557775e-05, 'epoch': 2.1}
{'loss': 0.7566, 'grad_norm': 18.10349464416504, 'learning_rate': 5.7423213373727035e-05, 'epoch': 2.12}
{'loss': 0.6171, 'grad_norm': 15.681923866271973, 'learning_rate': 5.7765221791676564e-05, 'epoch': 2.13}
{'loss': 0.7444, 'grad_norm': 21.138595581054688, 'learning_rate': 5.81072302096261e-05, 'epoch': 2.14}
{'loss': 0.6755, 'grad_norm': 16.83307456970215, 'learning_rate': 5.8449238627575635e-05, 'epoch': 2.15}
{'loss': 0.7774, 'grad_norm': 13.506105422973633, 'learning_rate': 5.879124704552518e-05, 'epoch': 2.17}
{'loss': 0.6906, 'grad_norm': 12.924432754516602, 'learning_rate': 5.91332554634747e-05, 'epoch': 2.18}
{'loss': 0.6184, 'grad_norm': 11.996620178222656, 'learning_rate': 5.947526388142424e-05, 'epoch': 2.19}
{'loss': 0.6862, 'grad_norm': 8.573653221130371, 'learning_rate': 5.981727229937378e-05, 'epoch': 2.2}
{'loss': 0.6275, 'grad_norm': 17.39479637145996, 'learning_rate': 6.015928071732331e-05, 'epoch': 2.22}
{'loss': 0.7194, 'grad_norm': 16.670930862426758, 'learning_rate': 6.0501289135272855e-05, 'epoch': 2.23}
{'loss': 0.7374, 'grad_norm': 9.864928245544434, 'learning_rate': 6.0843297553222384e-05, 'epoch': 2.24}
{'loss': 0.7197, 'grad_norm': 10.320369720458984, 'learning_rate': 6.118530597117192e-05, 'epoch': 2.25}
{'loss': 0.6135, 'grad_norm': 8.660346031188965, 'learning_rate': 6.152731438912146e-05, 'epoch': 2.27}
{'loss': 0.7153, 'grad_norm': 11.295190811157227, 'learning_rate': 6.186932280707099e-05, 'epoch': 2.28}
{'loss': 0.66, 'grad_norm': 12.59019947052002, 'learning_rate': 6.221133122502053e-05, 'epoch': 2.29}
{'loss': 0.6167, 'grad_norm': 12.172996520996094, 'learning_rate': 6.255333964297006e-05, 'epoch': 2.3}
{'loss': 0.6785, 'grad_norm': 17.46118927001953, 'learning_rate': 6.28953480609196e-05, 'epoch': 2.32}
{'loss': 0.723, 'grad_norm': 11.603938102722168, 'learning_rate': 6.323735647886913e-05, 'epoch': 2.33}
{'loss': 0.7497, 'grad_norm': 10.915629386901855, 'learning_rate': 6.357936489681868e-05, 'epoch': 2.34}
{'loss': 0.7019, 'grad_norm': 15.796699523925781, 'learning_rate': 6.39213733147682e-05, 'epoch': 2.36}
{'loss': 0.6166, 'grad_norm': 15.093002319335938, 'learning_rate': 6.426338173271773e-05, 'epoch': 2.37}
{'loss': 0.7861, 'grad_norm': 8.811806678771973, 'learning_rate': 6.460539015066728e-05, 'epoch': 2.38}
{'loss': 0.6602, 'grad_norm': 13.381979942321777, 'learning_rate': 6.494739856861682e-05, 'epoch': 2.39}
{'loss': 0.6946, 'grad_norm': 11.579665184020996, 'learning_rate': 6.528940698656635e-05, 'epoch': 2.41}
{'loss': 0.6594, 'grad_norm': 8.732444763183594, 'learning_rate': 6.563141540451588e-05, 'epoch': 2.42}
{'loss': 0.6711, 'grad_norm': 8.234976768493652, 'learning_rate': 6.597342382246542e-05, 'epoch': 2.43}
{'loss': 0.718, 'grad_norm': 12.854507446289062, 'learning_rate': 6.631543224041496e-05, 'epoch': 2.44}
{'loss': 0.7257, 'grad_norm': 14.671217918395996, 'learning_rate': 6.665744065836449e-05, 'epoch': 2.46}
{'loss': 0.8064, 'grad_norm': 10.869895935058594, 'learning_rate': 6.699944907631402e-05, 'epoch': 2.47}
{'loss': 0.6917, 'grad_norm': 16.902223587036133, 'learning_rate': 6.734145749426356e-05, 'epoch': 2.48}
{'loss': 0.6585, 'grad_norm': 18.883811950683594, 'learning_rate': 6.76834659122131e-05, 'epoch': 2.49}
{'loss': 0.7802, 'grad_norm': 24.953079223632812, 'learning_rate': 6.802547433016263e-05, 'epoch': 2.51}
{'loss': 0.6875, 'grad_norm': 6.220043182373047, 'learning_rate': 6.836748274811217e-05, 'epoch': 2.52}
{'loss': 0.6016, 'grad_norm': 18.72141456604004, 'learning_rate': 6.87094911660617e-05, 'epoch': 2.53}
{'loss': 0.6638, 'grad_norm': 11.401862144470215, 'learning_rate': 6.905149958401123e-05, 'epoch': 2.54}
{'loss': 0.8029, 'grad_norm': 19.372140884399414, 'learning_rate': 6.939350800196077e-05, 'epoch': 2.56}
{'loss': 0.7205, 'grad_norm': 12.791091918945312, 'learning_rate': 6.973551641991032e-05, 'epoch': 2.57}
{'loss': 0.6544, 'grad_norm': 19.09268569946289, 'learning_rate': 7.007752483785984e-05, 'epoch': 2.58}
{'loss': 0.788, 'grad_norm': 9.103473663330078, 'learning_rate': 7.041953325580937e-05, 'epoch': 2.59}
{'loss': 0.6327, 'grad_norm': 10.293974876403809, 'learning_rate': 7.076154167375892e-05, 'epoch': 2.61}
{'loss': 0.6845, 'grad_norm': 14.652227401733398, 'learning_rate': 7.110355009170846e-05, 'epoch': 2.62}
{'loss': 0.6713, 'grad_norm': 12.22714900970459, 'learning_rate': 7.144555850965799e-05, 'epoch': 2.63}
{'loss': 0.6676, 'grad_norm': 18.6143798828125, 'learning_rate': 7.178756692760752e-05, 'epoch': 2.64}
{'loss': 0.7451, 'grad_norm': 14.19748306274414, 'learning_rate': 7.212957534555706e-05, 'epoch': 2.66}
{'loss': 0.6069, 'grad_norm': 21.841716766357422, 'learning_rate': 7.24715837635066e-05, 'epoch': 2.67}
{'loss': 0.8171, 'grad_norm': 8.213377952575684, 'learning_rate': 7.281359218145613e-05, 'epoch': 2.68}
{'loss': 0.7408, 'grad_norm': 8.431654930114746, 'learning_rate': 7.315560059940567e-05, 'epoch': 2.7}
{'loss': 0.6476, 'grad_norm': 13.355398178100586, 'learning_rate': 7.34976090173552e-05, 'epoch': 2.71}
{'loss': 0.6212, 'grad_norm': 16.765281677246094, 'learning_rate': 7.383961743530473e-05, 'epoch': 2.72}
{'loss': 0.646, 'grad_norm': 12.621943473815918, 'learning_rate': 7.418162585325427e-05, 'epoch': 2.73}
{'loss': 0.9092, 'grad_norm': 12.207758903503418, 'learning_rate': 7.452363427120381e-05, 'epoch': 2.75}
{'loss': 0.7257, 'grad_norm': 11.772017478942871, 'learning_rate': 7.486564268915336e-05, 'epoch': 2.76}
{'loss': 0.7519, 'grad_norm': 13.776968955993652, 'learning_rate': 7.520765110710287e-05, 'epoch': 2.77}
{'loss': 0.6912, 'grad_norm': 8.63022518157959, 'learning_rate': 7.554965952505241e-05, 'epoch': 2.78}
{'loss': 0.727, 'grad_norm': 14.105116844177246, 'learning_rate': 7.589166794300196e-05, 'epoch': 2.8}
{'loss': 0.6332, 'grad_norm': 10.105793952941895, 'learning_rate': 7.623367636095149e-05, 'epoch': 2.81}
{'loss': 0.7349, 'grad_norm': 10.766366004943848, 'learning_rate': 7.657568477890101e-05, 'epoch': 2.82}
{'loss': 0.8153, 'grad_norm': 11.617546081542969, 'learning_rate': 7.691769319685056e-05, 'epoch': 2.83}
{'loss': 0.6811, 'grad_norm': 18.584386825561523, 'learning_rate': 7.72597016148001e-05, 'epoch': 2.85}
{'loss': 0.6455, 'grad_norm': 5.889258861541748, 'learning_rate': 7.760171003274963e-05, 'epoch': 2.86}
{'loss': 0.6798, 'grad_norm': 20.68031883239746, 'learning_rate': 7.794371845069917e-05, 'epoch': 2.87}
{'loss': 0.7124, 'grad_norm': 8.59253978729248, 'learning_rate': 7.82857268686487e-05, 'epoch': 2.88}
{'loss': 0.7482, 'grad_norm': 7.903145790100098, 'learning_rate': 7.862773528659824e-05, 'epoch': 2.9}
{'loss': 0.5869, 'grad_norm': 11.93567180633545, 'learning_rate': 7.896974370454777e-05, 'epoch': 2.91}
{'loss': 0.6715, 'grad_norm': 10.52667236328125, 'learning_rate': 7.931175212249731e-05, 'epoch': 2.92}
{'loss': 0.7319, 'grad_norm': 13.097846031188965, 'learning_rate': 7.965376054044685e-05, 'epoch': 2.93}
{'loss': 0.7009, 'grad_norm': 14.2916259765625, 'learning_rate': 7.999576895839637e-05, 'epoch': 2.95}
{'loss': 0.8053, 'grad_norm': 9.408961296081543, 'learning_rate': 8.033777737634591e-05, 'epoch': 2.96}
{'loss': 0.6373, 'grad_norm': 9.65117359161377, 'learning_rate': 8.067978579429545e-05, 'epoch': 2.97}
{'loss': 0.7803, 'grad_norm': 12.535049438476562, 'learning_rate': 8.102179421224498e-05, 'epoch': 2.98}
{'loss': 0.7165, 'grad_norm': 11.282380104064941, 'learning_rate': 8.136380263019451e-05, 'epoch': 3.0}
{'eval_loss': 0.6708531975746155, 'eval_f1_macro': 0.7584060997161328, 'eval_f1_weighted': 0.7730655945073801, 'eval_precision_macro': 0.7633708567298676, 'eval_recall_macro': 0.7661387129389031, 'eval_accuracy': 0.7746556473829201, 'eval_runtime': 199.9079, 'eval_samples_per_second': 27.238, 'eval_steps_per_second': 0.43, 'epoch': 3.0}
{'loss': 0.5535, 'grad_norm': 12.951385498046875, 'learning_rate': 8.170581104814405e-05, 'epoch': 3.01}
{'loss': 0.4923, 'grad_norm': 7.367009162902832, 'learning_rate': 8.20478194660936e-05, 'epoch': 3.02}
{'loss': 0.586, 'grad_norm': 18.154125213623047, 'learning_rate': 8.238982788404313e-05, 'epoch': 3.04}
{'loss': 0.5764, 'grad_norm': 9.646458625793457, 'learning_rate': 8.273183630199267e-05, 'epoch': 3.05}
{'loss': 0.6555, 'grad_norm': 13.054804801940918, 'learning_rate': 8.30738447199422e-05, 'epoch': 3.06}
{'loss': 0.6688, 'grad_norm': 16.853099822998047, 'learning_rate': 8.341585313789174e-05, 'epoch': 3.07}
{'loss': 0.4898, 'grad_norm': 27.721446990966797, 'learning_rate': 8.375786155584127e-05, 'epoch': 3.09}
{'loss': 0.608, 'grad_norm': 12.612939834594727, 'learning_rate': 8.409986997379081e-05, 'epoch': 3.1}
{'loss': 0.5388, 'grad_norm': 12.112399101257324, 'learning_rate': 8.444187839174035e-05, 'epoch': 3.11}
{'loss': 0.4961, 'grad_norm': 14.613656044006348, 'learning_rate': 8.478388680968987e-05, 'epoch': 3.12}
{'loss': 0.6162, 'grad_norm': 15.793194770812988, 'learning_rate': 8.512589522763941e-05, 'epoch': 3.14}
{'loss': 0.4645, 'grad_norm': 16.189922332763672, 'learning_rate': 8.546790364558895e-05, 'epoch': 3.15}
{'loss': 0.746, 'grad_norm': 12.022599220275879, 'learning_rate': 8.580991206353848e-05, 'epoch': 3.16}
{'loss': 0.5482, 'grad_norm': 9.25188159942627, 'learning_rate': 8.615192048148801e-05, 'epoch': 3.17}
{'loss': 0.5991, 'grad_norm': 6.580141544342041, 'learning_rate': 8.649392889943755e-05, 'epoch': 3.19}
{'loss': 0.5681, 'grad_norm': 9.741681098937988, 'learning_rate': 8.68359373173871e-05, 'epoch': 3.2}
{'loss': 0.6653, 'grad_norm': 12.22429370880127, 'learning_rate': 8.717794573533662e-05, 'epoch': 3.21}
{'loss': 0.6317, 'grad_norm': 24.324995040893555, 'learning_rate': 8.751995415328617e-05, 'epoch': 3.22}
{'loss': 0.5537, 'grad_norm': 11.080392837524414, 'learning_rate': 8.78619625712357e-05, 'epoch': 3.24}
{'loss': 0.6349, 'grad_norm': 11.428876876831055, 'learning_rate': 8.820397098918524e-05, 'epoch': 3.25}
{'loss': 0.5157, 'grad_norm': 7.946625709533691, 'learning_rate': 8.854597940713477e-05, 'epoch': 3.26}
{'loss': 0.604, 'grad_norm': 10.325121879577637, 'learning_rate': 8.888798782508431e-05, 'epoch': 3.27}
{'loss': 0.8373, 'grad_norm': 25.954479217529297, 'learning_rate': 8.922999624303384e-05, 'epoch': 3.29}
{'loss': 0.6087, 'grad_norm': 10.239365577697754, 'learning_rate': 8.957200466098338e-05, 'epoch': 3.3}
{'loss': 0.7037, 'grad_norm': 14.75770378112793, 'learning_rate': 8.991401307893291e-05, 'epoch': 3.31}
{'loss': 0.604, 'grad_norm': 13.104660034179688, 'learning_rate': 9.025602149688245e-05, 'epoch': 3.32}
{'loss': 0.6982, 'grad_norm': 12.669254302978516, 'learning_rate': 9.0598029914832e-05, 'epoch': 3.34}
{'loss': 0.7416, 'grad_norm': 14.260869026184082, 'learning_rate': 9.094003833278151e-05, 'epoch': 3.35}
{'loss': 0.5821, 'grad_norm': 8.531966209411621, 'learning_rate': 9.128204675073105e-05, 'epoch': 3.36}
{'loss': 0.6893, 'grad_norm': 15.305229187011719, 'learning_rate': 9.16240551686806e-05, 'epoch': 3.38}
{'loss': 0.5442, 'grad_norm': 8.761897087097168, 'learning_rate': 9.196606358663012e-05, 'epoch': 3.39}
{'loss': 0.6108, 'grad_norm': 11.022037506103516, 'learning_rate': 9.230807200457966e-05, 'epoch': 3.4}
{'loss': 0.593, 'grad_norm': 7.4583353996276855, 'learning_rate': 9.26500804225292e-05, 'epoch': 3.41}
{'loss': 0.627, 'grad_norm': 16.778703689575195, 'learning_rate': 9.299208884047874e-05, 'epoch': 3.43}
{'loss': 0.6537, 'grad_norm': 20.92071533203125, 'learning_rate': 9.333409725842826e-05, 'epoch': 3.44}
{'loss': 0.6523, 'grad_norm': 10.769307136535645, 'learning_rate': 9.367610567637781e-05, 'epoch': 3.45}
{'loss': 0.6779, 'grad_norm': 12.35423469543457, 'learning_rate': 9.401811409432734e-05, 'epoch': 3.46}
{'loss': 0.6835, 'grad_norm': 22.671768188476562, 'learning_rate': 9.436012251227688e-05, 'epoch': 3.48}
{'loss': 0.6499, 'grad_norm': 9.082014083862305, 'learning_rate': 9.470213093022641e-05, 'epoch': 3.49}
{'loss': 0.5234, 'grad_norm': 12.73090648651123, 'learning_rate': 9.504413934817595e-05, 'epoch': 3.5}
{'loss': 0.7609, 'grad_norm': 25.63054847717285, 'learning_rate': 9.538614776612549e-05, 'epoch': 3.51}
{'loss': 0.683, 'grad_norm': 10.394323348999023, 'learning_rate': 9.553442840619149e-05, 'epoch': 3.53}
{'loss': 0.5749, 'grad_norm': 11.289708137512207, 'learning_rate': 9.548898126837397e-05, 'epoch': 3.54}
{'loss': 0.5856, 'grad_norm': 14.433171272277832, 'learning_rate': 9.544353413055646e-05, 'epoch': 3.55}
{'loss': 0.5359, 'grad_norm': 14.343993186950684, 'learning_rate': 9.539808699273895e-05, 'epoch': 3.56}
{'loss': 0.5723, 'grad_norm': 13.814127922058105, 'learning_rate': 9.535263985492144e-05, 'epoch': 3.58}
{'loss': 0.5386, 'grad_norm': 18.45437240600586, 'learning_rate': 9.530719271710393e-05, 'epoch': 3.59}
{'loss': 0.7015, 'grad_norm': 9.538390159606934, 'learning_rate': 9.526174557928641e-05, 'epoch': 3.6}
{'loss': 0.7339, 'grad_norm': 9.719626426696777, 'learning_rate': 9.52162984414689e-05, 'epoch': 3.61}
{'loss': 0.5724, 'grad_norm': 13.885092735290527, 'learning_rate': 9.517085130365139e-05, 'epoch': 3.63}
{'loss': 0.6334, 'grad_norm': 17.578227996826172, 'learning_rate': 9.512540416583388e-05, 'epoch': 3.64}
{'loss': 0.5532, 'grad_norm': 12.154796600341797, 'learning_rate': 9.507995702801638e-05, 'epoch': 3.65}
{'loss': 0.6394, 'grad_norm': 14.779239654541016, 'learning_rate': 9.503450989019887e-05, 'epoch': 3.66}
{'loss': 0.6131, 'grad_norm': 9.464210510253906, 'learning_rate': 9.498906275238136e-05, 'epoch': 3.68}
{'loss': 0.6551, 'grad_norm': 19.354944229125977, 'learning_rate': 9.494361561456384e-05, 'epoch': 3.69}
{'loss': 0.6079, 'grad_norm': 13.958908081054688, 'learning_rate': 9.489816847674633e-05, 'epoch': 3.7}
{'loss': 0.7008, 'grad_norm': 9.958272933959961, 'learning_rate': 9.485272133892882e-05, 'epoch': 3.72}
{'loss': 0.6531, 'grad_norm': 17.473892211914062, 'learning_rate': 9.480727420111131e-05, 'epoch': 3.73}
{'loss': 0.502, 'grad_norm': 12.67020320892334, 'learning_rate': 9.47618270632938e-05, 'epoch': 3.74}
{'loss': 0.6055, 'grad_norm': 19.344877243041992, 'learning_rate': 9.471637992547628e-05, 'epoch': 3.75}
{'loss': 0.5594, 'grad_norm': 13.857065200805664, 'learning_rate': 9.467093278765877e-05, 'epoch': 3.77}
{'loss': 0.5156, 'grad_norm': 6.324788570404053, 'learning_rate': 9.462548564984126e-05, 'epoch': 3.78}
{'loss': 0.6192, 'grad_norm': 17.82728385925293, 'learning_rate': 9.458003851202375e-05, 'epoch': 3.79}
{'loss': 0.6483, 'grad_norm': 13.69157886505127, 'learning_rate': 9.453459137420624e-05, 'epoch': 3.8}
{'loss': 0.5374, 'grad_norm': 8.961362838745117, 'learning_rate': 9.448914423638873e-05, 'epoch': 3.82}
{'loss': 0.5846, 'grad_norm': 12.619001388549805, 'learning_rate': 9.444369709857121e-05, 'epoch': 3.83}
{'loss': 0.6024, 'grad_norm': 9.683499336242676, 'learning_rate': 9.43982499607537e-05, 'epoch': 3.84}
{'loss': 0.6403, 'grad_norm': 12.744246482849121, 'learning_rate': 9.435280282293619e-05, 'epoch': 3.85}
{'loss': 0.6234, 'grad_norm': 9.377787590026855, 'learning_rate': 9.430735568511868e-05, 'epoch': 3.87}
{'loss': 0.7531, 'grad_norm': 11.153782844543457, 'learning_rate': 9.426190854730117e-05, 'epoch': 3.88}
{'loss': 0.7072, 'grad_norm': 12.49798583984375, 'learning_rate': 9.421646140948365e-05, 'epoch': 3.89}
{'loss': 0.7137, 'grad_norm': 9.200586318969727, 'learning_rate': 9.417101427166614e-05, 'epoch': 3.9}
{'loss': 0.7655, 'grad_norm': 16.235445022583008, 'learning_rate': 9.412556713384863e-05, 'epoch': 3.92}
{'loss': 0.6442, 'grad_norm': 16.79073715209961, 'learning_rate': 9.408011999603112e-05, 'epoch': 3.93}
{'loss': 0.5638, 'grad_norm': 19.258413314819336, 'learning_rate': 9.40346728582136e-05, 'epoch': 3.94}
{'loss': 0.5402, 'grad_norm': 8.530280113220215, 'learning_rate': 9.39892257203961e-05, 'epoch': 3.95}
{'loss': 0.6096, 'grad_norm': 9.622441291809082, 'learning_rate': 9.394377858257858e-05, 'epoch': 3.97}
{'loss': 0.6033, 'grad_norm': 8.583135604858398, 'learning_rate': 9.389833144476107e-05, 'epoch': 3.98}
{'loss': 0.5818, 'grad_norm': 9.42116641998291, 'learning_rate': 9.385288430694356e-05, 'epoch': 3.99}
{'eval_loss': 0.8118087649345398, 'eval_f1_macro': 0.7295620150889566, 'eval_f1_weighted': 0.7439788947570692, 'eval_precision_macro': 0.7580670775195257, 'eval_recall_macro': 0.7369225912933375, 'eval_accuracy': 0.742516069788797, 'eval_runtime': 5.5691, 'eval_samples_per_second': 977.724, 'eval_steps_per_second': 15.442, 'epoch': 4.0}
{'loss': 0.578, 'grad_norm': 10.60420036315918, 'learning_rate': 9.380743716912605e-05, 'epoch': 4.01}
{'loss': 0.4599, 'grad_norm': 5.898747444152832, 'learning_rate': 9.376199003130853e-05, 'epoch': 4.02}
{'loss': 0.482, 'grad_norm': 9.894160270690918, 'learning_rate': 9.371654289349102e-05, 'epoch': 4.03}
{'loss': 0.4671, 'grad_norm': 14.240766525268555, 'learning_rate': 9.367109575567351e-05, 'epoch': 4.04}
{'loss': 0.5516, 'grad_norm': 14.138901710510254, 'learning_rate': 9.3625648617856e-05, 'epoch': 4.06}
{'loss': 0.5964, 'grad_norm': 9.932074546813965, 'learning_rate': 9.358020148003849e-05, 'epoch': 4.07}
{'loss': 0.4388, 'grad_norm': 18.540658950805664, 'learning_rate': 9.353475434222097e-05, 'epoch': 4.08}
{'loss': 0.5191, 'grad_norm': 7.348621845245361, 'learning_rate': 9.348930720440346e-05, 'epoch': 4.09}
{'loss': 0.4925, 'grad_norm': 12.972885131835938, 'learning_rate': 9.344386006658595e-05, 'epoch': 4.11}
{'loss': 0.444, 'grad_norm': 11.687833786010742, 'learning_rate': 9.339841292876844e-05, 'epoch': 4.12}
{'loss': 0.5224, 'grad_norm': 11.580366134643555, 'learning_rate': 9.335296579095093e-05, 'epoch': 4.13}
{'loss': 0.4731, 'grad_norm': 9.0696439743042, 'learning_rate': 9.330751865313341e-05, 'epoch': 4.14}
{'loss': 0.4288, 'grad_norm': 8.950569152832031, 'learning_rate': 9.32620715153159e-05, 'epoch': 4.16}
{'loss': 0.5159, 'grad_norm': 13.160555839538574, 'learning_rate': 9.32166243774984e-05, 'epoch': 4.17}
{'loss': 0.4995, 'grad_norm': 20.803367614746094, 'learning_rate': 9.317117723968089e-05, 'epoch': 4.18}
{'loss': 0.4632, 'grad_norm': 15.158978462219238, 'learning_rate': 9.312573010186338e-05, 'epoch': 4.19}
{'loss': 0.5178, 'grad_norm': 18.748979568481445, 'learning_rate': 9.308028296404587e-05, 'epoch': 4.21}
{'loss': 0.5342, 'grad_norm': 16.984466552734375, 'learning_rate': 9.303483582622834e-05, 'epoch': 4.22}
{'loss': 0.5255, 'grad_norm': 11.782358169555664, 'learning_rate': 9.298938868841083e-05, 'epoch': 4.23}
{'loss': 0.5018, 'grad_norm': 13.391336441040039, 'learning_rate': 9.294394155059332e-05, 'epoch': 4.24}
{'loss': 0.4865, 'grad_norm': 7.192100524902344, 'learning_rate': 9.28984944127758e-05, 'epoch': 4.26}
{'loss': 0.4146, 'grad_norm': 6.454879283905029, 'learning_rate': 9.28530472749583e-05, 'epoch': 4.27}
{'loss': 0.4732, 'grad_norm': 9.413064956665039, 'learning_rate': 9.280760013714078e-05, 'epoch': 4.28}
{'loss': 0.4643, 'grad_norm': 14.534111976623535, 'learning_rate': 9.276215299932327e-05, 'epoch': 4.29}
{'loss': 0.6003, 'grad_norm': 9.961029052734375, 'learning_rate': 9.271670586150576e-05, 'epoch': 4.31}
{'loss': 0.4715, 'grad_norm': 15.256802558898926, 'learning_rate': 9.267125872368825e-05, 'epoch': 4.32}
{'loss': 0.5215, 'grad_norm': 7.647312164306641, 'learning_rate': 9.262581158587073e-05, 'epoch': 4.33}
{'loss': 0.4805, 'grad_norm': 10.817789077758789, 'learning_rate': 9.258036444805322e-05, 'epoch': 4.35}
{'loss': 0.3969, 'grad_norm': 7.44893217086792, 'learning_rate': 9.253491731023571e-05, 'epoch': 4.36}
{'loss': 0.5367, 'grad_norm': 13.409591674804688, 'learning_rate': 9.24894701724182e-05, 'epoch': 4.37}
{'loss': 0.5133, 'grad_norm': 11.971370697021484, 'learning_rate': 9.244402303460069e-05, 'epoch': 4.38}
{'loss': 0.5289, 'grad_norm': 9.999701499938965, 'learning_rate': 9.239857589678317e-05, 'epoch': 4.4}
{'loss': 0.5593, 'grad_norm': 20.91725730895996, 'learning_rate': 9.235312875896566e-05, 'epoch': 4.41}
{'loss': 0.5283, 'grad_norm': 11.262667655944824, 'learning_rate': 9.230768162114816e-05, 'epoch': 4.42}
{'loss': 0.4518, 'grad_norm': 17.574453353881836, 'learning_rate': 9.226223448333065e-05, 'epoch': 4.43}
{'loss': 0.5402, 'grad_norm': 15.038200378417969, 'learning_rate': 9.221678734551314e-05, 'epoch': 4.45}
{'loss': 0.5594, 'grad_norm': 12.92558765411377, 'learning_rate': 9.217134020769563e-05, 'epoch': 4.46}
{'loss': 0.4971, 'grad_norm': 20.873666763305664, 'learning_rate': 9.212589306987812e-05, 'epoch': 4.47}
{'loss': 0.5012, 'grad_norm': 9.437478065490723, 'learning_rate': 9.20804459320606e-05, 'epoch': 4.48}
{'loss': 0.4698, 'grad_norm': 6.678625106811523, 'learning_rate': 9.203499879424309e-05, 'epoch': 4.5}
{'loss': 0.4575, 'grad_norm': 8.756501197814941, 'learning_rate': 9.198955165642558e-05, 'epoch': 4.51}
{'loss': 0.4918, 'grad_norm': 13.277430534362793, 'learning_rate': 9.194410451860807e-05, 'epoch': 4.52}
{'loss': 0.4763, 'grad_norm': 15.541234016418457, 'learning_rate': 9.189865738079056e-05, 'epoch': 4.53}
{'loss': 0.5225, 'grad_norm': 9.921483039855957, 'learning_rate': 9.185321024297304e-05, 'epoch': 4.55}
{'loss': 0.4652, 'grad_norm': 16.621740341186523, 'learning_rate': 9.180776310515553e-05, 'epoch': 4.56}
{'loss': 0.4601, 'grad_norm': 12.226879119873047, 'learning_rate': 9.176231596733802e-05, 'epoch': 4.57}
{'loss': 0.388, 'grad_norm': 7.612974166870117, 'learning_rate': 9.171686882952051e-05, 'epoch': 4.58}
{'loss': 0.4633, 'grad_norm': 9.765472412109375, 'learning_rate': 9.1671421691703e-05, 'epoch': 4.6}
{'loss': 0.5752, 'grad_norm': 8.901236534118652, 'learning_rate': 9.162597455388547e-05, 'epoch': 4.61}
{'loss': 0.5612, 'grad_norm': 12.554314613342285, 'learning_rate': 9.158052741606796e-05, 'epoch': 4.62}
{'loss': 0.4891, 'grad_norm': 17.81479835510254, 'learning_rate': 9.153508027825045e-05, 'epoch': 4.63}
{'loss': 0.5319, 'grad_norm': 6.078255653381348, 'learning_rate': 9.148963314043294e-05, 'epoch': 4.65}
{'loss': 0.5028, 'grad_norm': 14.623824119567871, 'learning_rate': 9.144418600261542e-05, 'epoch': 4.66}
{'loss': 0.4552, 'grad_norm': 10.66201400756836, 'learning_rate': 9.139873886479793e-05, 'epoch': 4.67}
{'loss': 0.5013, 'grad_norm': 13.713812828063965, 'learning_rate': 9.135329172698041e-05, 'epoch': 4.69}
{'loss': 0.5574, 'grad_norm': 4.498023986816406, 'learning_rate': 9.13078445891629e-05, 'epoch': 4.7}
{'loss': 0.4049, 'grad_norm': 11.4056978225708, 'learning_rate': 9.126239745134539e-05, 'epoch': 4.71}
{'loss': 0.4974, 'grad_norm': 14.199932098388672, 'learning_rate': 9.121695031352788e-05, 'epoch': 4.72}
{'loss': 0.5613, 'grad_norm': 14.579364776611328, 'learning_rate': 9.117150317571037e-05, 'epoch': 4.74}
{'loss': 0.5907, 'grad_norm': 10.226950645446777, 'learning_rate': 9.112605603789285e-05, 'epoch': 4.75}
{'loss': 0.468, 'grad_norm': 7.131505489349365, 'learning_rate': 9.108060890007534e-05, 'epoch': 4.76}
{'loss': 0.4602, 'grad_norm': 18.250490188598633, 'learning_rate': 9.103516176225783e-05, 'epoch': 4.77}
{'loss': 0.5796, 'grad_norm': 14.978524208068848, 'learning_rate': 9.098971462444032e-05, 'epoch': 4.79}
{'loss': 0.5066, 'grad_norm': 19.49842071533203, 'learning_rate': 9.09442674866228e-05, 'epoch': 4.8}
{'loss': 0.4795, 'grad_norm': 11.06325626373291, 'learning_rate': 9.08988203488053e-05, 'epoch': 4.81}
{'loss': 0.3981, 'grad_norm': 12.010836601257324, 'learning_rate': 9.085337321098778e-05, 'epoch': 4.82}
{'loss': 0.479, 'grad_norm': 8.97573471069336, 'learning_rate': 9.080792607317027e-05, 'epoch': 4.84}
{'loss': 0.6078, 'grad_norm': 12.457090377807617, 'learning_rate': 9.076247893535276e-05, 'epoch': 4.85}
{'loss': 0.4395, 'grad_norm': 9.018732070922852, 'learning_rate': 9.071703179753525e-05, 'epoch': 4.86}
{'loss': 0.4215, 'grad_norm': 7.540287017822266, 'learning_rate': 9.067158465971773e-05, 'epoch': 4.87}
{'loss': 0.4869, 'grad_norm': 14.248876571655273, 'learning_rate': 9.062613752190022e-05, 'epoch': 4.89}
{'loss': 0.5218, 'grad_norm': 14.453372955322266, 'learning_rate': 9.058069038408271e-05, 'epoch': 4.9}
{'loss': 0.4512, 'grad_norm': 13.902077674865723, 'learning_rate': 9.05352432462652e-05, 'epoch': 4.91}
{'loss': 0.4894, 'grad_norm': 5.683852195739746, 'learning_rate': 9.048979610844769e-05, 'epoch': 4.92}
{'loss': 0.588, 'grad_norm': 92.62781524658203, 'learning_rate': 9.044434897063017e-05, 'epoch': 4.94}
{'loss': 0.5001, 'grad_norm': 12.268783569335938, 'learning_rate': 9.039890183281266e-05, 'epoch': 4.95}
{'loss': 0.4966, 'grad_norm': 10.763233184814453, 'learning_rate': 9.035345469499515e-05, 'epoch': 4.96}
{'loss': 0.6211, 'grad_norm': 13.026646614074707, 'learning_rate': 9.030800755717764e-05, 'epoch': 4.97}
{'loss': 0.5076, 'grad_norm': 15.810461044311523, 'learning_rate': 9.026256041936013e-05, 'epoch': 4.99}
{'loss': 0.5017, 'grad_norm': 19.29170036315918, 'learning_rate': 9.021711328154261e-05, 'epoch': 5.0}
{'eval_loss': 0.714603841304779, 'eval_f1_macro': 0.7530917773120674, 'eval_f1_weighted': 0.7628643158283189, 'eval_precision_macro': 0.7929787259267006, 'eval_recall_macro': 0.742448243164539, 'eval_accuracy': 0.7676767676767676, 'eval_runtime': 301.1527, 'eval_samples_per_second': 18.081, 'eval_steps_per_second': 0.286, 'epoch': 5.0}
{'loss': 0.4995, 'grad_norm': 21.279956817626953, 'learning_rate': 9.01716661437251e-05, 'epoch': 5.01}
{'loss': 0.3419, 'grad_norm': 16.11037254333496, 'learning_rate': 9.012621900590759e-05, 'epoch': 5.03}
{'loss': 0.4762, 'grad_norm': 3.0516388416290283, 'learning_rate': 9.008077186809008e-05, 'epoch': 5.04}
{'loss': 0.4079, 'grad_norm': 14.731311798095703, 'learning_rate': 9.003532473027257e-05, 'epoch': 5.05}
{'loss': 0.4138, 'grad_norm': 6.897357940673828, 'learning_rate': 8.998987759245505e-05, 'epoch': 5.06}
{'loss': 0.3747, 'grad_norm': 13.473769187927246, 'learning_rate': 8.994443045463754e-05, 'epoch': 5.08}
{'loss': 0.419, 'grad_norm': 6.749936103820801, 'learning_rate': 8.989898331682003e-05, 'epoch': 5.09}
{'loss': 0.3758, 'grad_norm': 8.033190727233887, 'learning_rate': 8.985353617900252e-05, 'epoch': 5.1}
{'loss': 0.3603, 'grad_norm': 15.181724548339844, 'learning_rate': 8.9808089041185e-05, 'epoch': 5.11}
{'loss': 0.4583, 'grad_norm': 18.514060974121094, 'learning_rate': 8.97626419033675e-05, 'epoch': 5.13}
{'loss': 0.4571, 'grad_norm': 6.2353739738464355, 'learning_rate': 8.971719476554998e-05, 'epoch': 5.14}
{'loss': 0.3695, 'grad_norm': 9.550737380981445, 'learning_rate': 8.967174762773247e-05, 'epoch': 5.15}
{'loss': 0.4638, 'grad_norm': 25.238094329833984, 'learning_rate': 8.962630048991496e-05, 'epoch': 5.16}
{'loss': 0.3346, 'grad_norm': 6.536962509155273, 'learning_rate': 8.958085335209746e-05, 'epoch': 5.18}
{'loss': 0.3569, 'grad_norm': 6.978106498718262, 'learning_rate': 8.953540621427995e-05, 'epoch': 5.19}
{'loss': 0.4773, 'grad_norm': 11.196226119995117, 'learning_rate': 8.948995907646244e-05, 'epoch': 5.2}
{'loss': 0.4249, 'grad_norm': 8.18228530883789, 'learning_rate': 8.944451193864492e-05, 'epoch': 5.21}
{'loss': 0.3908, 'grad_norm': 6.744434356689453, 'learning_rate': 8.939906480082741e-05, 'epoch': 5.23}
{'loss': 0.4677, 'grad_norm': 10.851755142211914, 'learning_rate': 8.93536176630099e-05, 'epoch': 5.24}
{'loss': 0.4464, 'grad_norm': 10.222343444824219, 'learning_rate': 8.930817052519239e-05, 'epoch': 5.25}
{'loss': 0.4207, 'grad_norm': 20.67918586730957, 'learning_rate': 8.926272338737488e-05, 'epoch': 5.26}
{'loss': 0.4713, 'grad_norm': 12.863530158996582, 'learning_rate': 8.921727624955736e-05, 'epoch': 5.28}
{'loss': 0.3849, 'grad_norm': 10.514785766601562, 'learning_rate': 8.917182911173985e-05, 'epoch': 5.29}
{'loss': 0.4415, 'grad_norm': 22.2768497467041, 'learning_rate': 8.912638197392233e-05, 'epoch': 5.3}
{'loss': 0.392, 'grad_norm': 7.21759033203125, 'learning_rate': 8.908093483610482e-05, 'epoch': 5.31}
{'loss': 0.344, 'grad_norm': 13.037821769714355, 'learning_rate': 8.90354876982873e-05, 'epoch': 5.33}
{'loss': 0.3201, 'grad_norm': 13.849774360656738, 'learning_rate': 8.899004056046979e-05, 'epoch': 5.34}
{'loss': 0.5226, 'grad_norm': 18.021976470947266, 'learning_rate': 8.894459342265228e-05, 'epoch': 5.35}
{'loss': 0.3691, 'grad_norm': 15.834113121032715, 'learning_rate': 8.889914628483477e-05, 'epoch': 5.37}
{'loss': 0.4071, 'grad_norm': 12.042771339416504, 'learning_rate': 8.885369914701726e-05, 'epoch': 5.38}
{'loss': 0.3644, 'grad_norm': 10.638087272644043, 'learning_rate': 8.880825200919974e-05, 'epoch': 5.39}
{'loss': 0.439, 'grad_norm': 10.167794227600098, 'learning_rate': 8.876280487138223e-05, 'epoch': 5.4}
{'loss': 0.4435, 'grad_norm': 7.248678684234619, 'learning_rate': 8.871735773356472e-05, 'epoch': 5.42}
{'loss': 0.3526, 'grad_norm': 15.501020431518555, 'learning_rate': 8.867191059574721e-05, 'epoch': 5.43}
{'loss': 0.3398, 'grad_norm': 16.79478645324707, 'learning_rate': 8.862646345792971e-05, 'epoch': 5.44}
{'loss': 0.3871, 'grad_norm': 23.65384864807129, 'learning_rate': 8.85810163201122e-05, 'epoch': 5.45}
{'loss': 0.5055, 'grad_norm': 6.692608833312988, 'learning_rate': 8.853556918229469e-05, 'epoch': 5.47}
{'loss': 0.5401, 'grad_norm': 8.746236801147461, 'learning_rate': 8.849012204447717e-05, 'epoch': 5.48}
{'loss': 0.4688, 'grad_norm': 26.523609161376953, 'learning_rate': 8.844467490665966e-05, 'epoch': 5.49}
{'loss': 0.514, 'grad_norm': 18.35344886779785, 'learning_rate': 8.839922776884215e-05, 'epoch': 5.5}
{'loss': 0.3657, 'grad_norm': 18.511964797973633, 'learning_rate': 8.835378063102464e-05, 'epoch': 5.52}
{'loss': 0.3546, 'grad_norm': 14.3297758102417, 'learning_rate': 8.830833349320713e-05, 'epoch': 5.53}
{'loss': 0.4002, 'grad_norm': 11.652777671813965, 'learning_rate': 8.826288635538961e-05, 'epoch': 5.54}
{'loss': 0.4098, 'grad_norm': 11.684526443481445, 'learning_rate': 8.82174392175721e-05, 'epoch': 5.55}
{'loss': 0.4347, 'grad_norm': 17.183828353881836, 'learning_rate': 8.817199207975459e-05, 'epoch': 5.57}
{'loss': 0.4394, 'grad_norm': 10.38874626159668, 'learning_rate': 8.812654494193708e-05, 'epoch': 5.58}
{'loss': 0.4482, 'grad_norm': 17.42600440979004, 'learning_rate': 8.808109780411957e-05, 'epoch': 5.59}
{'loss': 0.4243, 'grad_norm': 25.55908966064453, 'learning_rate': 8.803565066630205e-05, 'epoch': 5.6}
{'loss': 0.4033, 'grad_norm': 10.39765453338623, 'learning_rate': 8.799020352848454e-05, 'epoch': 5.62}
{'loss': 0.432, 'grad_norm': 12.346878051757812, 'learning_rate': 8.794475639066703e-05, 'epoch': 5.63}
{'loss': 0.4238, 'grad_norm': 9.25490665435791, 'learning_rate': 8.789930925284952e-05, 'epoch': 5.64}
{'loss': 0.4605, 'grad_norm': 7.785473823547363, 'learning_rate': 8.7853862115032e-05, 'epoch': 5.65}
{'loss': 0.4395, 'grad_norm': 9.501665115356445, 'learning_rate': 8.78084149772145e-05, 'epoch': 5.67}
{'loss': 0.3708, 'grad_norm': 9.637937545776367, 'learning_rate': 8.776296783939698e-05, 'epoch': 5.68}
{'loss': 0.3492, 'grad_norm': 11.395282745361328, 'learning_rate': 8.771752070157947e-05, 'epoch': 5.69}
{'loss': 0.4126, 'grad_norm': 9.586444854736328, 'learning_rate': 8.767207356376196e-05, 'epoch': 5.71}
{'loss': 0.4744, 'grad_norm': 9.652534484863281, 'learning_rate': 8.762662642594445e-05, 'epoch': 5.72}
{'loss': 0.4195, 'grad_norm': 13.550799369812012, 'learning_rate': 8.758117928812693e-05, 'epoch': 5.73}
{'loss': 0.4555, 'grad_norm': 9.405511856079102, 'learning_rate': 8.753573215030942e-05, 'epoch': 5.74}
{'loss': 0.4307, 'grad_norm': 9.06615924835205, 'learning_rate': 8.749028501249191e-05, 'epoch': 5.76}
{'loss': 0.4325, 'grad_norm': 16.630779266357422, 'learning_rate': 8.74448378746744e-05, 'epoch': 5.77}
{'loss': 0.3628, 'grad_norm': 7.565991401672363, 'learning_rate': 8.739939073685689e-05, 'epoch': 5.78}
{'loss': 0.3939, 'grad_norm': 15.796804428100586, 'learning_rate': 8.735394359903937e-05, 'epoch': 5.79}
{'loss': 0.4538, 'grad_norm': 17.198326110839844, 'learning_rate': 8.730849646122186e-05, 'epoch': 5.81}
{'loss': 0.3726, 'grad_norm': 7.626611709594727, 'learning_rate': 8.726304932340435e-05, 'epoch': 5.82}
{'loss': 0.3892, 'grad_norm': 10.428750991821289, 'learning_rate': 8.721760218558684e-05, 'epoch': 5.83}
{'loss': 0.3908, 'grad_norm': 4.047023296356201, 'learning_rate': 8.717215504776933e-05, 'epoch': 5.84}
{'loss': 0.3444, 'grad_norm': 10.44955062866211, 'learning_rate': 8.712670790995181e-05, 'epoch': 5.86}
{'loss': 0.3555, 'grad_norm': 9.257051467895508, 'learning_rate': 8.70812607721343e-05, 'epoch': 5.87}
{'loss': 0.5267, 'grad_norm': 16.08953857421875, 'learning_rate': 8.703581363431679e-05, 'epoch': 5.88}
{'loss': 0.514, 'grad_norm': 4.092307090759277, 'learning_rate': 8.699036649649928e-05, 'epoch': 5.89}
{'loss': 0.4105, 'grad_norm': 13.0391845703125, 'learning_rate': 8.694491935868177e-05, 'epoch': 5.91}
{'loss': 0.4668, 'grad_norm': 10.492508888244629, 'learning_rate': 8.689947222086425e-05, 'epoch': 5.92}
{'loss': 0.4617, 'grad_norm': 7.1207404136657715, 'learning_rate': 8.685402508304674e-05, 'epoch': 5.93}
{'loss': 0.4489, 'grad_norm': 10.98801326751709, 'learning_rate': 8.680857794522924e-05, 'epoch': 5.94}
{'loss': 0.3391, 'grad_norm': 4.835620403289795, 'learning_rate': 8.676313080741173e-05, 'epoch': 5.96}
{'loss': 0.4686, 'grad_norm': 10.57811164855957, 'learning_rate': 8.671768366959422e-05, 'epoch': 5.97}
{'loss': 0.4522, 'grad_norm': 13.569746017456055, 'learning_rate': 8.66722365317767e-05, 'epoch': 5.98}
{'loss': 0.4144, 'grad_norm': 16.608179092407227, 'learning_rate': 8.662678939395918e-05, 'epoch': 5.99}
{'eval_loss': 0.7522395849227905, 'eval_f1_macro': 0.7633605211251165, 'eval_f1_weighted': 0.770629803319988, 'eval_precision_macro': 0.7803925539878614, 'eval_recall_macro': 0.7630145469198123, 'eval_accuracy': 0.7702479338842976, 'eval_runtime': 5.5348, 'eval_samples_per_second': 983.774, 'eval_steps_per_second': 15.538, 'epoch': 6.0}
{'loss': 0.3478, 'grad_norm': 3.458392858505249, 'learning_rate': 8.658134225614167e-05, 'epoch': 6.01}
{'loss': 0.2413, 'grad_norm': 17.970829010009766, 'learning_rate': 8.653589511832416e-05, 'epoch': 6.02}
{'loss': 0.3403, 'grad_norm': 20.17664337158203, 'learning_rate': 8.649044798050665e-05, 'epoch': 6.03}
{'loss': 0.335, 'grad_norm': 18.942304611206055, 'learning_rate': 8.644500084268914e-05, 'epoch': 6.05}
{'loss': 0.3369, 'grad_norm': 8.006622314453125, 'learning_rate': 8.639955370487162e-05, 'epoch': 6.06}
{'loss': 0.4163, 'grad_norm': 14.825201988220215, 'learning_rate': 8.635410656705411e-05, 'epoch': 6.07}
{'loss': 0.3378, 'grad_norm': 13.779953002929688, 'learning_rate': 8.63086594292366e-05, 'epoch': 6.08}
{'loss': 0.3389, 'grad_norm': 6.79017972946167, 'learning_rate': 8.626321229141909e-05, 'epoch': 6.1}
{'loss': 0.268, 'grad_norm': 8.792900085449219, 'learning_rate': 8.621776515360158e-05, 'epoch': 6.11}
{'loss': 0.2244, 'grad_norm': 18.4520263671875, 'learning_rate': 8.617231801578406e-05, 'epoch': 6.12}
{'loss': 0.3841, 'grad_norm': 6.084665775299072, 'learning_rate': 8.612687087796655e-05, 'epoch': 6.13}
{'loss': 0.3963, 'grad_norm': 14.972695350646973, 'learning_rate': 8.608142374014904e-05, 'epoch': 6.15}
{'loss': 0.334, 'grad_norm': 10.520398139953613, 'learning_rate': 8.603597660233153e-05, 'epoch': 6.16}
{'loss': 0.2615, 'grad_norm': 10.409306526184082, 'learning_rate': 8.599052946451402e-05, 'epoch': 6.17}
{'loss': 0.4406, 'grad_norm': 12.88340950012207, 'learning_rate': 8.59450823266965e-05, 'epoch': 6.18}
{'loss': 0.2815, 'grad_norm': 11.071037292480469, 'learning_rate': 8.5899635188879e-05, 'epoch': 6.2}
{'loss': 0.24, 'grad_norm': 7.63587760925293, 'learning_rate': 8.58541880510615e-05, 'epoch': 6.21}
{'loss': 0.2362, 'grad_norm': 6.713254451751709, 'learning_rate': 8.580874091324398e-05, 'epoch': 6.22}
{'loss': 0.2499, 'grad_norm': 12.81139087677002, 'learning_rate': 8.576329377542647e-05, 'epoch': 6.23}
{'loss': 0.3155, 'grad_norm': 7.242264270782471, 'learning_rate': 8.571784663760896e-05, 'epoch': 6.25}
{'loss': 0.297, 'grad_norm': 22.545351028442383, 'learning_rate': 8.567239949979145e-05, 'epoch': 6.26}
{'loss': 0.3753, 'grad_norm': 6.164696216583252, 'learning_rate': 8.562695236197393e-05, 'epoch': 6.27}
{'loss': 0.2802, 'grad_norm': 14.422513008117676, 'learning_rate': 8.558150522415642e-05, 'epoch': 6.28}
{'loss': 0.3472, 'grad_norm': 12.536345481872559, 'learning_rate': 8.553605808633891e-05, 'epoch': 6.3}
{'loss': 0.383, 'grad_norm': 26.77254867553711, 'learning_rate': 8.54906109485214e-05, 'epoch': 6.31}
{'loss': 0.3344, 'grad_norm': 32.04739761352539, 'learning_rate': 8.544516381070389e-05, 'epoch': 6.32}
{'loss': 0.3019, 'grad_norm': 9.277853965759277, 'learning_rate': 8.539971667288637e-05, 'epoch': 6.34}
{'loss': 0.4084, 'grad_norm': 14.910037994384766, 'learning_rate': 8.535426953506886e-05, 'epoch': 6.35}
{'loss': 0.3873, 'grad_norm': 3.4465835094451904, 'learning_rate': 8.530882239725135e-05, 'epoch': 6.36}
{'loss': 0.3066, 'grad_norm': 6.525573253631592, 'learning_rate': 8.526337525943384e-05, 'epoch': 6.37}
{'loss': 0.3461, 'grad_norm': 16.810407638549805, 'learning_rate': 8.521792812161631e-05, 'epoch': 6.39}
{'loss': 0.3979, 'grad_norm': 26.37299156188965, 'learning_rate': 8.51724809837988e-05, 'epoch': 6.4}
{'loss': 0.2946, 'grad_norm': 11.070472717285156, 'learning_rate': 8.512703384598129e-05, 'epoch': 6.41}
{'loss': 0.3128, 'grad_norm': 23.407224655151367, 'learning_rate': 8.508158670816378e-05, 'epoch': 6.42}
{'loss': 0.377, 'grad_norm': 17.74197769165039, 'learning_rate': 8.503613957034626e-05, 'epoch': 6.44}
{'loss': 0.3774, 'grad_norm': 26.800077438354492, 'learning_rate': 8.499069243252877e-05, 'epoch': 6.45}
{'loss': 0.3924, 'grad_norm': 7.904554843902588, 'learning_rate': 8.494524529471125e-05, 'epoch': 6.46}
{'loss': 0.3195, 'grad_norm': 6.991953372955322, 'learning_rate': 8.489979815689374e-05, 'epoch': 6.47}
{'loss': 0.2735, 'grad_norm': 9.766847610473633, 'learning_rate': 8.485435101907623e-05, 'epoch': 6.49}
{'loss': 0.316, 'grad_norm': 13.06739616394043, 'learning_rate': 8.480890388125872e-05, 'epoch': 6.5}
{'loss': 0.4948, 'grad_norm': 55.54673385620117, 'learning_rate': 8.47634567434412e-05, 'epoch': 6.51}
{'loss': 0.2517, 'grad_norm': 13.25445556640625, 'learning_rate': 8.47180096056237e-05, 'epoch': 6.52}
{'loss': 0.4536, 'grad_norm': 10.164458274841309, 'learning_rate': 8.467256246780618e-05, 'epoch': 6.54}
{'loss': 0.29, 'grad_norm': 16.97551155090332, 'learning_rate': 8.462711532998867e-05, 'epoch': 6.55}
{'loss': 0.3514, 'grad_norm': 9.4757661819458, 'learning_rate': 8.458166819217116e-05, 'epoch': 6.56}
{'loss': 0.2492, 'grad_norm': 7.158644676208496, 'learning_rate': 8.453622105435365e-05, 'epoch': 6.57}
{'loss': 0.348, 'grad_norm': 12.61689567565918, 'learning_rate': 8.449077391653613e-05, 'epoch': 6.59}
{'loss': 0.358, 'grad_norm': 20.46916961669922, 'learning_rate': 8.444532677871862e-05, 'epoch': 6.6}
{'loss': 0.3117, 'grad_norm': 16.787879943847656, 'learning_rate': 8.439987964090111e-05, 'epoch': 6.61}
{'loss': 0.2328, 'grad_norm': 11.232072830200195, 'learning_rate': 8.43544325030836e-05, 'epoch': 6.62}
{'loss': 0.2719, 'grad_norm': 19.070152282714844, 'learning_rate': 8.430898536526609e-05, 'epoch': 6.64}
{'loss': 0.3916, 'grad_norm': 23.301271438598633, 'learning_rate': 8.426353822744857e-05, 'epoch': 6.65}
{'loss': 0.3168, 'grad_norm': 9.149422645568848, 'learning_rate': 8.421809108963106e-05, 'epoch': 6.66}
{'loss': 0.3521, 'grad_norm': 22.236948013305664, 'learning_rate': 8.417264395181355e-05, 'epoch': 6.68}
{'loss': 0.2768, 'grad_norm': 8.316041946411133, 'learning_rate': 8.412719681399604e-05, 'epoch': 6.69}
{'loss': 0.3149, 'grad_norm': 12.838936805725098, 'learning_rate': 8.408174967617853e-05, 'epoch': 6.7}
{'loss': 0.321, 'grad_norm': 13.87078857421875, 'learning_rate': 8.403630253836101e-05, 'epoch': 6.71}
{'loss': 0.3826, 'grad_norm': 10.859225273132324, 'learning_rate': 8.39908554005435e-05, 'epoch': 6.73}
{'loss': 0.358, 'grad_norm': 11.710756301879883, 'learning_rate': 8.394540826272599e-05, 'epoch': 6.74}
{'loss': 0.325, 'grad_norm': 5.161662578582764, 'learning_rate': 8.389996112490848e-05, 'epoch': 6.75}
{'loss': 0.3385, 'grad_norm': 7.568057537078857, 'learning_rate': 8.385451398709097e-05, 'epoch': 6.76}
{'loss': 0.2232, 'grad_norm': 11.263254165649414, 'learning_rate': 8.380906684927346e-05, 'epoch': 6.78}
{'loss': 0.3475, 'grad_norm': 17.21343231201172, 'learning_rate': 8.376361971145594e-05, 'epoch': 6.79}
{'loss': 0.4937, 'grad_norm': 14.787843704223633, 'learning_rate': 8.371817257363843e-05, 'epoch': 6.8}
{'loss': 0.3863, 'grad_norm': 13.028172492980957, 'learning_rate': 8.367272543582092e-05, 'epoch': 6.81}
{'loss': 0.3675, 'grad_norm': 12.734773635864258, 'learning_rate': 8.362727829800341e-05, 'epoch': 6.83}
{'loss': 0.3415, 'grad_norm': 61.55887985229492, 'learning_rate': 8.35818311601859e-05, 'epoch': 6.84}
{'loss': 0.3395, 'grad_norm': 13.863956451416016, 'learning_rate': 8.353638402236838e-05, 'epoch': 6.85}
{'loss': 0.3153, 'grad_norm': 22.728944778442383, 'learning_rate': 8.349093688455087e-05, 'epoch': 6.86}
{'loss': 0.3736, 'grad_norm': 10.29847240447998, 'learning_rate': 8.344548974673336e-05, 'epoch': 6.88}
{'loss': 0.3039, 'grad_norm': 7.899453163146973, 'learning_rate': 8.340004260891585e-05, 'epoch': 6.89}
{'loss': 0.3176, 'grad_norm': 13.339991569519043, 'learning_rate': 8.335459547109834e-05, 'epoch': 6.9}
{'loss': 0.279, 'grad_norm': 10.128540992736816, 'learning_rate': 8.330914833328082e-05, 'epoch': 6.91}
{'loss': 0.3231, 'grad_norm': 10.923327445983887, 'learning_rate': 8.326370119546331e-05, 'epoch': 6.93}
{'loss': 0.3964, 'grad_norm': 8.415329933166504, 'learning_rate': 8.32182540576458e-05, 'epoch': 6.94}
{'loss': 0.3328, 'grad_norm': 14.394328117370605, 'learning_rate': 8.317280691982829e-05, 'epoch': 6.95}
{'loss': 0.3125, 'grad_norm': 26.694839477539062, 'learning_rate': 8.312735978201079e-05, 'epoch': 6.96}
{'loss': 0.3097, 'grad_norm': 5.3966217041015625, 'learning_rate': 8.308191264419328e-05, 'epoch': 6.98}
{'loss': 0.3853, 'grad_norm': 9.744068145751953, 'learning_rate': 8.303646550637577e-05, 'epoch': 6.99}
{'eval_loss': 0.6455577611923218, 'eval_f1_macro': 0.7910578000757111, 'eval_f1_weighted': 0.798532882632447, 'eval_precision_macro': 0.8010099328599728, 'eval_recall_macro': 0.7908879542412393, 'eval_accuracy': 0.8003673094582185, 'eval_runtime': 299.4077, 'eval_samples_per_second': 18.186, 'eval_steps_per_second': 0.287, 'epoch': 7.0}
{'loss': 0.3845, 'grad_norm': 6.63358211517334, 'learning_rate': 8.299101836855825e-05, 'epoch': 7.0}
{'loss': 0.2122, 'grad_norm': 8.602849960327148, 'learning_rate': 8.294557123074074e-05, 'epoch': 7.02}
{'loss': 0.2094, 'grad_norm': 15.988370895385742, 'learning_rate': 8.290012409292323e-05, 'epoch': 7.03}
{'loss': 0.377, 'grad_norm': 6.8907856941223145, 'learning_rate': 8.285467695510572e-05, 'epoch': 7.04}
{'loss': 0.248, 'grad_norm': 11.568097114562988, 'learning_rate': 8.28092298172882e-05, 'epoch': 7.05}
{'loss': 0.234, 'grad_norm': 12.197888374328613, 'learning_rate': 8.276378267947068e-05, 'epoch': 7.07}
{'loss': 0.2158, 'grad_norm': 8.911168098449707, 'learning_rate': 8.271833554165317e-05, 'epoch': 7.08}
{'loss': 0.1937, 'grad_norm': 28.17853546142578, 'learning_rate': 8.267288840383566e-05, 'epoch': 7.09}
{'loss': 0.3177, 'grad_norm': 16.454322814941406, 'learning_rate': 8.262744126601814e-05, 'epoch': 7.1}
{'loss': 0.2727, 'grad_norm': 9.784587860107422, 'learning_rate': 8.258199412820063e-05, 'epoch': 7.12}
{'loss': 0.246, 'grad_norm': 6.33076286315918, 'learning_rate': 8.253654699038312e-05, 'epoch': 7.13}
{'loss': 0.3124, 'grad_norm': 12.853338241577148, 'learning_rate': 8.249109985256561e-05, 'epoch': 7.14}
{'loss': 0.2139, 'grad_norm': 18.336217880249023, 'learning_rate': 8.24456527147481e-05, 'epoch': 7.15}
{'loss': 0.2039, 'grad_norm': 15.474398612976074, 'learning_rate': 8.240020557693058e-05, 'epoch': 7.17}
{'loss': 0.3713, 'grad_norm': 15.743349075317383, 'learning_rate': 8.235475843911307e-05, 'epoch': 7.18}
{'loss': 0.3412, 'grad_norm': 11.66922664642334, 'learning_rate': 8.230931130129556e-05, 'epoch': 7.19}
{'loss': 0.288, 'grad_norm': 8.46658992767334, 'learning_rate': 8.226386416347805e-05, 'epoch': 7.2}
{'loss': 0.2887, 'grad_norm': 7.746494770050049, 'learning_rate': 8.221841702566055e-05, 'epoch': 7.22}
{'loss': 0.2498, 'grad_norm': 10.801403999328613, 'learning_rate': 8.217296988784304e-05, 'epoch': 7.23}
{'loss': 0.2069, 'grad_norm': 13.782881736755371, 'learning_rate': 8.212752275002553e-05, 'epoch': 7.24}
{'loss': 0.2994, 'grad_norm': 5.484953880310059, 'learning_rate': 8.208207561220801e-05, 'epoch': 7.25}
{'loss': 0.3188, 'grad_norm': 9.685656547546387, 'learning_rate': 8.20366284743905e-05, 'epoch': 7.27}
{'loss': 0.306, 'grad_norm': 10.291741371154785, 'learning_rate': 8.199118133657299e-05, 'epoch': 7.28}
{'loss': 0.2788, 'grad_norm': 21.58277130126953, 'learning_rate': 8.194573419875548e-05, 'epoch': 7.29}
{'loss': 0.289, 'grad_norm': 4.7724103927612305, 'learning_rate': 8.190028706093797e-05, 'epoch': 7.3}
{'loss': 0.3083, 'grad_norm': 8.953590393066406, 'learning_rate': 8.185483992312045e-05, 'epoch': 7.32}
{'loss': 0.1974, 'grad_norm': 8.069901466369629, 'learning_rate': 8.180939278530294e-05, 'epoch': 7.33}
{'loss': 0.2387, 'grad_norm': 7.18692684173584, 'learning_rate': 8.176394564748543e-05, 'epoch': 7.34}
{'loss': 0.2604, 'grad_norm': 16.78090476989746, 'learning_rate': 8.171849850966792e-05, 'epoch': 7.36}
{'loss': 0.2717, 'grad_norm': 13.288474082946777, 'learning_rate': 8.16730513718504e-05, 'epoch': 7.37}
{'loss': 0.3126, 'grad_norm': 13.998136520385742, 'learning_rate': 8.16276042340329e-05, 'epoch': 7.38}
{'loss': 0.312, 'grad_norm': 16.61107635498047, 'learning_rate': 8.158215709621538e-05, 'epoch': 7.39}
{'loss': 0.2935, 'grad_norm': 8.463342666625977, 'learning_rate': 8.153670995839787e-05, 'epoch': 7.41}
{'loss': 0.2326, 'grad_norm': 10.268521308898926, 'learning_rate': 8.149126282058036e-05, 'epoch': 7.42}
{'loss': 0.2286, 'grad_norm': 9.70183277130127, 'learning_rate': 8.144581568276285e-05, 'epoch': 7.43}
{'loss': 0.3064, 'grad_norm': 6.388607025146484, 'learning_rate': 8.140036854494533e-05, 'epoch': 7.44}
{'loss': 0.252, 'grad_norm': 6.052892684936523, 'learning_rate': 8.135492140712782e-05, 'epoch': 7.46}
{'loss': 0.2705, 'grad_norm': 11.20416259765625, 'learning_rate': 8.130947426931031e-05, 'epoch': 7.47}
{'loss': 0.3001, 'grad_norm': 16.0447940826416, 'learning_rate': 8.12640271314928e-05, 'epoch': 7.48}
{'loss': 0.4489, 'grad_norm': 10.544989585876465, 'learning_rate': 8.121857999367529e-05, 'epoch': 7.49}
{'loss': 0.333, 'grad_norm': 8.090118408203125, 'learning_rate': 8.117313285585777e-05, 'epoch': 7.51}
{'loss': 0.2478, 'grad_norm': 5.872527122497559, 'learning_rate': 8.112768571804026e-05, 'epoch': 7.52}
{'loss': 0.2082, 'grad_norm': 6.632630348205566, 'learning_rate': 8.108223858022275e-05, 'epoch': 7.53}
{'loss': 0.2377, 'grad_norm': 29.5216121673584, 'learning_rate': 8.103679144240524e-05, 'epoch': 7.54}
{'loss': 0.3233, 'grad_norm': 32.98210525512695, 'learning_rate': 8.099134430458773e-05, 'epoch': 7.56}
{'loss': 0.3141, 'grad_norm': 10.126683235168457, 'learning_rate': 8.094589716677022e-05, 'epoch': 7.57}
{'loss': 0.2018, 'grad_norm': 14.296205520629883, 'learning_rate': 8.09004500289527e-05, 'epoch': 7.58}
{'loss': 0.2752, 'grad_norm': 16.778573989868164, 'learning_rate': 8.085500289113519e-05, 'epoch': 7.59}
{'loss': 0.3394, 'grad_norm': 10.733251571655273, 'learning_rate': 8.080955575331768e-05, 'epoch': 7.61}
{'loss': 0.332, 'grad_norm': 17.038013458251953, 'learning_rate': 8.076410861550017e-05, 'epoch': 7.62}
{'loss': 0.2757, 'grad_norm': 16.793846130371094, 'learning_rate': 8.071866147768266e-05, 'epoch': 7.63}
{'loss': 0.2393, 'grad_norm': 15.028115272521973, 'learning_rate': 8.067321433986514e-05, 'epoch': 7.64}
{'loss': 0.235, 'grad_norm': 15.986859321594238, 'learning_rate': 8.062776720204763e-05, 'epoch': 7.66}
{'loss': 0.2785, 'grad_norm': 16.996978759765625, 'learning_rate': 8.058232006423012e-05, 'epoch': 7.67}
{'loss': 0.2423, 'grad_norm': 9.842443466186523, 'learning_rate': 8.053687292641261e-05, 'epoch': 7.68}
{'loss': 0.2972, 'grad_norm': 10.491917610168457, 'learning_rate': 8.04914257885951e-05, 'epoch': 7.7}
{'loss': 0.2848, 'grad_norm': 8.452757835388184, 'learning_rate': 8.044597865077758e-05, 'epoch': 7.71}
{'loss': 0.2831, 'grad_norm': 11.822633743286133, 'learning_rate': 8.040053151296007e-05, 'epoch': 7.72}
{'loss': 0.2319, 'grad_norm': 18.75164031982422, 'learning_rate': 8.035508437514257e-05, 'epoch': 7.73}
{'loss': 0.22, 'grad_norm': 11.50010871887207, 'learning_rate': 8.030963723732506e-05, 'epoch': 7.75}
{'loss': 0.2701, 'grad_norm': 87.0711669921875, 'learning_rate': 8.026419009950754e-05, 'epoch': 7.76}
{'loss': 0.2871, 'grad_norm': 12.489036560058594, 'learning_rate': 8.021874296169002e-05, 'epoch': 7.77}
{'loss': 0.3941, 'grad_norm': 12.879427909851074, 'learning_rate': 8.017329582387251e-05, 'epoch': 7.78}
{'loss': 0.3786, 'grad_norm': 17.006412506103516, 'learning_rate': 8.0127848686055e-05, 'epoch': 7.8}
{'loss': 0.2873, 'grad_norm': nan, 'learning_rate': 8.008240154823749e-05, 'epoch': 7.81}
{'loss': 0.2486, 'grad_norm': 6.434361457824707, 'learning_rate': 8.003695441041998e-05, 'epoch': 7.82}
{'loss': 0.2691, 'grad_norm': 11.965827941894531, 'learning_rate': 7.999150727260246e-05, 'epoch': 7.83}
{'loss': 0.2607, 'grad_norm': 13.681951522827148, 'learning_rate': 7.994606013478495e-05, 'epoch': 7.85}
{'loss': 0.2555, 'grad_norm': 16.267383575439453, 'learning_rate': 7.990061299696744e-05, 'epoch': 7.86}
{'loss': 0.3085, 'grad_norm': 5.447988986968994, 'learning_rate': 7.985516585914993e-05, 'epoch': 7.87}
{'loss': 0.3063, 'grad_norm': 8.78451919555664, 'learning_rate': 7.980971872133242e-05, 'epoch': 7.88}
{'loss': 0.3248, 'grad_norm': 11.202871322631836, 'learning_rate': 7.97642715835149e-05, 'epoch': 7.9}
{'loss': 0.2889, 'grad_norm': 12.675785064697266, 'learning_rate': 7.971882444569739e-05, 'epoch': 7.91}
{'loss': 0.3104, 'grad_norm': 12.344745635986328, 'learning_rate': 7.967337730787988e-05, 'epoch': 7.92}
{'loss': 0.2698, 'grad_norm': 15.035933494567871, 'learning_rate': 7.962793017006237e-05, 'epoch': 7.93}
{'loss': 0.1852, 'grad_norm': 6.423645973205566, 'learning_rate': 7.958248303224486e-05, 'epoch': 7.95}
{'loss': 0.3131, 'grad_norm': 47.39637756347656, 'learning_rate': 7.953703589442734e-05, 'epoch': 7.96}
{'loss': 0.3294, 'grad_norm': 19.527517318725586, 'learning_rate': 7.949158875660983e-05, 'epoch': 7.97}
{'loss': 0.2106, 'grad_norm': 21.278270721435547, 'learning_rate': 7.944614161879233e-05, 'epoch': 7.98}
{'loss': 0.3289, 'grad_norm': 9.649405479431152, 'learning_rate': 7.940069448097482e-05, 'epoch': 8.0}
{'eval_loss': 0.7348854541778564, 'eval_f1_macro': 0.7911511758479627, 'eval_f1_weighted': 0.7972022239406121, 'eval_precision_macro': 0.81004121134293, 'eval_recall_macro': 0.7852985171634014, 'eval_accuracy': 0.800734618916437, 'eval_runtime': 5.5338, 'eval_samples_per_second': 983.957, 'eval_steps_per_second': 15.541, 'epoch': 8.0}
{'loss': 0.2036, 'grad_norm': 16.473661422729492, 'learning_rate': 7.935524734315731e-05, 'epoch': 8.01}
{'loss': 0.2642, 'grad_norm': 18.866050720214844, 'learning_rate': 7.93098002053398e-05, 'epoch': 8.02}
{'loss': 0.2398, 'grad_norm': 6.015401363372803, 'learning_rate': 7.926435306752229e-05, 'epoch': 8.04}
{'loss': 0.2769, 'grad_norm': 14.927048683166504, 'learning_rate': 7.921890592970477e-05, 'epoch': 8.05}
{'loss': 0.1778, 'grad_norm': 7.7793803215026855, 'learning_rate': 7.917345879188726e-05, 'epoch': 8.06}
{'loss': 0.2493, 'grad_norm': 5.115448951721191, 'learning_rate': 7.912801165406975e-05, 'epoch': 8.07}
{'loss': 0.2642, 'grad_norm': 8.364620208740234, 'learning_rate': 7.908256451625224e-05, 'epoch': 8.09}
{'loss': 0.1742, 'grad_norm': 19.81587028503418, 'learning_rate': 7.903711737843473e-05, 'epoch': 8.1}
{'loss': 0.263, 'grad_norm': 14.175148963928223, 'learning_rate': 7.899167024061721e-05, 'epoch': 8.11}
{'loss': 0.2236, 'grad_norm': 5.9708147048950195, 'learning_rate': 7.89462231027997e-05, 'epoch': 8.12}
{'loss': 0.3153, 'grad_norm': 6.677845478057861, 'learning_rate': 7.890077596498219e-05, 'epoch': 8.14}
{'loss': 0.1997, 'grad_norm': 10.078094482421875, 'learning_rate': 7.885532882716466e-05, 'epoch': 8.15}
{'loss': 0.155, 'grad_norm': 5.901427268981934, 'learning_rate': 7.880988168934715e-05, 'epoch': 8.16}
{'loss': 0.1865, 'grad_norm': 10.18267822265625, 'learning_rate': 7.876443455152964e-05, 'epoch': 8.17}
{'loss': 0.2126, 'grad_norm': 23.539159774780273, 'learning_rate': 7.871898741371213e-05, 'epoch': 8.19}
{'loss': 0.1715, 'grad_norm': 10.819101333618164, 'learning_rate': 7.867354027589462e-05, 'epoch': 8.2}
{'loss': 0.3851, 'grad_norm': 7.6531195640563965, 'learning_rate': 7.86280931380771e-05, 'epoch': 8.21}
{'loss': 0.128, 'grad_norm': 19.574825286865234, 'learning_rate': 7.858264600025959e-05, 'epoch': 8.22}
{'loss': 0.2595, 'grad_norm': 4.207475185394287, 'learning_rate': 7.85371988624421e-05, 'epoch': 8.24}
{'loss': 0.3378, 'grad_norm': 3.832387685775757, 'learning_rate': 7.849175172462458e-05, 'epoch': 8.25}
{'loss': 0.2114, 'grad_norm': 4.264294147491455, 'learning_rate': 7.844630458680707e-05, 'epoch': 8.26}
{'loss': 0.1795, 'grad_norm': 14.3264799118042, 'learning_rate': 7.840085744898956e-05, 'epoch': 8.27}
{'loss': 0.1895, 'grad_norm': 13.998199462890625, 'learning_rate': 7.835541031117205e-05, 'epoch': 8.29}
{'loss': 0.2415, 'grad_norm': 31.776920318603516, 'learning_rate': 7.830996317335453e-05, 'epoch': 8.3}
{'loss': 0.3037, 'grad_norm': 12.490339279174805, 'learning_rate': 7.826451603553702e-05, 'epoch': 8.31}
{'loss': 0.2077, 'grad_norm': 16.760507583618164, 'learning_rate': 7.821906889771951e-05, 'epoch': 8.32}
{'loss': 0.2223, 'grad_norm': 10.354207038879395, 'learning_rate': 7.8173621759902e-05, 'epoch': 8.34}
{'loss': 0.2829, 'grad_norm': 14.28470516204834, 'learning_rate': 7.812817462208449e-05, 'epoch': 8.35}
{'loss': 0.14, 'grad_norm': 20.792556762695312, 'learning_rate': 7.808272748426698e-05, 'epoch': 8.36}
{'loss': 0.2507, 'grad_norm': 7.848790645599365, 'learning_rate': 7.803728034644946e-05, 'epoch': 8.38}
{'loss': 0.2068, 'grad_norm': 2.926988363265991, 'learning_rate': 7.799183320863195e-05, 'epoch': 8.39}
{'loss': 0.2175, 'grad_norm': 31.046390533447266, 'learning_rate': 7.794638607081444e-05, 'epoch': 8.4}
{'loss': 0.2106, 'grad_norm': 7.823909759521484, 'learning_rate': 7.790093893299693e-05, 'epoch': 8.41}
{'loss': 0.2694, 'grad_norm': 19.930145263671875, 'learning_rate': 7.785549179517942e-05, 'epoch': 8.43}
{'loss': 0.3259, 'grad_norm': 8.897687911987305, 'learning_rate': 7.78100446573619e-05, 'epoch': 8.44}
{'loss': 0.3341, 'grad_norm': 5.486813068389893, 'learning_rate': 7.776459751954439e-05, 'epoch': 8.45}
{'loss': 0.2596, 'grad_norm': 13.703070640563965, 'learning_rate': 7.771915038172688e-05, 'epoch': 8.46}
{'loss': 0.2157, 'grad_norm': 8.301713943481445, 'learning_rate': 7.767370324390937e-05, 'epoch': 8.48}
{'loss': 0.1766, 'grad_norm': 7.984580993652344, 'learning_rate': 7.762825610609186e-05, 'epoch': 8.49}
{'loss': 0.3131, 'grad_norm': 18.603960037231445, 'learning_rate': 7.758280896827434e-05, 'epoch': 8.5}
{'loss': 0.2021, 'grad_norm': 19.675151824951172, 'learning_rate': 7.753736183045683e-05, 'epoch': 8.51}
{'loss': 0.295, 'grad_norm': 12.98662281036377, 'learning_rate': 7.749191469263932e-05, 'epoch': 8.53}
{'loss': 0.1723, 'grad_norm': 6.134420394897461, 'learning_rate': 7.744646755482181e-05, 'epoch': 8.54}
{'loss': 0.2178, 'grad_norm': 18.613880157470703, 'learning_rate': 7.74010204170043e-05, 'epoch': 8.55}
{'loss': 0.2129, 'grad_norm': 6.502074718475342, 'learning_rate': 7.735557327918678e-05, 'epoch': 8.56}
{'loss': 0.1699, 'grad_norm': 0.475305438041687, 'learning_rate': 7.731012614136927e-05, 'epoch': 8.58}
{'loss': 0.1955, 'grad_norm': 13.312835693359375, 'learning_rate': 7.726467900355176e-05, 'epoch': 8.59}
{'loss': 0.1606, 'grad_norm': 10.32640552520752, 'learning_rate': 7.721923186573425e-05, 'epoch': 8.6}
{'loss': 0.2086, 'grad_norm': 12.912635803222656, 'learning_rate': 7.717378472791674e-05, 'epoch': 8.61}
{'loss': 0.2701, 'grad_norm': 10.880905151367188, 'learning_rate': 7.712833759009922e-05, 'epoch': 8.63}
{'loss': 0.2184, 'grad_norm': 6.428675651550293, 'learning_rate': 7.708289045228171e-05, 'epoch': 8.64}
{'loss': 0.2897, 'grad_norm': 6.479111671447754, 'learning_rate': 7.70374433144642e-05, 'epoch': 8.65}
{'loss': 0.2565, 'grad_norm': 10.749200820922852, 'learning_rate': 7.699199617664669e-05, 'epoch': 8.66}
{'loss': 0.2086, 'grad_norm': 9.044973373413086, 'learning_rate': 7.694654903882918e-05, 'epoch': 8.68}
{'loss': 0.2466, 'grad_norm': 22.629148483276367, 'learning_rate': 7.690110190101166e-05, 'epoch': 8.69}
{'loss': 0.2907, 'grad_norm': 16.51054573059082, 'learning_rate': 7.685565476319415e-05, 'epoch': 8.7}
{'loss': 0.2999, 'grad_norm': 15.929749488830566, 'learning_rate': 7.681020762537664e-05, 'epoch': 8.72}
{'loss': 0.2563, 'grad_norm': 18.616228103637695, 'learning_rate': 7.676476048755913e-05, 'epoch': 8.73}
{'loss': 0.1259, 'grad_norm': 7.19235897064209, 'learning_rate': 7.671931334974163e-05, 'epoch': 8.74}
{'loss': 0.262, 'grad_norm': 6.079822540283203, 'learning_rate': 7.667386621192412e-05, 'epoch': 8.75}
{'loss': 0.1899, 'grad_norm': 8.013799667358398, 'learning_rate': 7.66284190741066e-05, 'epoch': 8.77}
{'loss': 0.2355, 'grad_norm': 8.243844985961914, 'learning_rate': 7.65829719362891e-05, 'epoch': 8.78}
{'loss': 0.2866, 'grad_norm': 8.310257911682129, 'learning_rate': 7.653752479847158e-05, 'epoch': 8.79}
{'loss': 0.2484, 'grad_norm': 32.75029754638672, 'learning_rate': 7.649207766065407e-05, 'epoch': 8.8}
{'loss': 0.2236, 'grad_norm': 2.283315896987915, 'learning_rate': 7.644663052283656e-05, 'epoch': 8.82}
{'loss': 0.2496, 'grad_norm': 11.004892349243164, 'learning_rate': 7.640118338501905e-05, 'epoch': 8.83}
{'loss': 0.2238, 'grad_norm': 9.573302268981934, 'learning_rate': 7.635573624720152e-05, 'epoch': 8.84}
{'loss': 0.2856, 'grad_norm': 7.744630336761475, 'learning_rate': 7.631028910938401e-05, 'epoch': 8.85}
{'loss': 0.139, 'grad_norm': 14.817048072814941, 'learning_rate': 7.62648419715665e-05, 'epoch': 8.87}
{'loss': 0.18, 'grad_norm': 17.064485549926758, 'learning_rate': 7.621939483374898e-05, 'epoch': 8.88}
{'loss': 0.3437, 'grad_norm': 13.261324882507324, 'learning_rate': 7.617394769593147e-05, 'epoch': 8.89}
{'loss': 0.2038, 'grad_norm': 7.232855319976807, 'learning_rate': 7.612850055811396e-05, 'epoch': 8.9}
{'loss': 0.2601, 'grad_norm': 26.237619400024414, 'learning_rate': 7.608305342029645e-05, 'epoch': 8.92}
{'loss': 0.1732, 'grad_norm': 15.376860618591309, 'learning_rate': 7.603760628247894e-05, 'epoch': 8.93}
{'loss': 0.2631, 'grad_norm': 2.850093364715576, 'learning_rate': 7.599215914466142e-05, 'epoch': 8.94}
{'loss': 0.2446, 'grad_norm': 7.558061122894287, 'learning_rate': 7.594671200684391e-05, 'epoch': 8.95}
{'loss': 0.2692, 'grad_norm': 10.098296165466309, 'learning_rate': 7.59012648690264e-05, 'epoch': 8.97}
{'loss': 0.1865, 'grad_norm': 6.256479740142822, 'learning_rate': 7.585581773120889e-05, 'epoch': 8.98}
{'loss': 0.3035, 'grad_norm': 25.245634078979492, 'learning_rate': 7.581037059339138e-05, 'epoch': 8.99}
{'eval_loss': 0.6484401226043701, 'eval_f1_macro': 0.8107247314449655, 'eval_f1_weighted': 0.819708526549345, 'eval_precision_macro': 0.8124707169015591, 'eval_recall_macro': 0.8137146955901757, 'eval_accuracy': 0.8198347107438017, 'eval_runtime': 301.6002, 'eval_samples_per_second': 18.054, 'eval_steps_per_second': 0.285, 'epoch': 9.0}
{'loss': 0.1421, 'grad_norm': 9.232542037963867, 'learning_rate': 7.576492345557388e-05, 'epoch': 9.01}
{'loss': 0.2517, 'grad_norm': 9.750336647033691, 'learning_rate': 7.571947631775637e-05, 'epoch': 9.02}
{'loss': 0.2797, 'grad_norm': 10.649900436401367, 'learning_rate': 7.567402917993885e-05, 'epoch': 9.03}
{'loss': 0.1508, 'grad_norm': 1.7002347707748413, 'learning_rate': 7.562858204212134e-05, 'epoch': 9.04}
{'loss': 0.1322, 'grad_norm': 6.436354637145996, 'learning_rate': 7.558313490430383e-05, 'epoch': 9.06}
{'loss': 0.2143, 'grad_norm': 15.621127128601074, 'learning_rate': 7.553768776648632e-05, 'epoch': 9.07}
{'loss': 0.2077, 'grad_norm': 5.591609477996826, 'learning_rate': 7.549224062866881e-05, 'epoch': 9.08}
{'loss': 0.2088, 'grad_norm': 19.638822555541992, 'learning_rate': 7.54467934908513e-05, 'epoch': 9.09}
{'loss': 0.2039, 'grad_norm': 9.33541202545166, 'learning_rate': 7.540134635303378e-05, 'epoch': 9.11}
{'loss': 0.2163, 'grad_norm': 4.153776168823242, 'learning_rate': 7.535589921521627e-05, 'epoch': 9.12}
{'loss': 0.2567, 'grad_norm': 17.543054580688477, 'learning_rate': 7.531045207739876e-05, 'epoch': 9.13}
{'loss': 0.2066, 'grad_norm': 7.617599010467529, 'learning_rate': 7.526500493958125e-05, 'epoch': 9.14}
{'loss': 0.1886, 'grad_norm': 7.180132865905762, 'learning_rate': 7.521955780176374e-05, 'epoch': 9.16}
{'loss': 0.1582, 'grad_norm': 3.527637243270874, 'learning_rate': 7.517411066394622e-05, 'epoch': 9.17}
{'loss': 0.1391, 'grad_norm': 8.687004089355469, 'learning_rate': 7.512866352612871e-05, 'epoch': 9.18}
{'loss': 0.11, 'grad_norm': 5.179579257965088, 'learning_rate': 7.50832163883112e-05, 'epoch': 9.19}
{'loss': 0.2113, 'grad_norm': 17.613285064697266, 'learning_rate': 7.503776925049369e-05, 'epoch': 9.21}
{'loss': 0.2078, 'grad_norm': 10.9724702835083, 'learning_rate': 7.499232211267618e-05, 'epoch': 9.22}
{'loss': 0.1954, 'grad_norm': 23.558500289916992, 'learning_rate': 7.494687497485866e-05, 'epoch': 9.23}
{'loss': 0.2379, 'grad_norm': 6.8776044845581055, 'learning_rate': 7.490142783704114e-05, 'epoch': 9.24}
{'loss': 0.1693, 'grad_norm': 7.332093238830566, 'learning_rate': 7.485598069922364e-05, 'epoch': 9.26}
{'loss': 0.2579, 'grad_norm': 16.732166290283203, 'learning_rate': 7.481053356140613e-05, 'epoch': 9.27}
{'loss': 0.2309, 'grad_norm': 16.97820472717285, 'learning_rate': 7.476508642358862e-05, 'epoch': 9.28}
{'loss': 0.1844, 'grad_norm': 22.709640502929688, 'learning_rate': 7.47196392857711e-05, 'epoch': 9.29}
{'loss': 0.1936, 'grad_norm': 9.386962890625, 'learning_rate': 7.467419214795359e-05, 'epoch': 9.31}
{'loss': 0.1553, 'grad_norm': 12.955981254577637, 'learning_rate': 7.462874501013608e-05, 'epoch': 9.32}
{'loss': 0.112, 'grad_norm': 6.536184310913086, 'learning_rate': 7.458329787231857e-05, 'epoch': 9.33}
{'loss': 0.1982, 'grad_norm': 20.053884506225586, 'learning_rate': 7.453785073450106e-05, 'epoch': 9.35}
{'loss': 0.3701, 'grad_norm': 13.440180778503418, 'learning_rate': 7.449240359668354e-05, 'epoch': 9.36}
{'loss': 0.1993, 'grad_norm': 20.47747230529785, 'learning_rate': 7.444695645886603e-05, 'epoch': 9.37}
{'loss': 0.2034, 'grad_norm': 10.22019100189209, 'learning_rate': 7.440150932104852e-05, 'epoch': 9.38}
{'loss': 0.2557, 'grad_norm': 24.770095825195312, 'learning_rate': 7.435606218323101e-05, 'epoch': 9.4}
{'loss': 0.1644, 'grad_norm': 8.774290084838867, 'learning_rate': 7.43106150454135e-05, 'epoch': 9.41}
{'loss': 0.1976, 'grad_norm': 9.709232330322266, 'learning_rate': 7.426516790759598e-05, 'epoch': 9.42}
{'loss': 0.1247, 'grad_norm': 10.586564064025879, 'learning_rate': 7.421972076977847e-05, 'epoch': 9.43}
{'loss': 0.1737, 'grad_norm': 18.300411224365234, 'learning_rate': 7.417427363196096e-05, 'epoch': 9.45}
{'loss': 0.1543, 'grad_norm': 10.912837982177734, 'learning_rate': 7.412882649414345e-05, 'epoch': 9.46}
{'loss': 0.2024, 'grad_norm': 13.390889167785645, 'learning_rate': 7.408337935632594e-05, 'epoch': 9.47}
{'loss': 0.1788, 'grad_norm': 17.152523040771484, 'learning_rate': 7.403793221850842e-05, 'epoch': 9.48}
{'loss': 0.1722, 'grad_norm': 19.138452529907227, 'learning_rate': 7.399248508069091e-05, 'epoch': 9.5}
{'loss': 0.1977, 'grad_norm': 16.494213104248047, 'learning_rate': 7.394703794287341e-05, 'epoch': 9.51}
{'loss': 0.3016, 'grad_norm': 8.014695167541504, 'learning_rate': 7.39015908050559e-05, 'epoch': 9.52}
{'loss': 0.2472, 'grad_norm': 15.302587509155273, 'learning_rate': 7.385614366723838e-05, 'epoch': 9.53}
{'loss': 0.1516, 'grad_norm': 3.7164084911346436, 'learning_rate': 7.381069652942086e-05, 'epoch': 9.55}
{'loss': 0.2405, 'grad_norm': 12.784446716308594, 'learning_rate': 7.376524939160335e-05, 'epoch': 9.56}
{'loss': 0.1589, 'grad_norm': 9.158247947692871, 'learning_rate': 7.371980225378584e-05, 'epoch': 9.57}
{'loss': 0.1792, 'grad_norm': 6.431703567504883, 'learning_rate': 7.367435511596833e-05, 'epoch': 9.58}
{'loss': 0.1521, 'grad_norm': 9.409356117248535, 'learning_rate': 7.362890797815082e-05, 'epoch': 9.6}
{'loss': 0.2165, 'grad_norm': 6.495131969451904, 'learning_rate': 7.35834608403333e-05, 'epoch': 9.61}
{'loss': 0.1801, 'grad_norm': 5.7194085121154785, 'learning_rate': 7.353801370251579e-05, 'epoch': 9.62}
{'loss': 0.3578, 'grad_norm': 6.124092102050781, 'learning_rate': 7.349256656469828e-05, 'epoch': 9.63}
{'loss': 0.2077, 'grad_norm': 7.705973148345947, 'learning_rate': 7.344711942688077e-05, 'epoch': 9.65}
{'loss': 0.2102, 'grad_norm': 5.495504856109619, 'learning_rate': 7.340167228906326e-05, 'epoch': 9.66}
{'loss': 0.2419, 'grad_norm': 16.589767456054688, 'learning_rate': 7.335622515124574e-05, 'epoch': 9.67}
{'loss': 0.1854, 'grad_norm': 6.2988457679748535, 'learning_rate': 7.331077801342823e-05, 'epoch': 9.69}
{'loss': 0.232, 'grad_norm': 16.77838134765625, 'learning_rate': 7.326533087561072e-05, 'epoch': 9.7}
{'loss': 0.194, 'grad_norm': 10.259754180908203, 'learning_rate': 7.321988373779321e-05, 'epoch': 9.71}
{'loss': 0.1587, 'grad_norm': 8.077071189880371, 'learning_rate': 7.31744365999757e-05, 'epoch': 9.72}
{'loss': 0.2196, 'grad_norm': 22.70157241821289, 'learning_rate': 7.312898946215819e-05, 'epoch': 9.74}
{'loss': 0.2242, 'grad_norm': 9.631038665771484, 'learning_rate': 7.308354232434067e-05, 'epoch': 9.75}
{'loss': 0.1961, 'grad_norm': 7.504981994628906, 'learning_rate': 7.303809518652317e-05, 'epoch': 9.76}
{'loss': 0.1135, 'grad_norm': 8.31234359741211, 'learning_rate': 7.299264804870566e-05, 'epoch': 9.77}
{'loss': 0.2243, 'grad_norm': 16.038785934448242, 'learning_rate': 7.294720091088815e-05, 'epoch': 9.79}
{'loss': 0.1398, 'grad_norm': 5.120326042175293, 'learning_rate': 7.290175377307064e-05, 'epoch': 9.8}
{'loss': 0.2556, 'grad_norm': 25.815027236938477, 'learning_rate': 7.285630663525313e-05, 'epoch': 9.81}
{'loss': 0.1743, 'grad_norm': 12.38845157623291, 'learning_rate': 7.281085949743561e-05, 'epoch': 9.82}
{'loss': 0.3015, 'grad_norm': 8.68557071685791, 'learning_rate': 7.27654123596181e-05, 'epoch': 9.84}
{'loss': 0.1526, 'grad_norm': 10.488450050354004, 'learning_rate': 7.271996522180059e-05, 'epoch': 9.85}
{'loss': 0.2251, 'grad_norm': 17.22602653503418, 'learning_rate': 7.267451808398308e-05, 'epoch': 9.86}
{'loss': 0.2687, 'grad_norm': 14.832160949707031, 'learning_rate': 7.262907094616557e-05, 'epoch': 9.87}
{'loss': 0.2256, 'grad_norm': 9.256274223327637, 'learning_rate': 7.258362380834806e-05, 'epoch': 9.89}
{'loss': 0.1738, 'grad_norm': 14.151785850524902, 'learning_rate': 7.253817667053054e-05, 'epoch': 9.9}
{'loss': 0.1582, 'grad_norm': 7.159031867980957, 'learning_rate': 7.249272953271303e-05, 'epoch': 9.91}
{'loss': 0.2444, 'grad_norm': 25.73740577697754, 'learning_rate': 7.24472823948955e-05, 'epoch': 9.92}
{'loss': 0.2041, 'grad_norm': 6.543467998504639, 'learning_rate': 7.2401835257078e-05, 'epoch': 9.94}
{'loss': 0.2293, 'grad_norm': 13.589510917663574, 'learning_rate': 7.235638811926048e-05, 'epoch': 9.95}
{'loss': 0.2269, 'grad_norm': 38.12247848510742, 'learning_rate': 7.231094098144297e-05, 'epoch': 9.96}
{'loss': 0.1306, 'grad_norm': 11.499545097351074, 'learning_rate': 7.226549384362546e-05, 'epoch': 9.97}
{'loss': 0.2096, 'grad_norm': 11.70246410369873, 'learning_rate': 7.222004670580795e-05, 'epoch': 9.99}
{'loss': 0.1674, 'grad_norm': 5.513757705688477, 'learning_rate': 7.217459956799043e-05, 'epoch': 10.0}
{'eval_loss': 0.647865891456604, 'eval_f1_macro': 0.8223094706059342, 'eval_f1_weighted': 0.8312321335919503, 'eval_precision_macro': 0.8239616306720116, 'eval_recall_macro': 0.8215505084104605, 'eval_accuracy': 0.8317722681359045, 'eval_runtime': 5.5966, 'eval_samples_per_second': 972.919, 'eval_steps_per_second': 15.367, 'epoch': 10.0}
{'loss': 0.1961, 'grad_norm': 12.779317855834961, 'learning_rate': 7.212915243017292e-05, 'epoch': 10.01}
{'loss': 0.1713, 'grad_norm': 5.159262657165527, 'learning_rate': 7.208370529235542e-05, 'epoch': 10.03}
{'loss': 0.1781, 'grad_norm': 20.096921920776367, 'learning_rate': 7.203825815453791e-05, 'epoch': 10.04}
{'loss': 0.1776, 'grad_norm': 7.287609100341797, 'learning_rate': 7.19928110167204e-05, 'epoch': 10.05}
{'loss': 0.1056, 'grad_norm': 16.90216636657715, 'learning_rate': 7.194736387890289e-05, 'epoch': 10.06}
{'loss': 0.102, 'grad_norm': 7.230783939361572, 'learning_rate': 7.190191674108538e-05, 'epoch': 10.08}
{'loss': 0.2334, 'grad_norm': 12.308049201965332, 'learning_rate': 7.185646960326786e-05, 'epoch': 10.09}
{'loss': 0.1522, 'grad_norm': 7.793020725250244, 'learning_rate': 7.181102246545035e-05, 'epoch': 10.1}
{'loss': 0.2085, 'grad_norm': 11.118972778320312, 'learning_rate': 7.176557532763284e-05, 'epoch': 10.11}
{'loss': 0.136, 'grad_norm': 12.590611457824707, 'learning_rate': 7.172012818981533e-05, 'epoch': 10.13}
{'loss': 0.1968, 'grad_norm': 4.765716552734375, 'learning_rate': 7.167468105199782e-05, 'epoch': 10.14}
{'loss': 0.1801, 'grad_norm': 16.63742446899414, 'learning_rate': 7.16292339141803e-05, 'epoch': 10.15}
{'loss': 0.1571, 'grad_norm': 18.191083908081055, 'learning_rate': 7.158378677636279e-05, 'epoch': 10.16}
{'loss': 0.1327, 'grad_norm': 13.411896705627441, 'learning_rate': 7.153833963854528e-05, 'epoch': 10.18}
{'loss': 0.133, 'grad_norm': 14.417036056518555, 'learning_rate': 7.149289250072777e-05, 'epoch': 10.19}
{'loss': 0.177, 'grad_norm': 6.406759262084961, 'learning_rate': 7.144744536291026e-05, 'epoch': 10.2}
{'loss': 0.1344, 'grad_norm': 12.842586517333984, 'learning_rate': 7.140199822509274e-05, 'epoch': 10.21}
{'loss': 0.1067, 'grad_norm': 6.469595432281494, 'learning_rate': 7.135655108727523e-05, 'epoch': 10.23}
{'loss': 0.1426, 'grad_norm': 9.289215087890625, 'learning_rate': 7.131110394945772e-05, 'epoch': 10.24}
{'loss': 0.1297, 'grad_norm': 16.06849479675293, 'learning_rate': 7.126565681164021e-05, 'epoch': 10.25}
{'loss': 0.1658, 'grad_norm': 15.738527297973633, 'learning_rate': 7.12202096738227e-05, 'epoch': 10.26}
{'loss': 0.2024, 'grad_norm': 16.447540283203125, 'learning_rate': 7.117476253600518e-05, 'epoch': 10.28}
{'loss': 0.2081, 'grad_norm': 11.214879035949707, 'learning_rate': 7.112931539818767e-05, 'epoch': 10.29}
{'loss': 0.1384, 'grad_norm': 12.877077102661133, 'learning_rate': 7.108386826037016e-05, 'epoch': 10.3}
{'loss': 0.176, 'grad_norm': 13.290472030639648, 'learning_rate': 7.103842112255265e-05, 'epoch': 10.31}
{'loss': 0.1438, 'grad_norm': 1.9690072536468506, 'learning_rate': 7.099297398473514e-05, 'epoch': 10.33}
{'loss': 0.1165, 'grad_norm': 13.666004180908203, 'learning_rate': 7.094752684691762e-05, 'epoch': 10.34}
{'loss': 0.1864, 'grad_norm': 17.18039894104004, 'learning_rate': 7.090207970910011e-05, 'epoch': 10.35}
{'loss': 0.1525, 'grad_norm': 17.267227172851562, 'learning_rate': 7.08566325712826e-05, 'epoch': 10.37}
{'loss': 0.1323, 'grad_norm': 12.401294708251953, 'learning_rate': 7.081118543346509e-05, 'epoch': 10.38}
{'loss': 0.1223, 'grad_norm': 13.91854190826416, 'learning_rate': 7.076573829564758e-05, 'epoch': 10.39}
{'loss': 0.0753, 'grad_norm': 18.19223403930664, 'learning_rate': 7.072029115783006e-05, 'epoch': 10.4}
{'loss': 0.156, 'grad_norm': 10.969545364379883, 'learning_rate': 7.067484402001255e-05, 'epoch': 10.42}
{'loss': 0.1901, 'grad_norm': 23.935476303100586, 'learning_rate': 7.062939688219504e-05, 'epoch': 10.43}
{'loss': 0.2389, 'grad_norm': 15.868410110473633, 'learning_rate': 7.058394974437753e-05, 'epoch': 10.44}
{'loss': 0.1585, 'grad_norm': 4.092535018920898, 'learning_rate': 7.053850260656002e-05, 'epoch': 10.45}
{'loss': 0.2494, 'grad_norm': 12.71019458770752, 'learning_rate': 7.04930554687425e-05, 'epoch': 10.47}
{'loss': 0.1344, 'grad_norm': 8.406959533691406, 'learning_rate': 7.044760833092499e-05, 'epoch': 10.48}
{'loss': 0.136, 'grad_norm': 7.617520332336426, 'learning_rate': 7.040216119310748e-05, 'epoch': 10.49}
{'loss': 0.2095, 'grad_norm': 20.10802459716797, 'learning_rate': 7.035671405528997e-05, 'epoch': 10.5}
{'loss': 0.2648, 'grad_norm': 3.0082342624664307, 'learning_rate': 7.031126691747246e-05, 'epoch': 10.52}
{'loss': 0.1543, 'grad_norm': 3.438812255859375, 'learning_rate': 7.026581977965496e-05, 'epoch': 10.53}
{'loss': 0.1595, 'grad_norm': 2.2914462089538574, 'learning_rate': 7.022037264183745e-05, 'epoch': 10.54}
{'loss': 0.1626, 'grad_norm': 4.864101886749268, 'learning_rate': 7.017492550401993e-05, 'epoch': 10.55}
{'loss': 0.1637, 'grad_norm': 19.066572189331055, 'learning_rate': 7.012947836620242e-05, 'epoch': 10.57}
{'loss': 0.2378, 'grad_norm': 19.271743774414062, 'learning_rate': 7.008403122838491e-05, 'epoch': 10.58}
{'loss': 0.1129, 'grad_norm': 17.90172004699707, 'learning_rate': 7.00385840905674e-05, 'epoch': 10.59}
{'loss': 0.126, 'grad_norm': 18.70951271057129, 'learning_rate': 6.999313695274989e-05, 'epoch': 10.6}
{'loss': 0.1425, 'grad_norm': 25.84927749633789, 'learning_rate': 6.994768981493236e-05, 'epoch': 10.62}
{'loss': 0.2071, 'grad_norm': 2.364410877227783, 'learning_rate': 6.990224267711485e-05, 'epoch': 10.63}
{'loss': 0.2217, 'grad_norm': 7.833793640136719, 'learning_rate': 6.985679553929734e-05, 'epoch': 10.64}
{'loss': 0.163, 'grad_norm': 13.493350982666016, 'learning_rate': 6.981134840147983e-05, 'epoch': 10.65}
{'loss': 0.1644, 'grad_norm': 3.5006885528564453, 'learning_rate': 6.976590126366231e-05, 'epoch': 10.67}
{'loss': 0.2178, 'grad_norm': 12.647043228149414, 'learning_rate': 6.97204541258448e-05, 'epoch': 10.68}
{'loss': 0.1573, 'grad_norm': 95.08625030517578, 'learning_rate': 6.967500698802729e-05, 'epoch': 10.69}
{'loss': 0.208, 'grad_norm': 6.974572658538818, 'learning_rate': 6.962955985020978e-05, 'epoch': 10.71}
{'loss': 0.1737, 'grad_norm': 2.7003207206726074, 'learning_rate': 6.958411271239227e-05, 'epoch': 10.72}
{'loss': 0.1502, 'grad_norm': 5.392256736755371, 'learning_rate': 6.953866557457475e-05, 'epoch': 10.73}
{'loss': 0.1374, 'grad_norm': 1.4760152101516724, 'learning_rate': 6.949321843675724e-05, 'epoch': 10.74}
{'loss': 0.1348, 'grad_norm': 16.075519561767578, 'learning_rate': 6.944777129893973e-05, 'epoch': 10.76}
{'loss': 0.2241, 'grad_norm': 12.35237979888916, 'learning_rate': 6.940232416112222e-05, 'epoch': 10.77}
{'loss': 0.2244, 'grad_norm': 6.965240478515625, 'learning_rate': 6.935687702330472e-05, 'epoch': 10.78}
{'loss': 0.249, 'grad_norm': 51.07700729370117, 'learning_rate': 6.931142988548721e-05, 'epoch': 10.79}
{'loss': 0.2051, 'grad_norm': 18.310022354125977, 'learning_rate': 6.92659827476697e-05, 'epoch': 10.81}
{'loss': 0.1021, 'grad_norm': 5.133195400238037, 'learning_rate': 6.922053560985218e-05, 'epoch': 10.82}
{'loss': 0.168, 'grad_norm': 5.944174289703369, 'learning_rate': 6.917508847203467e-05, 'epoch': 10.83}
{'loss': 0.1754, 'grad_norm': 18.379119873046875, 'learning_rate': 6.912964133421716e-05, 'epoch': 10.84}
{'loss': 0.0558, 'grad_norm': 10.01734447479248, 'learning_rate': 6.908419419639965e-05, 'epoch': 10.86}
{'loss': 0.2033, 'grad_norm': 26.20128059387207, 'learning_rate': 6.903874705858214e-05, 'epoch': 10.87}
{'loss': 0.1838, 'grad_norm': 16.540035247802734, 'learning_rate': 6.899329992076462e-05, 'epoch': 10.88}
{'loss': 0.2568, 'grad_norm': 16.823087692260742, 'learning_rate': 6.894785278294711e-05, 'epoch': 10.89}
{'loss': 0.1716, 'grad_norm': 24.510976791381836, 'learning_rate': 6.89024056451296e-05, 'epoch': 10.91}
{'loss': 0.2546, 'grad_norm': 20.654617309570312, 'learning_rate': 6.885695850731209e-05, 'epoch': 10.92}
{'loss': 0.1372, 'grad_norm': 0.3685799539089203, 'learning_rate': 6.881151136949458e-05, 'epoch': 10.93}
{'loss': 0.1078, 'grad_norm': 9.05754280090332, 'learning_rate': 6.876606423167706e-05, 'epoch': 10.94}
{'loss': 0.257, 'grad_norm': 19.191255569458008, 'learning_rate': 6.872061709385955e-05, 'epoch': 10.96}
{'loss': 0.3383, 'grad_norm': 21.23944664001465, 'learning_rate': 6.867516995604204e-05, 'epoch': 10.97}
{'loss': 0.22, 'grad_norm': 17.309541702270508, 'learning_rate': 6.862972281822453e-05, 'epoch': 10.98}
{'loss': 0.2616, 'grad_norm': 12.633091926574707, 'learning_rate': 6.858427568040702e-05, 'epoch': 10.99}
{'eval_loss': 0.6580697894096375, 'eval_f1_macro': 0.8178176247198882, 'eval_f1_weighted': 0.8260487458414014, 'eval_precision_macro': 0.8168150731309664, 'eval_recall_macro': 0.8220899111971184, 'eval_accuracy': 0.8262626262626263, 'eval_runtime': 5.495, 'eval_samples_per_second': 990.905, 'eval_steps_per_second': 15.651, 'epoch': 11.0}
{'loss': 0.1756, 'grad_norm': 4.574366569519043, 'learning_rate': 6.853882854258949e-05, 'epoch': 11.01}
{'loss': 0.117, 'grad_norm': 10.378849983215332, 'learning_rate': 6.849338140477198e-05, 'epoch': 11.02}
{'loss': 0.0901, 'grad_norm': 3.6889665126800537, 'learning_rate': 6.844793426695448e-05, 'epoch': 11.03}
{'loss': 0.1161, 'grad_norm': 11.000378608703613, 'learning_rate': 6.840248712913697e-05, 'epoch': 11.05}
{'loss': 0.1108, 'grad_norm': 9.204813003540039, 'learning_rate': 6.835703999131946e-05, 'epoch': 11.06}
{'loss': 0.177, 'grad_norm': 3.002758264541626, 'learning_rate': 6.831159285350194e-05, 'epoch': 11.07}
{'loss': 0.0991, 'grad_norm': 13.493799209594727, 'learning_rate': 6.826614571568443e-05, 'epoch': 11.08}
{'loss': 0.148, 'grad_norm': 4.050475120544434, 'learning_rate': 6.822069857786692e-05, 'epoch': 11.1}
{'loss': 0.1014, 'grad_norm': 14.365059852600098, 'learning_rate': 6.817525144004941e-05, 'epoch': 11.11}
{'loss': 0.1686, 'grad_norm': 13.472111701965332, 'learning_rate': 6.81298043022319e-05, 'epoch': 11.12}
{'loss': 0.1123, 'grad_norm': 5.832480430603027, 'learning_rate': 6.808435716441438e-05, 'epoch': 11.13}
{'loss': 0.1721, 'grad_norm': 16.074787139892578, 'learning_rate': 6.803891002659687e-05, 'epoch': 11.15}
{'loss': 0.1551, 'grad_norm': 16.542917251586914, 'learning_rate': 6.799346288877936e-05, 'epoch': 11.16}
{'loss': 0.1342, 'grad_norm': 2.713744640350342, 'learning_rate': 6.794801575096185e-05, 'epoch': 11.17}
{'loss': 0.1376, 'grad_norm': 15.15737247467041, 'learning_rate': 6.790256861314434e-05, 'epoch': 11.18}
{'loss': 0.1378, 'grad_norm': 14.24866771697998, 'learning_rate': 6.785712147532682e-05, 'epoch': 11.2}
{'loss': 0.0851, 'grad_norm': 0.781855583190918, 'learning_rate': 6.781167433750931e-05, 'epoch': 11.21}
{'loss': 0.0749, 'grad_norm': 14.597372055053711, 'learning_rate': 6.77662271996918e-05, 'epoch': 11.22}
{'loss': 0.133, 'grad_norm': 12.705931663513184, 'learning_rate': 6.772078006187429e-05, 'epoch': 11.23}
{'loss': 0.1479, 'grad_norm': 3.596362590789795, 'learning_rate': 6.767533292405678e-05, 'epoch': 11.25}
{'loss': 0.1354, 'grad_norm': 18.83751678466797, 'learning_rate': 6.762988578623926e-05, 'epoch': 11.26}
{'loss': 0.2527, 'grad_norm': 21.373132705688477, 'learning_rate': 6.758443864842175e-05, 'epoch': 11.27}
{'loss': 0.1584, 'grad_norm': 8.187570571899414, 'learning_rate': 6.753899151060424e-05, 'epoch': 11.28}
{'loss': 0.1517, 'grad_norm': 8.810652732849121, 'learning_rate': 6.749354437278673e-05, 'epoch': 11.3}
{'loss': 0.1345, 'grad_norm': 5.42063570022583, 'learning_rate': 6.744809723496922e-05, 'epoch': 11.31}
{'loss': 0.1681, 'grad_norm': 0.7555034160614014, 'learning_rate': 6.74026500971517e-05, 'epoch': 11.32}
{'loss': 0.114, 'grad_norm': 12.855310440063477, 'learning_rate': 6.735720295933419e-05, 'epoch': 11.34}
{'loss': 0.1446, 'grad_norm': 0.5578626394271851, 'learning_rate': 6.731175582151668e-05, 'epoch': 11.35}
{'loss': 0.1475, 'grad_norm': 45.1127815246582, 'learning_rate': 6.726630868369917e-05, 'epoch': 11.36}
{'loss': 0.1816, 'grad_norm': 3.035534143447876, 'learning_rate': 6.722086154588166e-05, 'epoch': 11.37}
{'loss': 0.1357, 'grad_norm': 11.086543083190918, 'learning_rate': 6.717541440806415e-05, 'epoch': 11.39}
{'loss': 0.0789, 'grad_norm': 0.6344261169433594, 'learning_rate': 6.712996727024663e-05, 'epoch': 11.4}
{'loss': 0.1334, 'grad_norm': 17.253799438476562, 'learning_rate': 6.708452013242912e-05, 'epoch': 11.41}
{'loss': 0.1104, 'grad_norm': 12.438982009887695, 'learning_rate': 6.703907299461161e-05, 'epoch': 11.42}
{'loss': 0.1876, 'grad_norm': 22.653553009033203, 'learning_rate': 6.69936258567941e-05, 'epoch': 11.44}
{'loss': 0.157, 'grad_norm': 1.2134032249450684, 'learning_rate': 6.694817871897659e-05, 'epoch': 11.45}
{'loss': 0.152, 'grad_norm': 1.6941001415252686, 'learning_rate': 6.690273158115907e-05, 'epoch': 11.46}
{'loss': 0.1754, 'grad_norm': 14.123896598815918, 'learning_rate': 6.685728444334156e-05, 'epoch': 11.47}
{'loss': 0.1962, 'grad_norm': 8.325763702392578, 'learning_rate': 6.681183730552405e-05, 'epoch': 11.49}
{'loss': 0.1045, 'grad_norm': 8.816356658935547, 'learning_rate': 6.676639016770654e-05, 'epoch': 11.5}
{'loss': 0.2014, 'grad_norm': 10.145781517028809, 'learning_rate': 6.672094302988903e-05, 'epoch': 11.51}
{'loss': 0.1647, 'grad_norm': 31.438961029052734, 'learning_rate': 6.667549589207151e-05, 'epoch': 11.52}
{'loss': 0.1567, 'grad_norm': 13.166157722473145, 'learning_rate': 6.6630048754254e-05, 'epoch': 11.54}
{'loss': 0.0949, 'grad_norm': 16.12945556640625, 'learning_rate': 6.65846016164365e-05, 'epoch': 11.55}
{'loss': 0.0991, 'grad_norm': 16.433757781982422, 'learning_rate': 6.653915447861899e-05, 'epoch': 11.56}
{'loss': 0.139, 'grad_norm': 8.395466804504395, 'learning_rate': 6.649370734080148e-05, 'epoch': 11.57}
{'loss': 0.1202, 'grad_norm': 4.226974010467529, 'learning_rate': 6.644826020298397e-05, 'epoch': 11.59}
{'loss': 0.183, 'grad_norm': 31.016422271728516, 'learning_rate': 6.640281306516646e-05, 'epoch': 11.6}
{'loss': 0.1279, 'grad_norm': 3.984788179397583, 'learning_rate': 6.635736592734894e-05, 'epoch': 11.61}
{'loss': 0.1616, 'grad_norm': 10.077717781066895, 'learning_rate': 6.631191878953143e-05, 'epoch': 11.62}
{'loss': 0.0617, 'grad_norm': 6.506803035736084, 'learning_rate': 6.626647165171392e-05, 'epoch': 11.64}
{'loss': 0.154, 'grad_norm': 4.452715873718262, 'learning_rate': 6.622102451389641e-05, 'epoch': 11.65}
{'loss': 0.0857, 'grad_norm': 17.149686813354492, 'learning_rate': 6.61755773760789e-05, 'epoch': 11.66}
{'loss': 0.1687, 'grad_norm': 19.315811157226562, 'learning_rate': 6.613013023826138e-05, 'epoch': 11.68}
{'loss': 0.1369, 'grad_norm': 10.16700553894043, 'learning_rate': 6.608468310044387e-05, 'epoch': 11.69}
{'loss': 0.3442, 'grad_norm': 16.472246170043945, 'learning_rate': 6.603923596262635e-05, 'epoch': 11.7}
{'loss': 0.1164, 'grad_norm': 16.586984634399414, 'learning_rate': 6.599378882480883e-05, 'epoch': 11.71}
{'loss': 0.1349, 'grad_norm': 10.410662651062012, 'learning_rate': 6.594834168699132e-05, 'epoch': 11.73}
{'loss': 0.101, 'grad_norm': 18.6085147857666, 'learning_rate': 6.590289454917381e-05, 'epoch': 11.74}
{'loss': 0.2272, 'grad_norm': 17.166040420532227, 'learning_rate': 6.58574474113563e-05, 'epoch': 11.75}
{'loss': 0.1918, 'grad_norm': 2.17275071144104, 'learning_rate': 6.581200027353879e-05, 'epoch': 11.76}
{'loss': 0.1222, 'grad_norm': 11.277984619140625, 'learning_rate': 6.576655313572127e-05, 'epoch': 11.78}
{'loss': 0.2141, 'grad_norm': 18.637773513793945, 'learning_rate': 6.572110599790376e-05, 'epoch': 11.79}
{'loss': 0.1768, 'grad_norm': 9.662165641784668, 'learning_rate': 6.567565886008626e-05, 'epoch': 11.8}
{'loss': 0.1029, 'grad_norm': 8.733680725097656, 'learning_rate': 6.563021172226875e-05, 'epoch': 11.81}
{'loss': 0.1935, 'grad_norm': 14.81946849822998, 'learning_rate': 6.558476458445124e-05, 'epoch': 11.83}
{'loss': 0.1252, 'grad_norm': 17.010332107543945, 'learning_rate': 6.553931744663373e-05, 'epoch': 11.84}
{'loss': 0.113, 'grad_norm': 0.8676031827926636, 'learning_rate': 6.549387030881622e-05, 'epoch': 11.85}
{'loss': 0.1501, 'grad_norm': 34.78077697753906, 'learning_rate': 6.54484231709987e-05, 'epoch': 11.86}
{'loss': 0.1817, 'grad_norm': 20.93269920349121, 'learning_rate': 6.540297603318119e-05, 'epoch': 11.88}
{'loss': 0.1693, 'grad_norm': 30.428600311279297, 'learning_rate': 6.535752889536368e-05, 'epoch': 11.89}
{'loss': 0.1812, 'grad_norm': 0.8902623653411865, 'learning_rate': 6.531208175754617e-05, 'epoch': 11.9}
{'loss': 0.141, 'grad_norm': 0.7959383130073547, 'learning_rate': 6.526663461972866e-05, 'epoch': 11.91}
{'loss': 0.1039, 'grad_norm': 9.989999771118164, 'learning_rate': 6.522118748191114e-05, 'epoch': 11.93}
{'loss': 0.1679, 'grad_norm': 3.48770809173584, 'learning_rate': 6.517574034409363e-05, 'epoch': 11.94}
{'loss': 0.1767, 'grad_norm': 15.503270149230957, 'learning_rate': 6.513029320627612e-05, 'epoch': 11.95}
{'loss': 0.1957, 'grad_norm': 19.18951416015625, 'learning_rate': 6.508484606845861e-05, 'epoch': 11.96}
{'loss': 0.1823, 'grad_norm': 16.444849014282227, 'learning_rate': 6.50393989306411e-05, 'epoch': 11.98}
{'loss': 0.1873, 'grad_norm': 13.798417091369629, 'learning_rate': 6.499395179282358e-05, 'epoch': 11.99}
{'eval_loss': 0.7564750909805298, 'eval_f1_macro': 0.8170899603348066, 'eval_f1_weighted': 0.8247964315877863, 'eval_precision_macro': 0.8223227343129641, 'eval_recall_macro': 0.8156369028781977, 'eval_accuracy': 0.8266299357208449, 'eval_runtime': 298.7272, 'eval_samples_per_second': 18.227, 'eval_steps_per_second': 0.288, 'epoch': 12.0}
{'loss': 0.1782, 'grad_norm': 0.2857562303543091, 'learning_rate': 6.494850465500607e-05, 'epoch': 12.0}
{'loss': 0.1203, 'grad_norm': 7.241036415100098, 'learning_rate': 6.490305751718856e-05, 'epoch': 12.02}
{'loss': 0.132, 'grad_norm': 13.375357627868652, 'learning_rate': 6.485761037937105e-05, 'epoch': 12.03}
{'loss': 0.1075, 'grad_norm': 14.524617195129395, 'learning_rate': 6.481216324155354e-05, 'epoch': 12.04}
{'loss': 0.1513, 'grad_norm': 14.909138679504395, 'learning_rate': 6.476671610373602e-05, 'epoch': 12.05}
{'loss': 0.1492, 'grad_norm': 9.210382461547852, 'learning_rate': 6.472126896591851e-05, 'epoch': 12.07}
{'loss': 0.1252, 'grad_norm': 14.850461959838867, 'learning_rate': 6.4675821828101e-05, 'epoch': 12.08}
{'loss': 0.0832, 'grad_norm': 7.059455394744873, 'learning_rate': 6.463037469028349e-05, 'epoch': 12.09}
{'loss': 0.142, 'grad_norm': 14.871277809143066, 'learning_rate': 6.458492755246598e-05, 'epoch': 12.1}
{'loss': 0.1323, 'grad_norm': 12.492087364196777, 'learning_rate': 6.453948041464847e-05, 'epoch': 12.12}
{'loss': 0.0761, 'grad_norm': 13.538487434387207, 'learning_rate': 6.449403327683095e-05, 'epoch': 12.13}
{'loss': 0.1151, 'grad_norm': 9.18437671661377, 'learning_rate': 6.444858613901344e-05, 'epoch': 12.14}
{'loss': 0.1113, 'grad_norm': 1.3813066482543945, 'learning_rate': 6.440313900119593e-05, 'epoch': 12.15}
{'loss': 0.0738, 'grad_norm': 4.695581912994385, 'learning_rate': 6.435769186337842e-05, 'epoch': 12.17}
{'loss': 0.1947, 'grad_norm': 17.285064697265625, 'learning_rate': 6.43122447255609e-05, 'epoch': 12.18}
{'loss': 0.2115, 'grad_norm': 1.3401116132736206, 'learning_rate': 6.42667975877434e-05, 'epoch': 12.19}
{'loss': 0.2161, 'grad_norm': 12.396444320678711, 'learning_rate': 6.422135044992588e-05, 'epoch': 12.2}
{'loss': 0.1357, 'grad_norm': 3.9769458770751953, 'learning_rate': 6.417590331210837e-05, 'epoch': 12.22}
{'loss': 0.1335, 'grad_norm': 5.894276142120361, 'learning_rate': 6.413045617429086e-05, 'epoch': 12.23}
{'loss': 0.0914, 'grad_norm': 1.7981904745101929, 'learning_rate': 6.408500903647335e-05, 'epoch': 12.24}
{'loss': 0.0748, 'grad_norm': 2.1669163703918457, 'learning_rate': 6.403956189865583e-05, 'epoch': 12.25}
{'loss': 0.1079, 'grad_norm': 15.857526779174805, 'learning_rate': 6.399411476083832e-05, 'epoch': 12.27}
{'loss': 0.1828, 'grad_norm': 13.964568138122559, 'learning_rate': 6.394866762302081e-05, 'epoch': 12.28}
{'loss': 0.0858, 'grad_norm': 1.1629310846328735, 'learning_rate': 6.39032204852033e-05, 'epoch': 12.29}
{'loss': 0.1284, 'grad_norm': 10.35894775390625, 'learning_rate': 6.38577733473858e-05, 'epoch': 12.3}
{'loss': 0.1205, 'grad_norm': 11.910451889038086, 'learning_rate': 6.381232620956829e-05, 'epoch': 12.32}
{'loss': 0.0654, 'grad_norm': 0.07951688021421432, 'learning_rate': 6.376687907175078e-05, 'epoch': 12.33}
{'loss': 0.1294, 'grad_norm': 5.466827869415283, 'learning_rate': 6.372143193393326e-05, 'epoch': 12.34}
{'loss': 0.0995, 'grad_norm': 10.308049201965332, 'learning_rate': 6.367598479611575e-05, 'epoch': 12.36}
{'loss': 0.1527, 'grad_norm': 35.20656967163086, 'learning_rate': 6.363053765829824e-05, 'epoch': 12.37}
{'loss': 0.2268, 'grad_norm': 17.322559356689453, 'learning_rate': 6.358509052048071e-05, 'epoch': 12.38}
{'loss': 0.0969, 'grad_norm': 18.716737747192383, 'learning_rate': 6.35396433826632e-05, 'epoch': 12.39}
{'loss': 0.1119, 'grad_norm': 10.406749725341797, 'learning_rate': 6.349419624484569e-05, 'epoch': 12.41}
{'loss': 0.1202, 'grad_norm': 13.047548294067383, 'learning_rate': 6.344874910702818e-05, 'epoch': 12.42}
{'loss': 0.0867, 'grad_norm': 8.233835220336914, 'learning_rate': 6.340330196921067e-05, 'epoch': 12.43}
{'loss': 0.1447, 'grad_norm': 5.407289028167725, 'learning_rate': 6.335785483139315e-05, 'epoch': 12.44}
{'loss': 0.1842, 'grad_norm': 8.279152870178223, 'learning_rate': 6.331240769357564e-05, 'epoch': 12.46}
{'loss': 0.0678, 'grad_norm': 9.767643928527832, 'learning_rate': 6.326696055575813e-05, 'epoch': 12.47}
{'loss': 0.0793, 'grad_norm': 0.27206143736839294, 'learning_rate': 6.322151341794062e-05, 'epoch': 12.48}
{'loss': 0.1033, 'grad_norm': 0.20519843697547913, 'learning_rate': 6.31760662801231e-05, 'epoch': 12.49}
{'loss': 0.1203, 'grad_norm': 17.884798049926758, 'learning_rate': 6.31306191423056e-05, 'epoch': 12.51}
{'loss': 0.241, 'grad_norm': 23.312877655029297, 'learning_rate': 6.308517200448808e-05, 'epoch': 12.52}
{'loss': 0.0865, 'grad_norm': 3.4752838611602783, 'learning_rate': 6.303972486667057e-05, 'epoch': 12.53}
{'loss': 0.1716, 'grad_norm': 19.537647247314453, 'learning_rate': 6.299427772885306e-05, 'epoch': 12.54}
{'loss': 0.1444, 'grad_norm': 2.401798725128174, 'learning_rate': 6.294883059103555e-05, 'epoch': 12.56}
{'loss': 0.097, 'grad_norm': 3.4856197834014893, 'learning_rate': 6.290338345321805e-05, 'epoch': 12.57}
{'loss': 0.1535, 'grad_norm': 23.00973892211914, 'learning_rate': 6.285793631540054e-05, 'epoch': 12.58}
{'loss': 0.0775, 'grad_norm': 7.962447166442871, 'learning_rate': 6.281248917758302e-05, 'epoch': 12.59}
{'loss': 0.131, 'grad_norm': 18.593843460083008, 'learning_rate': 6.276704203976551e-05, 'epoch': 12.61}
{'loss': 0.2279, 'grad_norm': 12.705066680908203, 'learning_rate': 6.2721594901948e-05, 'epoch': 12.62}
{'loss': 0.1374, 'grad_norm': 30.293258666992188, 'learning_rate': 6.267614776413049e-05, 'epoch': 12.63}
{'loss': 0.1619, 'grad_norm': 13.963576316833496, 'learning_rate': 6.263070062631298e-05, 'epoch': 12.64}
{'loss': 0.1406, 'grad_norm': 5.100878715515137, 'learning_rate': 6.258525348849546e-05, 'epoch': 12.66}
{'loss': 0.0471, 'grad_norm': 10.853163719177246, 'learning_rate': 6.253980635067795e-05, 'epoch': 12.67}
{'loss': 0.1776, 'grad_norm': 12.732995986938477, 'learning_rate': 6.249435921286044e-05, 'epoch': 12.68}
{'loss': 0.1821, 'grad_norm': 11.891485214233398, 'learning_rate': 6.244891207504293e-05, 'epoch': 12.7}
{'loss': 0.1865, 'grad_norm': 2.1833767890930176, 'learning_rate': 6.240346493722542e-05, 'epoch': 12.71}
{'loss': 0.1166, 'grad_norm': 6.519101142883301, 'learning_rate': 6.23580177994079e-05, 'epoch': 12.72}
{'loss': 0.1018, 'grad_norm': 12.444461822509766, 'learning_rate': 6.231257066159039e-05, 'epoch': 12.73}
{'loss': 0.0554, 'grad_norm': 6.066212177276611, 'learning_rate': 6.226712352377288e-05, 'epoch': 12.75}
{'loss': 0.1302, 'grad_norm': 28.761920928955078, 'learning_rate': 6.222167638595537e-05, 'epoch': 12.76}
{'loss': 0.0655, 'grad_norm': 11.79385757446289, 'learning_rate': 6.217622924813786e-05, 'epoch': 12.77}
{'loss': 0.1777, 'grad_norm': 24.62320899963379, 'learning_rate': 6.213078211032033e-05, 'epoch': 12.78}
{'loss': 0.181, 'grad_norm': 2.972951650619507, 'learning_rate': 6.208533497250282e-05, 'epoch': 12.8}
{'loss': 0.0833, 'grad_norm': 10.091856956481934, 'learning_rate': 6.203988783468531e-05, 'epoch': 12.81}
{'loss': 0.0865, 'grad_norm': 19.064767837524414, 'learning_rate': 6.199444069686781e-05, 'epoch': 12.82}
{'loss': 0.161, 'grad_norm': 15.800496101379395, 'learning_rate': 6.19489935590503e-05, 'epoch': 12.83}
{'loss': 0.107, 'grad_norm': 2.6307058334350586, 'learning_rate': 6.190354642123279e-05, 'epoch': 12.85}
{'loss': 0.2194, 'grad_norm': 26.50258445739746, 'learning_rate': 6.185809928341527e-05, 'epoch': 12.86}
{'loss': 0.1309, 'grad_norm': 0.5726671814918518, 'learning_rate': 6.181265214559776e-05, 'epoch': 12.87}
{'loss': 0.1328, 'grad_norm': 7.279822826385498, 'learning_rate': 6.176720500778025e-05, 'epoch': 12.88}
{'loss': 0.1594, 'grad_norm': 10.178173065185547, 'learning_rate': 6.172175786996274e-05, 'epoch': 12.9}
{'loss': 0.1186, 'grad_norm': 20.39476203918457, 'learning_rate': 6.167631073214523e-05, 'epoch': 12.91}
{'loss': 0.1602, 'grad_norm': 32.76799774169922, 'learning_rate': 6.163086359432771e-05, 'epoch': 12.92}
{'loss': 0.0896, 'grad_norm': 14.83484935760498, 'learning_rate': 6.15854164565102e-05, 'epoch': 12.93}
{'loss': 0.1456, 'grad_norm': 24.104660034179688, 'learning_rate': 6.153996931869269e-05, 'epoch': 12.95}
{'loss': 0.097, 'grad_norm': 16.7246036529541, 'learning_rate': 6.149452218087518e-05, 'epoch': 12.96}
{'loss': 0.1226, 'grad_norm': 7.96000862121582, 'learning_rate': 6.144907504305767e-05, 'epoch': 12.97}
{'loss': 0.174, 'grad_norm': 19.48892593383789, 'learning_rate': 6.140362790524015e-05, 'epoch': 12.98}
{'loss': 0.1346, 'grad_norm': 10.249716758728027, 'learning_rate': 6.135818076742264e-05, 'epoch': 13.0}
{'eval_loss': 0.8398272395133972, 'eval_f1_macro': 0.8133119476488407, 'eval_f1_weighted': 0.8208562296777514, 'eval_precision_macro': 0.8146845884390197, 'eval_recall_macro': 0.8137917004362747, 'eval_accuracy': 0.8207529843893481, 'eval_runtime': 312.3853, 'eval_samples_per_second': 17.43, 'eval_steps_per_second': 0.275, 'epoch': 13.0}
{'loss': 0.106, 'grad_norm': 4.149311542510986, 'learning_rate': 6.131273362960513e-05, 'epoch': 13.01}
{'loss': 0.1333, 'grad_norm': 2.9175198078155518, 'learning_rate': 6.126728649178762e-05, 'epoch': 13.02}
{'loss': 0.1166, 'grad_norm': 6.535801410675049, 'learning_rate': 6.12218393539701e-05, 'epoch': 13.04}
{'loss': 0.1297, 'grad_norm': 25.302846908569336, 'learning_rate': 6.11763922161526e-05, 'epoch': 13.05}
{'loss': 0.167, 'grad_norm': 18.66228675842285, 'learning_rate': 6.113094507833508e-05, 'epoch': 13.06}
{'loss': 0.0921, 'grad_norm': 1.802147626876831, 'learning_rate': 6.108549794051757e-05, 'epoch': 13.07}
{'loss': 0.0962, 'grad_norm': 17.74412727355957, 'learning_rate': 6.104005080270006e-05, 'epoch': 13.09}
{'loss': 0.0563, 'grad_norm': 1.850121021270752, 'learning_rate': 6.099460366488255e-05, 'epoch': 13.1}
{'loss': 0.1033, 'grad_norm': 10.866358757019043, 'learning_rate': 6.094915652706504e-05, 'epoch': 13.11}
{'loss': 0.0834, 'grad_norm': 18.325143814086914, 'learning_rate': 6.090370938924753e-05, 'epoch': 13.12}
{'loss': 0.0948, 'grad_norm': 3.7902979850769043, 'learning_rate': 6.085826225143002e-05, 'epoch': 13.14}
{'loss': 0.1474, 'grad_norm': 6.6123948097229, 'learning_rate': 6.0812815113612505e-05, 'epoch': 13.15}
{'loss': 0.0864, 'grad_norm': 30.82372283935547, 'learning_rate': 6.076736797579499e-05, 'epoch': 13.16}
{'loss': 0.0914, 'grad_norm': 1.2254228591918945, 'learning_rate': 6.072192083797748e-05, 'epoch': 13.17}
{'loss': 0.196, 'grad_norm': 10.472718238830566, 'learning_rate': 6.067647370015997e-05, 'epoch': 13.19}
{'loss': 0.1495, 'grad_norm': 18.806489944458008, 'learning_rate': 6.063102656234245e-05, 'epoch': 13.2}
{'loss': 0.0878, 'grad_norm': 0.09014803916215897, 'learning_rate': 6.058557942452494e-05, 'epoch': 13.21}
{'loss': 0.0687, 'grad_norm': 31.579055786132812, 'learning_rate': 6.0540132286707426e-05, 'epoch': 13.22}
{'loss': 0.1453, 'grad_norm': 33.7193603515625, 'learning_rate': 6.0494685148889914e-05, 'epoch': 13.24}
{'loss': 0.1149, 'grad_norm': 1.3820987939834595, 'learning_rate': 6.04492380110724e-05, 'epoch': 13.25}
{'loss': 0.129, 'grad_norm': 5.6181817054748535, 'learning_rate': 6.040379087325489e-05, 'epoch': 13.26}
{'loss': 0.054, 'grad_norm': 12.70132064819336, 'learning_rate': 6.035834373543738e-05, 'epoch': 13.27}
{'loss': 0.1657, 'grad_norm': 32.63113784790039, 'learning_rate': 6.0312896597619866e-05, 'epoch': 13.29}
{'loss': 0.1235, 'grad_norm': 20.818206787109375, 'learning_rate': 6.0267449459802354e-05, 'epoch': 13.3}
{'loss': 0.0923, 'grad_norm': 4.8315863609313965, 'learning_rate': 6.022200232198484e-05, 'epoch': 13.31}
{'loss': 0.1113, 'grad_norm': 14.091262817382812, 'learning_rate': 6.0176555184167344e-05, 'epoch': 13.32}
{'loss': 0.1069, 'grad_norm': 11.785591125488281, 'learning_rate': 6.0131108046349825e-05, 'epoch': 13.34}
{'loss': 0.0832, 'grad_norm': 27.106950759887695, 'learning_rate': 6.0085660908532313e-05, 'epoch': 13.35}
{'loss': 0.1809, 'grad_norm': 13.926834106445312, 'learning_rate': 6.00402137707148e-05, 'epoch': 13.36}
{'loss': 0.0871, 'grad_norm': 1.2524864673614502, 'learning_rate': 5.999476663289729e-05, 'epoch': 13.38}
{'loss': 0.1129, 'grad_norm': 10.014078140258789, 'learning_rate': 5.994931949507978e-05, 'epoch': 13.39}
{'loss': 0.1248, 'grad_norm': 0.17193055152893066, 'learning_rate': 5.9903872357262266e-05, 'epoch': 13.4}
{'loss': 0.1088, 'grad_norm': 6.7396931648254395, 'learning_rate': 5.9858425219444754e-05, 'epoch': 13.41}
{'loss': 0.0768, 'grad_norm': 6.587886810302734, 'learning_rate': 5.981297808162724e-05, 'epoch': 13.43}
{'loss': 0.1264, 'grad_norm': 14.137758255004883, 'learning_rate': 5.976753094380973e-05, 'epoch': 13.44}
{'loss': 0.1114, 'grad_norm': 12.29830265045166, 'learning_rate': 5.972208380599222e-05, 'epoch': 13.45}
{'loss': 0.068, 'grad_norm': 13.840071678161621, 'learning_rate': 5.9676636668174706e-05, 'epoch': 13.46}
{'loss': 0.2088, 'grad_norm': 15.117439270019531, 'learning_rate': 5.9631189530357194e-05, 'epoch': 13.48}
{'loss': 0.1414, 'grad_norm': 12.506502151489258, 'learning_rate': 5.958574239253968e-05, 'epoch': 13.49}
{'loss': 0.1375, 'grad_norm': 16.418729782104492, 'learning_rate': 5.954029525472217e-05, 'epoch': 13.5}
{'loss': 0.1438, 'grad_norm': 7.925483226776123, 'learning_rate': 5.949484811690466e-05, 'epoch': 13.51}
{'loss': 0.1574, 'grad_norm': 12.522543907165527, 'learning_rate': 5.9449400979087146e-05, 'epoch': 13.53}
{'loss': 0.1625, 'grad_norm': 1.5215080976486206, 'learning_rate': 5.9403953841269634e-05, 'epoch': 13.54}
{'loss': 0.1027, 'grad_norm': 12.655219078063965, 'learning_rate': 5.935850670345212e-05, 'epoch': 13.55}
{'loss': 0.1317, 'grad_norm': 3.3363845348358154, 'learning_rate': 5.931305956563461e-05, 'epoch': 13.56}
{'loss': 0.1288, 'grad_norm': 16.04623031616211, 'learning_rate': 5.92676124278171e-05, 'epoch': 13.58}
{'loss': 0.1148, 'grad_norm': 13.787742614746094, 'learning_rate': 5.922216528999959e-05, 'epoch': 13.59}
{'loss': 0.1546, 'grad_norm': 17.166370391845703, 'learning_rate': 5.917671815218208e-05, 'epoch': 13.6}
{'loss': 0.0806, 'grad_norm': 8.67386245727539, 'learning_rate': 5.913127101436457e-05, 'epoch': 13.61}
{'loss': 0.177, 'grad_norm': 3.1866519451141357, 'learning_rate': 5.908582387654706e-05, 'epoch': 13.63}
{'loss': 0.1729, 'grad_norm': 13.866081237792969, 'learning_rate': 5.9040376738729545e-05, 'epoch': 13.64}
{'loss': 0.1239, 'grad_norm': 4.812451362609863, 'learning_rate': 5.899492960091203e-05, 'epoch': 13.65}
{'loss': 0.0849, 'grad_norm': 24.107906341552734, 'learning_rate': 5.894948246309452e-05, 'epoch': 13.66}
{'loss': 0.0552, 'grad_norm': 45.17698287963867, 'learning_rate': 5.890403532527701e-05, 'epoch': 13.68}
{'loss': 0.1173, 'grad_norm': 2.6000313758850098, 'learning_rate': 5.88585881874595e-05, 'epoch': 13.69}
{'loss': 0.1273, 'grad_norm': 17.2467098236084, 'learning_rate': 5.8813141049641985e-05, 'epoch': 13.7}
{'loss': 0.1682, 'grad_norm': 51.16761779785156, 'learning_rate': 5.876769391182447e-05, 'epoch': 13.72}
{'loss': 0.0897, 'grad_norm': 8.351272583007812, 'learning_rate': 5.872224677400696e-05, 'epoch': 13.73}
{'loss': 0.1548, 'grad_norm': 27.7203369140625, 'learning_rate': 5.867679963618944e-05, 'epoch': 13.74}
{'loss': 0.0506, 'grad_norm': 0.5538617968559265, 'learning_rate': 5.863135249837193e-05, 'epoch': 13.75}
{'loss': 0.082, 'grad_norm': 10.788615226745605, 'learning_rate': 5.858590536055442e-05, 'epoch': 13.77}
{'loss': 0.0691, 'grad_norm': 14.243162155151367, 'learning_rate': 5.854045822273691e-05, 'epoch': 13.78}
{'loss': 0.0992, 'grad_norm': 7.395901203155518, 'learning_rate': 5.8495011084919395e-05, 'epoch': 13.79}
{'loss': 0.0799, 'grad_norm': 0.1620308756828308, 'learning_rate': 5.844956394710188e-05, 'epoch': 13.8}
{'loss': 0.1341, 'grad_norm': 27.97886085510254, 'learning_rate': 5.840411680928437e-05, 'epoch': 13.82}
{'loss': 0.0704, 'grad_norm': 9.603008270263672, 'learning_rate': 5.835866967146686e-05, 'epoch': 13.83}
{'loss': 0.1174, 'grad_norm': 31.7917537689209, 'learning_rate': 5.831322253364936e-05, 'epoch': 13.84}
{'loss': 0.1637, 'grad_norm': 15.311079978942871, 'learning_rate': 5.826777539583185e-05, 'epoch': 13.85}
{'loss': 0.1463, 'grad_norm': 33.23069763183594, 'learning_rate': 5.8222328258014337e-05, 'epoch': 13.87}
{'loss': 0.1671, 'grad_norm': 1.1071621179580688, 'learning_rate': 5.817688112019682e-05, 'epoch': 13.88}
{'loss': 0.0654, 'grad_norm': 10.764205932617188, 'learning_rate': 5.8131433982379306e-05, 'epoch': 13.89}
{'loss': 0.1353, 'grad_norm': 10.90556812286377, 'learning_rate': 5.8085986844561794e-05, 'epoch': 13.9}
{'loss': 0.1174, 'grad_norm': 16.54439353942871, 'learning_rate': 5.804053970674428e-05, 'epoch': 13.92}
{'loss': 0.0479, 'grad_norm': 0.16490039229393005, 'learning_rate': 5.799509256892677e-05, 'epoch': 13.93}
{'loss': 0.1104, 'grad_norm': 4.364375591278076, 'learning_rate': 5.794964543110926e-05, 'epoch': 13.94}
{'loss': 0.1292, 'grad_norm': 9.775071144104004, 'learning_rate': 5.7904198293291746e-05, 'epoch': 13.95}
{'loss': 0.1183, 'grad_norm': 19.139209747314453, 'learning_rate': 5.7858751155474234e-05, 'epoch': 13.97}
{'loss': 0.0751, 'grad_norm': 2.930473566055298, 'learning_rate': 5.781330401765672e-05, 'epoch': 13.98}
{'loss': 0.1305, 'grad_norm': 15.264992713928223, 'learning_rate': 5.776785687983921e-05, 'epoch': 13.99}
{'eval_loss': 0.9329149127006531, 'eval_f1_macro': 0.8103241447133722, 'eval_f1_weighted': 0.8181093074937167, 'eval_precision_macro': 0.8194560147351683, 'eval_recall_macro': 0.8108390071524175, 'eval_accuracy': 0.8181818181818182, 'eval_runtime': 153.2394, 'eval_samples_per_second': 35.533, 'eval_steps_per_second': 0.561, 'epoch': 14.0}
{'loss': 0.1311, 'grad_norm': 21.63779640197754, 'learning_rate': 5.77224097420217e-05, 'epoch': 14.01}
{'loss': 0.1299, 'grad_norm': 12.332188606262207, 'learning_rate': 5.7676962604204186e-05, 'epoch': 14.02}
{'loss': 0.0684, 'grad_norm': 9.313454627990723, 'learning_rate': 5.7631515466386674e-05, 'epoch': 14.03}
{'loss': 0.0416, 'grad_norm': 8.746654510498047, 'learning_rate': 5.758606832856916e-05, 'epoch': 14.04}
{'loss': 0.076, 'grad_norm': 0.6410781741142273, 'learning_rate': 5.754062119075165e-05, 'epoch': 14.06}
{'loss': 0.027, 'grad_norm': 25.527482986450195, 'learning_rate': 5.749517405293414e-05, 'epoch': 14.07}
{'loss': 0.1539, 'grad_norm': 15.367167472839355, 'learning_rate': 5.7449726915116626e-05, 'epoch': 14.08}
{'loss': 0.1135, 'grad_norm': 14.613353729248047, 'learning_rate': 5.740427977729912e-05, 'epoch': 14.09}
{'loss': 0.092, 'grad_norm': 8.262331008911133, 'learning_rate': 5.735883263948161e-05, 'epoch': 14.11}
{'loss': 0.1086, 'grad_norm': 7.907167911529541, 'learning_rate': 5.73133855016641e-05, 'epoch': 14.12}
{'loss': 0.1333, 'grad_norm': 15.256656646728516, 'learning_rate': 5.7267938363846585e-05, 'epoch': 14.13}
{'loss': 0.1419, 'grad_norm': 3.309079170227051, 'learning_rate': 5.7222491226029073e-05, 'epoch': 14.14}
{'loss': 0.0926, 'grad_norm': 12.026796340942383, 'learning_rate': 5.717704408821156e-05, 'epoch': 14.16}
{'loss': 0.1277, 'grad_norm': 0.15133534371852875, 'learning_rate': 5.713159695039405e-05, 'epoch': 14.17}
{'loss': 0.0638, 'grad_norm': 0.5050808787345886, 'learning_rate': 5.708614981257654e-05, 'epoch': 14.18}
{'loss': 0.0753, 'grad_norm': 1.1706770658493042, 'learning_rate': 5.7040702674759026e-05, 'epoch': 14.19}
{'loss': 0.1152, 'grad_norm': 6.966922283172607, 'learning_rate': 5.6995255536941514e-05, 'epoch': 14.21}
{'loss': 0.142, 'grad_norm': 1.6424494981765747, 'learning_rate': 5.6949808399124e-05, 'epoch': 14.22}
{'loss': 0.2366, 'grad_norm': 1.690850019454956, 'learning_rate': 5.690436126130649e-05, 'epoch': 14.23}
{'loss': 0.1278, 'grad_norm': 10.438425064086914, 'learning_rate': 5.685891412348898e-05, 'epoch': 14.24}
{'loss': 0.0729, 'grad_norm': 20.92758560180664, 'learning_rate': 5.6813466985671466e-05, 'epoch': 14.26}
{'loss': 0.0452, 'grad_norm': 0.2634165585041046, 'learning_rate': 5.6768019847853954e-05, 'epoch': 14.27}
{'loss': 0.0837, 'grad_norm': 22.369647979736328, 'learning_rate': 5.6722572710036435e-05, 'epoch': 14.28}
{'loss': 0.1268, 'grad_norm': 15.896232604980469, 'learning_rate': 5.667712557221892e-05, 'epoch': 14.29}
{'loss': 0.0488, 'grad_norm': 24.70587921142578, 'learning_rate': 5.663167843440141e-05, 'epoch': 14.31}
{'loss': 0.0049, 'grad_norm': 0.2572453022003174, 'learning_rate': 5.65862312965839e-05, 'epoch': 14.32}
{'loss': 0.0946, 'grad_norm': 1.806836485862732, 'learning_rate': 5.654078415876639e-05, 'epoch': 14.33}
{'loss': 0.1714, 'grad_norm': 11.557117462158203, 'learning_rate': 5.649533702094889e-05, 'epoch': 14.35}
{'loss': 0.072, 'grad_norm': 0.11333257704973221, 'learning_rate': 5.644988988313138e-05, 'epoch': 14.36}
{'loss': 0.1078, 'grad_norm': 17.663921356201172, 'learning_rate': 5.6404442745313865e-05, 'epoch': 14.37}
{'loss': 0.1055, 'grad_norm': 0.6145521998405457, 'learning_rate': 5.635899560749635e-05, 'epoch': 14.38}
{'loss': 0.0693, 'grad_norm': 7.68716287612915, 'learning_rate': 5.631354846967884e-05, 'epoch': 14.4}
{'loss': 0.047, 'grad_norm': 18.45765495300293, 'learning_rate': 5.626810133186133e-05, 'epoch': 14.41}
{'loss': 0.1424, 'grad_norm': 8.093173027038574, 'learning_rate': 5.622265419404382e-05, 'epoch': 14.42}
{'loss': 0.0898, 'grad_norm': 8.780588150024414, 'learning_rate': 5.61772070562263e-05, 'epoch': 14.43}
{'loss': 0.0712, 'grad_norm': 11.686025619506836, 'learning_rate': 5.6131759918408786e-05, 'epoch': 14.45}
{'loss': 0.0637, 'grad_norm': 18.16776466369629, 'learning_rate': 5.6086312780591274e-05, 'epoch': 14.46}
{'loss': 0.0699, 'grad_norm': 9.079901695251465, 'learning_rate': 5.604086564277376e-05, 'epoch': 14.47}
{'loss': 0.0683, 'grad_norm': 17.37916374206543, 'learning_rate': 5.599541850495625e-05, 'epoch': 14.48}
{'loss': 0.0721, 'grad_norm': 25.44650650024414, 'learning_rate': 5.594997136713874e-05, 'epoch': 14.5}
{'loss': 0.1306, 'grad_norm': 7.462466716766357, 'learning_rate': 5.5904524229321227e-05, 'epoch': 14.51}
{'loss': 0.1995, 'grad_norm': 72.83956146240234, 'learning_rate': 5.5859077091503715e-05, 'epoch': 14.52}
{'loss': 0.1076, 'grad_norm': 0.2785073220729828, 'learning_rate': 5.58136299536862e-05, 'epoch': 14.53}
{'loss': 0.0463, 'grad_norm': 7.305120944976807, 'learning_rate': 5.576818281586869e-05, 'epoch': 14.55}
{'loss': 0.0998, 'grad_norm': 13.625785827636719, 'learning_rate': 5.572273567805118e-05, 'epoch': 14.56}
{'loss': 0.0955, 'grad_norm': 4.726537704467773, 'learning_rate': 5.567728854023367e-05, 'epoch': 14.57}
{'loss': 0.0334, 'grad_norm': 5.340216636657715, 'learning_rate': 5.5631841402416155e-05, 'epoch': 14.58}
{'loss': 0.1052, 'grad_norm': 0.3003753423690796, 'learning_rate': 5.558639426459865e-05, 'epoch': 14.6}
{'loss': 0.0911, 'grad_norm': 16.581195831298828, 'learning_rate': 5.554094712678114e-05, 'epoch': 14.61}
{'loss': 0.1852, 'grad_norm': 2.837996244430542, 'learning_rate': 5.5495499988963626e-05, 'epoch': 14.62}
{'loss': 0.0914, 'grad_norm': 0.8796073198318481, 'learning_rate': 5.5450052851146114e-05, 'epoch': 14.63}
{'loss': 0.0876, 'grad_norm': 21.88357162475586, 'learning_rate': 5.54046057133286e-05, 'epoch': 14.65}
{'loss': 0.1114, 'grad_norm': 0.6537138223648071, 'learning_rate': 5.535915857551109e-05, 'epoch': 14.66}
{'loss': 0.1374, 'grad_norm': 13.285002708435059, 'learning_rate': 5.531371143769358e-05, 'epoch': 14.67}
{'loss': 0.0605, 'grad_norm': 21.892297744750977, 'learning_rate': 5.5268264299876066e-05, 'epoch': 14.69}
{'loss': 0.0885, 'grad_norm': 5.092630863189697, 'learning_rate': 5.5222817162058554e-05, 'epoch': 14.7}
{'loss': 0.1055, 'grad_norm': 33.75164794921875, 'learning_rate': 5.517737002424104e-05, 'epoch': 14.71}
{'loss': 0.075, 'grad_norm': 2.2823355197906494, 'learning_rate': 5.513192288642353e-05, 'epoch': 14.72}
{'loss': 0.0602, 'grad_norm': 5.129829406738281, 'learning_rate': 5.508647574860602e-05, 'epoch': 14.74}
{'loss': 0.1431, 'grad_norm': 13.394547462463379, 'learning_rate': 5.5041028610788506e-05, 'epoch': 14.75}
{'loss': 0.1285, 'grad_norm': 0.10669565200805664, 'learning_rate': 5.4995581472970994e-05, 'epoch': 14.76}
{'loss': 0.1697, 'grad_norm': 4.432638168334961, 'learning_rate': 5.495013433515348e-05, 'epoch': 14.77}
{'loss': 0.0871, 'grad_norm': 3.2294909954071045, 'learning_rate': 5.490468719733597e-05, 'epoch': 14.79}
{'loss': 0.0602, 'grad_norm': 15.984772682189941, 'learning_rate': 5.485924005951846e-05, 'epoch': 14.8}
{'loss': 0.1325, 'grad_norm': 1.7802752256393433, 'learning_rate': 5.4813792921700946e-05, 'epoch': 14.81}
{'loss': 0.1144, 'grad_norm': 3.4044156074523926, 'learning_rate': 5.476834578388343e-05, 'epoch': 14.82}
{'loss': 0.0553, 'grad_norm': 0.018765754997730255, 'learning_rate': 5.4722898646065916e-05, 'epoch': 14.84}
{'loss': 0.0528, 'grad_norm': 11.703612327575684, 'learning_rate': 5.4677451508248404e-05, 'epoch': 14.85}
{'loss': 0.1368, 'grad_norm': 21.725967407226562, 'learning_rate': 5.4632004370430905e-05, 'epoch': 14.86}
{'loss': 0.119, 'grad_norm': 0.22944457828998566, 'learning_rate': 5.458655723261339e-05, 'epoch': 14.87}
{'loss': 0.1172, 'grad_norm': 0.3269254267215729, 'learning_rate': 5.454111009479588e-05, 'epoch': 14.89}
{'loss': 0.0572, 'grad_norm': 0.22357742488384247, 'learning_rate': 5.449566295697837e-05, 'epoch': 14.9}
{'loss': 0.1141, 'grad_norm': 18.827110290527344, 'learning_rate': 5.445021581916086e-05, 'epoch': 14.91}
{'loss': 0.0759, 'grad_norm': 14.039674758911133, 'learning_rate': 5.4404768681343345e-05, 'epoch': 14.92}
{'loss': 0.118, 'grad_norm': 24.545419692993164, 'learning_rate': 5.4359321543525833e-05, 'epoch': 14.94}
{'loss': 0.0866, 'grad_norm': 15.00668716430664, 'learning_rate': 5.431387440570832e-05, 'epoch': 14.95}
{'loss': 0.1168, 'grad_norm': 0.499864399433136, 'learning_rate': 5.426842726789081e-05, 'epoch': 14.96}
{'loss': 0.055, 'grad_norm': 4.623926162719727, 'learning_rate': 5.422298013007329e-05, 'epoch': 14.97}
{'loss': 0.0991, 'grad_norm': 5.724087238311768, 'learning_rate': 5.417753299225578e-05, 'epoch': 14.99}
{'loss': 0.1008, 'grad_norm': 6.014913558959961, 'learning_rate': 5.413208585443827e-05, 'epoch': 15.0}
{'eval_loss': 0.9336462020874023, 'eval_f1_macro': 0.8217352742732424, 'eval_f1_weighted': 0.8299397122701031, 'eval_precision_macro': 0.8233531359637344, 'eval_recall_macro': 0.8257413583660268, 'eval_accuracy': 0.8310376492194674, 'eval_runtime': 5.523, 'eval_samples_per_second': 985.869, 'eval_steps_per_second': 15.571, 'epoch': 15.0}
{'train_runtime': 14630.7507, 'train_samples_per_second': 52.092, 'train_steps_per_second': 1.628, 'train_loss': 0.42326145745363436, 'epoch': 15.0}
  Finished  : epoch 15/30 | runtime 14631s | 52.1 samples/s
              precision    recall  f1-score   support

       anger       0.79      0.92      0.85      1194
     disgust       0.78      0.75      0.77       873
        fear       0.75      0.77      0.76       996
   happiness       0.88      0.75      0.81      1193
     neutral       0.91      0.92      0.92      1594
     sadness       0.87      0.74      0.80      1178
    surprise       0.76      0.91      0.83       685

    accuracy                           0.83      7713
   macro avg       0.82      0.82      0.82      7713
weighted avg       0.83      0.83      0.83      7713

  Per-language breakdown:
    Bengali      n=1400  F1-Macro=0.9361
    English      n=2363  F1-Macro=0.7587
    French       n= 288  F1-Macro=0.7260
    German       n= 973  F1-Macro=0.9727
    Italian      n=1380  F1-Macro=0.7441
    Polish       n= 896  F1-Macro=0.7709
    Russian      n= 240  F1-Macro=0.4947
    Spanish      n= 173  F1-Macro=0.8303
  F1-Macro 0.8193 | Accuracy 0.8282 | Precision 0.8204 | Recall 0.8245
  Fold 2/5: 25,405 train / 5,445 val / 7,713 test  (of 38,563)

  --- Fold 2/5 ---
  Model             : Wav2Vec2ForSequenceClassification  (94,570,375 params, 94,570,375 trainable)
  Training  : lr=9.555715197510025e-05  bs=32  epochs=30  patience=5
{'loss': 1.9535, 'grad_norm': 1.0171029567718506, 'learning_rate': 3.078075761545821e-07, 'epoch': 0.01}
{'loss': 1.9542, 'grad_norm': 1.09288489818573, 'learning_rate': 6.498159941041176e-07, 'epoch': 0.03}
{'loss': 1.9509, 'grad_norm': 1.238206386566162, 'learning_rate': 9.918244120536532e-07, 'epoch': 0.04}
{'loss': 1.9471, 'grad_norm': 1.3360121250152588, 'learning_rate': 1.3338328300031888e-06, 'epoch': 0.05}
{'loss': 1.9425, 'grad_norm': 0.9258804321289062, 'learning_rate': 1.6758412479527246e-06, 'epoch': 0.06}
{'loss': 1.9413, 'grad_norm': 2.994114398956299, 'learning_rate': 2.0178496659022604e-06, 'epoch': 0.08}
{'loss': 1.9405, 'grad_norm': 2.097036600112915, 'learning_rate': 2.359858083851796e-06, 'epoch': 0.09}
{'loss': 1.9357, 'grad_norm': 1.0239535570144653, 'learning_rate': 2.7018665018013315e-06, 'epoch': 0.1}
{'loss': 1.9306, 'grad_norm': 1.1088836193084717, 'learning_rate': 3.043874919750867e-06, 'epoch': 0.11}
{'loss': 1.9274, 'grad_norm': 1.3656092882156372, 'learning_rate': 3.3858833377004023e-06, 'epoch': 0.13}
{'loss': 1.9205, 'grad_norm': 1.1321134567260742, 'learning_rate': 3.7278917556499383e-06, 'epoch': 0.14}
{'loss': 1.9267, 'grad_norm': 1.6121708154678345, 'learning_rate': 4.0699001735994735e-06, 'epoch': 0.15}
{'loss': 1.9181, 'grad_norm': 0.9620199799537659, 'learning_rate': 4.41190859154901e-06, 'epoch': 0.16}
{'loss': 1.9085, 'grad_norm': 1.8042882680892944, 'learning_rate': 4.753917009498545e-06, 'epoch': 0.18}
{'loss': 1.9037, 'grad_norm': 1.857770562171936, 'learning_rate': 5.095925427448081e-06, 'epoch': 0.19}
{'loss': 1.8937, 'grad_norm': 2.7324624061584473, 'learning_rate': 5.437933845397616e-06, 'epoch': 0.2}
{'loss': 1.8988, 'grad_norm': 3.1706173419952393, 'learning_rate': 5.779942263347152e-06, 'epoch': 0.21}
{'loss': 1.8907, 'grad_norm': 2.009049654006958, 'learning_rate': 6.121950681296688e-06, 'epoch': 0.23}
{'loss': 1.8649, 'grad_norm': 3.435445785522461, 'learning_rate': 6.463959099246223e-06, 'epoch': 0.24}
{'loss': 1.8464, 'grad_norm': 2.4251928329467773, 'learning_rate': 6.805967517195758e-06, 'epoch': 0.25}
{'loss': 1.8534, 'grad_norm': 2.461327075958252, 'learning_rate': 7.147975935145295e-06, 'epoch': 0.26}
{'loss': 1.8464, 'grad_norm': 3.7176616191864014, 'learning_rate': 7.48998435309483e-06, 'epoch': 0.28}
{'loss': 1.8033, 'grad_norm': 2.20638108253479, 'learning_rate': 7.831992771044365e-06, 'epoch': 0.29}
{'loss': 1.8038, 'grad_norm': 3.2503864765167236, 'learning_rate': 8.1740011889939e-06, 'epoch': 0.3}
{'loss': 1.774, 'grad_norm': 3.5959584712982178, 'learning_rate': 8.516009606943438e-06, 'epoch': 0.31}
{'loss': 1.809, 'grad_norm': 7.829427719116211, 'learning_rate': 8.858018024892972e-06, 'epoch': 0.33}
{'loss': 1.7261, 'grad_norm': 5.874443054199219, 'learning_rate': 9.200026442842507e-06, 'epoch': 0.34}
{'loss': 1.6699, 'grad_norm': 6.990701675415039, 'learning_rate': 9.542034860792045e-06, 'epoch': 0.35}
{'loss': 1.7218, 'grad_norm': 2.90199875831604, 'learning_rate': 9.88404327874158e-06, 'epoch': 0.37}
{'loss': 1.6712, 'grad_norm': 7.014057636260986, 'learning_rate': 1.0226051696691114e-05, 'epoch': 0.38}
{'loss': 1.6421, 'grad_norm': 3.094923257827759, 'learning_rate': 1.056806011464065e-05, 'epoch': 0.39}
{'loss': 1.5965, 'grad_norm': 6.890608310699463, 'learning_rate': 1.0910068532590187e-05, 'epoch': 0.4}
{'loss': 1.6234, 'grad_norm': 5.9873738288879395, 'learning_rate': 1.1252076950539722e-05, 'epoch': 0.42}
{'loss': 1.552, 'grad_norm': 5.221632957458496, 'learning_rate': 1.1594085368489256e-05, 'epoch': 0.43}
{'loss': 1.5575, 'grad_norm': 8.588152885437012, 'learning_rate': 1.1936093786438792e-05, 'epoch': 0.44}
{'loss': 1.5327, 'grad_norm': 7.227451801300049, 'learning_rate': 1.227810220438833e-05, 'epoch': 0.45}
{'loss': 1.4908, 'grad_norm': 10.511838912963867, 'learning_rate': 1.2620110622337865e-05, 'epoch': 0.47}
{'loss': 1.4314, 'grad_norm': 8.796833992004395, 'learning_rate': 1.2962119040287399e-05, 'epoch': 0.48}
{'loss': 1.4658, 'grad_norm': 10.671628952026367, 'learning_rate': 1.3304127458236934e-05, 'epoch': 0.49}
{'loss': 1.4283, 'grad_norm': 6.821713924407959, 'learning_rate': 1.364613587618647e-05, 'epoch': 0.5}
{'loss': 1.4275, 'grad_norm': 10.947210311889648, 'learning_rate': 1.3988144294136007e-05, 'epoch': 0.52}
{'loss': 1.4439, 'grad_norm': 8.107366561889648, 'learning_rate': 1.4330152712085543e-05, 'epoch': 0.53}
{'loss': 1.4175, 'grad_norm': 12.593340873718262, 'learning_rate': 1.4672161130035078e-05, 'epoch': 0.54}
{'loss': 1.4297, 'grad_norm': 10.154258728027344, 'learning_rate': 1.5014169547984614e-05, 'epoch': 0.55}
{'loss': 1.4014, 'grad_norm': 6.845710277557373, 'learning_rate': 1.5356177965934148e-05, 'epoch': 0.57}
{'loss': 1.4748, 'grad_norm': 179.55101013183594, 'learning_rate': 1.5698186383883683e-05, 'epoch': 0.58}
{'loss': 1.4435, 'grad_norm': 12.276849746704102, 'learning_rate': 1.604019480183322e-05, 'epoch': 0.59}
{'loss': 1.3781, 'grad_norm': 7.067409515380859, 'learning_rate': 1.6382203219782758e-05, 'epoch': 0.6}
{'loss': 1.3359, 'grad_norm': 5.638837814331055, 'learning_rate': 1.6724211637732294e-05, 'epoch': 0.62}
{'loss': 1.3515, 'grad_norm': 8.37621021270752, 'learning_rate': 1.706622005568183e-05, 'epoch': 0.63}
{'loss': 1.2502, 'grad_norm': 11.322486877441406, 'learning_rate': 1.740822847363136e-05, 'epoch': 0.64}
{'loss': 1.3665, 'grad_norm': 7.146176338195801, 'learning_rate': 1.7750236891580897e-05, 'epoch': 0.65}
{'loss': 1.2828, 'grad_norm': 9.382625579833984, 'learning_rate': 1.8092245309530432e-05, 'epoch': 0.67}
{'loss': 1.3142, 'grad_norm': 9.027454376220703, 'learning_rate': 1.8434253727479968e-05, 'epoch': 0.68}
{'loss': 1.2177, 'grad_norm': 8.33669662475586, 'learning_rate': 1.8776262145429504e-05, 'epoch': 0.69}
{'loss': 1.2713, 'grad_norm': 10.228788375854492, 'learning_rate': 1.9118270563379043e-05, 'epoch': 0.71}
{'loss': 1.2839, 'grad_norm': 14.519889831542969, 'learning_rate': 1.9460278981328578e-05, 'epoch': 0.72}
{'loss': 1.2242, 'grad_norm': 10.828424453735352, 'learning_rate': 1.980228739927811e-05, 'epoch': 0.73}
{'loss': 1.2519, 'grad_norm': 9.302702903747559, 'learning_rate': 2.0144295817227646e-05, 'epoch': 0.74}
{'loss': 1.2395, 'grad_norm': 12.547930717468262, 'learning_rate': 2.048630423517718e-05, 'epoch': 0.76}
{'loss': 1.2419, 'grad_norm': 34.37862014770508, 'learning_rate': 2.0828312653126717e-05, 'epoch': 0.77}
{'loss': 1.2253, 'grad_norm': 8.998566627502441, 'learning_rate': 2.1170321071076253e-05, 'epoch': 0.78}
{'loss': 1.2463, 'grad_norm': 8.200898170471191, 'learning_rate': 2.1512329489025792e-05, 'epoch': 0.79}
{'loss': 1.1065, 'grad_norm': 16.672121047973633, 'learning_rate': 2.1854337906975327e-05, 'epoch': 0.81}
{'loss': 1.1926, 'grad_norm': 10.872411727905273, 'learning_rate': 2.2196346324924863e-05, 'epoch': 0.82}
{'loss': 1.2094, 'grad_norm': 19.219024658203125, 'learning_rate': 2.2538354742874395e-05, 'epoch': 0.83}
{'loss': 1.1407, 'grad_norm': 8.36031723022461, 'learning_rate': 2.288036316082393e-05, 'epoch': 0.84}
{'loss': 1.074, 'grad_norm': 12.790481567382812, 'learning_rate': 2.3222371578773466e-05, 'epoch': 0.86}
{'loss': 1.1643, 'grad_norm': 13.854280471801758, 'learning_rate': 2.3564379996723002e-05, 'epoch': 0.87}
{'loss': 1.1657, 'grad_norm': 18.925674438476562, 'learning_rate': 2.3906388414672537e-05, 'epoch': 0.88}
{'loss': 1.15, 'grad_norm': 22.962366104125977, 'learning_rate': 2.4248396832622076e-05, 'epoch': 0.89}
{'loss': 1.0805, 'grad_norm': 15.588363647460938, 'learning_rate': 2.459040525057161e-05, 'epoch': 0.91}
{'loss': 1.1577, 'grad_norm': 15.433279037475586, 'learning_rate': 2.4932413668521148e-05, 'epoch': 0.92}
{'loss': 1.1364, 'grad_norm': 15.268335342407227, 'learning_rate': 2.5274422086470683e-05, 'epoch': 0.93}
{'loss': 1.0501, 'grad_norm': 18.472640991210938, 'learning_rate': 2.5616430504420215e-05, 'epoch': 0.94}
{'loss': 1.039, 'grad_norm': 9.329830169677734, 'learning_rate': 2.5958438922369754e-05, 'epoch': 0.96}
{'loss': 0.992, 'grad_norm': 10.246516227722168, 'learning_rate': 2.6300447340319287e-05, 'epoch': 0.97}
{'loss': 1.1285, 'grad_norm': 15.105143547058105, 'learning_rate': 2.6642455758268825e-05, 'epoch': 0.98}
{'loss': 1.0444, 'grad_norm': 11.188679695129395, 'learning_rate': 2.6984464176218358e-05, 'epoch': 0.99}
{'eval_loss': 1.029607892036438, 'eval_f1_macro': 0.6021119690370501, 'eval_f1_weighted': 0.6338381772587622, 'eval_precision_macro': 0.6507677797696346, 'eval_recall_macro': 0.6046676835973949, 'eval_accuracy': 0.642791551882461, 'eval_runtime': 5.8229, 'eval_samples_per_second': 935.097, 'eval_steps_per_second': 14.769, 'epoch': 1.0}
{'loss': 1.032, 'grad_norm': 14.083475112915039, 'learning_rate': 2.7326472594167897e-05, 'epoch': 1.01}
{'loss': 0.9221, 'grad_norm': 18.750831604003906, 'learning_rate': 2.7668481012117432e-05, 'epoch': 1.02}
{'loss': 0.9822, 'grad_norm': 17.72755241394043, 'learning_rate': 2.8010489430066964e-05, 'epoch': 1.03}
{'loss': 0.9182, 'grad_norm': 21.323381423950195, 'learning_rate': 2.8352497848016503e-05, 'epoch': 1.05}
{'loss': 1.0308, 'grad_norm': 18.478696823120117, 'learning_rate': 2.8694506265966036e-05, 'epoch': 1.06}
{'loss': 0.9541, 'grad_norm': 11.364860534667969, 'learning_rate': 2.9036514683915575e-05, 'epoch': 1.07}
{'loss': 1.0605, 'grad_norm': 20.824106216430664, 'learning_rate': 2.9378523101865107e-05, 'epoch': 1.08}
{'loss': 0.9407, 'grad_norm': 11.105419158935547, 'learning_rate': 2.9720531519814646e-05, 'epoch': 1.1}
{'loss': 0.9044, 'grad_norm': 10.873519897460938, 'learning_rate': 3.006253993776418e-05, 'epoch': 1.11}
{'loss': 0.9161, 'grad_norm': 9.113265991210938, 'learning_rate': 3.0404548355713714e-05, 'epoch': 1.12}
{'loss': 0.9112, 'grad_norm': 19.655004501342773, 'learning_rate': 3.074655677366325e-05, 'epoch': 1.13}
{'loss': 0.9407, 'grad_norm': 30.691450119018555, 'learning_rate': 3.108856519161279e-05, 'epoch': 1.15}
{'loss': 0.9085, 'grad_norm': 11.712579727172852, 'learning_rate': 3.1430573609562324e-05, 'epoch': 1.16}
{'loss': 0.9496, 'grad_norm': 17.31377410888672, 'learning_rate': 3.177258202751186e-05, 'epoch': 1.17}
{'loss': 0.8904, 'grad_norm': 12.173005104064941, 'learning_rate': 3.2114590445461395e-05, 'epoch': 1.18}
{'loss': 0.9101, 'grad_norm': 10.59437084197998, 'learning_rate': 3.245659886341093e-05, 'epoch': 1.2}
{'loss': 0.9231, 'grad_norm': 22.144060134887695, 'learning_rate': 3.2798607281360466e-05, 'epoch': 1.21}
{'loss': 0.9007, 'grad_norm': 13.201664924621582, 'learning_rate': 3.314061569931e-05, 'epoch': 1.22}
{'loss': 0.997, 'grad_norm': 24.871191024780273, 'learning_rate': 3.348262411725954e-05, 'epoch': 1.23}
{'loss': 0.9213, 'grad_norm': 14.121297836303711, 'learning_rate': 3.382463253520907e-05, 'epoch': 1.25}
{'loss': 0.9687, 'grad_norm': 13.867717742919922, 'learning_rate': 3.416664095315861e-05, 'epoch': 1.26}
{'loss': 0.9384, 'grad_norm': 13.75869083404541, 'learning_rate': 3.4508649371108144e-05, 'epoch': 1.27}
{'loss': 0.9146, 'grad_norm': 16.396438598632812, 'learning_rate': 3.485065778905767e-05, 'epoch': 1.28}
{'loss': 0.816, 'grad_norm': 15.654379844665527, 'learning_rate': 3.5192666207007215e-05, 'epoch': 1.3}
{'loss': 0.8698, 'grad_norm': 10.245041847229004, 'learning_rate': 3.553467462495675e-05, 'epoch': 1.31}
{'loss': 0.8477, 'grad_norm': 24.313125610351562, 'learning_rate': 3.5876683042906286e-05, 'epoch': 1.32}
{'loss': 0.8728, 'grad_norm': 10.43397331237793, 'learning_rate': 3.621869146085582e-05, 'epoch': 1.34}
{'loss': 0.7802, 'grad_norm': 23.12851905822754, 'learning_rate': 3.656069987880536e-05, 'epoch': 1.35}
{'loss': 0.9376, 'grad_norm': 10.388017654418945, 'learning_rate': 3.690270829675489e-05, 'epoch': 1.36}
{'loss': 0.8545, 'grad_norm': 12.686490058898926, 'learning_rate': 3.724471671470443e-05, 'epoch': 1.37}
{'loss': 0.8251, 'grad_norm': 16.17401123046875, 'learning_rate': 3.7586725132653964e-05, 'epoch': 1.39}
{'loss': 0.8702, 'grad_norm': 17.52437973022461, 'learning_rate': 3.79287335506035e-05, 'epoch': 1.4}
{'loss': 0.8353, 'grad_norm': 11.468504905700684, 'learning_rate': 3.8270741968553035e-05, 'epoch': 1.41}
{'loss': 0.8477, 'grad_norm': 14.37516975402832, 'learning_rate': 3.861275038650257e-05, 'epoch': 1.42}
{'loss': 0.8244, 'grad_norm': 64.51323699951172, 'learning_rate': 3.8954758804452107e-05, 'epoch': 1.44}
{'loss': 0.879, 'grad_norm': 19.035747528076172, 'learning_rate': 3.929676722240164e-05, 'epoch': 1.45}
{'loss': 0.9094, 'grad_norm': 12.896648406982422, 'learning_rate': 3.963877564035118e-05, 'epoch': 1.46}
{'loss': 0.758, 'grad_norm': 16.071977615356445, 'learning_rate': 3.998078405830071e-05, 'epoch': 1.47}
{'loss': 0.7868, 'grad_norm': 29.71653175354004, 'learning_rate': 4.032279247625025e-05, 'epoch': 1.49}
{'loss': 0.8959, 'grad_norm': 24.338544845581055, 'learning_rate': 4.0664800894199785e-05, 'epoch': 1.5}
{'loss': 0.7624, 'grad_norm': 15.63394546508789, 'learning_rate': 4.100680931214932e-05, 'epoch': 1.51}
{'loss': 0.7467, 'grad_norm': 19.652070999145508, 'learning_rate': 4.1348817730098856e-05, 'epoch': 1.52}
{'loss': 0.8831, 'grad_norm': 30.825307846069336, 'learning_rate': 4.169082614804839e-05, 'epoch': 1.54}
{'loss': 0.7592, 'grad_norm': 13.23979377746582, 'learning_rate': 4.203283456599793e-05, 'epoch': 1.55}
{'loss': 0.8344, 'grad_norm': 18.246078491210938, 'learning_rate': 4.237484298394746e-05, 'epoch': 1.56}
{'loss': 0.9504, 'grad_norm': 17.128276824951172, 'learning_rate': 4.2716851401897e-05, 'epoch': 1.57}
{'loss': 0.9249, 'grad_norm': 12.224268913269043, 'learning_rate': 4.3058859819846534e-05, 'epoch': 1.59}
{'loss': 0.9131, 'grad_norm': 19.158348083496094, 'learning_rate': 4.340086823779607e-05, 'epoch': 1.6}
{'loss': 0.7238, 'grad_norm': 12.284584999084473, 'learning_rate': 4.3742876655745605e-05, 'epoch': 1.61}
{'loss': 0.8127, 'grad_norm': 18.738401412963867, 'learning_rate': 4.408488507369514e-05, 'epoch': 1.62}
{'loss': 0.7577, 'grad_norm': 19.515615463256836, 'learning_rate': 4.4426893491644676e-05, 'epoch': 1.64}
{'loss': 0.8117, 'grad_norm': 21.266088485717773, 'learning_rate': 4.476890190959421e-05, 'epoch': 1.65}
{'loss': 0.8631, 'grad_norm': 15.59391975402832, 'learning_rate': 4.511091032754375e-05, 'epoch': 1.66}
{'loss': 0.907, 'grad_norm': 11.164834022521973, 'learning_rate': 4.545291874549328e-05, 'epoch': 1.68}
{'loss': 0.7456, 'grad_norm': 16.921850204467773, 'learning_rate': 4.579492716344282e-05, 'epoch': 1.69}
{'loss': 0.7425, 'grad_norm': 14.654542922973633, 'learning_rate': 4.6136935581392354e-05, 'epoch': 1.7}
{'loss': 0.8601, 'grad_norm': 9.865981101989746, 'learning_rate': 4.647894399934189e-05, 'epoch': 1.71}
{'loss': 0.7374, 'grad_norm': 9.232940673828125, 'learning_rate': 4.6820952417291425e-05, 'epoch': 1.73}
{'loss': 0.8147, 'grad_norm': 15.223472595214844, 'learning_rate': 4.716296083524096e-05, 'epoch': 1.74}
{'loss': 0.781, 'grad_norm': 12.386618614196777, 'learning_rate': 4.7504969253190496e-05, 'epoch': 1.75}
{'loss': 0.74, 'grad_norm': 19.804874420166016, 'learning_rate': 4.784697767114004e-05, 'epoch': 1.76}
{'loss': 1.028, 'grad_norm': 8.584421157836914, 'learning_rate': 4.818898608908956e-05, 'epoch': 1.78}
{'loss': 0.8198, 'grad_norm': 12.518265724182129, 'learning_rate': 4.85309945070391e-05, 'epoch': 1.79}
{'loss': 0.7932, 'grad_norm': 12.403210639953613, 'learning_rate': 4.887300292498864e-05, 'epoch': 1.8}
{'loss': 0.8263, 'grad_norm': 13.074252128601074, 'learning_rate': 4.9215011342938174e-05, 'epoch': 1.81}
{'loss': 0.849, 'grad_norm': 12.449507713317871, 'learning_rate': 4.95570197608877e-05, 'epoch': 1.83}
{'loss': 0.7517, 'grad_norm': 10.868350982666016, 'learning_rate': 4.9899028178837245e-05, 'epoch': 1.84}
{'loss': 0.9045, 'grad_norm': 22.091983795166016, 'learning_rate': 5.024103659678678e-05, 'epoch': 1.85}
{'loss': 0.938, 'grad_norm': 31.709365844726562, 'learning_rate': 5.0583045014736316e-05, 'epoch': 1.86}
{'loss': 0.8563, 'grad_norm': 16.256458282470703, 'learning_rate': 5.092505343268586e-05, 'epoch': 1.88}
{'loss': 0.8118, 'grad_norm': 16.580833435058594, 'learning_rate': 5.126706185063538e-05, 'epoch': 1.89}
{'loss': 0.7641, 'grad_norm': 9.227906227111816, 'learning_rate': 5.160907026858492e-05, 'epoch': 1.9}
{'loss': 0.908, 'grad_norm': 14.038749694824219, 'learning_rate': 5.195107868653446e-05, 'epoch': 1.91}
{'loss': 0.7742, 'grad_norm': 15.259971618652344, 'learning_rate': 5.2293087104483994e-05, 'epoch': 1.93}
{'loss': 0.7553, 'grad_norm': 16.07489776611328, 'learning_rate': 5.263509552243354e-05, 'epoch': 1.94}
{'loss': 0.7615, 'grad_norm': 10.6307954788208, 'learning_rate': 5.2977103940383066e-05, 'epoch': 1.95}
{'loss': 0.8561, 'grad_norm': 13.590195655822754, 'learning_rate': 5.33191123583326e-05, 'epoch': 1.96}
{'loss': 0.9232, 'grad_norm': 12.56528091430664, 'learning_rate': 5.366112077628214e-05, 'epoch': 1.98}
{'loss': 0.8753, 'grad_norm': 12.371826171875, 'learning_rate': 5.400312919423168e-05, 'epoch': 1.99}
{'eval_loss': 0.9997790455818176, 'eval_f1_macro': 0.6599268526888811, 'eval_f1_weighted': 0.6711279714410876, 'eval_precision_macro': 0.704934249299493, 'eval_recall_macro': 0.6636607519958455, 'eval_accuracy': 0.6738292011019283, 'eval_runtime': 5.573, 'eval_samples_per_second': 977.023, 'eval_steps_per_second': 15.431, 'epoch': 2.0}
{'loss': 0.7266, 'grad_norm': 22.098600387573242, 'learning_rate': 5.43451376121812e-05, 'epoch': 2.0}
{'loss': 0.8214, 'grad_norm': 16.05169677734375, 'learning_rate': 5.4687146030130744e-05, 'epoch': 2.02}
{'loss': 0.8258, 'grad_norm': 10.449681282043457, 'learning_rate': 5.502915444808028e-05, 'epoch': 2.03}
{'loss': 0.8014, 'grad_norm': 10.667034149169922, 'learning_rate': 5.5371162866029815e-05, 'epoch': 2.04}
{'loss': 0.6381, 'grad_norm': 13.073323249816895, 'learning_rate': 5.571317128397936e-05, 'epoch': 2.05}
{'loss': 0.626, 'grad_norm': 8.14305305480957, 'learning_rate': 5.605517970192888e-05, 'epoch': 2.07}
{'loss': 0.6358, 'grad_norm': 9.78854751586914, 'learning_rate': 5.639718811987842e-05, 'epoch': 2.08}
{'loss': 0.7651, 'grad_norm': 19.28240203857422, 'learning_rate': 5.673919653782796e-05, 'epoch': 2.09}
{'loss': 0.6197, 'grad_norm': 30.080249786376953, 'learning_rate': 5.70812049557775e-05, 'epoch': 2.1}
{'loss': 0.5993, 'grad_norm': 19.329519271850586, 'learning_rate': 5.7423213373727035e-05, 'epoch': 2.12}
{'loss': 0.5979, 'grad_norm': 15.995416641235352, 'learning_rate': 5.7765221791676564e-05, 'epoch': 2.13}
{'loss': 0.7186, 'grad_norm': 18.246654510498047, 'learning_rate': 5.81072302096261e-05, 'epoch': 2.14}
{'loss': 0.6587, 'grad_norm': 13.9776029586792, 'learning_rate': 5.8449238627575635e-05, 'epoch': 2.15}
{'loss': 0.6728, 'grad_norm': 7.785714149475098, 'learning_rate': 5.879124704552518e-05, 'epoch': 2.17}
{'loss': 0.6734, 'grad_norm': 16.97464942932129, 'learning_rate': 5.91332554634747e-05, 'epoch': 2.18}
{'loss': 0.6534, 'grad_norm': 51.9387321472168, 'learning_rate': 5.947526388142424e-05, 'epoch': 2.19}
{'loss': 0.6686, 'grad_norm': 11.382908821105957, 'learning_rate': 5.981727229937378e-05, 'epoch': 2.2}
{'loss': 0.7647, 'grad_norm': 11.881159782409668, 'learning_rate': 6.015928071732331e-05, 'epoch': 2.22}
{'loss': 0.7085, 'grad_norm': 13.35145378112793, 'learning_rate': 6.0501289135272855e-05, 'epoch': 2.23}
{'loss': 0.7649, 'grad_norm': 14.596988677978516, 'learning_rate': 6.0843297553222384e-05, 'epoch': 2.24}
{'loss': 0.629, 'grad_norm': 18.49612045288086, 'learning_rate': 6.118530597117192e-05, 'epoch': 2.25}
{'loss': 0.7236, 'grad_norm': 27.05466079711914, 'learning_rate': 6.152731438912146e-05, 'epoch': 2.27}
{'loss': 0.5977, 'grad_norm': 13.053536415100098, 'learning_rate': 6.186932280707099e-05, 'epoch': 2.28}
{'loss': 0.7397, 'grad_norm': 15.374800682067871, 'learning_rate': 6.221133122502053e-05, 'epoch': 2.29}
{'loss': 0.7782, 'grad_norm': 30.76654815673828, 'learning_rate': 6.255333964297006e-05, 'epoch': 2.3}
{'loss': 0.7687, 'grad_norm': 12.43676471710205, 'learning_rate': 6.28953480609196e-05, 'epoch': 2.32}
{'loss': 0.7411, 'grad_norm': 13.424517631530762, 'learning_rate': 6.323735647886913e-05, 'epoch': 2.33}
{'loss': 0.4895, 'grad_norm': 5.773244380950928, 'learning_rate': 6.357936489681868e-05, 'epoch': 2.34}
{'loss': 0.6901, 'grad_norm': 11.321738243103027, 'learning_rate': 6.39213733147682e-05, 'epoch': 2.36}
{'loss': 0.7076, 'grad_norm': 15.967668533325195, 'learning_rate': 6.426338173271773e-05, 'epoch': 2.37}
{'loss': 0.594, 'grad_norm': 12.980167388916016, 'learning_rate': 6.460539015066728e-05, 'epoch': 2.38}
{'loss': 0.6727, 'grad_norm': 9.266974449157715, 'learning_rate': 6.494739856861682e-05, 'epoch': 2.39}
{'loss': 0.6774, 'grad_norm': 12.047569274902344, 'learning_rate': 6.528940698656635e-05, 'epoch': 2.41}
{'loss': 0.5686, 'grad_norm': 9.451154708862305, 'learning_rate': 6.563141540451588e-05, 'epoch': 2.42}
{'loss': 0.6552, 'grad_norm': 15.370365142822266, 'learning_rate': 6.597342382246542e-05, 'epoch': 2.43}
{'loss': 0.6652, 'grad_norm': 12.796060562133789, 'learning_rate': 6.631543224041496e-05, 'epoch': 2.44}
{'loss': 0.7433, 'grad_norm': 11.53077507019043, 'learning_rate': 6.665744065836449e-05, 'epoch': 2.46}
{'loss': 0.7376, 'grad_norm': 10.965278625488281, 'learning_rate': 6.699944907631402e-05, 'epoch': 2.47}
{'loss': 0.6794, 'grad_norm': 15.056971549987793, 'learning_rate': 6.734145749426356e-05, 'epoch': 2.48}
{'loss': 0.7282, 'grad_norm': 8.68930435180664, 'learning_rate': 6.76834659122131e-05, 'epoch': 2.49}
{'loss': 0.6808, 'grad_norm': 9.167555809020996, 'learning_rate': 6.802547433016263e-05, 'epoch': 2.51}
{'loss': 0.6881, 'grad_norm': 8.662729263305664, 'learning_rate': 6.836748274811217e-05, 'epoch': 2.52}
{'loss': 0.8126, 'grad_norm': 20.487829208374023, 'learning_rate': 6.87094911660617e-05, 'epoch': 2.53}
{'loss': 0.6463, 'grad_norm': 10.25552749633789, 'learning_rate': 6.905149958401123e-05, 'epoch': 2.54}
{'loss': 0.9164, 'grad_norm': 12.876121520996094, 'learning_rate': 6.939350800196077e-05, 'epoch': 2.56}
{'loss': 0.7961, 'grad_norm': 8.644424438476562, 'learning_rate': 6.973551641991032e-05, 'epoch': 2.57}
{'loss': 0.6386, 'grad_norm': 14.927580833435059, 'learning_rate': 7.007752483785984e-05, 'epoch': 2.58}
{'loss': 0.6547, 'grad_norm': 13.74052619934082, 'learning_rate': 7.041953325580937e-05, 'epoch': 2.59}
{'loss': 0.8026, 'grad_norm': 10.713031768798828, 'learning_rate': 7.076154167375892e-05, 'epoch': 2.61}
{'loss': 0.6922, 'grad_norm': 18.048675537109375, 'learning_rate': 7.110355009170846e-05, 'epoch': 2.62}
{'loss': 0.6843, 'grad_norm': 16.036287307739258, 'learning_rate': 7.144555850965799e-05, 'epoch': 2.63}
{'loss': 0.7438, 'grad_norm': 15.722180366516113, 'learning_rate': 7.178756692760752e-05, 'epoch': 2.64}
{'loss': 0.8056, 'grad_norm': 11.84231948852539, 'learning_rate': 7.212957534555706e-05, 'epoch': 2.66}
{'loss': 0.7136, 'grad_norm': 11.179093360900879, 'learning_rate': 7.24715837635066e-05, 'epoch': 2.67}
{'loss': 0.646, 'grad_norm': 8.283455848693848, 'learning_rate': 7.281359218145613e-05, 'epoch': 2.68}
{'loss': 0.6405, 'grad_norm': 13.201327323913574, 'learning_rate': 7.315560059940567e-05, 'epoch': 2.7}
{'loss': 0.6933, 'grad_norm': 16.385311126708984, 'learning_rate': 7.34976090173552e-05, 'epoch': 2.71}
{'loss': 0.6992, 'grad_norm': 9.048097610473633, 'learning_rate': 7.383961743530473e-05, 'epoch': 2.72}
{'loss': 0.7181, 'grad_norm': 13.154058456420898, 'learning_rate': 7.418162585325427e-05, 'epoch': 2.73}
{'loss': 0.7529, 'grad_norm': 18.407495498657227, 'learning_rate': 7.452363427120381e-05, 'epoch': 2.75}
{'loss': 0.6852, 'grad_norm': 12.141788482666016, 'learning_rate': 7.486564268915336e-05, 'epoch': 2.76}
{'loss': 0.6376, 'grad_norm': 9.500993728637695, 'learning_rate': 7.520765110710287e-05, 'epoch': 2.77}
{'loss': 0.6687, 'grad_norm': 11.952961921691895, 'learning_rate': 7.554965952505241e-05, 'epoch': 2.78}
{'loss': 0.7667, 'grad_norm': 12.637630462646484, 'learning_rate': 7.589166794300196e-05, 'epoch': 2.8}
{'loss': 0.6363, 'grad_norm': 8.549781799316406, 'learning_rate': 7.623367636095149e-05, 'epoch': 2.81}
{'loss': 0.6643, 'grad_norm': 10.337918281555176, 'learning_rate': 7.657568477890101e-05, 'epoch': 2.82}
{'loss': 0.6851, 'grad_norm': 8.227757453918457, 'learning_rate': 7.691769319685056e-05, 'epoch': 2.83}
{'loss': 0.8752, 'grad_norm': 11.072921752929688, 'learning_rate': 7.72597016148001e-05, 'epoch': 2.85}
{'loss': 0.5998, 'grad_norm': 11.839427947998047, 'learning_rate': 7.760171003274963e-05, 'epoch': 2.86}
{'loss': 0.7626, 'grad_norm': 18.084022521972656, 'learning_rate': 7.794371845069917e-05, 'epoch': 2.87}
{'loss': 0.7615, 'grad_norm': 8.896256446838379, 'learning_rate': 7.82857268686487e-05, 'epoch': 2.88}
{'loss': 0.7294, 'grad_norm': 15.098200798034668, 'learning_rate': 7.862773528659824e-05, 'epoch': 2.9}
{'loss': 0.766, 'grad_norm': 18.718385696411133, 'learning_rate': 7.896974370454777e-05, 'epoch': 2.91}
{'loss': 0.701, 'grad_norm': 8.130495071411133, 'learning_rate': 7.931175212249731e-05, 'epoch': 2.92}
{'loss': 0.6765, 'grad_norm': 10.139543533325195, 'learning_rate': 7.965376054044685e-05, 'epoch': 2.93}
{'loss': 0.7501, 'grad_norm': 15.523019790649414, 'learning_rate': 7.999576895839637e-05, 'epoch': 2.95}
{'loss': 0.7683, 'grad_norm': 11.7836275100708, 'learning_rate': 8.033777737634591e-05, 'epoch': 2.96}
{'loss': 0.7657, 'grad_norm': 10.866015434265137, 'learning_rate': 8.067978579429545e-05, 'epoch': 2.97}
{'loss': 0.7654, 'grad_norm': 11.996036529541016, 'learning_rate': 8.102179421224498e-05, 'epoch': 2.98}
{'loss': 0.5675, 'grad_norm': 8.823070526123047, 'learning_rate': 8.136380263019451e-05, 'epoch': 3.0}
{'eval_loss': 0.7030048966407776, 'eval_f1_macro': 0.7480334895460266, 'eval_f1_weighted': 0.7630858544819411, 'eval_precision_macro': 0.7707149172153696, 'eval_recall_macro': 0.7435462332233305, 'eval_accuracy': 0.7652892561983471, 'eval_runtime': 5.534, 'eval_samples_per_second': 983.925, 'eval_steps_per_second': 15.54, 'epoch': 3.0}
{'loss': 0.5486, 'grad_norm': 65.55386352539062, 'learning_rate': 8.170581104814405e-05, 'epoch': 3.01}
{'loss': 0.6082, 'grad_norm': 12.496831893920898, 'learning_rate': 8.20478194660936e-05, 'epoch': 3.02}
{'loss': 0.5483, 'grad_norm': 12.66072940826416, 'learning_rate': 8.238982788404313e-05, 'epoch': 3.04}
{'loss': 0.5557, 'grad_norm': 27.033248901367188, 'learning_rate': 8.273183630199267e-05, 'epoch': 3.05}
{'loss': 0.6599, 'grad_norm': 7.221446990966797, 'learning_rate': 8.30738447199422e-05, 'epoch': 3.06}
{'loss': 0.6242, 'grad_norm': 14.719836235046387, 'learning_rate': 8.341585313789174e-05, 'epoch': 3.07}
{'loss': 0.53, 'grad_norm': 5.478686332702637, 'learning_rate': 8.375786155584127e-05, 'epoch': 3.09}
{'loss': 0.5721, 'grad_norm': 12.165398597717285, 'learning_rate': 8.409986997379081e-05, 'epoch': 3.1}
{'loss': 0.6391, 'grad_norm': 10.403297424316406, 'learning_rate': 8.444187839174035e-05, 'epoch': 3.11}
{'loss': 0.6129, 'grad_norm': 11.642176628112793, 'learning_rate': 8.478388680968987e-05, 'epoch': 3.12}
{'loss': 0.699, 'grad_norm': 18.130128860473633, 'learning_rate': 8.512589522763941e-05, 'epoch': 3.14}
{'loss': 0.539, 'grad_norm': 17.531402587890625, 'learning_rate': 8.546790364558895e-05, 'epoch': 3.15}
{'loss': 0.6443, 'grad_norm': 10.094749450683594, 'learning_rate': 8.580991206353848e-05, 'epoch': 3.16}
{'loss': 0.6749, 'grad_norm': 8.784197807312012, 'learning_rate': 8.615192048148801e-05, 'epoch': 3.17}
{'loss': 0.6348, 'grad_norm': 13.977249145507812, 'learning_rate': 8.649392889943755e-05, 'epoch': 3.19}
{'loss': 0.5365, 'grad_norm': 10.162367820739746, 'learning_rate': 8.68359373173871e-05, 'epoch': 3.2}
{'loss': 0.6544, 'grad_norm': 14.571467399597168, 'learning_rate': 8.717794573533662e-05, 'epoch': 3.21}
{'loss': 0.6603, 'grad_norm': 220.75497436523438, 'learning_rate': 8.751995415328617e-05, 'epoch': 3.22}
{'loss': 0.5265, 'grad_norm': 10.928627014160156, 'learning_rate': 8.78619625712357e-05, 'epoch': 3.24}
{'loss': 0.6252, 'grad_norm': 15.873509407043457, 'learning_rate': 8.820397098918524e-05, 'epoch': 3.25}
{'loss': 0.6563, 'grad_norm': 12.675039291381836, 'learning_rate': 8.854597940713477e-05, 'epoch': 3.26}
{'loss': 0.6171, 'grad_norm': 8.820443153381348, 'learning_rate': 8.888798782508431e-05, 'epoch': 3.27}
{'loss': 0.7059, 'grad_norm': 13.511844635009766, 'learning_rate': 8.922999624303384e-05, 'epoch': 3.29}
{'loss': 0.6106, 'grad_norm': 15.199334144592285, 'learning_rate': 8.957200466098338e-05, 'epoch': 3.3}
{'loss': 0.5363, 'grad_norm': 16.250959396362305, 'learning_rate': 8.991401307893291e-05, 'epoch': 3.31}
{'loss': 0.6839, 'grad_norm': 12.85046672821045, 'learning_rate': 9.025602149688245e-05, 'epoch': 3.32}
{'loss': 0.5778, 'grad_norm': 17.00924301147461, 'learning_rate': 9.0598029914832e-05, 'epoch': 3.34}
{'loss': 0.719, 'grad_norm': 14.575050354003906, 'learning_rate': 9.094003833278151e-05, 'epoch': 3.35}
{'loss': 0.5863, 'grad_norm': 10.49421501159668, 'learning_rate': 9.128204675073105e-05, 'epoch': 3.36}
{'loss': 0.5828, 'grad_norm': 16.26298713684082, 'learning_rate': 9.16240551686806e-05, 'epoch': 3.38}
{'loss': 0.6185, 'grad_norm': 8.697900772094727, 'learning_rate': 9.196606358663012e-05, 'epoch': 3.39}
{'loss': 0.6487, 'grad_norm': 7.7278971672058105, 'learning_rate': 9.230807200457966e-05, 'epoch': 3.4}
{'loss': 0.607, 'grad_norm': 14.098814964294434, 'learning_rate': 9.26500804225292e-05, 'epoch': 3.41}
{'loss': 0.6473, 'grad_norm': 13.647944450378418, 'learning_rate': 9.299208884047874e-05, 'epoch': 3.43}
{'loss': 0.7162, 'grad_norm': 11.121898651123047, 'learning_rate': 9.333409725842826e-05, 'epoch': 3.44}
{'loss': 0.592, 'grad_norm': 16.210962295532227, 'learning_rate': 9.367610567637781e-05, 'epoch': 3.45}
{'loss': 0.7089, 'grad_norm': 12.64069938659668, 'learning_rate': 9.401811409432734e-05, 'epoch': 3.46}
{'loss': 0.6642, 'grad_norm': 10.194464683532715, 'learning_rate': 9.436012251227688e-05, 'epoch': 3.48}
{'loss': 0.6077, 'grad_norm': 13.502760887145996, 'learning_rate': 9.470213093022641e-05, 'epoch': 3.49}
{'loss': 0.62, 'grad_norm': 10.982992172241211, 'learning_rate': 9.504413934817595e-05, 'epoch': 3.5}
{'loss': 0.7323, 'grad_norm': 13.395724296569824, 'learning_rate': 9.538614776612549e-05, 'epoch': 3.51}
{'loss': 0.6766, 'grad_norm': 13.92110538482666, 'learning_rate': 9.553442840619149e-05, 'epoch': 3.53}
{'loss': 0.6326, 'grad_norm': 12.358800888061523, 'learning_rate': 9.548898126837397e-05, 'epoch': 3.54}
{'loss': 0.5705, 'grad_norm': 13.18189525604248, 'learning_rate': 9.544353413055646e-05, 'epoch': 3.55}
{'loss': 0.6665, 'grad_norm': 15.114317893981934, 'learning_rate': 9.539808699273895e-05, 'epoch': 3.56}
{'loss': 0.8209, 'grad_norm': 10.16419506072998, 'learning_rate': 9.535263985492144e-05, 'epoch': 3.58}
{'loss': 0.5855, 'grad_norm': 12.511207580566406, 'learning_rate': 9.530719271710393e-05, 'epoch': 3.59}
{'loss': 0.566, 'grad_norm': 12.394168853759766, 'learning_rate': 9.526174557928641e-05, 'epoch': 3.6}
{'loss': 0.6664, 'grad_norm': 12.834894180297852, 'learning_rate': 9.52162984414689e-05, 'epoch': 3.61}
{'loss': 0.6603, 'grad_norm': 7.885709285736084, 'learning_rate': 9.517085130365139e-05, 'epoch': 3.63}
{'loss': 0.6635, 'grad_norm': 11.282896041870117, 'learning_rate': 9.512540416583388e-05, 'epoch': 3.64}
{'loss': 0.5234, 'grad_norm': 8.084306716918945, 'learning_rate': 9.507995702801638e-05, 'epoch': 3.65}
{'loss': 0.5591, 'grad_norm': 6.5203118324279785, 'learning_rate': 9.503450989019887e-05, 'epoch': 3.66}
{'loss': 0.6608, 'grad_norm': 15.438934326171875, 'learning_rate': 9.498906275238136e-05, 'epoch': 3.68}
{'loss': 0.6156, 'grad_norm': 10.130025863647461, 'learning_rate': 9.494361561456384e-05, 'epoch': 3.69}
{'loss': 0.7697, 'grad_norm': 15.746358871459961, 'learning_rate': 9.489816847674633e-05, 'epoch': 3.7}
{'loss': 0.72, 'grad_norm': 11.082955360412598, 'learning_rate': 9.485272133892882e-05, 'epoch': 3.72}
{'loss': 0.5159, 'grad_norm': 12.094815254211426, 'learning_rate': 9.480727420111131e-05, 'epoch': 3.73}
{'loss': 0.6916, 'grad_norm': 10.33095932006836, 'learning_rate': 9.47618270632938e-05, 'epoch': 3.74}
{'loss': 0.7105, 'grad_norm': 11.026544570922852, 'learning_rate': 9.471637992547628e-05, 'epoch': 3.75}
{'loss': 0.6739, 'grad_norm': 9.834275245666504, 'learning_rate': 9.467093278765877e-05, 'epoch': 3.77}
{'loss': 0.4927, 'grad_norm': 8.241715431213379, 'learning_rate': 9.462548564984126e-05, 'epoch': 3.78}
{'loss': 0.6652, 'grad_norm': 11.459156036376953, 'learning_rate': 9.458003851202375e-05, 'epoch': 3.79}
{'loss': 0.4975, 'grad_norm': 13.399052619934082, 'learning_rate': 9.453459137420624e-05, 'epoch': 3.8}
{'loss': 0.7009, 'grad_norm': 12.177350997924805, 'learning_rate': 9.448914423638873e-05, 'epoch': 3.82}
{'loss': 0.6347, 'grad_norm': 9.256020545959473, 'learning_rate': 9.444369709857121e-05, 'epoch': 3.83}
{'loss': 0.6537, 'grad_norm': 14.693256378173828, 'learning_rate': 9.43982499607537e-05, 'epoch': 3.84}
{'loss': 0.7109, 'grad_norm': 12.63237190246582, 'learning_rate': 9.435280282293619e-05, 'epoch': 3.85}
{'loss': 0.617, 'grad_norm': 12.87532901763916, 'learning_rate': 9.430735568511868e-05, 'epoch': 3.87}
{'loss': 0.6844, 'grad_norm': 15.075685501098633, 'learning_rate': 9.426190854730117e-05, 'epoch': 3.88}
{'loss': 0.5742, 'grad_norm': 15.06916618347168, 'learning_rate': 9.421646140948365e-05, 'epoch': 3.89}
{'loss': 0.605, 'grad_norm': 14.42831039428711, 'learning_rate': 9.417101427166614e-05, 'epoch': 3.9}
{'loss': 0.5888, 'grad_norm': 11.004803657531738, 'learning_rate': 9.412556713384863e-05, 'epoch': 3.92}
{'loss': 0.4677, 'grad_norm': 6.753445148468018, 'learning_rate': 9.408011999603112e-05, 'epoch': 3.93}
{'loss': 0.5474, 'grad_norm': 22.557167053222656, 'learning_rate': 9.40346728582136e-05, 'epoch': 3.94}
{'loss': 0.6398, 'grad_norm': 14.329455375671387, 'learning_rate': 9.39892257203961e-05, 'epoch': 3.95}
{'loss': 0.5092, 'grad_norm': 5.820634365081787, 'learning_rate': 9.394377858257858e-05, 'epoch': 3.97}
{'loss': 0.6588, 'grad_norm': 16.122634887695312, 'learning_rate': 9.389833144476107e-05, 'epoch': 3.98}
{'loss': 0.5862, 'grad_norm': 12.766307830810547, 'learning_rate': 9.385288430694356e-05, 'epoch': 3.99}
{'eval_loss': 0.6478299498558044, 'eval_f1_macro': 0.7756910796118096, 'eval_f1_weighted': 0.7845973073061744, 'eval_precision_macro': 0.7914457714745217, 'eval_recall_macro': 0.7734850129211487, 'eval_accuracy': 0.7860422405876951, 'eval_runtime': 5.4942, 'eval_samples_per_second': 991.051, 'eval_steps_per_second': 15.653, 'epoch': 4.0}
{'loss': 0.5416, 'grad_norm': 9.80566120147705, 'learning_rate': 9.380743716912605e-05, 'epoch': 4.01}
{'loss': 0.4809, 'grad_norm': 14.190350532531738, 'learning_rate': 9.376199003130853e-05, 'epoch': 4.02}
{'loss': 0.5158, 'grad_norm': 13.432464599609375, 'learning_rate': 9.371654289349102e-05, 'epoch': 4.03}
{'loss': 0.4817, 'grad_norm': 13.727664947509766, 'learning_rate': 9.367109575567351e-05, 'epoch': 4.04}
{'loss': 0.6157, 'grad_norm': 12.431755065917969, 'learning_rate': 9.3625648617856e-05, 'epoch': 4.06}
{'loss': 0.5379, 'grad_norm': 12.19279956817627, 'learning_rate': 9.358020148003849e-05, 'epoch': 4.07}
{'loss': 0.5207, 'grad_norm': 11.067312240600586, 'learning_rate': 9.353475434222097e-05, 'epoch': 4.08}
{'loss': 0.4348, 'grad_norm': 16.53162956237793, 'learning_rate': 9.348930720440346e-05, 'epoch': 4.09}
{'loss': 0.3944, 'grad_norm': 14.5117769241333, 'learning_rate': 9.344386006658595e-05, 'epoch': 4.11}
{'loss': 0.4666, 'grad_norm': 11.389291763305664, 'learning_rate': 9.339841292876844e-05, 'epoch': 4.12}
{'loss': 0.4766, 'grad_norm': 6.351970672607422, 'learning_rate': 9.335296579095093e-05, 'epoch': 4.13}
{'loss': 0.5317, 'grad_norm': 16.377918243408203, 'learning_rate': 9.330751865313341e-05, 'epoch': 4.14}
{'loss': 0.5311, 'grad_norm': 9.35461139678955, 'learning_rate': 9.32620715153159e-05, 'epoch': 4.16}
{'loss': 0.4335, 'grad_norm': 8.061761856079102, 'learning_rate': 9.32166243774984e-05, 'epoch': 4.17}
{'loss': 0.4172, 'grad_norm': 14.402820587158203, 'learning_rate': 9.317117723968089e-05, 'epoch': 4.18}
{'loss': 0.4797, 'grad_norm': 7.846282482147217, 'learning_rate': 9.312573010186338e-05, 'epoch': 4.19}
{'loss': 0.5153, 'grad_norm': 16.931472778320312, 'learning_rate': 9.308028296404587e-05, 'epoch': 4.21}
{'loss': 0.4964, 'grad_norm': 18.040416717529297, 'learning_rate': 9.303483582622834e-05, 'epoch': 4.22}
{'loss': 0.4775, 'grad_norm': 15.948952674865723, 'learning_rate': 9.298938868841083e-05, 'epoch': 4.23}
{'loss': 0.6109, 'grad_norm': 7.89995813369751, 'learning_rate': 9.294394155059332e-05, 'epoch': 4.24}
{'loss': 0.4711, 'grad_norm': 9.889695167541504, 'learning_rate': 9.28984944127758e-05, 'epoch': 4.26}
{'loss': 0.531, 'grad_norm': 9.187236785888672, 'learning_rate': 9.28530472749583e-05, 'epoch': 4.27}
{'loss': 0.5275, 'grad_norm': 3.7069194316864014, 'learning_rate': 9.280760013714078e-05, 'epoch': 4.28}
{'loss': 0.4789, 'grad_norm': 12.955787658691406, 'learning_rate': 9.276215299932327e-05, 'epoch': 4.29}
{'loss': 0.5597, 'grad_norm': 12.502126693725586, 'learning_rate': 9.271670586150576e-05, 'epoch': 4.31}
{'loss': 0.5697, 'grad_norm': 11.864087104797363, 'learning_rate': 9.267125872368825e-05, 'epoch': 4.32}
{'loss': 0.4499, 'grad_norm': 8.730348587036133, 'learning_rate': 9.262581158587073e-05, 'epoch': 4.33}
{'loss': 0.4246, 'grad_norm': 8.668050765991211, 'learning_rate': 9.258036444805322e-05, 'epoch': 4.35}
{'loss': 0.4298, 'grad_norm': 16.967470169067383, 'learning_rate': 9.253491731023571e-05, 'epoch': 4.36}
{'loss': 0.5136, 'grad_norm': 10.702878952026367, 'learning_rate': 9.24894701724182e-05, 'epoch': 4.37}
{'loss': 0.425, 'grad_norm': 8.379114151000977, 'learning_rate': 9.244402303460069e-05, 'epoch': 4.38}
{'loss': 0.5076, 'grad_norm': 12.666670799255371, 'learning_rate': 9.239857589678317e-05, 'epoch': 4.4}
{'loss': 0.493, 'grad_norm': 8.386000633239746, 'learning_rate': 9.235312875896566e-05, 'epoch': 4.41}
{'loss': 0.4538, 'grad_norm': 11.945487976074219, 'learning_rate': 9.230768162114816e-05, 'epoch': 4.42}
{'loss': 0.5058, 'grad_norm': 13.807624816894531, 'learning_rate': 9.226223448333065e-05, 'epoch': 4.43}
{'loss': 0.5449, 'grad_norm': 18.1231746673584, 'learning_rate': 9.221678734551314e-05, 'epoch': 4.45}
{'loss': 0.4819, 'grad_norm': 15.411850929260254, 'learning_rate': 9.217134020769563e-05, 'epoch': 4.46}
{'loss': 0.4815, 'grad_norm': 7.354742050170898, 'learning_rate': 9.212589306987812e-05, 'epoch': 4.47}
{'loss': 0.5534, 'grad_norm': 11.504761695861816, 'learning_rate': 9.20804459320606e-05, 'epoch': 4.48}
{'loss': 0.48, 'grad_norm': 12.037557601928711, 'learning_rate': 9.203499879424309e-05, 'epoch': 4.5}
{'loss': 0.4903, 'grad_norm': 8.390203475952148, 'learning_rate': 9.198955165642558e-05, 'epoch': 4.51}
{'loss': 0.5564, 'grad_norm': 9.352550506591797, 'learning_rate': 9.194410451860807e-05, 'epoch': 4.52}
{'loss': 0.4139, 'grad_norm': 11.56156063079834, 'learning_rate': 9.189865738079056e-05, 'epoch': 4.53}
{'loss': 0.5358, 'grad_norm': 10.176067352294922, 'learning_rate': 9.185321024297304e-05, 'epoch': 4.55}
{'loss': 0.4882, 'grad_norm': 14.153166770935059, 'learning_rate': 9.180776310515553e-05, 'epoch': 4.56}
{'loss': 0.4384, 'grad_norm': 9.485858917236328, 'learning_rate': 9.176231596733802e-05, 'epoch': 4.57}
{'loss': 0.6131, 'grad_norm': 13.434776306152344, 'learning_rate': 9.171686882952051e-05, 'epoch': 4.58}
{'loss': 0.5233, 'grad_norm': 12.848353385925293, 'learning_rate': 9.1671421691703e-05, 'epoch': 4.6}
{'loss': 0.4301, 'grad_norm': 8.877217292785645, 'learning_rate': 9.162597455388547e-05, 'epoch': 4.61}
{'loss': 0.4873, 'grad_norm': 14.895837783813477, 'learning_rate': 9.158052741606796e-05, 'epoch': 4.62}
{'loss': 0.5121, 'grad_norm': 17.658483505249023, 'learning_rate': 9.153508027825045e-05, 'epoch': 4.63}
{'loss': 0.3847, 'grad_norm': 6.711555004119873, 'learning_rate': 9.148963314043294e-05, 'epoch': 4.65}
{'loss': 0.4439, 'grad_norm': 18.394336700439453, 'learning_rate': 9.144418600261542e-05, 'epoch': 4.66}
{'loss': 0.5272, 'grad_norm': 20.999013900756836, 'learning_rate': 9.139873886479793e-05, 'epoch': 4.67}
{'loss': 0.6258, 'grad_norm': 19.14385414123535, 'learning_rate': 9.135329172698041e-05, 'epoch': 4.69}
{'loss': 0.5396, 'grad_norm': 8.037846565246582, 'learning_rate': 9.13078445891629e-05, 'epoch': 4.7}
{'loss': 0.49, 'grad_norm': 11.873528480529785, 'learning_rate': 9.126239745134539e-05, 'epoch': 4.71}
{'loss': 0.5608, 'grad_norm': 11.600074768066406, 'learning_rate': 9.121695031352788e-05, 'epoch': 4.72}
{'loss': 0.4825, 'grad_norm': 11.357579231262207, 'learning_rate': 9.117150317571037e-05, 'epoch': 4.74}
{'loss': 0.4898, 'grad_norm': 10.784097671508789, 'learning_rate': 9.112605603789285e-05, 'epoch': 4.75}
{'loss': 0.5096, 'grad_norm': 12.697532653808594, 'learning_rate': 9.108060890007534e-05, 'epoch': 4.76}
{'loss': 0.4427, 'grad_norm': 15.164663314819336, 'learning_rate': 9.103516176225783e-05, 'epoch': 4.77}
{'loss': 0.437, 'grad_norm': 10.695990562438965, 'learning_rate': 9.098971462444032e-05, 'epoch': 4.79}
{'loss': 0.5687, 'grad_norm': 13.073683738708496, 'learning_rate': 9.09442674866228e-05, 'epoch': 4.8}
{'loss': 0.5182, 'grad_norm': 16.690399169921875, 'learning_rate': 9.08988203488053e-05, 'epoch': 4.81}
{'loss': 0.4976, 'grad_norm': 18.97196388244629, 'learning_rate': 9.085337321098778e-05, 'epoch': 4.82}
{'loss': 0.5689, 'grad_norm': 8.783437728881836, 'learning_rate': 9.080792607317027e-05, 'epoch': 4.84}
{'loss': 0.4846, 'grad_norm': 17.742246627807617, 'learning_rate': 9.076247893535276e-05, 'epoch': 4.85}
{'loss': 0.5478, 'grad_norm': 10.189803123474121, 'learning_rate': 9.071703179753525e-05, 'epoch': 4.86}
{'loss': 0.5203, 'grad_norm': 17.489072799682617, 'learning_rate': 9.067158465971773e-05, 'epoch': 4.87}
{'loss': 0.4499, 'grad_norm': 7.094614505767822, 'learning_rate': 9.062613752190022e-05, 'epoch': 4.89}
{'loss': 0.4597, 'grad_norm': 9.258495330810547, 'learning_rate': 9.058069038408271e-05, 'epoch': 4.9}
{'loss': 0.3808, 'grad_norm': 7.328810691833496, 'learning_rate': 9.05352432462652e-05, 'epoch': 4.91}
{'loss': 0.5835, 'grad_norm': 15.352572441101074, 'learning_rate': 9.048979610844769e-05, 'epoch': 4.92}
{'loss': 0.5013, 'grad_norm': 6.259552001953125, 'learning_rate': 9.044434897063017e-05, 'epoch': 4.94}
{'loss': 0.4376, 'grad_norm': 14.529206275939941, 'learning_rate': 9.039890183281266e-05, 'epoch': 4.95}
{'loss': 0.5897, 'grad_norm': 21.72241973876953, 'learning_rate': 9.035345469499515e-05, 'epoch': 4.96}
{'loss': 0.5335, 'grad_norm': 10.26335334777832, 'learning_rate': 9.030800755717764e-05, 'epoch': 4.97}
{'loss': 0.3438, 'grad_norm': 15.941692352294922, 'learning_rate': 9.026256041936013e-05, 'epoch': 4.99}
{'loss': 0.4441, 'grad_norm': 10.242408752441406, 'learning_rate': 9.021711328154261e-05, 'epoch': 5.0}
{'eval_loss': 0.6846490502357483, 'eval_f1_macro': 0.7912509977656873, 'eval_f1_weighted': 0.7976772458534004, 'eval_precision_macro': 0.8014265989676211, 'eval_recall_macro': 0.7901837344686642, 'eval_accuracy': 0.7977961432506887, 'eval_runtime': 5.4626, 'eval_samples_per_second': 996.784, 'eval_steps_per_second': 15.744, 'epoch': 5.0}
{'loss': 0.401, 'grad_norm': 10.138326644897461, 'learning_rate': 9.01716661437251e-05, 'epoch': 5.01}
{'loss': 0.4375, 'grad_norm': 12.545830726623535, 'learning_rate': 9.012621900590759e-05, 'epoch': 5.03}
{'loss': 0.3991, 'grad_norm': 7.189195156097412, 'learning_rate': 9.008077186809008e-05, 'epoch': 5.04}
{'loss': 0.4167, 'grad_norm': 9.713133811950684, 'learning_rate': 9.003532473027257e-05, 'epoch': 5.05}
{'loss': 0.3594, 'grad_norm': 6.489598274230957, 'learning_rate': 8.998987759245505e-05, 'epoch': 5.06}
{'loss': 0.3832, 'grad_norm': 11.305103302001953, 'learning_rate': 8.994443045463754e-05, 'epoch': 5.08}
{'loss': 0.422, 'grad_norm': 13.8687162399292, 'learning_rate': 8.989898331682003e-05, 'epoch': 5.09}
{'loss': 0.3614, 'grad_norm': 4.958672523498535, 'learning_rate': 8.985353617900252e-05, 'epoch': 5.1}
{'loss': 0.3691, 'grad_norm': 4.901626110076904, 'learning_rate': 8.9808089041185e-05, 'epoch': 5.11}
{'loss': 0.3443, 'grad_norm': 7.163817405700684, 'learning_rate': 8.97626419033675e-05, 'epoch': 5.13}
{'loss': 0.3341, 'grad_norm': 14.72768783569336, 'learning_rate': 8.971719476554998e-05, 'epoch': 5.14}
{'loss': 0.3911, 'grad_norm': 8.87172794342041, 'learning_rate': 8.967174762773247e-05, 'epoch': 5.15}
{'loss': 0.4661, 'grad_norm': 6.453049659729004, 'learning_rate': 8.962630048991496e-05, 'epoch': 5.16}
{'loss': 0.3971, 'grad_norm': 10.999337196350098, 'learning_rate': 8.958085335209746e-05, 'epoch': 5.18}
{'loss': 0.3248, 'grad_norm': 13.263580322265625, 'learning_rate': 8.953540621427995e-05, 'epoch': 5.19}
{'loss': 0.3049, 'grad_norm': 14.780431747436523, 'learning_rate': 8.948995907646244e-05, 'epoch': 5.2}
{'loss': 0.5407, 'grad_norm': 10.958488464355469, 'learning_rate': 8.944451193864492e-05, 'epoch': 5.21}
{'loss': 0.356, 'grad_norm': 11.203572273254395, 'learning_rate': 8.939906480082741e-05, 'epoch': 5.23}
{'loss': 0.4531, 'grad_norm': 15.96588134765625, 'learning_rate': 8.93536176630099e-05, 'epoch': 5.24}
{'loss': 0.3795, 'grad_norm': 11.507441520690918, 'learning_rate': 8.930817052519239e-05, 'epoch': 5.25}
{'loss': 0.5422, 'grad_norm': 8.449958801269531, 'learning_rate': 8.926272338737488e-05, 'epoch': 5.26}
{'loss': 0.4527, 'grad_norm': 9.966777801513672, 'learning_rate': 8.921727624955736e-05, 'epoch': 5.28}
{'loss': 0.4356, 'grad_norm': 11.067755699157715, 'learning_rate': 8.917182911173985e-05, 'epoch': 5.29}
{'loss': 0.4422, 'grad_norm': 8.604092597961426, 'learning_rate': 8.912638197392233e-05, 'epoch': 5.3}
{'loss': 0.3438, 'grad_norm': 9.239048957824707, 'learning_rate': 8.908093483610482e-05, 'epoch': 5.31}
{'loss': 0.4347, 'grad_norm': 8.443861961364746, 'learning_rate': 8.90354876982873e-05, 'epoch': 5.33}
{'loss': 0.3248, 'grad_norm': 13.725845336914062, 'learning_rate': 8.899004056046979e-05, 'epoch': 5.34}
{'loss': 0.4848, 'grad_norm': 15.244874000549316, 'learning_rate': 8.894459342265228e-05, 'epoch': 5.35}
{'loss': 0.398, 'grad_norm': 13.080821990966797, 'learning_rate': 8.889914628483477e-05, 'epoch': 5.37}
{'loss': 0.3902, 'grad_norm': 8.66642951965332, 'learning_rate': 8.885369914701726e-05, 'epoch': 5.38}
{'loss': 0.3978, 'grad_norm': 12.804081916809082, 'learning_rate': 8.880825200919974e-05, 'epoch': 5.39}
{'loss': 0.3861, 'grad_norm': 11.702027320861816, 'learning_rate': 8.876280487138223e-05, 'epoch': 5.4}
{'loss': 0.3444, 'grad_norm': 13.352828979492188, 'learning_rate': 8.871735773356472e-05, 'epoch': 5.42}
{'loss': 0.3781, 'grad_norm': 9.243243217468262, 'learning_rate': 8.867191059574721e-05, 'epoch': 5.43}
{'loss': 0.3012, 'grad_norm': 6.42853307723999, 'learning_rate': 8.862646345792971e-05, 'epoch': 5.44}
{'loss': 0.3299, 'grad_norm': 16.423450469970703, 'learning_rate': 8.85810163201122e-05, 'epoch': 5.45}
{'loss': 0.3814, 'grad_norm': 32.774444580078125, 'learning_rate': 8.853556918229469e-05, 'epoch': 5.47}
{'loss': 0.3899, 'grad_norm': 11.1160306930542, 'learning_rate': 8.849012204447717e-05, 'epoch': 5.48}
{'loss': 0.3877, 'grad_norm': 8.503702163696289, 'learning_rate': 8.844467490665966e-05, 'epoch': 5.49}
{'loss': 0.4718, 'grad_norm': 7.379903316497803, 'learning_rate': 8.839922776884215e-05, 'epoch': 5.5}
{'loss': 0.4458, 'grad_norm': 11.727023124694824, 'learning_rate': 8.835378063102464e-05, 'epoch': 5.52}
{'loss': 0.4402, 'grad_norm': 14.313688278198242, 'learning_rate': 8.830833349320713e-05, 'epoch': 5.53}
{'loss': 0.2851, 'grad_norm': 6.289535045623779, 'learning_rate': 8.826288635538961e-05, 'epoch': 5.54}
{'loss': 0.3779, 'grad_norm': 19.127796173095703, 'learning_rate': 8.82174392175721e-05, 'epoch': 5.55}
{'loss': 0.4002, 'grad_norm': 8.163379669189453, 'learning_rate': 8.817199207975459e-05, 'epoch': 5.57}
{'loss': 0.456, 'grad_norm': 13.919754028320312, 'learning_rate': 8.812654494193708e-05, 'epoch': 5.58}
{'loss': 0.4639, 'grad_norm': 4.7745747566223145, 'learning_rate': 8.808109780411957e-05, 'epoch': 5.59}
{'loss': 0.478, 'grad_norm': 13.311104774475098, 'learning_rate': 8.803565066630205e-05, 'epoch': 5.6}
{'loss': 0.3084, 'grad_norm': 10.25245475769043, 'learning_rate': 8.799020352848454e-05, 'epoch': 5.62}
{'loss': 0.4717, 'grad_norm': 8.155521392822266, 'learning_rate': 8.794475639066703e-05, 'epoch': 5.63}
{'loss': 0.2958, 'grad_norm': 4.653031826019287, 'learning_rate': 8.789930925284952e-05, 'epoch': 5.64}
{'loss': 0.3913, 'grad_norm': 9.18541145324707, 'learning_rate': 8.7853862115032e-05, 'epoch': 5.65}
{'loss': 0.3801, 'grad_norm': 7.235207557678223, 'learning_rate': 8.78084149772145e-05, 'epoch': 5.67}
{'loss': 0.4545, 'grad_norm': 7.351625919342041, 'learning_rate': 8.776296783939698e-05, 'epoch': 5.68}
{'loss': 0.5197, 'grad_norm': 9.65178108215332, 'learning_rate': 8.771752070157947e-05, 'epoch': 5.69}
{'loss': 0.47, 'grad_norm': 13.829450607299805, 'learning_rate': 8.767207356376196e-05, 'epoch': 5.71}
{'loss': 0.4646, 'grad_norm': 3.376607656478882, 'learning_rate': 8.762662642594445e-05, 'epoch': 5.72}
{'loss': 0.4481, 'grad_norm': 21.05884552001953, 'learning_rate': 8.758117928812693e-05, 'epoch': 5.73}
{'loss': 0.3554, 'grad_norm': 9.640168190002441, 'learning_rate': 8.753573215030942e-05, 'epoch': 5.74}
{'loss': 0.3868, 'grad_norm': 27.42329216003418, 'learning_rate': 8.749028501249191e-05, 'epoch': 5.76}
{'loss': 0.3585, 'grad_norm': 4.771563529968262, 'learning_rate': 8.74448378746744e-05, 'epoch': 5.77}
{'loss': 0.3995, 'grad_norm': 18.92271614074707, 'learning_rate': 8.739939073685689e-05, 'epoch': 5.78}
{'loss': 0.3647, 'grad_norm': 11.7144775390625, 'learning_rate': 8.735394359903937e-05, 'epoch': 5.79}
{'loss': 0.3613, 'grad_norm': 6.849362373352051, 'learning_rate': 8.730849646122186e-05, 'epoch': 5.81}
{'loss': 0.4373, 'grad_norm': 12.694513320922852, 'learning_rate': 8.726304932340435e-05, 'epoch': 5.82}
{'loss': 0.4828, 'grad_norm': 9.393403053283691, 'learning_rate': 8.721760218558684e-05, 'epoch': 5.83}
{'loss': 0.4131, 'grad_norm': 14.123170852661133, 'learning_rate': 8.717215504776933e-05, 'epoch': 5.84}
{'loss': 0.4358, 'grad_norm': 3.931529998779297, 'learning_rate': 8.712670790995181e-05, 'epoch': 5.86}
{'loss': 0.2947, 'grad_norm': 7.344141006469727, 'learning_rate': 8.70812607721343e-05, 'epoch': 5.87}
{'loss': 0.3693, 'grad_norm': 8.44267463684082, 'learning_rate': 8.703581363431679e-05, 'epoch': 5.88}
{'loss': 0.3502, 'grad_norm': 16.072542190551758, 'learning_rate': 8.699036649649928e-05, 'epoch': 5.89}
{'loss': 0.3839, 'grad_norm': 10.135988235473633, 'learning_rate': 8.694491935868177e-05, 'epoch': 5.91}
{'loss': 0.358, 'grad_norm': 11.62344741821289, 'learning_rate': 8.689947222086425e-05, 'epoch': 5.92}
{'loss': 0.3291, 'grad_norm': 44.31345748901367, 'learning_rate': 8.685402508304674e-05, 'epoch': 5.93}
{'loss': 0.4102, 'grad_norm': 18.61193084716797, 'learning_rate': 8.680857794522924e-05, 'epoch': 5.94}
{'loss': 0.4349, 'grad_norm': 8.661276817321777, 'learning_rate': 8.676313080741173e-05, 'epoch': 5.96}
{'loss': 0.3067, 'grad_norm': 9.578062057495117, 'learning_rate': 8.671768366959422e-05, 'epoch': 5.97}
{'loss': 0.322, 'grad_norm': 16.250471115112305, 'learning_rate': 8.66722365317767e-05, 'epoch': 5.98}
{'loss': 0.3692, 'grad_norm': 16.885591506958008, 'learning_rate': 8.662678939395918e-05, 'epoch': 5.99}
{'eval_loss': 0.6509420275688171, 'eval_f1_macro': 0.8023066760867584, 'eval_f1_weighted': 0.813251093803657, 'eval_precision_macro': 0.805865355995991, 'eval_recall_macro': 0.8020633430978928, 'eval_accuracy': 0.8130394857667584, 'eval_runtime': 5.5533, 'eval_samples_per_second': 980.501, 'eval_steps_per_second': 15.486, 'epoch': 6.0}
{'loss': 0.2681, 'grad_norm': 8.694892883300781, 'learning_rate': 8.658134225614167e-05, 'epoch': 6.01}
{'loss': 0.3851, 'grad_norm': 13.444204330444336, 'learning_rate': 8.653589511832416e-05, 'epoch': 6.02}
{'loss': 0.2352, 'grad_norm': 5.745140552520752, 'learning_rate': 8.649044798050665e-05, 'epoch': 6.03}
{'loss': 0.3221, 'grad_norm': 9.714213371276855, 'learning_rate': 8.644500084268914e-05, 'epoch': 6.05}
{'loss': 0.3438, 'grad_norm': 9.544321060180664, 'learning_rate': 8.639955370487162e-05, 'epoch': 6.06}
{'loss': 0.307, 'grad_norm': 9.954285621643066, 'learning_rate': 8.635410656705411e-05, 'epoch': 6.07}
{'loss': 0.2941, 'grad_norm': 16.36168670654297, 'learning_rate': 8.63086594292366e-05, 'epoch': 6.08}
{'loss': 0.4077, 'grad_norm': 18.934720993041992, 'learning_rate': 8.626321229141909e-05, 'epoch': 6.1}
{'loss': 0.2633, 'grad_norm': 7.815274715423584, 'learning_rate': 8.621776515360158e-05, 'epoch': 6.11}
{'loss': 0.3102, 'grad_norm': 7.927384853363037, 'learning_rate': 8.617231801578406e-05, 'epoch': 6.12}
{'loss': 0.3059, 'grad_norm': 19.614561080932617, 'learning_rate': 8.612687087796655e-05, 'epoch': 6.13}
{'loss': 0.3329, 'grad_norm': 15.989073753356934, 'learning_rate': 8.608142374014904e-05, 'epoch': 6.15}
{'loss': 0.3954, 'grad_norm': 12.029092788696289, 'learning_rate': 8.603597660233153e-05, 'epoch': 6.16}
{'loss': 0.2383, 'grad_norm': 8.97124195098877, 'learning_rate': 8.599052946451402e-05, 'epoch': 6.17}
{'loss': 0.2647, 'grad_norm': 12.866214752197266, 'learning_rate': 8.59450823266965e-05, 'epoch': 6.18}
{'loss': 0.3209, 'grad_norm': 18.6660099029541, 'learning_rate': 8.5899635188879e-05, 'epoch': 6.2}
{'loss': 0.2637, 'grad_norm': 19.664642333984375, 'learning_rate': 8.58541880510615e-05, 'epoch': 6.21}
{'loss': 0.3936, 'grad_norm': 16.460420608520508, 'learning_rate': 8.580874091324398e-05, 'epoch': 6.22}
{'loss': 0.3106, 'grad_norm': 7.969483852386475, 'learning_rate': 8.576329377542647e-05, 'epoch': 6.23}
{'loss': 0.2824, 'grad_norm': 10.1248140335083, 'learning_rate': 8.571784663760896e-05, 'epoch': 6.25}
{'loss': 0.2996, 'grad_norm': 7.750822067260742, 'learning_rate': 8.567239949979145e-05, 'epoch': 6.26}
{'loss': 0.2295, 'grad_norm': 5.16399621963501, 'learning_rate': 8.562695236197393e-05, 'epoch': 6.27}
{'loss': 0.3288, 'grad_norm': 10.224053382873535, 'learning_rate': 8.558150522415642e-05, 'epoch': 6.28}
{'loss': 0.311, 'grad_norm': 6.897026538848877, 'learning_rate': 8.553605808633891e-05, 'epoch': 6.3}
{'loss': 0.3819, 'grad_norm': 14.351043701171875, 'learning_rate': 8.54906109485214e-05, 'epoch': 6.31}
{'loss': 0.2799, 'grad_norm': 12.321321487426758, 'learning_rate': 8.544516381070389e-05, 'epoch': 6.32}
{'loss': 0.2885, 'grad_norm': 12.985294342041016, 'learning_rate': 8.539971667288637e-05, 'epoch': 6.34}
{'loss': 0.2125, 'grad_norm': 9.360309600830078, 'learning_rate': 8.535426953506886e-05, 'epoch': 6.35}
{'loss': 0.2379, 'grad_norm': 17.433692932128906, 'learning_rate': 8.530882239725135e-05, 'epoch': 6.36}
{'loss': 0.2606, 'grad_norm': 4.857944965362549, 'learning_rate': 8.526337525943384e-05, 'epoch': 6.37}
{'loss': 0.4124, 'grad_norm': 29.779165267944336, 'learning_rate': 8.521792812161631e-05, 'epoch': 6.39}
{'loss': 0.288, 'grad_norm': 6.519250392913818, 'learning_rate': 8.51724809837988e-05, 'epoch': 6.4}
{'loss': 0.3066, 'grad_norm': 15.041815757751465, 'learning_rate': 8.512703384598129e-05, 'epoch': 6.41}
{'loss': 0.242, 'grad_norm': 25.95029640197754, 'learning_rate': 8.508158670816378e-05, 'epoch': 6.42}
{'loss': 0.3525, 'grad_norm': 6.284018516540527, 'learning_rate': 8.503613957034626e-05, 'epoch': 6.44}
{'loss': 0.3816, 'grad_norm': 6.238614559173584, 'learning_rate': 8.499069243252877e-05, 'epoch': 6.45}
{'loss': 0.3072, 'grad_norm': 8.390665054321289, 'learning_rate': 8.494524529471125e-05, 'epoch': 6.46}
{'loss': 0.2712, 'grad_norm': 13.941166877746582, 'learning_rate': 8.489979815689374e-05, 'epoch': 6.47}
{'loss': 0.2804, 'grad_norm': 11.506856918334961, 'learning_rate': 8.485435101907623e-05, 'epoch': 6.49}
{'loss': 0.3118, 'grad_norm': 16.200679779052734, 'learning_rate': 8.480890388125872e-05, 'epoch': 6.5}
{'loss': 0.279, 'grad_norm': 8.383334159851074, 'learning_rate': 8.47634567434412e-05, 'epoch': 6.51}
{'loss': 0.3885, 'grad_norm': 13.49942684173584, 'learning_rate': 8.47180096056237e-05, 'epoch': 6.52}
{'loss': 0.2172, 'grad_norm': 8.687074661254883, 'learning_rate': 8.467256246780618e-05, 'epoch': 6.54}
{'loss': 0.4704, 'grad_norm': 12.405363082885742, 'learning_rate': 8.462711532998867e-05, 'epoch': 6.55}
{'loss': 0.3108, 'grad_norm': 16.52540397644043, 'learning_rate': 8.458166819217116e-05, 'epoch': 6.56}
{'loss': 0.2517, 'grad_norm': 15.187378883361816, 'learning_rate': 8.453622105435365e-05, 'epoch': 6.57}
{'loss': 0.3006, 'grad_norm': 14.354057312011719, 'learning_rate': 8.449077391653613e-05, 'epoch': 6.59}
{'loss': 0.3421, 'grad_norm': 16.7355899810791, 'learning_rate': 8.444532677871862e-05, 'epoch': 6.6}
{'loss': 0.3727, 'grad_norm': 15.393731117248535, 'learning_rate': 8.439987964090111e-05, 'epoch': 6.61}
{'loss': 0.2752, 'grad_norm': 12.63685131072998, 'learning_rate': 8.43544325030836e-05, 'epoch': 6.62}
{'loss': 0.294, 'grad_norm': 11.145888328552246, 'learning_rate': 8.430898536526609e-05, 'epoch': 6.64}
{'loss': 0.3512, 'grad_norm': 18.74811553955078, 'learning_rate': 8.426353822744857e-05, 'epoch': 6.65}
{'loss': 0.4523, 'grad_norm': 11.107072830200195, 'learning_rate': 8.421809108963106e-05, 'epoch': 6.66}
{'loss': 0.205, 'grad_norm': 8.599997520446777, 'learning_rate': 8.417264395181355e-05, 'epoch': 6.68}
{'loss': 0.2959, 'grad_norm': 17.774982452392578, 'learning_rate': 8.412719681399604e-05, 'epoch': 6.69}
{'loss': 0.4127, 'grad_norm': 13.474165916442871, 'learning_rate': 8.408174967617853e-05, 'epoch': 6.7}
{'loss': 0.3245, 'grad_norm': 19.216062545776367, 'learning_rate': 8.403630253836101e-05, 'epoch': 6.71}
{'loss': 0.2703, 'grad_norm': 4.926330089569092, 'learning_rate': 8.39908554005435e-05, 'epoch': 6.73}
{'loss': 0.2828, 'grad_norm': 19.085969924926758, 'learning_rate': 8.394540826272599e-05, 'epoch': 6.74}
{'loss': 0.3689, 'grad_norm': 17.67510414123535, 'learning_rate': 8.389996112490848e-05, 'epoch': 6.75}
{'loss': 0.3708, 'grad_norm': 12.011122703552246, 'learning_rate': 8.385451398709097e-05, 'epoch': 6.76}
{'loss': 0.3346, 'grad_norm': 10.68808364868164, 'learning_rate': 8.380906684927346e-05, 'epoch': 6.78}
{'loss': 0.339, 'grad_norm': 13.198637008666992, 'learning_rate': 8.376361971145594e-05, 'epoch': 6.79}
{'loss': 0.2583, 'grad_norm': 15.09228515625, 'learning_rate': 8.371817257363843e-05, 'epoch': 6.8}
{'loss': 0.2723, 'grad_norm': 12.208548545837402, 'learning_rate': 8.367272543582092e-05, 'epoch': 6.81}
{'loss': 0.3776, 'grad_norm': 10.542837142944336, 'learning_rate': 8.362727829800341e-05, 'epoch': 6.83}
{'loss': 0.3168, 'grad_norm': 8.726506233215332, 'learning_rate': 8.35818311601859e-05, 'epoch': 6.84}
{'loss': 0.3201, 'grad_norm': 14.878847122192383, 'learning_rate': 8.353638402236838e-05, 'epoch': 6.85}
{'loss': 0.334, 'grad_norm': 7.02232027053833, 'learning_rate': 8.349093688455087e-05, 'epoch': 6.86}
{'loss': 0.3434, 'grad_norm': 12.645974159240723, 'learning_rate': 8.344548974673336e-05, 'epoch': 6.88}
{'loss': 0.2227, 'grad_norm': 6.611984729766846, 'learning_rate': 8.340004260891585e-05, 'epoch': 6.89}
{'loss': 0.2602, 'grad_norm': 5.4805474281311035, 'learning_rate': 8.335459547109834e-05, 'epoch': 6.9}
{'loss': 0.2935, 'grad_norm': 7.196329593658447, 'learning_rate': 8.330914833328082e-05, 'epoch': 6.91}
{'loss': 0.3352, 'grad_norm': 11.613282203674316, 'learning_rate': 8.326370119546331e-05, 'epoch': 6.93}
{'loss': 0.4142, 'grad_norm': 35.99527359008789, 'learning_rate': 8.32182540576458e-05, 'epoch': 6.94}
{'loss': 0.3888, 'grad_norm': 5.480894088745117, 'learning_rate': 8.317280691982829e-05, 'epoch': 6.95}
{'loss': 0.3392, 'grad_norm': 10.896032333374023, 'learning_rate': 8.312735978201079e-05, 'epoch': 6.96}
{'loss': 0.2978, 'grad_norm': 12.118896484375, 'learning_rate': 8.308191264419328e-05, 'epoch': 6.98}
{'loss': 0.2932, 'grad_norm': 8.335512161254883, 'learning_rate': 8.303646550637577e-05, 'epoch': 6.99}
{'eval_loss': 0.6485681533813477, 'eval_f1_macro': 0.8067537883975815, 'eval_f1_weighted': 0.8170040673488627, 'eval_precision_macro': 0.8162564473194834, 'eval_recall_macro': 0.8068580512184768, 'eval_accuracy': 0.8154269972451791, 'eval_runtime': 5.5313, 'eval_samples_per_second': 984.406, 'eval_steps_per_second': 15.548, 'epoch': 7.0}
{'loss': 0.3587, 'grad_norm': 9.491135597229004, 'learning_rate': 8.299101836855825e-05, 'epoch': 7.0}
{'loss': 0.2741, 'grad_norm': 11.55064868927002, 'learning_rate': 8.294557123074074e-05, 'epoch': 7.02}
{'loss': 0.1874, 'grad_norm': 12.666894912719727, 'learning_rate': 8.290012409292323e-05, 'epoch': 7.03}
{'loss': 0.2485, 'grad_norm': 8.959630012512207, 'learning_rate': 8.285467695510572e-05, 'epoch': 7.04}
{'loss': 0.1787, 'grad_norm': 5.839397430419922, 'learning_rate': 8.28092298172882e-05, 'epoch': 7.05}
{'loss': 0.3745, 'grad_norm': 7.674417972564697, 'learning_rate': 8.276378267947068e-05, 'epoch': 7.07}
{'loss': 0.2029, 'grad_norm': 12.545511245727539, 'learning_rate': 8.271833554165317e-05, 'epoch': 7.08}
{'loss': 0.2485, 'grad_norm': 8.57126522064209, 'learning_rate': 8.267288840383566e-05, 'epoch': 7.09}
{'loss': 0.3025, 'grad_norm': 12.962203979492188, 'learning_rate': 8.262744126601814e-05, 'epoch': 7.1}
{'loss': 0.2838, 'grad_norm': 17.053024291992188, 'learning_rate': 8.258199412820063e-05, 'epoch': 7.12}
{'loss': 0.3311, 'grad_norm': 12.400753021240234, 'learning_rate': 8.253654699038312e-05, 'epoch': 7.13}
{'loss': 0.2329, 'grad_norm': 16.302608489990234, 'learning_rate': 8.249109985256561e-05, 'epoch': 7.14}
{'loss': 0.3099, 'grad_norm': 18.833110809326172, 'learning_rate': 8.24456527147481e-05, 'epoch': 7.15}
{'loss': 0.2143, 'grad_norm': 6.559877872467041, 'learning_rate': 8.240020557693058e-05, 'epoch': 7.17}
{'loss': 0.2356, 'grad_norm': 15.999273300170898, 'learning_rate': 8.235475843911307e-05, 'epoch': 7.18}
{'loss': 0.2755, 'grad_norm': 22.983535766601562, 'learning_rate': 8.230931130129556e-05, 'epoch': 7.19}
{'loss': 0.1706, 'grad_norm': 9.654085159301758, 'learning_rate': 8.226386416347805e-05, 'epoch': 7.2}
{'loss': 0.2474, 'grad_norm': 10.939642906188965, 'learning_rate': 8.221841702566055e-05, 'epoch': 7.22}
{'loss': 0.2978, 'grad_norm': 17.003042221069336, 'learning_rate': 8.217296988784304e-05, 'epoch': 7.23}
{'loss': 0.2943, 'grad_norm': 17.346879959106445, 'learning_rate': 8.212752275002553e-05, 'epoch': 7.24}
{'loss': 0.2029, 'grad_norm': 12.449804306030273, 'learning_rate': 8.208207561220801e-05, 'epoch': 7.25}
{'loss': 0.2668, 'grad_norm': 14.003501892089844, 'learning_rate': 8.20366284743905e-05, 'epoch': 7.27}
{'loss': 0.2624, 'grad_norm': 11.171102523803711, 'learning_rate': 8.199118133657299e-05, 'epoch': 7.28}
{'loss': 0.2239, 'grad_norm': 11.021531105041504, 'learning_rate': 8.194573419875548e-05, 'epoch': 7.29}
{'loss': 0.2889, 'grad_norm': 8.530508041381836, 'learning_rate': 8.190028706093797e-05, 'epoch': 7.3}
{'loss': 0.3181, 'grad_norm': 11.71371078491211, 'learning_rate': 8.185483992312045e-05, 'epoch': 7.32}
{'loss': 0.311, 'grad_norm': 4.041470050811768, 'learning_rate': 8.180939278530294e-05, 'epoch': 7.33}
{'loss': 0.3356, 'grad_norm': 12.87942123413086, 'learning_rate': 8.176394564748543e-05, 'epoch': 7.34}
{'loss': 0.2332, 'grad_norm': 10.592642784118652, 'learning_rate': 8.171849850966792e-05, 'epoch': 7.36}
{'loss': 0.2054, 'grad_norm': 13.49063777923584, 'learning_rate': 8.16730513718504e-05, 'epoch': 7.37}
{'loss': 0.2184, 'grad_norm': 19.9489688873291, 'learning_rate': 8.16276042340329e-05, 'epoch': 7.38}
{'loss': 0.1951, 'grad_norm': 10.108132362365723, 'learning_rate': 8.158215709621538e-05, 'epoch': 7.39}
{'loss': 0.2369, 'grad_norm': 6.379888534545898, 'learning_rate': 8.153670995839787e-05, 'epoch': 7.41}
{'loss': 0.2302, 'grad_norm': 3.662787437438965, 'learning_rate': 8.149126282058036e-05, 'epoch': 7.42}
{'loss': 0.1562, 'grad_norm': 21.628026962280273, 'learning_rate': 8.144581568276285e-05, 'epoch': 7.43}
{'loss': 0.2968, 'grad_norm': 9.061102867126465, 'learning_rate': 8.140036854494533e-05, 'epoch': 7.44}
{'loss': 0.2519, 'grad_norm': 6.9783453941345215, 'learning_rate': 8.135492140712782e-05, 'epoch': 7.46}
{'loss': 0.4372, 'grad_norm': 12.17204761505127, 'learning_rate': 8.130947426931031e-05, 'epoch': 7.47}
{'loss': 0.2446, 'grad_norm': 11.689311981201172, 'learning_rate': 8.12640271314928e-05, 'epoch': 7.48}
{'loss': 0.2854, 'grad_norm': 17.92552947998047, 'learning_rate': 8.121857999367529e-05, 'epoch': 7.49}
{'loss': 0.2301, 'grad_norm': 7.886345386505127, 'learning_rate': 8.117313285585777e-05, 'epoch': 7.51}
{'loss': 0.1916, 'grad_norm': 14.379233360290527, 'learning_rate': 8.112768571804026e-05, 'epoch': 7.52}
{'loss': 0.2995, 'grad_norm': 11.604045867919922, 'learning_rate': 8.108223858022275e-05, 'epoch': 7.53}
{'loss': 0.3025, 'grad_norm': 5.2694411277771, 'learning_rate': 8.103679144240524e-05, 'epoch': 7.54}
{'loss': 0.2685, 'grad_norm': 10.969045639038086, 'learning_rate': 8.099134430458773e-05, 'epoch': 7.56}
{'loss': 0.3043, 'grad_norm': 10.235480308532715, 'learning_rate': 8.094589716677022e-05, 'epoch': 7.57}
{'loss': 0.27, 'grad_norm': 10.376331329345703, 'learning_rate': 8.09004500289527e-05, 'epoch': 7.58}
{'loss': 0.3132, 'grad_norm': 15.54791259765625, 'learning_rate': 8.085500289113519e-05, 'epoch': 7.59}
{'loss': 0.2885, 'grad_norm': 11.770511627197266, 'learning_rate': 8.080955575331768e-05, 'epoch': 7.61}
{'loss': 0.3367, 'grad_norm': 24.69857406616211, 'learning_rate': 8.076410861550017e-05, 'epoch': 7.62}
{'loss': 0.2203, 'grad_norm': 8.95975112915039, 'learning_rate': 8.071866147768266e-05, 'epoch': 7.63}
{'loss': 0.1587, 'grad_norm': 11.962011337280273, 'learning_rate': 8.067321433986514e-05, 'epoch': 7.64}
{'loss': 0.2457, 'grad_norm': 15.997201919555664, 'learning_rate': 8.062776720204763e-05, 'epoch': 7.66}
{'loss': 0.2537, 'grad_norm': 12.085067749023438, 'learning_rate': 8.058232006423012e-05, 'epoch': 7.67}
{'loss': 0.3416, 'grad_norm': 9.390975952148438, 'learning_rate': 8.053687292641261e-05, 'epoch': 7.68}
{'loss': 0.3053, 'grad_norm': 21.819091796875, 'learning_rate': 8.04914257885951e-05, 'epoch': 7.7}
{'loss': 0.2561, 'grad_norm': 5.407026290893555, 'learning_rate': 8.044597865077758e-05, 'epoch': 7.71}
{'loss': 0.2291, 'grad_norm': 20.871435165405273, 'learning_rate': 8.040053151296007e-05, 'epoch': 7.72}
{'loss': 0.3112, 'grad_norm': 7.125760555267334, 'learning_rate': 8.035508437514257e-05, 'epoch': 7.73}
{'loss': 0.2251, 'grad_norm': 12.643102645874023, 'learning_rate': 8.030963723732506e-05, 'epoch': 7.75}
{'loss': 0.2139, 'grad_norm': 4.062319755554199, 'learning_rate': 8.026419009950754e-05, 'epoch': 7.76}
{'loss': 0.251, 'grad_norm': 9.93056583404541, 'learning_rate': 8.021874296169002e-05, 'epoch': 7.77}
{'loss': 0.2648, 'grad_norm': 16.283390045166016, 'learning_rate': 8.017329582387251e-05, 'epoch': 7.78}
{'loss': 0.2622, 'grad_norm': 15.201340675354004, 'learning_rate': 8.0127848686055e-05, 'epoch': 7.8}
{'loss': 0.2002, 'grad_norm': 3.60530424118042, 'learning_rate': 8.008240154823749e-05, 'epoch': 7.81}
{'loss': 0.238, 'grad_norm': 14.291892051696777, 'learning_rate': 8.003695441041998e-05, 'epoch': 7.82}
{'loss': 0.3545, 'grad_norm': 6.094198703765869, 'learning_rate': 7.999150727260246e-05, 'epoch': 7.83}
{'loss': 0.3232, 'grad_norm': 20.982473373413086, 'learning_rate': 7.994606013478495e-05, 'epoch': 7.85}
{'loss': 0.2979, 'grad_norm': 15.405022621154785, 'learning_rate': 7.990061299696744e-05, 'epoch': 7.86}
{'loss': 0.3123, 'grad_norm': 10.992457389831543, 'learning_rate': 7.985516585914993e-05, 'epoch': 7.87}
{'loss': 0.2835, 'grad_norm': 20.428335189819336, 'learning_rate': 7.980971872133242e-05, 'epoch': 7.88}
{'loss': 0.2566, 'grad_norm': 7.574984550476074, 'learning_rate': 7.97642715835149e-05, 'epoch': 7.9}
{'loss': 0.2014, 'grad_norm': 18.753442764282227, 'learning_rate': 7.971882444569739e-05, 'epoch': 7.91}
{'loss': 0.2257, 'grad_norm': 6.5706586837768555, 'learning_rate': 7.967337730787988e-05, 'epoch': 7.92}
{'loss': 0.2582, 'grad_norm': 16.93394660949707, 'learning_rate': 7.962793017006237e-05, 'epoch': 7.93}
{'loss': 0.2787, 'grad_norm': 12.357331275939941, 'learning_rate': 7.958248303224486e-05, 'epoch': 7.95}
{'loss': 0.2479, 'grad_norm': 5.924801349639893, 'learning_rate': 7.953703589442734e-05, 'epoch': 7.96}
{'loss': 0.2282, 'grad_norm': 15.267396926879883, 'learning_rate': 7.949158875660983e-05, 'epoch': 7.97}
{'loss': 0.2775, 'grad_norm': 16.787158966064453, 'learning_rate': 7.944614161879233e-05, 'epoch': 7.98}
{'loss': 0.2896, 'grad_norm': 15.369317054748535, 'learning_rate': 7.940069448097482e-05, 'epoch': 8.0}
{'eval_loss': 0.6548346281051636, 'eval_f1_macro': 0.8021293653288243, 'eval_f1_weighted': 0.8114109191600737, 'eval_precision_macro': 0.8037838985697042, 'eval_recall_macro': 0.8077278626898854, 'eval_accuracy': 0.8099173553719008, 'eval_runtime': 5.9737, 'eval_samples_per_second': 911.49, 'eval_steps_per_second': 14.396, 'epoch': 8.0}
{'loss': 0.1313, 'grad_norm': 8.582763671875, 'learning_rate': 7.935524734315731e-05, 'epoch': 8.01}
{'loss': 0.1834, 'grad_norm': 18.133331298828125, 'learning_rate': 7.93098002053398e-05, 'epoch': 8.02}
{'loss': 0.2548, 'grad_norm': 6.486367225646973, 'learning_rate': 7.926435306752229e-05, 'epoch': 8.04}
{'loss': 0.1854, 'grad_norm': 12.99293327331543, 'learning_rate': 7.921890592970477e-05, 'epoch': 8.05}
{'loss': 0.2076, 'grad_norm': 21.425975799560547, 'learning_rate': 7.917345879188726e-05, 'epoch': 8.06}
{'loss': 0.176, 'grad_norm': 9.240442276000977, 'learning_rate': 7.912801165406975e-05, 'epoch': 8.07}
{'loss': 0.24, 'grad_norm': 9.595458984375, 'learning_rate': 7.908256451625224e-05, 'epoch': 8.09}
{'loss': 0.289, 'grad_norm': 20.622949600219727, 'learning_rate': 7.903711737843473e-05, 'epoch': 8.1}
{'loss': 0.1761, 'grad_norm': 18.433557510375977, 'learning_rate': 7.899167024061721e-05, 'epoch': 8.11}
{'loss': 0.265, 'grad_norm': 12.432198524475098, 'learning_rate': 7.89462231027997e-05, 'epoch': 8.12}
{'loss': 0.2596, 'grad_norm': 11.536356925964355, 'learning_rate': 7.890077596498219e-05, 'epoch': 8.14}
{'loss': 0.1765, 'grad_norm': 21.99219512939453, 'learning_rate': 7.885532882716466e-05, 'epoch': 8.15}
{'loss': 0.2373, 'grad_norm': 12.459541320800781, 'learning_rate': 7.880988168934715e-05, 'epoch': 8.16}
{'loss': 0.2368, 'grad_norm': 18.5295352935791, 'learning_rate': 7.876443455152964e-05, 'epoch': 8.17}
{'loss': 0.1897, 'grad_norm': 2.519047260284424, 'learning_rate': 7.871898741371213e-05, 'epoch': 8.19}
{'loss': 0.2208, 'grad_norm': 17.746702194213867, 'learning_rate': 7.867354027589462e-05, 'epoch': 8.2}
{'loss': 0.0909, 'grad_norm': 12.291543960571289, 'learning_rate': 7.86280931380771e-05, 'epoch': 8.21}
{'loss': 0.2063, 'grad_norm': 15.743834495544434, 'learning_rate': 7.858264600025959e-05, 'epoch': 8.22}
{'loss': 0.1312, 'grad_norm': 7.641098976135254, 'learning_rate': 7.85371988624421e-05, 'epoch': 8.24}
{'loss': 0.2685, 'grad_norm': 18.6729679107666, 'learning_rate': 7.849175172462458e-05, 'epoch': 8.25}
{'loss': 0.2043, 'grad_norm': 7.897564888000488, 'learning_rate': 7.844630458680707e-05, 'epoch': 8.26}
{'loss': 0.2573, 'grad_norm': 7.046874046325684, 'learning_rate': 7.840085744898956e-05, 'epoch': 8.27}
{'loss': 0.2529, 'grad_norm': 7.554590702056885, 'learning_rate': 7.835541031117205e-05, 'epoch': 8.29}
{'loss': 0.2294, 'grad_norm': 25.58739471435547, 'learning_rate': 7.830996317335453e-05, 'epoch': 8.3}
{'loss': 0.1851, 'grad_norm': 16.026161193847656, 'learning_rate': 7.826451603553702e-05, 'epoch': 8.31}
{'loss': 0.1607, 'grad_norm': 3.404818296432495, 'learning_rate': 7.821906889771951e-05, 'epoch': 8.32}
{'loss': 0.1603, 'grad_norm': 16.754364013671875, 'learning_rate': 7.8173621759902e-05, 'epoch': 8.34}
{'loss': 0.1248, 'grad_norm': 15.460844993591309, 'learning_rate': 7.812817462208449e-05, 'epoch': 8.35}
{'loss': 0.203, 'grad_norm': 1.5041248798370361, 'learning_rate': 7.808272748426698e-05, 'epoch': 8.36}
{'loss': 0.2574, 'grad_norm': 19.505691528320312, 'learning_rate': 7.803728034644946e-05, 'epoch': 8.38}
{'loss': 0.1852, 'grad_norm': 6.726497173309326, 'learning_rate': 7.799183320863195e-05, 'epoch': 8.39}
{'loss': 0.1984, 'grad_norm': 6.838698863983154, 'learning_rate': 7.794638607081444e-05, 'epoch': 8.4}
{'loss': 0.2843, 'grad_norm': 10.466099739074707, 'learning_rate': 7.790093893299693e-05, 'epoch': 8.41}
{'loss': 0.1774, 'grad_norm': 16.99811363220215, 'learning_rate': 7.785549179517942e-05, 'epoch': 8.43}
{'loss': 0.2877, 'grad_norm': 9.544163703918457, 'learning_rate': 7.78100446573619e-05, 'epoch': 8.44}
{'loss': 0.2176, 'grad_norm': 13.768753051757812, 'learning_rate': 7.776459751954439e-05, 'epoch': 8.45}
{'loss': 0.26, 'grad_norm': 6.645733833312988, 'learning_rate': 7.771915038172688e-05, 'epoch': 8.46}
{'loss': 0.2734, 'grad_norm': 16.79196548461914, 'learning_rate': 7.767370324390937e-05, 'epoch': 8.48}
{'loss': 0.2043, 'grad_norm': 9.103277206420898, 'learning_rate': 7.762825610609186e-05, 'epoch': 8.49}
{'loss': 0.2409, 'grad_norm': 4.0933098793029785, 'learning_rate': 7.758280896827434e-05, 'epoch': 8.5}
{'loss': 0.2456, 'grad_norm': 24.69833755493164, 'learning_rate': 7.753736183045683e-05, 'epoch': 8.51}
{'loss': 0.2316, 'grad_norm': 16.283031463623047, 'learning_rate': 7.749191469263932e-05, 'epoch': 8.53}
{'loss': 0.1574, 'grad_norm': 14.062455177307129, 'learning_rate': 7.744646755482181e-05, 'epoch': 8.54}
{'loss': 0.1658, 'grad_norm': 5.043097496032715, 'learning_rate': 7.74010204170043e-05, 'epoch': 8.55}
{'loss': 0.2413, 'grad_norm': 9.228944778442383, 'learning_rate': 7.735557327918678e-05, 'epoch': 8.56}
{'loss': 0.3328, 'grad_norm': 21.492950439453125, 'learning_rate': 7.731012614136927e-05, 'epoch': 8.58}
{'loss': 0.2045, 'grad_norm': 14.343281745910645, 'learning_rate': 7.726467900355176e-05, 'epoch': 8.59}
{'loss': 0.1884, 'grad_norm': 9.607439994812012, 'learning_rate': 7.721923186573425e-05, 'epoch': 8.6}
{'loss': 0.195, 'grad_norm': 5.856840133666992, 'learning_rate': 7.717378472791674e-05, 'epoch': 8.61}
{'loss': 0.2449, 'grad_norm': 10.487651824951172, 'learning_rate': 7.712833759009922e-05, 'epoch': 8.63}
{'loss': 0.1772, 'grad_norm': 17.75551986694336, 'learning_rate': 7.708289045228171e-05, 'epoch': 8.64}
{'loss': 0.2075, 'grad_norm': 12.028946876525879, 'learning_rate': 7.70374433144642e-05, 'epoch': 8.65}
{'loss': 0.1522, 'grad_norm': 10.623749732971191, 'learning_rate': 7.699199617664669e-05, 'epoch': 8.66}
{'loss': 0.2569, 'grad_norm': 10.199445724487305, 'learning_rate': 7.694654903882918e-05, 'epoch': 8.68}
{'loss': 0.2347, 'grad_norm': 6.6836323738098145, 'learning_rate': 7.690110190101166e-05, 'epoch': 8.69}
{'loss': 0.1938, 'grad_norm': 21.311588287353516, 'learning_rate': 7.685565476319415e-05, 'epoch': 8.7}
{'loss': 0.2692, 'grad_norm': 20.47566795349121, 'learning_rate': 7.681020762537664e-05, 'epoch': 8.72}
{'loss': 0.2158, 'grad_norm': 4.785862445831299, 'learning_rate': 7.676476048755913e-05, 'epoch': 8.73}
{'loss': 0.1986, 'grad_norm': 8.663630485534668, 'learning_rate': 7.671931334974163e-05, 'epoch': 8.74}
{'loss': 0.1718, 'grad_norm': 1.4506943225860596, 'learning_rate': 7.667386621192412e-05, 'epoch': 8.75}
{'loss': 0.2413, 'grad_norm': 10.712638854980469, 'learning_rate': 7.66284190741066e-05, 'epoch': 8.77}
{'loss': 0.3164, 'grad_norm': 9.377095222473145, 'learning_rate': 7.65829719362891e-05, 'epoch': 8.78}
{'loss': 0.191, 'grad_norm': 6.096822738647461, 'learning_rate': 7.653752479847158e-05, 'epoch': 8.79}
{'loss': 0.1281, 'grad_norm': 7.528348445892334, 'learning_rate': 7.649207766065407e-05, 'epoch': 8.8}
{'loss': 0.2805, 'grad_norm': 23.516992568969727, 'learning_rate': 7.644663052283656e-05, 'epoch': 8.82}
{'loss': 0.2176, 'grad_norm': 17.13689422607422, 'learning_rate': 7.640118338501905e-05, 'epoch': 8.83}
{'loss': 0.2018, 'grad_norm': 11.003798484802246, 'learning_rate': 7.635573624720152e-05, 'epoch': 8.84}
{'loss': 0.1484, 'grad_norm': 9.67457389831543, 'learning_rate': 7.631028910938401e-05, 'epoch': 8.85}
{'loss': 0.2427, 'grad_norm': 9.020880699157715, 'learning_rate': 7.62648419715665e-05, 'epoch': 8.87}
{'loss': 0.2316, 'grad_norm': 9.972095489501953, 'learning_rate': 7.621939483374898e-05, 'epoch': 8.88}
{'loss': 0.1877, 'grad_norm': 13.087355613708496, 'learning_rate': 7.617394769593147e-05, 'epoch': 8.89}
{'loss': 0.2486, 'grad_norm': 13.623064994812012, 'learning_rate': 7.612850055811396e-05, 'epoch': 8.9}
{'loss': 0.2783, 'grad_norm': 13.031481742858887, 'learning_rate': 7.608305342029645e-05, 'epoch': 8.92}
{'loss': 0.2041, 'grad_norm': 12.87039566040039, 'learning_rate': 7.603760628247894e-05, 'epoch': 8.93}
{'loss': 0.2183, 'grad_norm': 4.869239330291748, 'learning_rate': 7.599215914466142e-05, 'epoch': 8.94}
{'loss': 0.1519, 'grad_norm': 11.11686897277832, 'learning_rate': 7.594671200684391e-05, 'epoch': 8.95}
{'loss': 0.279, 'grad_norm': 15.256194114685059, 'learning_rate': 7.59012648690264e-05, 'epoch': 8.97}
{'loss': 0.2366, 'grad_norm': 16.595800399780273, 'learning_rate': 7.585581773120889e-05, 'epoch': 8.98}
{'loss': 0.1978, 'grad_norm': 15.622116088867188, 'learning_rate': 7.581037059339138e-05, 'epoch': 8.99}
{'eval_loss': 0.6926304697990417, 'eval_f1_macro': 0.8092818391439099, 'eval_f1_weighted': 0.8181813417895659, 'eval_precision_macro': 0.8166841951612218, 'eval_recall_macro': 0.8075137932650873, 'eval_accuracy': 0.8194674012855832, 'eval_runtime': 5.556, 'eval_samples_per_second': 980.019, 'eval_steps_per_second': 15.479, 'epoch': 9.0}
{'loss': 0.1237, 'grad_norm': 7.531158924102783, 'learning_rate': 7.576492345557388e-05, 'epoch': 9.01}
{'loss': 0.1266, 'grad_norm': 1.6590157747268677, 'learning_rate': 7.571947631775637e-05, 'epoch': 9.02}
{'loss': 0.1027, 'grad_norm': 19.319801330566406, 'learning_rate': 7.567402917993885e-05, 'epoch': 9.03}
{'loss': 0.3205, 'grad_norm': 16.65509796142578, 'learning_rate': 7.562858204212134e-05, 'epoch': 9.04}
{'loss': 0.2935, 'grad_norm': 31.11701011657715, 'learning_rate': 7.558313490430383e-05, 'epoch': 9.06}
{'loss': 0.1322, 'grad_norm': 15.844058990478516, 'learning_rate': 7.553768776648632e-05, 'epoch': 9.07}
{'loss': 0.1745, 'grad_norm': 2.2609922885894775, 'learning_rate': 7.549224062866881e-05, 'epoch': 9.08}
{'loss': 0.1251, 'grad_norm': 14.910992622375488, 'learning_rate': 7.54467934908513e-05, 'epoch': 9.09}
{'loss': 0.1801, 'grad_norm': 12.195733070373535, 'learning_rate': 7.540134635303378e-05, 'epoch': 9.11}
{'loss': 0.0955, 'grad_norm': 24.028881072998047, 'learning_rate': 7.535589921521627e-05, 'epoch': 9.12}
{'loss': 0.248, 'grad_norm': 13.46543025970459, 'learning_rate': 7.531045207739876e-05, 'epoch': 9.13}
{'loss': 0.2155, 'grad_norm': 6.298855781555176, 'learning_rate': 7.526500493958125e-05, 'epoch': 9.14}
{'loss': 0.191, 'grad_norm': 5.885039329528809, 'learning_rate': 7.521955780176374e-05, 'epoch': 9.16}
{'loss': 0.1719, 'grad_norm': 10.573338508605957, 'learning_rate': 7.517411066394622e-05, 'epoch': 9.17}
{'loss': 0.1375, 'grad_norm': 17.415721893310547, 'learning_rate': 7.512866352612871e-05, 'epoch': 9.18}
{'loss': 0.2761, 'grad_norm': 31.833337783813477, 'learning_rate': 7.50832163883112e-05, 'epoch': 9.19}
{'loss': 0.3121, 'grad_norm': 7.988648414611816, 'learning_rate': 7.503776925049369e-05, 'epoch': 9.21}
{'loss': 0.1507, 'grad_norm': 5.044113636016846, 'learning_rate': 7.499232211267618e-05, 'epoch': 9.22}
{'loss': 0.2317, 'grad_norm': 22.071434020996094, 'learning_rate': 7.494687497485866e-05, 'epoch': 9.23}
{'loss': 0.1681, 'grad_norm': 8.568290710449219, 'learning_rate': 7.490142783704114e-05, 'epoch': 9.24}
{'loss': 0.1215, 'grad_norm': 10.67847728729248, 'learning_rate': 7.485598069922364e-05, 'epoch': 9.26}
{'loss': 0.2819, 'grad_norm': 16.559349060058594, 'learning_rate': 7.481053356140613e-05, 'epoch': 9.27}
{'loss': 0.2771, 'grad_norm': 93.79611206054688, 'learning_rate': 7.476508642358862e-05, 'epoch': 9.28}
{'loss': 0.378, 'grad_norm': 20.627246856689453, 'learning_rate': 7.47196392857711e-05, 'epoch': 9.29}
{'loss': 0.2059, 'grad_norm': 13.919075965881348, 'learning_rate': 7.467419214795359e-05, 'epoch': 9.31}
{'loss': 0.2531, 'grad_norm': 23.47672462463379, 'learning_rate': 7.462874501013608e-05, 'epoch': 9.32}
{'loss': 0.1791, 'grad_norm': 11.961019515991211, 'learning_rate': 7.458329787231857e-05, 'epoch': 9.33}
{'loss': 0.1942, 'grad_norm': 14.31164836883545, 'learning_rate': 7.453785073450106e-05, 'epoch': 9.35}
{'loss': 0.2377, 'grad_norm': 22.97563934326172, 'learning_rate': 7.449240359668354e-05, 'epoch': 9.36}
{'loss': 0.1445, 'grad_norm': 15.465134620666504, 'learning_rate': 7.444695645886603e-05, 'epoch': 9.37}
{'loss': 0.2469, 'grad_norm': 20.903369903564453, 'learning_rate': 7.440150932104852e-05, 'epoch': 9.38}
{'loss': 0.2077, 'grad_norm': 10.340409278869629, 'learning_rate': 7.435606218323101e-05, 'epoch': 9.4}
{'loss': 0.236, 'grad_norm': 11.108672142028809, 'learning_rate': 7.43106150454135e-05, 'epoch': 9.41}
{'loss': 0.2556, 'grad_norm': 16.50775718688965, 'learning_rate': 7.426516790759598e-05, 'epoch': 9.42}
{'loss': 0.1575, 'grad_norm': 17.032615661621094, 'learning_rate': 7.421972076977847e-05, 'epoch': 9.43}
{'loss': 0.1868, 'grad_norm': 5.244452476501465, 'learning_rate': 7.417427363196096e-05, 'epoch': 9.45}
{'loss': 0.1906, 'grad_norm': 14.503693580627441, 'learning_rate': 7.412882649414345e-05, 'epoch': 9.46}
{'loss': 0.1481, 'grad_norm': 1.1708987951278687, 'learning_rate': 7.408337935632594e-05, 'epoch': 9.47}
{'loss': 0.178, 'grad_norm': 7.214898586273193, 'learning_rate': 7.403793221850842e-05, 'epoch': 9.48}
{'loss': 0.1875, 'grad_norm': 22.75664710998535, 'learning_rate': 7.399248508069091e-05, 'epoch': 9.5}
{'loss': 0.152, 'grad_norm': 5.623580455780029, 'learning_rate': 7.394703794287341e-05, 'epoch': 9.51}
{'loss': 0.2404, 'grad_norm': 25.490034103393555, 'learning_rate': 7.39015908050559e-05, 'epoch': 9.52}
{'loss': 0.2671, 'grad_norm': 3.7470264434814453, 'learning_rate': 7.385614366723838e-05, 'epoch': 9.53}
{'loss': 0.2615, 'grad_norm': 18.895891189575195, 'learning_rate': 7.381069652942086e-05, 'epoch': 9.55}
{'loss': 0.1661, 'grad_norm': 11.837345123291016, 'learning_rate': 7.376524939160335e-05, 'epoch': 9.56}
{'loss': 0.1999, 'grad_norm': 8.07534122467041, 'learning_rate': 7.371980225378584e-05, 'epoch': 9.57}
{'loss': 0.2649, 'grad_norm': 10.763076782226562, 'learning_rate': 7.367435511596833e-05, 'epoch': 9.58}
{'loss': 0.1129, 'grad_norm': 13.570394515991211, 'learning_rate': 7.362890797815082e-05, 'epoch': 9.6}
{'loss': 0.0934, 'grad_norm': 6.90378475189209, 'learning_rate': 7.35834608403333e-05, 'epoch': 9.61}
{'loss': 0.1853, 'grad_norm': 14.751230239868164, 'learning_rate': 7.353801370251579e-05, 'epoch': 9.62}
{'loss': 0.1881, 'grad_norm': 1.3445922136306763, 'learning_rate': 7.349256656469828e-05, 'epoch': 9.63}
{'loss': 0.1391, 'grad_norm': 9.767045974731445, 'learning_rate': 7.344711942688077e-05, 'epoch': 9.65}
{'loss': 0.1593, 'grad_norm': 5.893892288208008, 'learning_rate': 7.340167228906326e-05, 'epoch': 9.66}
{'loss': 0.2421, 'grad_norm': 12.404939651489258, 'learning_rate': 7.335622515124574e-05, 'epoch': 9.67}
{'loss': 0.1834, 'grad_norm': 8.04792308807373, 'learning_rate': 7.331077801342823e-05, 'epoch': 9.69}
{'loss': 0.1706, 'grad_norm': 16.04405403137207, 'learning_rate': 7.326533087561072e-05, 'epoch': 9.7}
{'loss': 0.164, 'grad_norm': 19.85479736328125, 'learning_rate': 7.321988373779321e-05, 'epoch': 9.71}
{'loss': 0.2133, 'grad_norm': 2.9122776985168457, 'learning_rate': 7.31744365999757e-05, 'epoch': 9.72}
{'loss': 0.2725, 'grad_norm': 15.545222282409668, 'learning_rate': 7.312898946215819e-05, 'epoch': 9.74}
{'loss': 0.1801, 'grad_norm': 59.09101104736328, 'learning_rate': 7.308354232434067e-05, 'epoch': 9.75}
{'loss': 0.1968, 'grad_norm': 6.151186466217041, 'learning_rate': 7.303809518652317e-05, 'epoch': 9.76}
{'loss': 0.1869, 'grad_norm': 13.292104721069336, 'learning_rate': 7.299264804870566e-05, 'epoch': 9.77}
{'loss': 0.1659, 'grad_norm': 56.896114349365234, 'learning_rate': 7.294720091088815e-05, 'epoch': 9.79}
{'loss': 0.1724, 'grad_norm': 8.432830810546875, 'learning_rate': 7.290175377307064e-05, 'epoch': 9.8}
{'loss': 0.131, 'grad_norm': 11.10128402709961, 'learning_rate': 7.285630663525313e-05, 'epoch': 9.81}
{'loss': 0.1591, 'grad_norm': 5.228008270263672, 'learning_rate': 7.281085949743561e-05, 'epoch': 9.82}
{'loss': 0.2712, 'grad_norm': 21.0665225982666, 'learning_rate': 7.27654123596181e-05, 'epoch': 9.84}
{'loss': 0.2672, 'grad_norm': 19.790851593017578, 'learning_rate': 7.271996522180059e-05, 'epoch': 9.85}
{'loss': 0.1761, 'grad_norm': 31.013423919677734, 'learning_rate': 7.267451808398308e-05, 'epoch': 9.86}
{'loss': 0.1521, 'grad_norm': 3.2116966247558594, 'learning_rate': 7.262907094616557e-05, 'epoch': 9.87}
{'loss': 0.2217, 'grad_norm': 6.641071319580078, 'learning_rate': 7.258362380834806e-05, 'epoch': 9.89}
{'loss': 0.1403, 'grad_norm': 15.15788745880127, 'learning_rate': 7.253817667053054e-05, 'epoch': 9.9}
{'loss': 0.1734, 'grad_norm': 13.384688377380371, 'learning_rate': 7.249272953271303e-05, 'epoch': 9.91}
{'loss': 0.2363, 'grad_norm': 13.570358276367188, 'learning_rate': 7.24472823948955e-05, 'epoch': 9.92}
{'loss': 0.1932, 'grad_norm': 9.285796165466309, 'learning_rate': 7.2401835257078e-05, 'epoch': 9.94}
{'loss': 0.1879, 'grad_norm': 12.397048950195312, 'learning_rate': 7.235638811926048e-05, 'epoch': 9.95}
{'loss': 0.1694, 'grad_norm': 7.476827144622803, 'learning_rate': 7.231094098144297e-05, 'epoch': 9.96}
{'loss': 0.1354, 'grad_norm': 13.516050338745117, 'learning_rate': 7.226549384362546e-05, 'epoch': 9.97}
{'loss': 0.2217, 'grad_norm': 5.705292224884033, 'learning_rate': 7.222004670580795e-05, 'epoch': 9.99}
{'loss': 0.1703, 'grad_norm': 7.193010330200195, 'learning_rate': 7.217459956799043e-05, 'epoch': 10.0}
{'eval_loss': 0.6785189509391785, 'eval_f1_macro': 0.8175225959572793, 'eval_f1_weighted': 0.8256101816499855, 'eval_precision_macro': 0.8195211044638837, 'eval_recall_macro': 0.8185277093621587, 'eval_accuracy': 0.8258953168044078, 'eval_runtime': 5.4141, 'eval_samples_per_second': 1005.71, 'eval_steps_per_second': 15.884, 'epoch': 10.0}
{'loss': 0.1754, 'grad_norm': 17.576738357543945, 'learning_rate': 7.212915243017292e-05, 'epoch': 10.01}
{'loss': 0.1557, 'grad_norm': 6.129299640655518, 'learning_rate': 7.208370529235542e-05, 'epoch': 10.03}
{'loss': 0.079, 'grad_norm': 21.511474609375, 'learning_rate': 7.203825815453791e-05, 'epoch': 10.04}
{'loss': 0.1549, 'grad_norm': 0.3446195125579834, 'learning_rate': 7.19928110167204e-05, 'epoch': 10.05}
{'loss': 0.0762, 'grad_norm': 19.51592445373535, 'learning_rate': 7.194736387890289e-05, 'epoch': 10.06}
{'loss': 0.1389, 'grad_norm': 13.030726432800293, 'learning_rate': 7.190191674108538e-05, 'epoch': 10.08}
{'loss': 0.2108, 'grad_norm': 18.8612117767334, 'learning_rate': 7.185646960326786e-05, 'epoch': 10.09}
{'loss': 0.1459, 'grad_norm': 17.008710861206055, 'learning_rate': 7.181102246545035e-05, 'epoch': 10.1}
{'loss': 0.1436, 'grad_norm': 10.014659881591797, 'learning_rate': 7.176557532763284e-05, 'epoch': 10.11}
{'loss': 0.0919, 'grad_norm': 8.695186614990234, 'learning_rate': 7.172012818981533e-05, 'epoch': 10.13}
{'loss': 0.0954, 'grad_norm': 0.7517686486244202, 'learning_rate': 7.167468105199782e-05, 'epoch': 10.14}
{'loss': 0.3372, 'grad_norm': 12.310654640197754, 'learning_rate': 7.16292339141803e-05, 'epoch': 10.15}
{'loss': 0.1875, 'grad_norm': 24.64885902404785, 'learning_rate': 7.158378677636279e-05, 'epoch': 10.16}
{'loss': 0.2095, 'grad_norm': 27.78692054748535, 'learning_rate': 7.153833963854528e-05, 'epoch': 10.18}
{'loss': 0.2292, 'grad_norm': 7.257310390472412, 'learning_rate': 7.149289250072777e-05, 'epoch': 10.19}
{'loss': 0.1211, 'grad_norm': 8.961244583129883, 'learning_rate': 7.144744536291026e-05, 'epoch': 10.2}
{'loss': 0.1264, 'grad_norm': 1.0417026281356812, 'learning_rate': 7.140199822509274e-05, 'epoch': 10.21}
{'loss': 0.1439, 'grad_norm': 21.063270568847656, 'learning_rate': 7.135655108727523e-05, 'epoch': 10.23}
{'loss': 0.2421, 'grad_norm': 11.6078462600708, 'learning_rate': 7.131110394945772e-05, 'epoch': 10.24}
{'loss': 0.1759, 'grad_norm': 10.41519832611084, 'learning_rate': 7.126565681164021e-05, 'epoch': 10.25}
{'loss': 0.2783, 'grad_norm': 17.082813262939453, 'learning_rate': 7.12202096738227e-05, 'epoch': 10.26}
{'loss': 0.0977, 'grad_norm': 13.095888137817383, 'learning_rate': 7.117476253600518e-05, 'epoch': 10.28}
{'loss': 0.1657, 'grad_norm': 4.671332836151123, 'learning_rate': 7.112931539818767e-05, 'epoch': 10.29}
{'loss': 0.1277, 'grad_norm': 2.9594130516052246, 'learning_rate': 7.108386826037016e-05, 'epoch': 10.3}
{'loss': 0.139, 'grad_norm': 19.459529876708984, 'learning_rate': 7.103842112255265e-05, 'epoch': 10.31}
{'loss': 0.204, 'grad_norm': 14.157425880432129, 'learning_rate': 7.099297398473514e-05, 'epoch': 10.33}
{'loss': 0.2159, 'grad_norm': 16.8125057220459, 'learning_rate': 7.094752684691762e-05, 'epoch': 10.34}
{'loss': 0.0811, 'grad_norm': 13.989739418029785, 'learning_rate': 7.090207970910011e-05, 'epoch': 10.35}
{'loss': 0.1688, 'grad_norm': 8.847051620483398, 'learning_rate': 7.08566325712826e-05, 'epoch': 10.37}
{'loss': 0.1804, 'grad_norm': 18.402557373046875, 'learning_rate': 7.081118543346509e-05, 'epoch': 10.38}
{'loss': 0.2346, 'grad_norm': 13.29401683807373, 'learning_rate': 7.076573829564758e-05, 'epoch': 10.39}
{'loss': 0.2019, 'grad_norm': 16.125505447387695, 'learning_rate': 7.072029115783006e-05, 'epoch': 10.4}
{'loss': 0.1713, 'grad_norm': 9.477519035339355, 'learning_rate': 7.067484402001255e-05, 'epoch': 10.42}
{'loss': 0.1058, 'grad_norm': 9.937082290649414, 'learning_rate': 7.062939688219504e-05, 'epoch': 10.43}
{'loss': 0.2667, 'grad_norm': 12.319009780883789, 'learning_rate': 7.058394974437753e-05, 'epoch': 10.44}
{'loss': 0.0704, 'grad_norm': 1.6660585403442383, 'learning_rate': 7.053850260656002e-05, 'epoch': 10.45}
{'loss': 0.1742, 'grad_norm': 7.747949600219727, 'learning_rate': 7.04930554687425e-05, 'epoch': 10.47}
{'loss': 0.3084, 'grad_norm': 15.388970375061035, 'learning_rate': 7.044760833092499e-05, 'epoch': 10.48}
{'loss': 0.1334, 'grad_norm': 7.224120616912842, 'learning_rate': 7.040216119310748e-05, 'epoch': 10.49}
{'loss': 0.1178, 'grad_norm': 6.100747108459473, 'learning_rate': 7.035671405528997e-05, 'epoch': 10.5}
{'loss': 0.1885, 'grad_norm': 2.55918288230896, 'learning_rate': 7.031126691747246e-05, 'epoch': 10.52}
{'loss': 0.1824, 'grad_norm': 4.947360515594482, 'learning_rate': 7.026581977965496e-05, 'epoch': 10.53}
{'loss': 0.2534, 'grad_norm': 8.523826599121094, 'learning_rate': 7.022037264183745e-05, 'epoch': 10.54}
{'loss': 0.219, 'grad_norm': 12.646471977233887, 'learning_rate': 7.017492550401993e-05, 'epoch': 10.55}
{'loss': 0.1469, 'grad_norm': 6.999023914337158, 'learning_rate': 7.012947836620242e-05, 'epoch': 10.57}
{'loss': 0.1389, 'grad_norm': 9.694294929504395, 'learning_rate': 7.008403122838491e-05, 'epoch': 10.58}
{'loss': 0.148, 'grad_norm': 14.729982376098633, 'learning_rate': 7.00385840905674e-05, 'epoch': 10.59}
{'loss': 0.2213, 'grad_norm': 14.969669342041016, 'learning_rate': 6.999313695274989e-05, 'epoch': 10.6}
{'loss': 0.0872, 'grad_norm': 2.698632001876831, 'learning_rate': 6.994768981493236e-05, 'epoch': 10.62}
{'loss': 0.2239, 'grad_norm': 12.395068168640137, 'learning_rate': 6.990224267711485e-05, 'epoch': 10.63}
{'loss': 0.1535, 'grad_norm': 20.878156661987305, 'learning_rate': 6.985679553929734e-05, 'epoch': 10.64}
{'loss': 0.1815, 'grad_norm': 14.640202522277832, 'learning_rate': 6.981134840147983e-05, 'epoch': 10.65}
{'loss': 0.0856, 'grad_norm': 37.26891326904297, 'learning_rate': 6.976590126366231e-05, 'epoch': 10.67}
{'loss': 0.1155, 'grad_norm': 13.088862419128418, 'learning_rate': 6.97204541258448e-05, 'epoch': 10.68}
{'loss': 0.171, 'grad_norm': 13.509854316711426, 'learning_rate': 6.967500698802729e-05, 'epoch': 10.69}
{'loss': 0.1563, 'grad_norm': 3.4057838916778564, 'learning_rate': 6.962955985020978e-05, 'epoch': 10.71}
{'loss': 0.1038, 'grad_norm': 19.198373794555664, 'learning_rate': 6.958411271239227e-05, 'epoch': 10.72}
{'loss': 0.1953, 'grad_norm': 11.176794052124023, 'learning_rate': 6.953866557457475e-05, 'epoch': 10.73}
{'loss': 0.2462, 'grad_norm': 31.697763442993164, 'learning_rate': 6.949321843675724e-05, 'epoch': 10.74}
{'loss': 0.2269, 'grad_norm': 65.8352279663086, 'learning_rate': 6.944777129893973e-05, 'epoch': 10.76}
{'loss': 0.1558, 'grad_norm': 3.7878832817077637, 'learning_rate': 6.940232416112222e-05, 'epoch': 10.77}
{'loss': 0.1453, 'grad_norm': 15.917661666870117, 'learning_rate': 6.935687702330472e-05, 'epoch': 10.78}
{'loss': 0.1155, 'grad_norm': 32.11199951171875, 'learning_rate': 6.931142988548721e-05, 'epoch': 10.79}
{'loss': 0.1738, 'grad_norm': 12.583609580993652, 'learning_rate': 6.92659827476697e-05, 'epoch': 10.81}
{'loss': 0.1168, 'grad_norm': 7.1577372550964355, 'learning_rate': 6.922053560985218e-05, 'epoch': 10.82}
{'loss': 0.1172, 'grad_norm': 10.135766983032227, 'learning_rate': 6.917508847203467e-05, 'epoch': 10.83}
{'loss': 0.2197, 'grad_norm': 14.106439590454102, 'learning_rate': 6.912964133421716e-05, 'epoch': 10.84}
{'loss': 0.2083, 'grad_norm': 10.116697311401367, 'learning_rate': 6.908419419639965e-05, 'epoch': 10.86}
{'loss': 0.1788, 'grad_norm': 1.45908522605896, 'learning_rate': 6.903874705858214e-05, 'epoch': 10.87}
{'loss': 0.256, 'grad_norm': 4.968029975891113, 'learning_rate': 6.899329992076462e-05, 'epoch': 10.88}
{'loss': 0.147, 'grad_norm': 13.350540161132812, 'learning_rate': 6.894785278294711e-05, 'epoch': 10.89}
{'loss': 0.1847, 'grad_norm': 8.46027660369873, 'learning_rate': 6.89024056451296e-05, 'epoch': 10.91}
{'loss': 0.1317, 'grad_norm': 9.016407012939453, 'learning_rate': 6.885695850731209e-05, 'epoch': 10.92}
{'loss': 0.1538, 'grad_norm': 17.009559631347656, 'learning_rate': 6.881151136949458e-05, 'epoch': 10.93}
{'loss': 0.1532, 'grad_norm': 23.358928680419922, 'learning_rate': 6.876606423167706e-05, 'epoch': 10.94}
{'loss': 0.1208, 'grad_norm': 2.600020170211792, 'learning_rate': 6.872061709385955e-05, 'epoch': 10.96}
{'loss': 0.1993, 'grad_norm': 23.994953155517578, 'learning_rate': 6.867516995604204e-05, 'epoch': 10.97}
{'loss': 0.1483, 'grad_norm': 20.44357681274414, 'learning_rate': 6.862972281822453e-05, 'epoch': 10.98}
{'loss': 0.1371, 'grad_norm': 4.939587116241455, 'learning_rate': 6.858427568040702e-05, 'epoch': 10.99}
{'eval_loss': 0.8484684228897095, 'eval_f1_macro': 0.804264390243386, 'eval_f1_weighted': 0.8137005132069701, 'eval_precision_macro': 0.8164869300673957, 'eval_recall_macro': 0.8055659177803006, 'eval_accuracy': 0.8163452708907254, 'eval_runtime': 296.736, 'eval_samples_per_second': 18.35, 'eval_steps_per_second': 0.29, 'epoch': 11.0}
{'loss': 0.1576, 'grad_norm': 14.56578540802002, 'learning_rate': 6.853882854258949e-05, 'epoch': 11.01}
{'loss': 0.0977, 'grad_norm': 26.30499839782715, 'learning_rate': 6.849338140477198e-05, 'epoch': 11.02}
{'loss': 0.0822, 'grad_norm': 6.2757487297058105, 'learning_rate': 6.844793426695448e-05, 'epoch': 11.03}
{'loss': 0.1218, 'grad_norm': 8.269838333129883, 'learning_rate': 6.840248712913697e-05, 'epoch': 11.05}
{'loss': 0.1051, 'grad_norm': 0.732458233833313, 'learning_rate': 6.835703999131946e-05, 'epoch': 11.06}
{'loss': 0.1341, 'grad_norm': 9.580103874206543, 'learning_rate': 6.831159285350194e-05, 'epoch': 11.07}
{'loss': 0.2012, 'grad_norm': 9.276037216186523, 'learning_rate': 6.826614571568443e-05, 'epoch': 11.08}
{'loss': 0.1035, 'grad_norm': 2.5506327152252197, 'learning_rate': 6.822069857786692e-05, 'epoch': 11.1}
{'loss': 0.1227, 'grad_norm': 16.53961181640625, 'learning_rate': 6.817525144004941e-05, 'epoch': 11.11}
{'loss': 0.1206, 'grad_norm': 19.040685653686523, 'learning_rate': 6.81298043022319e-05, 'epoch': 11.12}
{'loss': 0.2372, 'grad_norm': 18.998680114746094, 'learning_rate': 6.808435716441438e-05, 'epoch': 11.13}
{'loss': 0.0754, 'grad_norm': 0.9611905217170715, 'learning_rate': 6.803891002659687e-05, 'epoch': 11.15}
{'loss': 0.2292, 'grad_norm': 17.619680404663086, 'learning_rate': 6.799346288877936e-05, 'epoch': 11.16}
{'loss': 0.0652, 'grad_norm': 7.632335186004639, 'learning_rate': 6.794801575096185e-05, 'epoch': 11.17}
{'loss': 0.1727, 'grad_norm': 22.98868751525879, 'learning_rate': 6.790256861314434e-05, 'epoch': 11.18}
{'loss': 0.15, 'grad_norm': 17.84027099609375, 'learning_rate': 6.785712147532682e-05, 'epoch': 11.2}
{'loss': 0.128, 'grad_norm': 21.009679794311523, 'learning_rate': 6.781167433750931e-05, 'epoch': 11.21}
{'loss': 0.1112, 'grad_norm': 12.266880989074707, 'learning_rate': 6.77662271996918e-05, 'epoch': 11.22}
{'loss': 0.0958, 'grad_norm': 5.507279872894287, 'learning_rate': 6.772078006187429e-05, 'epoch': 11.23}
{'loss': 0.0922, 'grad_norm': 0.6414359211921692, 'learning_rate': 6.767533292405678e-05, 'epoch': 11.25}
{'loss': 0.0449, 'grad_norm': 0.10900460183620453, 'learning_rate': 6.762988578623926e-05, 'epoch': 11.26}
{'loss': 0.0984, 'grad_norm': 3.100879430770874, 'learning_rate': 6.758443864842175e-05, 'epoch': 11.27}
{'loss': 0.1797, 'grad_norm': 15.642192840576172, 'learning_rate': 6.753899151060424e-05, 'epoch': 11.28}
{'loss': 0.2152, 'grad_norm': 4.524358749389648, 'learning_rate': 6.749354437278673e-05, 'epoch': 11.3}
{'loss': 0.1253, 'grad_norm': 2.331162929534912, 'learning_rate': 6.744809723496922e-05, 'epoch': 11.31}
{'loss': 0.1124, 'grad_norm': 15.078898429870605, 'learning_rate': 6.74026500971517e-05, 'epoch': 11.32}
{'loss': 0.2726, 'grad_norm': 21.096277236938477, 'learning_rate': 6.735720295933419e-05, 'epoch': 11.34}
{'loss': 0.2073, 'grad_norm': 8.132918357849121, 'learning_rate': 6.731175582151668e-05, 'epoch': 11.35}
{'loss': 0.1523, 'grad_norm': 9.811792373657227, 'learning_rate': 6.726630868369917e-05, 'epoch': 11.36}
{'loss': 0.2064, 'grad_norm': 16.15504264831543, 'learning_rate': 6.722086154588166e-05, 'epoch': 11.37}
{'loss': 0.1263, 'grad_norm': 3.1093666553497314, 'learning_rate': 6.717541440806415e-05, 'epoch': 11.39}
{'loss': 0.0875, 'grad_norm': 0.9280939102172852, 'learning_rate': 6.712996727024663e-05, 'epoch': 11.4}
{'loss': 0.1692, 'grad_norm': 8.335835456848145, 'learning_rate': 6.708452013242912e-05, 'epoch': 11.41}
{'loss': 0.0491, 'grad_norm': 15.337589263916016, 'learning_rate': 6.703907299461161e-05, 'epoch': 11.42}
{'loss': 0.1633, 'grad_norm': 2.687382221221924, 'learning_rate': 6.69936258567941e-05, 'epoch': 11.44}
{'loss': 0.185, 'grad_norm': 18.226207733154297, 'learning_rate': 6.694817871897659e-05, 'epoch': 11.45}
{'loss': 0.1101, 'grad_norm': 13.405860900878906, 'learning_rate': 6.690273158115907e-05, 'epoch': 11.46}
{'loss': 0.1477, 'grad_norm': 10.83437442779541, 'learning_rate': 6.685728444334156e-05, 'epoch': 11.47}
{'loss': 0.1387, 'grad_norm': 9.621780395507812, 'learning_rate': 6.681183730552405e-05, 'epoch': 11.49}
{'loss': 0.2124, 'grad_norm': 13.202027320861816, 'learning_rate': 6.676639016770654e-05, 'epoch': 11.5}
{'loss': 0.0857, 'grad_norm': 0.6928223967552185, 'learning_rate': 6.672094302988903e-05, 'epoch': 11.51}
{'loss': 0.1155, 'grad_norm': 14.451809883117676, 'learning_rate': 6.667549589207151e-05, 'epoch': 11.52}
{'loss': 0.1286, 'grad_norm': 3.5510337352752686, 'learning_rate': 6.6630048754254e-05, 'epoch': 11.54}
{'loss': 0.0939, 'grad_norm': 4.031941890716553, 'learning_rate': 6.65846016164365e-05, 'epoch': 11.55}
{'loss': 0.1334, 'grad_norm': 11.893681526184082, 'learning_rate': 6.653915447861899e-05, 'epoch': 11.56}
{'loss': 0.1288, 'grad_norm': 14.01797866821289, 'learning_rate': 6.649370734080148e-05, 'epoch': 11.57}
{'loss': 0.2061, 'grad_norm': 14.642509460449219, 'learning_rate': 6.644826020298397e-05, 'epoch': 11.59}
{'loss': 0.1012, 'grad_norm': 9.334345817565918, 'learning_rate': 6.640281306516646e-05, 'epoch': 11.6}
{'loss': 0.1114, 'grad_norm': 5.939986705780029, 'learning_rate': 6.635736592734894e-05, 'epoch': 11.61}
{'loss': 0.1863, 'grad_norm': 9.339803695678711, 'learning_rate': 6.631191878953143e-05, 'epoch': 11.62}
{'loss': 0.1461, 'grad_norm': 2.0342397689819336, 'learning_rate': 6.626647165171392e-05, 'epoch': 11.64}
{'loss': 0.098, 'grad_norm': 25.211708068847656, 'learning_rate': 6.622102451389641e-05, 'epoch': 11.65}
{'loss': 0.1448, 'grad_norm': 19.13214111328125, 'learning_rate': 6.61755773760789e-05, 'epoch': 11.66}
{'loss': 0.1575, 'grad_norm': 27.993610382080078, 'learning_rate': 6.613013023826138e-05, 'epoch': 11.68}
{'loss': 0.1242, 'grad_norm': 0.4751424491405487, 'learning_rate': 6.608468310044387e-05, 'epoch': 11.69}
{'loss': 0.1379, 'grad_norm': 14.14159107208252, 'learning_rate': 6.603923596262635e-05, 'epoch': 11.7}
{'loss': 0.1442, 'grad_norm': 4.647963047027588, 'learning_rate': 6.599378882480883e-05, 'epoch': 11.71}
{'loss': 0.2007, 'grad_norm': 46.486358642578125, 'learning_rate': 6.594834168699132e-05, 'epoch': 11.73}
{'loss': 0.1017, 'grad_norm': 3.5709009170532227, 'learning_rate': 6.590289454917381e-05, 'epoch': 11.74}
{'loss': 0.0864, 'grad_norm': 8.533208847045898, 'learning_rate': 6.58574474113563e-05, 'epoch': 11.75}
{'loss': 0.2412, 'grad_norm': 8.787540435791016, 'learning_rate': 6.581200027353879e-05, 'epoch': 11.76}
{'loss': 0.1592, 'grad_norm': 14.847362518310547, 'learning_rate': 6.576655313572127e-05, 'epoch': 11.78}
{'loss': 0.143, 'grad_norm': 19.289793014526367, 'learning_rate': 6.572110599790376e-05, 'epoch': 11.79}
{'loss': 0.1675, 'grad_norm': 13.438621520996094, 'learning_rate': 6.567565886008626e-05, 'epoch': 11.8}
{'loss': 0.1398, 'grad_norm': 5.205796241760254, 'learning_rate': 6.563021172226875e-05, 'epoch': 11.81}
{'loss': 0.1752, 'grad_norm': 16.870397567749023, 'learning_rate': 6.558476458445124e-05, 'epoch': 11.83}
{'loss': 0.2189, 'grad_norm': 7.226264953613281, 'learning_rate': 6.553931744663373e-05, 'epoch': 11.84}
{'loss': 0.1884, 'grad_norm': 7.796889305114746, 'learning_rate': 6.549387030881622e-05, 'epoch': 11.85}
{'loss': 0.1418, 'grad_norm': 17.214370727539062, 'learning_rate': 6.54484231709987e-05, 'epoch': 11.86}
{'loss': 0.1789, 'grad_norm': 5.445766448974609, 'learning_rate': 6.540297603318119e-05, 'epoch': 11.88}
{'loss': 0.1508, 'grad_norm': 14.758889198303223, 'learning_rate': 6.535752889536368e-05, 'epoch': 11.89}
{'loss': 0.1864, 'grad_norm': 18.28624725341797, 'learning_rate': 6.531208175754617e-05, 'epoch': 11.9}
{'loss': 0.157, 'grad_norm': 23.35048484802246, 'learning_rate': 6.526663461972866e-05, 'epoch': 11.91}
{'loss': 0.1224, 'grad_norm': 18.983842849731445, 'learning_rate': 6.522118748191114e-05, 'epoch': 11.93}
{'loss': 0.0849, 'grad_norm': 9.390852928161621, 'learning_rate': 6.517574034409363e-05, 'epoch': 11.94}
{'loss': 0.2045, 'grad_norm': 10.146224021911621, 'learning_rate': 6.513029320627612e-05, 'epoch': 11.95}
{'loss': 0.137, 'grad_norm': 16.984683990478516, 'learning_rate': 6.508484606845861e-05, 'epoch': 11.96}
{'loss': 0.2325, 'grad_norm': 8.710018157958984, 'learning_rate': 6.50393989306411e-05, 'epoch': 11.98}
{'loss': 0.1669, 'grad_norm': 30.879405975341797, 'learning_rate': 6.499395179282358e-05, 'epoch': 11.99}
{'eval_loss': 0.7993174195289612, 'eval_f1_macro': 0.8036373466778918, 'eval_f1_weighted': 0.8115743557476883, 'eval_precision_macro': 0.8100746788844014, 'eval_recall_macro': 0.8041839285098243, 'eval_accuracy': 0.8124885215794306, 'eval_runtime': 302.8882, 'eval_samples_per_second': 17.977, 'eval_steps_per_second': 0.284, 'epoch': 12.0}
{'loss': 0.1594, 'grad_norm': 0.44095149636268616, 'learning_rate': 6.494850465500607e-05, 'epoch': 12.0}
{'loss': 0.1886, 'grad_norm': 12.5597505569458, 'learning_rate': 6.490305751718856e-05, 'epoch': 12.02}
{'loss': 0.0668, 'grad_norm': 12.02479076385498, 'learning_rate': 6.485761037937105e-05, 'epoch': 12.03}
{'loss': 0.1232, 'grad_norm': 14.01772403717041, 'learning_rate': 6.481216324155354e-05, 'epoch': 12.04}
{'loss': 0.1281, 'grad_norm': 8.599128723144531, 'learning_rate': 6.476671610373602e-05, 'epoch': 12.05}
{'loss': 0.1401, 'grad_norm': 18.66187286376953, 'learning_rate': 6.472126896591851e-05, 'epoch': 12.07}
{'loss': 0.132, 'grad_norm': 6.515481472015381, 'learning_rate': 6.4675821828101e-05, 'epoch': 12.08}
{'loss': 0.112, 'grad_norm': 9.362815856933594, 'learning_rate': 6.463037469028349e-05, 'epoch': 12.09}
{'loss': 0.099, 'grad_norm': 13.953044891357422, 'learning_rate': 6.458492755246598e-05, 'epoch': 12.1}
{'loss': 0.1825, 'grad_norm': 2.380537509918213, 'learning_rate': 6.453948041464847e-05, 'epoch': 12.12}
{'loss': 0.0832, 'grad_norm': 11.800897598266602, 'learning_rate': 6.449403327683095e-05, 'epoch': 12.13}
{'loss': 0.1241, 'grad_norm': 12.151986122131348, 'learning_rate': 6.444858613901344e-05, 'epoch': 12.14}
{'loss': 0.1382, 'grad_norm': 10.995604515075684, 'learning_rate': 6.440313900119593e-05, 'epoch': 12.15}
{'loss': 0.1197, 'grad_norm': 3.019061326980591, 'learning_rate': 6.435769186337842e-05, 'epoch': 12.17}
{'loss': 0.1104, 'grad_norm': 0.22056865692138672, 'learning_rate': 6.43122447255609e-05, 'epoch': 12.18}
{'loss': 0.1723, 'grad_norm': 6.282899856567383, 'learning_rate': 6.42667975877434e-05, 'epoch': 12.19}
{'loss': 0.1235, 'grad_norm': 27.502944946289062, 'learning_rate': 6.422135044992588e-05, 'epoch': 12.2}
{'loss': 0.1967, 'grad_norm': 27.02554702758789, 'learning_rate': 6.417590331210837e-05, 'epoch': 12.22}
{'loss': 0.0999, 'grad_norm': 12.194276809692383, 'learning_rate': 6.413045617429086e-05, 'epoch': 12.23}
{'loss': 0.0945, 'grad_norm': 2.0420308113098145, 'learning_rate': 6.408500903647335e-05, 'epoch': 12.24}
{'loss': 0.0647, 'grad_norm': 11.026816368103027, 'learning_rate': 6.403956189865583e-05, 'epoch': 12.25}
{'loss': 0.1163, 'grad_norm': 9.693650245666504, 'learning_rate': 6.399411476083832e-05, 'epoch': 12.27}
{'loss': 0.0695, 'grad_norm': 20.519195556640625, 'learning_rate': 6.394866762302081e-05, 'epoch': 12.28}
{'loss': 0.176, 'grad_norm': 12.370757102966309, 'learning_rate': 6.39032204852033e-05, 'epoch': 12.29}
{'loss': 0.1089, 'grad_norm': 8.14042854309082, 'learning_rate': 6.38577733473858e-05, 'epoch': 12.3}
{'loss': 0.1548, 'grad_norm': 5.137271881103516, 'learning_rate': 6.381232620956829e-05, 'epoch': 12.32}
{'loss': 0.1008, 'grad_norm': 11.35969066619873, 'learning_rate': 6.376687907175078e-05, 'epoch': 12.33}
{'loss': 0.1261, 'grad_norm': 10.069442749023438, 'learning_rate': 6.372143193393326e-05, 'epoch': 12.34}
{'loss': 0.1437, 'grad_norm': 271.27734375, 'learning_rate': 6.367598479611575e-05, 'epoch': 12.36}
{'loss': 0.1104, 'grad_norm': 1.6619744300842285, 'learning_rate': 6.363053765829824e-05, 'epoch': 12.37}
{'loss': 0.1086, 'grad_norm': 6.043838977813721, 'learning_rate': 6.358509052048071e-05, 'epoch': 12.38}
{'loss': 0.145, 'grad_norm': 1.6154366731643677, 'learning_rate': 6.35396433826632e-05, 'epoch': 12.39}
{'loss': 0.1357, 'grad_norm': 8.366342544555664, 'learning_rate': 6.349419624484569e-05, 'epoch': 12.41}
{'loss': 0.1452, 'grad_norm': 23.99329376220703, 'learning_rate': 6.344874910702818e-05, 'epoch': 12.42}
{'loss': 0.1793, 'grad_norm': 12.83599853515625, 'learning_rate': 6.340330196921067e-05, 'epoch': 12.43}
{'loss': 0.1225, 'grad_norm': 20.571739196777344, 'learning_rate': 6.335785483139315e-05, 'epoch': 12.44}
{'loss': 0.1936, 'grad_norm': 12.541072845458984, 'learning_rate': 6.331240769357564e-05, 'epoch': 12.46}
{'loss': 0.0919, 'grad_norm': 7.764317512512207, 'learning_rate': 6.326696055575813e-05, 'epoch': 12.47}
{'loss': 0.1321, 'grad_norm': 21.600540161132812, 'learning_rate': 6.322151341794062e-05, 'epoch': 12.48}
{'loss': 0.1388, 'grad_norm': 16.61741065979004, 'learning_rate': 6.31760662801231e-05, 'epoch': 12.49}
{'loss': 0.0721, 'grad_norm': 14.536561965942383, 'learning_rate': 6.31306191423056e-05, 'epoch': 12.51}
{'loss': 0.1438, 'grad_norm': 15.33355712890625, 'learning_rate': 6.308517200448808e-05, 'epoch': 12.52}
{'loss': 0.0992, 'grad_norm': 3.870924472808838, 'learning_rate': 6.303972486667057e-05, 'epoch': 12.53}
{'loss': 0.1833, 'grad_norm': 7.360099792480469, 'learning_rate': 6.299427772885306e-05, 'epoch': 12.54}
{'loss': 0.0957, 'grad_norm': 2.7776010036468506, 'learning_rate': 6.294883059103555e-05, 'epoch': 12.56}
{'loss': 0.1179, 'grad_norm': 3.4156405925750732, 'learning_rate': 6.290338345321805e-05, 'epoch': 12.57}
{'loss': 0.1526, 'grad_norm': 6.707660675048828, 'learning_rate': 6.285793631540054e-05, 'epoch': 12.58}
{'loss': 0.156, 'grad_norm': 30.588008880615234, 'learning_rate': 6.281248917758302e-05, 'epoch': 12.59}
{'loss': 0.122, 'grad_norm': 23.12605094909668, 'learning_rate': 6.276704203976551e-05, 'epoch': 12.61}
{'loss': 0.15, 'grad_norm': 1.123725414276123, 'learning_rate': 6.2721594901948e-05, 'epoch': 12.62}
{'loss': 0.1323, 'grad_norm': 7.09637975692749, 'learning_rate': 6.267614776413049e-05, 'epoch': 12.63}
{'loss': 0.1702, 'grad_norm': 20.946269989013672, 'learning_rate': 6.263070062631298e-05, 'epoch': 12.64}
{'loss': 0.0722, 'grad_norm': 2.1723904609680176, 'learning_rate': 6.258525348849546e-05, 'epoch': 12.66}
{'loss': 0.1262, 'grad_norm': 21.07706069946289, 'learning_rate': 6.253980635067795e-05, 'epoch': 12.67}
{'loss': 0.1025, 'grad_norm': 15.877890586853027, 'learning_rate': 6.249435921286044e-05, 'epoch': 12.68}
{'loss': 0.1235, 'grad_norm': 3.120908260345459, 'learning_rate': 6.244891207504293e-05, 'epoch': 12.7}
{'loss': 0.1053, 'grad_norm': 16.541641235351562, 'learning_rate': 6.240346493722542e-05, 'epoch': 12.71}
{'loss': 0.1075, 'grad_norm': 21.609941482543945, 'learning_rate': 6.23580177994079e-05, 'epoch': 12.72}
{'loss': 0.0506, 'grad_norm': 0.38223493099212646, 'learning_rate': 6.231257066159039e-05, 'epoch': 12.73}
{'loss': 0.0657, 'grad_norm': 13.417073249816895, 'learning_rate': 6.226712352377288e-05, 'epoch': 12.75}
{'loss': 0.1261, 'grad_norm': 4.962653636932373, 'learning_rate': 6.222167638595537e-05, 'epoch': 12.76}
{'loss': 0.1106, 'grad_norm': 14.240178108215332, 'learning_rate': 6.217622924813786e-05, 'epoch': 12.77}
{'loss': 0.0919, 'grad_norm': 1.2859103679656982, 'learning_rate': 6.213078211032033e-05, 'epoch': 12.78}
{'loss': 0.1463, 'grad_norm': 11.60777759552002, 'learning_rate': 6.208533497250282e-05, 'epoch': 12.8}
{'loss': 0.1939, 'grad_norm': 36.40326690673828, 'learning_rate': 6.203988783468531e-05, 'epoch': 12.81}
{'loss': 0.1541, 'grad_norm': 14.119552612304688, 'learning_rate': 6.199444069686781e-05, 'epoch': 12.82}
{'loss': 0.1273, 'grad_norm': 10.170267105102539, 'learning_rate': 6.19489935590503e-05, 'epoch': 12.83}
{'loss': 0.2379, 'grad_norm': 9.805721282958984, 'learning_rate': 6.190354642123279e-05, 'epoch': 12.85}
{'loss': 0.1055, 'grad_norm': 14.02249526977539, 'learning_rate': 6.185809928341527e-05, 'epoch': 12.86}
{'loss': 0.1436, 'grad_norm': 0.5624217987060547, 'learning_rate': 6.181265214559776e-05, 'epoch': 12.87}
{'loss': 0.1028, 'grad_norm': 7.33445930480957, 'learning_rate': 6.176720500778025e-05, 'epoch': 12.88}
{'loss': 0.0974, 'grad_norm': 11.745806694030762, 'learning_rate': 6.172175786996274e-05, 'epoch': 12.9}
{'loss': 0.1991, 'grad_norm': 16.5742130279541, 'learning_rate': 6.167631073214523e-05, 'epoch': 12.91}
{'loss': 0.1236, 'grad_norm': 2.053255319595337, 'learning_rate': 6.163086359432771e-05, 'epoch': 12.92}
{'loss': 0.1065, 'grad_norm': 11.714556694030762, 'learning_rate': 6.15854164565102e-05, 'epoch': 12.93}
{'loss': 0.1457, 'grad_norm': 44.28774642944336, 'learning_rate': 6.153996931869269e-05, 'epoch': 12.95}
{'loss': 0.0604, 'grad_norm': 9.726837158203125, 'learning_rate': 6.149452218087518e-05, 'epoch': 12.96}
{'loss': 0.1684, 'grad_norm': 14.170150756835938, 'learning_rate': 6.144907504305767e-05, 'epoch': 12.97}
{'loss': 0.1197, 'grad_norm': 12.208314895629883, 'learning_rate': 6.140362790524015e-05, 'epoch': 12.98}
{'loss': 0.1641, 'grad_norm': 4.660409927368164, 'learning_rate': 6.135818076742264e-05, 'epoch': 13.0}
{'eval_loss': 0.856927752494812, 'eval_f1_macro': 0.811780382086435, 'eval_f1_weighted': 0.8163517387322187, 'eval_precision_macro': 0.8171742189778711, 'eval_recall_macro': 0.8120448583947838, 'eval_accuracy': 0.8185491276400367, 'eval_runtime': 302.7352, 'eval_samples_per_second': 17.986, 'eval_steps_per_second': 0.284, 'epoch': 13.0}
{'loss': 0.1399, 'grad_norm': 16.750505447387695, 'learning_rate': 6.131273362960513e-05, 'epoch': 13.01}
{'loss': 0.101, 'grad_norm': 0.2895292043685913, 'learning_rate': 6.126728649178762e-05, 'epoch': 13.02}
{'loss': 0.1315, 'grad_norm': 18.49625015258789, 'learning_rate': 6.12218393539701e-05, 'epoch': 13.04}
{'loss': 0.0614, 'grad_norm': 0.43152883648872375, 'learning_rate': 6.11763922161526e-05, 'epoch': 13.05}
{'loss': 0.1188, 'grad_norm': 13.537692070007324, 'learning_rate': 6.113094507833508e-05, 'epoch': 13.06}
{'loss': 0.0898, 'grad_norm': 1.5443896055221558, 'learning_rate': 6.108549794051757e-05, 'epoch': 13.07}
{'loss': 0.1126, 'grad_norm': 20.42898178100586, 'learning_rate': 6.104005080270006e-05, 'epoch': 13.09}
{'loss': 0.1204, 'grad_norm': 16.588777542114258, 'learning_rate': 6.099460366488255e-05, 'epoch': 13.1}
{'loss': 0.1853, 'grad_norm': 3.4540255069732666, 'learning_rate': 6.094915652706504e-05, 'epoch': 13.11}
{'loss': 0.1041, 'grad_norm': 25.244401931762695, 'learning_rate': 6.090370938924753e-05, 'epoch': 13.12}
{'loss': 0.1541, 'grad_norm': 21.435054779052734, 'learning_rate': 6.085826225143002e-05, 'epoch': 13.14}
{'loss': 0.1329, 'grad_norm': 0.5486152172088623, 'learning_rate': 6.0812815113612505e-05, 'epoch': 13.15}
{'loss': 0.1146, 'grad_norm': 0.20418603718280792, 'learning_rate': 6.076736797579499e-05, 'epoch': 13.16}
{'loss': 0.1821, 'grad_norm': 20.59698486328125, 'learning_rate': 6.072192083797748e-05, 'epoch': 13.17}
{'loss': 0.109, 'grad_norm': 13.599099159240723, 'learning_rate': 6.067647370015997e-05, 'epoch': 13.19}
{'loss': 0.0899, 'grad_norm': 2.955584764480591, 'learning_rate': 6.063102656234245e-05, 'epoch': 13.2}
{'loss': 0.1323, 'grad_norm': 11.38269329071045, 'learning_rate': 6.058557942452494e-05, 'epoch': 13.21}
{'loss': 0.1736, 'grad_norm': 1.1006110906600952, 'learning_rate': 6.0540132286707426e-05, 'epoch': 13.22}
{'loss': 0.2118, 'grad_norm': 20.842666625976562, 'learning_rate': 6.0494685148889914e-05, 'epoch': 13.24}
{'loss': 0.0918, 'grad_norm': 2.463230848312378, 'learning_rate': 6.04492380110724e-05, 'epoch': 13.25}
{'loss': 0.0684, 'grad_norm': 2.7012767791748047, 'learning_rate': 6.040379087325489e-05, 'epoch': 13.26}
{'loss': 0.2273, 'grad_norm': 8.838545799255371, 'learning_rate': 6.035834373543738e-05, 'epoch': 13.27}
{'loss': 0.0688, 'grad_norm': 13.141616821289062, 'learning_rate': 6.0312896597619866e-05, 'epoch': 13.29}
{'loss': 0.1106, 'grad_norm': 4.115423202514648, 'learning_rate': 6.0267449459802354e-05, 'epoch': 13.3}
{'loss': 0.096, 'grad_norm': 1.7904211282730103, 'learning_rate': 6.022200232198484e-05, 'epoch': 13.31}
{'loss': 0.1418, 'grad_norm': 0.2157713919878006, 'learning_rate': 6.0176555184167344e-05, 'epoch': 13.32}
{'loss': 0.1102, 'grad_norm': 9.234036445617676, 'learning_rate': 6.0131108046349825e-05, 'epoch': 13.34}
{'loss': 0.1255, 'grad_norm': 39.266117095947266, 'learning_rate': 6.0085660908532313e-05, 'epoch': 13.35}
{'loss': 0.1194, 'grad_norm': 1.721919059753418, 'learning_rate': 6.00402137707148e-05, 'epoch': 13.36}
{'loss': 0.1115, 'grad_norm': 4.2973480224609375, 'learning_rate': 5.999476663289729e-05, 'epoch': 13.38}
{'loss': 0.1427, 'grad_norm': 38.458553314208984, 'learning_rate': 5.994931949507978e-05, 'epoch': 13.39}
{'loss': 0.1664, 'grad_norm': 14.55493450164795, 'learning_rate': 5.9903872357262266e-05, 'epoch': 13.4}
{'loss': 0.0969, 'grad_norm': 1.4502958059310913, 'learning_rate': 5.9858425219444754e-05, 'epoch': 13.41}
{'loss': 0.1092, 'grad_norm': 9.632335662841797, 'learning_rate': 5.981297808162724e-05, 'epoch': 13.43}
{'loss': 0.1234, 'grad_norm': 7.812619686126709, 'learning_rate': 5.976753094380973e-05, 'epoch': 13.44}
{'loss': 0.1591, 'grad_norm': 18.00078773498535, 'learning_rate': 5.972208380599222e-05, 'epoch': 13.45}
{'loss': 0.1333, 'grad_norm': 7.318967819213867, 'learning_rate': 5.9676636668174706e-05, 'epoch': 13.46}
{'loss': 0.1703, 'grad_norm': 22.130510330200195, 'learning_rate': 5.9631189530357194e-05, 'epoch': 13.48}
{'loss': 0.0904, 'grad_norm': 14.819038391113281, 'learning_rate': 5.958574239253968e-05, 'epoch': 13.49}
{'loss': 0.0539, 'grad_norm': 0.3005889058113098, 'learning_rate': 5.954029525472217e-05, 'epoch': 13.5}
{'loss': 0.142, 'grad_norm': 2.2277421951293945, 'learning_rate': 5.949484811690466e-05, 'epoch': 13.51}
{'loss': 0.1053, 'grad_norm': 17.003801345825195, 'learning_rate': 5.9449400979087146e-05, 'epoch': 13.53}
{'loss': 0.1274, 'grad_norm': 25.664833068847656, 'learning_rate': 5.9403953841269634e-05, 'epoch': 13.54}
{'loss': 0.1013, 'grad_norm': 6.4042840003967285, 'learning_rate': 5.935850670345212e-05, 'epoch': 13.55}
{'loss': 0.0675, 'grad_norm': 7.687757968902588, 'learning_rate': 5.931305956563461e-05, 'epoch': 13.56}
{'loss': 0.0896, 'grad_norm': 0.6868304014205933, 'learning_rate': 5.92676124278171e-05, 'epoch': 13.58}
{'loss': 0.1541, 'grad_norm': 9.483650207519531, 'learning_rate': 5.922216528999959e-05, 'epoch': 13.59}
{'loss': 0.1587, 'grad_norm': 27.02130126953125, 'learning_rate': 5.917671815218208e-05, 'epoch': 13.6}
{'loss': 0.1263, 'grad_norm': 11.019838333129883, 'learning_rate': 5.913127101436457e-05, 'epoch': 13.61}
{'loss': 0.1562, 'grad_norm': 10.965421676635742, 'learning_rate': 5.908582387654706e-05, 'epoch': 13.63}
{'loss': 0.1634, 'grad_norm': 12.209515571594238, 'learning_rate': 5.9040376738729545e-05, 'epoch': 13.64}
{'loss': 0.1754, 'grad_norm': 12.778553009033203, 'learning_rate': 5.899492960091203e-05, 'epoch': 13.65}
{'loss': 0.1094, 'grad_norm': 0.2902722954750061, 'learning_rate': 5.894948246309452e-05, 'epoch': 13.66}
{'loss': 0.1177, 'grad_norm': 6.861996173858643, 'learning_rate': 5.890403532527701e-05, 'epoch': 13.68}
{'loss': 0.1367, 'grad_norm': 20.494997024536133, 'learning_rate': 5.88585881874595e-05, 'epoch': 13.69}
{'loss': 0.0726, 'grad_norm': 0.13652020692825317, 'learning_rate': 5.8813141049641985e-05, 'epoch': 13.7}
{'loss': 0.0926, 'grad_norm': 7.97664213180542, 'learning_rate': 5.876769391182447e-05, 'epoch': 13.72}
{'loss': 0.1397, 'grad_norm': 17.936546325683594, 'learning_rate': 5.872224677400696e-05, 'epoch': 13.73}
{'loss': 0.0582, 'grad_norm': 6.875372886657715, 'learning_rate': 5.867679963618944e-05, 'epoch': 13.74}
{'loss': 0.0848, 'grad_norm': 30.258861541748047, 'learning_rate': 5.863135249837193e-05, 'epoch': 13.75}
{'loss': 0.1193, 'grad_norm': 0.7610263824462891, 'learning_rate': 5.858590536055442e-05, 'epoch': 13.77}
{'loss': 0.1558, 'grad_norm': 0.45468685030937195, 'learning_rate': 5.854045822273691e-05, 'epoch': 13.78}
{'loss': 0.186, 'grad_norm': 0.28292709589004517, 'learning_rate': 5.8495011084919395e-05, 'epoch': 13.79}
{'loss': 0.1028, 'grad_norm': 0.3785454034805298, 'learning_rate': 5.844956394710188e-05, 'epoch': 13.8}
{'loss': 0.1411, 'grad_norm': 0.3949604332447052, 'learning_rate': 5.840411680928437e-05, 'epoch': 13.82}
{'loss': 0.1287, 'grad_norm': 8.967883110046387, 'learning_rate': 5.835866967146686e-05, 'epoch': 13.83}
{'loss': 0.1033, 'grad_norm': 1.0975661277770996, 'learning_rate': 5.831322253364936e-05, 'epoch': 13.84}
{'loss': 0.0721, 'grad_norm': 4.272503852844238, 'learning_rate': 5.826777539583185e-05, 'epoch': 13.85}
{'loss': 0.1183, 'grad_norm': 31.70451545715332, 'learning_rate': 5.8222328258014337e-05, 'epoch': 13.87}
{'loss': 0.1114, 'grad_norm': 10.835585594177246, 'learning_rate': 5.817688112019682e-05, 'epoch': 13.88}
{'loss': 0.1359, 'grad_norm': 31.929962158203125, 'learning_rate': 5.8131433982379306e-05, 'epoch': 13.89}
{'loss': 0.1181, 'grad_norm': 20.419265747070312, 'learning_rate': 5.8085986844561794e-05, 'epoch': 13.9}
{'loss': 0.1478, 'grad_norm': 23.545303344726562, 'learning_rate': 5.804053970674428e-05, 'epoch': 13.92}
{'loss': 0.223, 'grad_norm': 14.858735084533691, 'learning_rate': 5.799509256892677e-05, 'epoch': 13.93}
{'loss': 0.1329, 'grad_norm': 14.039878845214844, 'learning_rate': 5.794964543110926e-05, 'epoch': 13.94}
{'loss': 0.0717, 'grad_norm': 0.08846297115087509, 'learning_rate': 5.7904198293291746e-05, 'epoch': 13.95}
{'loss': 0.1364, 'grad_norm': 7.067912578582764, 'learning_rate': 5.7858751155474234e-05, 'epoch': 13.97}
{'loss': 0.0655, 'grad_norm': 12.754990577697754, 'learning_rate': 5.781330401765672e-05, 'epoch': 13.98}
{'loss': 0.1214, 'grad_norm': 8.16026496887207, 'learning_rate': 5.776785687983921e-05, 'epoch': 13.99}
{'eval_loss': 0.796282947063446, 'eval_f1_macro': 0.8326557678200689, 'eval_f1_weighted': 0.8411022894578918, 'eval_precision_macro': 0.8319585705921667, 'eval_recall_macro': 0.8346828251457555, 'eval_accuracy': 0.840771349862259, 'eval_runtime': 304.8733, 'eval_samples_per_second': 17.86, 'eval_steps_per_second': 0.282, 'epoch': 14.0}
{'loss': 0.0422, 'grad_norm': 21.010122299194336, 'learning_rate': 5.77224097420217e-05, 'epoch': 14.01}
{'loss': 0.0787, 'grad_norm': 25.671926498413086, 'learning_rate': 5.7676962604204186e-05, 'epoch': 14.02}
{'loss': 0.1655, 'grad_norm': 20.008560180664062, 'learning_rate': 5.7631515466386674e-05, 'epoch': 14.03}
{'loss': 0.0779, 'grad_norm': 23.092710494995117, 'learning_rate': 5.758606832856916e-05, 'epoch': 14.04}
{'loss': 0.1191, 'grad_norm': 10.400195121765137, 'learning_rate': 5.754062119075165e-05, 'epoch': 14.06}
{'loss': 0.1473, 'grad_norm': 8.946516990661621, 'learning_rate': 5.749517405293414e-05, 'epoch': 14.07}
{'loss': 0.0813, 'grad_norm': 7.991136074066162, 'learning_rate': 5.7449726915116626e-05, 'epoch': 14.08}
{'loss': 0.0649, 'grad_norm': 0.10636191815137863, 'learning_rate': 5.740427977729912e-05, 'epoch': 14.09}
{'loss': 0.1314, 'grad_norm': 1.498206377029419, 'learning_rate': 5.735883263948161e-05, 'epoch': 14.11}
{'loss': 0.1376, 'grad_norm': 0.7605624198913574, 'learning_rate': 5.73133855016641e-05, 'epoch': 14.12}
{'loss': 0.1079, 'grad_norm': 8.082723617553711, 'learning_rate': 5.7267938363846585e-05, 'epoch': 14.13}
{'loss': 0.0756, 'grad_norm': 12.062623977661133, 'learning_rate': 5.7222491226029073e-05, 'epoch': 14.14}
{'loss': 0.0364, 'grad_norm': 0.18862561881542206, 'learning_rate': 5.717704408821156e-05, 'epoch': 14.16}
{'loss': 0.0758, 'grad_norm': 2.392643451690674, 'learning_rate': 5.713159695039405e-05, 'epoch': 14.17}
{'loss': 0.0364, 'grad_norm': 0.02785532735288143, 'learning_rate': 5.708614981257654e-05, 'epoch': 14.18}
{'loss': 0.1688, 'grad_norm': 34.98249435424805, 'learning_rate': 5.7040702674759026e-05, 'epoch': 14.19}
{'loss': 0.0934, 'grad_norm': 27.674072265625, 'learning_rate': 5.6995255536941514e-05, 'epoch': 14.21}
{'loss': 0.1519, 'grad_norm': 20.032684326171875, 'learning_rate': 5.6949808399124e-05, 'epoch': 14.22}
{'loss': 0.1342, 'grad_norm': 0.2540982961654663, 'learning_rate': 5.690436126130649e-05, 'epoch': 14.23}
{'loss': 0.0543, 'grad_norm': 13.27672290802002, 'learning_rate': 5.685891412348898e-05, 'epoch': 14.24}
{'loss': 0.109, 'grad_norm': 18.93819808959961, 'learning_rate': 5.6813466985671466e-05, 'epoch': 14.26}
{'loss': 0.0794, 'grad_norm': 22.587968826293945, 'learning_rate': 5.6768019847853954e-05, 'epoch': 14.27}
{'loss': 0.0508, 'grad_norm': 27.223674774169922, 'learning_rate': 5.6722572710036435e-05, 'epoch': 14.28}
{'loss': 0.0776, 'grad_norm': 0.865013599395752, 'learning_rate': 5.667712557221892e-05, 'epoch': 14.29}
{'loss': 0.0631, 'grad_norm': 0.20810487866401672, 'learning_rate': 5.663167843440141e-05, 'epoch': 14.31}
{'loss': 0.053, 'grad_norm': 3.0835609436035156, 'learning_rate': 5.65862312965839e-05, 'epoch': 14.32}
{'loss': 0.0166, 'grad_norm': 30.89593505859375, 'learning_rate': 5.654078415876639e-05, 'epoch': 14.33}
{'loss': 0.0981, 'grad_norm': 0.18126285076141357, 'learning_rate': 5.649533702094889e-05, 'epoch': 14.35}
{'loss': 0.1475, 'grad_norm': 27.145912170410156, 'learning_rate': 5.644988988313138e-05, 'epoch': 14.36}
{'loss': 0.1621, 'grad_norm': 8.77446460723877, 'learning_rate': 5.6404442745313865e-05, 'epoch': 14.37}
{'loss': 0.1911, 'grad_norm': 0.1536131650209427, 'learning_rate': 5.635899560749635e-05, 'epoch': 14.38}
{'loss': 0.1464, 'grad_norm': 5.912716388702393, 'learning_rate': 5.631354846967884e-05, 'epoch': 14.4}
{'loss': 0.1285, 'grad_norm': 0.2186807096004486, 'learning_rate': 5.626810133186133e-05, 'epoch': 14.41}
{'loss': 0.0897, 'grad_norm': 1.9816938638687134, 'learning_rate': 5.622265419404382e-05, 'epoch': 14.42}
{'loss': 0.1511, 'grad_norm': 9.209903717041016, 'learning_rate': 5.61772070562263e-05, 'epoch': 14.43}
{'loss': 0.0876, 'grad_norm': 1.889048457145691, 'learning_rate': 5.6131759918408786e-05, 'epoch': 14.45}
{'loss': 0.092, 'grad_norm': 27.212751388549805, 'learning_rate': 5.6086312780591274e-05, 'epoch': 14.46}
{'loss': 0.0495, 'grad_norm': 29.144468307495117, 'learning_rate': 5.604086564277376e-05, 'epoch': 14.47}
{'loss': 0.0766, 'grad_norm': 4.209446430206299, 'learning_rate': 5.599541850495625e-05, 'epoch': 14.48}
{'loss': 0.1326, 'grad_norm': 21.210006713867188, 'learning_rate': 5.594997136713874e-05, 'epoch': 14.5}
{'loss': 0.0927, 'grad_norm': 7.406063556671143, 'learning_rate': 5.5904524229321227e-05, 'epoch': 14.51}
{'loss': 0.0362, 'grad_norm': 24.35981559753418, 'learning_rate': 5.5859077091503715e-05, 'epoch': 14.52}
{'loss': 0.059, 'grad_norm': 0.20577794313430786, 'learning_rate': 5.58136299536862e-05, 'epoch': 14.53}
{'loss': 0.0969, 'grad_norm': 14.409440040588379, 'learning_rate': 5.576818281586869e-05, 'epoch': 14.55}
{'loss': 0.0653, 'grad_norm': 21.6750431060791, 'learning_rate': 5.572273567805118e-05, 'epoch': 14.56}
{'loss': 0.0476, 'grad_norm': 16.390989303588867, 'learning_rate': 5.567728854023367e-05, 'epoch': 14.57}
{'loss': 0.1497, 'grad_norm': 10.682344436645508, 'learning_rate': 5.5631841402416155e-05, 'epoch': 14.58}
{'loss': 0.0943, 'grad_norm': 0.02642582356929779, 'learning_rate': 5.558639426459865e-05, 'epoch': 14.6}
{'loss': 0.1016, 'grad_norm': 15.414344787597656, 'learning_rate': 5.554094712678114e-05, 'epoch': 14.61}
{'loss': 0.0762, 'grad_norm': 16.977676391601562, 'learning_rate': 5.5495499988963626e-05, 'epoch': 14.62}
{'loss': 0.0643, 'grad_norm': 1.869673252105713, 'learning_rate': 5.5450052851146114e-05, 'epoch': 14.63}
{'loss': 0.1447, 'grad_norm': 4.188745498657227, 'learning_rate': 5.54046057133286e-05, 'epoch': 14.65}
{'loss': 0.191, 'grad_norm': 20.36966323852539, 'learning_rate': 5.535915857551109e-05, 'epoch': 14.66}
{'loss': 0.1188, 'grad_norm': 0.20957201719284058, 'learning_rate': 5.531371143769358e-05, 'epoch': 14.67}
{'loss': 0.0725, 'grad_norm': 7.110505104064941, 'learning_rate': 5.5268264299876066e-05, 'epoch': 14.69}
{'loss': 0.1543, 'grad_norm': 14.855708122253418, 'learning_rate': 5.5222817162058554e-05, 'epoch': 14.7}
{'loss': 0.0579, 'grad_norm': 1.934460163116455, 'learning_rate': 5.517737002424104e-05, 'epoch': 14.71}
{'loss': 0.0518, 'grad_norm': 1.0367023944854736, 'learning_rate': 5.513192288642353e-05, 'epoch': 14.72}
{'loss': 0.1642, 'grad_norm': 58.8546142578125, 'learning_rate': 5.508647574860602e-05, 'epoch': 14.74}
{'loss': 0.1791, 'grad_norm': 20.486902236938477, 'learning_rate': 5.5041028610788506e-05, 'epoch': 14.75}
{'loss': 0.0814, 'grad_norm': 28.594018936157227, 'learning_rate': 5.4995581472970994e-05, 'epoch': 14.76}
{'loss': 0.1512, 'grad_norm': 12.283327102661133, 'learning_rate': 5.495013433515348e-05, 'epoch': 14.77}
{'loss': 0.1384, 'grad_norm': 1.1677138805389404, 'learning_rate': 5.490468719733597e-05, 'epoch': 14.79}
{'loss': 0.1024, 'grad_norm': 17.006587982177734, 'learning_rate': 5.485924005951846e-05, 'epoch': 14.8}
{'loss': 0.1283, 'grad_norm': 21.80145835876465, 'learning_rate': 5.4813792921700946e-05, 'epoch': 14.81}
{'loss': 0.1118, 'grad_norm': 7.866279602050781, 'learning_rate': 5.476834578388343e-05, 'epoch': 14.82}
{'loss': 0.0568, 'grad_norm': 18.071836471557617, 'learning_rate': 5.4722898646065916e-05, 'epoch': 14.84}
{'loss': 0.0607, 'grad_norm': 9.076306343078613, 'learning_rate': 5.4677451508248404e-05, 'epoch': 14.85}
{'loss': 0.0876, 'grad_norm': 20.655426025390625, 'learning_rate': 5.4632004370430905e-05, 'epoch': 14.86}
{'loss': 0.1192, 'grad_norm': 48.03537368774414, 'learning_rate': 5.458655723261339e-05, 'epoch': 14.87}
{'loss': 0.0537, 'grad_norm': 3.9867022037506104, 'learning_rate': 5.454111009479588e-05, 'epoch': 14.89}
{'loss': 0.0972, 'grad_norm': 22.834917068481445, 'learning_rate': 5.449566295697837e-05, 'epoch': 14.9}
{'loss': 0.0628, 'grad_norm': 8.451078414916992, 'learning_rate': 5.445021581916086e-05, 'epoch': 14.91}
{'loss': 0.1335, 'grad_norm': 5.643678665161133, 'learning_rate': 5.4404768681343345e-05, 'epoch': 14.92}
{'loss': 0.1023, 'grad_norm': 0.0414256826043129, 'learning_rate': 5.4359321543525833e-05, 'epoch': 14.94}
{'loss': 0.1927, 'grad_norm': 11.503277778625488, 'learning_rate': 5.431387440570832e-05, 'epoch': 14.95}
{'loss': 0.155, 'grad_norm': 6.29964542388916, 'learning_rate': 5.426842726789081e-05, 'epoch': 14.96}
{'loss': 0.0797, 'grad_norm': 6.986640930175781, 'learning_rate': 5.422298013007329e-05, 'epoch': 14.97}
{'loss': 0.1328, 'grad_norm': 0.5726839303970337, 'learning_rate': 5.417753299225578e-05, 'epoch': 14.99}
{'loss': 0.0545, 'grad_norm': 4.847169876098633, 'learning_rate': 5.413208585443827e-05, 'epoch': 15.0}
{'eval_loss': 0.8434653878211975, 'eval_f1_macro': 0.8254356468263716, 'eval_f1_weighted': 0.8328407024554031, 'eval_precision_macro': 0.829513384296582, 'eval_recall_macro': 0.8233798231597931, 'eval_accuracy': 0.8345270890725436, 'eval_runtime': 303.4978, 'eval_samples_per_second': 17.941, 'eval_steps_per_second': 0.283, 'epoch': 15.0}
{'loss': 0.0637, 'grad_norm': 5.636855125427246, 'learning_rate': 5.4086638716620755e-05, 'epoch': 15.01}
{'loss': 0.0532, 'grad_norm': 55.58070755004883, 'learning_rate': 5.404119157880324e-05, 'epoch': 15.03}
{'loss': 0.0949, 'grad_norm': 0.04318635165691376, 'learning_rate': 5.399574444098573e-05, 'epoch': 15.04}
{'loss': 0.0804, 'grad_norm': 0.23167382180690765, 'learning_rate': 5.395029730316822e-05, 'epoch': 15.05}
{'loss': 0.0468, 'grad_norm': 0.029575513675808907, 'learning_rate': 5.390485016535071e-05, 'epoch': 15.06}
{'loss': 0.0359, 'grad_norm': 5.469019889831543, 'learning_rate': 5.3859403027533195e-05, 'epoch': 15.08}
{'loss': 0.1547, 'grad_norm': 34.18268585205078, 'learning_rate': 5.381395588971568e-05, 'epoch': 15.09}
{'loss': 0.0552, 'grad_norm': 5.405168056488037, 'learning_rate': 5.376850875189817e-05, 'epoch': 15.1}
{'loss': 0.0928, 'grad_norm': 30.757713317871094, 'learning_rate': 5.3723061614080666e-05, 'epoch': 15.11}
{'loss': 0.082, 'grad_norm': 2.133321523666382, 'learning_rate': 5.3677614476263154e-05, 'epoch': 15.13}
{'loss': 0.0876, 'grad_norm': 15.093490600585938, 'learning_rate': 5.363216733844564e-05, 'epoch': 15.14}
{'loss': 0.0744, 'grad_norm': 0.04027599096298218, 'learning_rate': 5.358672020062813e-05, 'epoch': 15.15}
{'loss': 0.0349, 'grad_norm': 0.1442621797323227, 'learning_rate': 5.354127306281062e-05, 'epoch': 15.16}
{'loss': 0.0859, 'grad_norm': 5.178520202636719, 'learning_rate': 5.3495825924993106e-05, 'epoch': 15.18}
{'loss': 0.0474, 'grad_norm': 0.07412087172269821, 'learning_rate': 5.3450378787175594e-05, 'epoch': 15.19}
{'loss': 0.0769, 'grad_norm': 8.734175682067871, 'learning_rate': 5.340493164935808e-05, 'epoch': 15.2}
{'loss': 0.0774, 'grad_norm': 41.138370513916016, 'learning_rate': 5.335948451154057e-05, 'epoch': 15.21}
{'loss': 0.0818, 'grad_norm': 27.355566024780273, 'learning_rate': 5.331403737372306e-05, 'epoch': 15.23}
{'loss': 0.0785, 'grad_norm': 2.6220288276672363, 'learning_rate': 5.3268590235905546e-05, 'epoch': 15.24}
{'loss': 0.1208, 'grad_norm': 17.852237701416016, 'learning_rate': 5.3223143098088034e-05, 'epoch': 15.25}
{'loss': 0.0656, 'grad_norm': 2.7225611209869385, 'learning_rate': 5.317769596027052e-05, 'epoch': 15.26}
{'loss': 0.0695, 'grad_norm': 9.112340927124023, 'learning_rate': 5.313224882245301e-05, 'epoch': 15.28}
{'loss': 0.0322, 'grad_norm': 6.228812217712402, 'learning_rate': 5.30868016846355e-05, 'epoch': 15.29}
{'loss': 0.0924, 'grad_norm': 12.235275268554688, 'learning_rate': 5.304135454681799e-05, 'epoch': 15.3}
{'loss': 0.0613, 'grad_norm': 11.626860618591309, 'learning_rate': 5.2995907409000475e-05, 'epoch': 15.31}
{'loss': 0.1339, 'grad_norm': 22.935161590576172, 'learning_rate': 5.295046027118296e-05, 'epoch': 15.33}
{'loss': 0.0757, 'grad_norm': 1.412583827972412, 'learning_rate': 5.290501313336545e-05, 'epoch': 15.34}
{'loss': 0.1386, 'grad_norm': 17.47432518005371, 'learning_rate': 5.285956599554794e-05, 'epoch': 15.35}
{'loss': 0.0645, 'grad_norm': 7.423964977264404, 'learning_rate': 5.2814118857730434e-05, 'epoch': 15.37}
{'loss': 0.0434, 'grad_norm': 13.890847206115723, 'learning_rate': 5.276867171991292e-05, 'epoch': 15.38}
{'loss': 0.0619, 'grad_norm': 7.052326679229736, 'learning_rate': 5.272322458209541e-05, 'epoch': 15.39}
{'loss': 0.0575, 'grad_norm': 15.383389472961426, 'learning_rate': 5.26777774442779e-05, 'epoch': 15.4}
{'loss': 0.1033, 'grad_norm': 0.4562405049800873, 'learning_rate': 5.2632330306460386e-05, 'epoch': 15.42}
{'loss': 0.1232, 'grad_norm': 28.240665435791016, 'learning_rate': 5.2586883168642874e-05, 'epoch': 15.43}
{'loss': 0.1361, 'grad_norm': 18.010522842407227, 'learning_rate': 5.254143603082536e-05, 'epoch': 15.44}
{'loss': 0.0906, 'grad_norm': 17.25318145751953, 'learning_rate': 5.249598889300785e-05, 'epoch': 15.45}
{'loss': 0.1344, 'grad_norm': 21.822664260864258, 'learning_rate': 5.245054175519034e-05, 'epoch': 15.47}
{'loss': 0.0565, 'grad_norm': 18.471511840820312, 'learning_rate': 5.2405094617372826e-05, 'epoch': 15.48}
{'loss': 0.1261, 'grad_norm': 21.091657638549805, 'learning_rate': 5.2359647479555314e-05, 'epoch': 15.49}
{'loss': 0.0524, 'grad_norm': 0.0753132626414299, 'learning_rate': 5.23142003417378e-05, 'epoch': 15.5}
{'loss': 0.0811, 'grad_norm': 5.025643825531006, 'learning_rate': 5.226875320392028e-05, 'epoch': 15.52}
{'loss': 0.0902, 'grad_norm': 0.056091152131557465, 'learning_rate': 5.222330606610277e-05, 'epoch': 15.53}
{'loss': 0.1576, 'grad_norm': 27.885658264160156, 'learning_rate': 5.217785892828526e-05, 'epoch': 15.54}
{'loss': 0.1387, 'grad_norm': 0.2552776634693146, 'learning_rate': 5.213241179046775e-05, 'epoch': 15.55}
{'loss': 0.1286, 'grad_norm': 25.54081916809082, 'learning_rate': 5.2086964652650235e-05, 'epoch': 15.57}
{'loss': 0.062, 'grad_norm': 13.24445915222168, 'learning_rate': 5.2041517514832724e-05, 'epoch': 15.58}
{'loss': 0.0803, 'grad_norm': 6.083988666534424, 'learning_rate': 5.199607037701521e-05, 'epoch': 15.59}
{'loss': 0.0433, 'grad_norm': 0.08475261926651001, 'learning_rate': 5.19506232391977e-05, 'epoch': 15.6}
{'loss': 0.0979, 'grad_norm': 4.962322235107422, 'learning_rate': 5.19051761013802e-05, 'epoch': 15.62}
{'loss': 0.0949, 'grad_norm': 6.313728332519531, 'learning_rate': 5.185972896356269e-05, 'epoch': 15.63}
{'loss': 0.1915, 'grad_norm': 26.8360652923584, 'learning_rate': 5.181428182574518e-05, 'epoch': 15.64}
{'loss': 0.0674, 'grad_norm': 23.67683219909668, 'learning_rate': 5.176883468792766e-05, 'epoch': 15.65}
{'loss': 0.1306, 'grad_norm': 27.469314575195312, 'learning_rate': 5.1723387550110147e-05, 'epoch': 15.67}
{'loss': 0.0583, 'grad_norm': 8.277162551879883, 'learning_rate': 5.1677940412292635e-05, 'epoch': 15.68}
{'loss': 0.1079, 'grad_norm': 18.088973999023438, 'learning_rate': 5.163249327447512e-05, 'epoch': 15.69}
{'loss': 0.058, 'grad_norm': 0.0655762329697609, 'learning_rate': 5.158704613665761e-05, 'epoch': 15.71}
{'loss': 0.07, 'grad_norm': 20.391956329345703, 'learning_rate': 5.15415989988401e-05, 'epoch': 15.72}
{'loss': 0.0404, 'grad_norm': 0.44404086470603943, 'learning_rate': 5.149615186102259e-05, 'epoch': 15.73}
{'loss': 0.0958, 'grad_norm': 0.031168268993496895, 'learning_rate': 5.1450704723205075e-05, 'epoch': 15.74}
{'loss': 0.1294, 'grad_norm': 1.3873777389526367, 'learning_rate': 5.140525758538756e-05, 'epoch': 15.76}
{'loss': 0.0887, 'grad_norm': 0.12775880098342896, 'learning_rate': 5.135981044757005e-05, 'epoch': 15.77}
{'loss': 0.0783, 'grad_norm': 1.6939729452133179, 'learning_rate': 5.131436330975254e-05, 'epoch': 15.78}
{'loss': 0.0741, 'grad_norm': 23.787189483642578, 'learning_rate': 5.126891617193503e-05, 'epoch': 15.79}
{'loss': 0.1178, 'grad_norm': 8.738443374633789, 'learning_rate': 5.1223469034117515e-05, 'epoch': 15.81}
{'loss': 0.136, 'grad_norm': 14.289290428161621, 'learning_rate': 5.11780218963e-05, 'epoch': 15.82}
{'loss': 0.092, 'grad_norm': 6.86536979675293, 'learning_rate': 5.113257475848249e-05, 'epoch': 15.83}
{'loss': 0.0687, 'grad_norm': 8.70153522491455, 'learning_rate': 5.108712762066498e-05, 'epoch': 15.84}
{'loss': 0.0607, 'grad_norm': 14.904077529907227, 'learning_rate': 5.104168048284747e-05, 'epoch': 15.86}
{'loss': 0.0812, 'grad_norm': 24.719406127929688, 'learning_rate': 5.0996233345029955e-05, 'epoch': 15.87}
{'loss': 0.1231, 'grad_norm': 4.718549728393555, 'learning_rate': 5.095078620721245e-05, 'epoch': 15.88}
{'loss': 0.1253, 'grad_norm': 12.57160758972168, 'learning_rate': 5.090533906939494e-05, 'epoch': 15.89}
{'loss': 0.1478, 'grad_norm': 18.750608444213867, 'learning_rate': 5.0859891931577426e-05, 'epoch': 15.91}
{'loss': 0.1148, 'grad_norm': 29.079017639160156, 'learning_rate': 5.0814444793759914e-05, 'epoch': 15.92}
{'loss': 0.0648, 'grad_norm': 1.0927693843841553, 'learning_rate': 5.07689976559424e-05, 'epoch': 15.93}
{'loss': 0.0395, 'grad_norm': 4.274905681610107, 'learning_rate': 5.072355051812489e-05, 'epoch': 15.94}
{'loss': 0.1134, 'grad_norm': 15.98952865600586, 'learning_rate': 5.067810338030738e-05, 'epoch': 15.96}
{'loss': 0.1086, 'grad_norm': 0.3755221962928772, 'learning_rate': 5.0632656242489866e-05, 'epoch': 15.97}
{'loss': 0.0973, 'grad_norm': 9.236361503601074, 'learning_rate': 5.0587209104672354e-05, 'epoch': 15.98}
{'loss': 0.0499, 'grad_norm': 6.213291645050049, 'learning_rate': 5.054176196685484e-05, 'epoch': 15.99}
{'eval_loss': 0.9083474278450012, 'eval_f1_macro': 0.8243314306350518, 'eval_f1_weighted': 0.8322945858639056, 'eval_precision_macro': 0.8246633980831785, 'eval_recall_macro': 0.8260881201087223, 'eval_accuracy': 0.8332415059687787, 'eval_runtime': 302.5384, 'eval_samples_per_second': 17.998, 'eval_steps_per_second': 0.284, 'epoch': 16.0}
{'loss': 0.0603, 'grad_norm': 29.78836441040039, 'learning_rate': 5.049631482903733e-05, 'epoch': 16.01}
{'loss': 0.026, 'grad_norm': 27.446537017822266, 'learning_rate': 5.045086769121982e-05, 'epoch': 16.02}
{'loss': 0.0866, 'grad_norm': 15.586019515991211, 'learning_rate': 5.0405420553402306e-05, 'epoch': 16.03}
{'loss': 0.1048, 'grad_norm': 8.364508628845215, 'learning_rate': 5.0359973415584795e-05, 'epoch': 16.05}
{'loss': 0.13, 'grad_norm': 17.548629760742188, 'learning_rate': 5.0314526277767276e-05, 'epoch': 16.06}
{'loss': 0.1228, 'grad_norm': 4.020787239074707, 'learning_rate': 5.0269079139949764e-05, 'epoch': 16.07}
{'loss': 0.0729, 'grad_norm': 2.9915080070495605, 'learning_rate': 5.022363200213225e-05, 'epoch': 16.08}
{'loss': 0.0497, 'grad_norm': 18.803499221801758, 'learning_rate': 5.017818486431474e-05, 'epoch': 16.1}
{'loss': 0.0597, 'grad_norm': 21.697935104370117, 'learning_rate': 5.013273772649723e-05, 'epoch': 16.11}
{'loss': 0.0464, 'grad_norm': 2.423877477645874, 'learning_rate': 5.0087290588679716e-05, 'epoch': 16.12}
{'loss': 0.046, 'grad_norm': 24.091745376586914, 'learning_rate': 5.004184345086222e-05, 'epoch': 16.13}
{'loss': 0.0666, 'grad_norm': 23.563814163208008, 'learning_rate': 4.9996396313044706e-05, 'epoch': 16.15}
{'loss': 0.0858, 'grad_norm': 14.96041488647461, 'learning_rate': 4.9950949175227194e-05, 'epoch': 16.16}
{'loss': 0.0666, 'grad_norm': 0.03323744237422943, 'learning_rate': 4.990550203740968e-05, 'epoch': 16.17}
{'loss': 0.1039, 'grad_norm': 2.017418622970581, 'learning_rate': 4.986005489959217e-05, 'epoch': 16.18}
{'loss': 0.0056, 'grad_norm': 0.019143618643283844, 'learning_rate': 4.981460776177465e-05, 'epoch': 16.2}
{'loss': 0.0528, 'grad_norm': 0.013027451932430267, 'learning_rate': 4.976916062395714e-05, 'epoch': 16.21}
{'loss': 0.1108, 'grad_norm': 28.321786880493164, 'learning_rate': 4.972371348613963e-05, 'epoch': 16.22}
{'loss': 0.1875, 'grad_norm': 26.13680648803711, 'learning_rate': 4.9678266348322115e-05, 'epoch': 16.23}
{'loss': 0.0834, 'grad_norm': 8.01933479309082, 'learning_rate': 4.96328192105046e-05, 'epoch': 16.25}
{'loss': 0.0602, 'grad_norm': 3.891724109649658, 'learning_rate': 4.958737207268709e-05, 'epoch': 16.26}
{'loss': 0.0169, 'grad_norm': 0.393531858921051, 'learning_rate': 4.954192493486958e-05, 'epoch': 16.27}
{'loss': 0.1178, 'grad_norm': 17.706083297729492, 'learning_rate': 4.949647779705207e-05, 'epoch': 16.28}
{'loss': 0.0792, 'grad_norm': 7.786696434020996, 'learning_rate': 4.9451030659234555e-05, 'epoch': 16.3}
{'loss': 0.0453, 'grad_norm': 27.962791442871094, 'learning_rate': 4.940558352141704e-05, 'epoch': 16.31}
{'loss': 0.0613, 'grad_norm': 9.854844093322754, 'learning_rate': 4.936013638359953e-05, 'epoch': 16.32}
{'loss': 0.0056, 'grad_norm': 0.10439388453960419, 'learning_rate': 4.931468924578202e-05, 'epoch': 16.34}
{'loss': 0.0746, 'grad_norm': 1.4512447118759155, 'learning_rate': 4.926924210796451e-05, 'epoch': 16.35}
{'loss': 0.038, 'grad_norm': 0.1781330108642578, 'learning_rate': 4.9223794970146996e-05, 'epoch': 16.36}
{'loss': 0.1102, 'grad_norm': 31.86671257019043, 'learning_rate': 4.9178347832329484e-05, 'epoch': 16.37}
{'loss': 0.117, 'grad_norm': 11.583624839782715, 'learning_rate': 4.913290069451198e-05, 'epoch': 16.39}
{'loss': 0.1533, 'grad_norm': 0.20398958027362823, 'learning_rate': 4.9087453556694466e-05, 'epoch': 16.4}
{'loss': 0.1729, 'grad_norm': 14.265298843383789, 'learning_rate': 4.9042006418876954e-05, 'epoch': 16.41}
{'loss': 0.1622, 'grad_norm': 21.6422176361084, 'learning_rate': 4.899655928105944e-05, 'epoch': 16.42}
{'loss': 0.1046, 'grad_norm': 14.720344543457031, 'learning_rate': 4.895111214324193e-05, 'epoch': 16.44}
{'loss': 0.0904, 'grad_norm': 1.7326408624649048, 'learning_rate': 4.890566500542442e-05, 'epoch': 16.45}
{'loss': 0.0554, 'grad_norm': 0.6693031191825867, 'learning_rate': 4.886021786760691e-05, 'epoch': 16.46}
{'loss': 0.0775, 'grad_norm': 0.7896850109100342, 'learning_rate': 4.8814770729789395e-05, 'epoch': 16.47}
{'loss': 0.0716, 'grad_norm': 29.833843231201172, 'learning_rate': 4.876932359197188e-05, 'epoch': 16.49}
{'loss': 0.1006, 'grad_norm': 7.049495697021484, 'learning_rate': 4.872387645415437e-05, 'epoch': 16.5}
{'loss': 0.0868, 'grad_norm': 0.07869342714548111, 'learning_rate': 4.867842931633686e-05, 'epoch': 16.51}
{'loss': 0.0701, 'grad_norm': 6.3308844566345215, 'learning_rate': 4.863298217851935e-05, 'epoch': 16.52}
{'loss': 0.1169, 'grad_norm': 0.021792180836200714, 'learning_rate': 4.8587535040701835e-05, 'epoch': 16.54}
{'loss': 0.0546, 'grad_norm': 9.08458423614502, 'learning_rate': 4.854208790288432e-05, 'epoch': 16.55}
{'loss': 0.072, 'grad_norm': 19.873920440673828, 'learning_rate': 4.849664076506681e-05, 'epoch': 16.56}
{'loss': 0.0803, 'grad_norm': 1.4899413585662842, 'learning_rate': 4.84511936272493e-05, 'epoch': 16.57}
{'loss': 0.0931, 'grad_norm': 0.15285587310791016, 'learning_rate': 4.840574648943179e-05, 'epoch': 16.59}
{'loss': 0.1691, 'grad_norm': 12.619600296020508, 'learning_rate': 4.836029935161427e-05, 'epoch': 16.6}
{'loss': 0.1006, 'grad_norm': 0.30364128947257996, 'learning_rate': 4.8314852213796756e-05, 'epoch': 16.61}
{'loss': 0.1679, 'grad_norm': 18.658145904541016, 'learning_rate': 4.8269405075979244e-05, 'epoch': 16.62}
{'loss': 0.0739, 'grad_norm': 14.713177680969238, 'learning_rate': 4.8223957938161746e-05, 'epoch': 16.64}
{'loss': 0.089, 'grad_norm': 0.1260172575712204, 'learning_rate': 4.8178510800344234e-05, 'epoch': 16.65}
{'loss': 0.0631, 'grad_norm': 70.75579833984375, 'learning_rate': 4.813306366252672e-05, 'epoch': 16.66}
{'loss': 0.0987, 'grad_norm': 12.088067054748535, 'learning_rate': 4.808761652470921e-05, 'epoch': 16.68}
{'loss': 0.0932, 'grad_norm': 18.697994232177734, 'learning_rate': 4.80421693868917e-05, 'epoch': 16.69}
{'loss': 0.0913, 'grad_norm': 11.203377723693848, 'learning_rate': 4.7996722249074186e-05, 'epoch': 16.7}
{'loss': 0.0579, 'grad_norm': 2.56724214553833, 'learning_rate': 4.7951275111256674e-05, 'epoch': 16.71}
{'loss': 0.0312, 'grad_norm': 2.408769130706787, 'learning_rate': 4.790582797343916e-05, 'epoch': 16.73}
{'loss': 0.0679, 'grad_norm': 6.898331165313721, 'learning_rate': 4.7860380835621643e-05, 'epoch': 16.74}
{'loss': 0.1102, 'grad_norm': 33.64781188964844, 'learning_rate': 4.781493369780413e-05, 'epoch': 16.75}
{'loss': 0.0713, 'grad_norm': 17.53826904296875, 'learning_rate': 4.776948655998662e-05, 'epoch': 16.76}
{'loss': 0.1336, 'grad_norm': 28.4822940826416, 'learning_rate': 4.772403942216911e-05, 'epoch': 16.78}
{'loss': 0.0546, 'grad_norm': 0.27070218324661255, 'learning_rate': 4.7678592284351596e-05, 'epoch': 16.79}
{'loss': 0.104, 'grad_norm': 7.484103202819824, 'learning_rate': 4.7633145146534084e-05, 'epoch': 16.8}
{'loss': 0.0989, 'grad_norm': 24.36519432067871, 'learning_rate': 4.758769800871657e-05, 'epoch': 16.81}
{'loss': 0.1301, 'grad_norm': 41.37090301513672, 'learning_rate': 4.7542250870899067e-05, 'epoch': 16.83}
{'loss': 0.0573, 'grad_norm': 0.0322883203625679, 'learning_rate': 4.7496803733081555e-05, 'epoch': 16.84}
{'loss': 0.0765, 'grad_norm': 19.670475006103516, 'learning_rate': 4.745135659526404e-05, 'epoch': 16.85}
{'loss': 0.0774, 'grad_norm': 3.6036665439605713, 'learning_rate': 4.740590945744653e-05, 'epoch': 16.86}
{'loss': 0.0984, 'grad_norm': 1.2431970834732056, 'learning_rate': 4.736046231962902e-05, 'epoch': 16.88}
{'loss': 0.0473, 'grad_norm': 32.083431243896484, 'learning_rate': 4.731501518181151e-05, 'epoch': 16.89}
{'loss': 0.0953, 'grad_norm': 11.932703018188477, 'learning_rate': 4.7269568043993995e-05, 'epoch': 16.9}
{'loss': 0.0665, 'grad_norm': 88.26539611816406, 'learning_rate': 4.722412090617648e-05, 'epoch': 16.91}
{'loss': 0.0872, 'grad_norm': 11.587844848632812, 'learning_rate': 4.717867376835897e-05, 'epoch': 16.93}
{'loss': 0.1371, 'grad_norm': 34.87773132324219, 'learning_rate': 4.713322663054145e-05, 'epoch': 16.94}
{'loss': 0.1245, 'grad_norm': 9.527311325073242, 'learning_rate': 4.708777949272395e-05, 'epoch': 16.95}
{'loss': 0.0568, 'grad_norm': 0.010018663480877876, 'learning_rate': 4.7042332354906435e-05, 'epoch': 16.96}
{'loss': 0.1173, 'grad_norm': 43.565032958984375, 'learning_rate': 4.699688521708892e-05, 'epoch': 16.98}
{'loss': 0.1111, 'grad_norm': 6.096460819244385, 'learning_rate': 4.695143807927141e-05, 'epoch': 16.99}
{'eval_loss': 0.9504431486129761, 'eval_f1_macro': 0.8313024091819712, 'eval_f1_weighted': 0.8387766069187681, 'eval_precision_macro': 0.8356758902325369, 'eval_recall_macro': 0.8312646614656539, 'eval_accuracy': 0.8380165289256198, 'eval_runtime': 300.3674, 'eval_samples_per_second': 18.128, 'eval_steps_per_second': 0.286, 'epoch': 17.0}
{'loss': 0.0377, 'grad_norm': 15.369237899780273, 'learning_rate': 4.69059909414539e-05, 'epoch': 17.0}
{'loss': 0.0019, 'grad_norm': 0.14327669143676758, 'learning_rate': 4.686054380363639e-05, 'epoch': 17.02}
{'loss': 0.0615, 'grad_norm': 0.01853994093835354, 'learning_rate': 4.6815096665818875e-05, 'epoch': 17.03}
{'loss': 0.0767, 'grad_norm': 19.477985382080078, 'learning_rate': 4.676964952800136e-05, 'epoch': 17.04}
{'loss': 0.0671, 'grad_norm': 3.654470443725586, 'learning_rate': 4.672420239018385e-05, 'epoch': 17.05}
{'loss': 0.0561, 'grad_norm': 0.8266042470932007, 'learning_rate': 4.667875525236634e-05, 'epoch': 17.07}
{'loss': 0.0554, 'grad_norm': 0.0504177026450634, 'learning_rate': 4.663330811454883e-05, 'epoch': 17.08}
{'loss': 0.0181, 'grad_norm': 15.737173080444336, 'learning_rate': 4.6587860976731315e-05, 'epoch': 17.09}
{'loss': 0.0799, 'grad_norm': 0.026874059811234474, 'learning_rate': 4.6542413838913803e-05, 'epoch': 17.1}
{'loss': 0.0559, 'grad_norm': 42.74519729614258, 'learning_rate': 4.649696670109629e-05, 'epoch': 17.12}
{'loss': 0.0679, 'grad_norm': 43.167762756347656, 'learning_rate': 4.645151956327878e-05, 'epoch': 17.13}
{'loss': 0.0246, 'grad_norm': 0.3960520327091217, 'learning_rate': 4.640607242546127e-05, 'epoch': 17.14}
{'loss': 0.1212, 'grad_norm': 14.267738342285156, 'learning_rate': 4.6360625287643756e-05, 'epoch': 17.15}
{'loss': 0.024, 'grad_norm': 0.6743649840354919, 'learning_rate': 4.6315178149826244e-05, 'epoch': 17.17}
{'loss': 0.062, 'grad_norm': 0.026135258376598358, 'learning_rate': 4.626973101200873e-05, 'epoch': 17.18}
{'loss': 0.0399, 'grad_norm': 1.342240571975708, 'learning_rate': 4.622428387419122e-05, 'epoch': 17.19}
{'loss': 0.041, 'grad_norm': 12.912577629089355, 'learning_rate': 4.617883673637371e-05, 'epoch': 17.2}
{'loss': 0.2028, 'grad_norm': 17.15793800354004, 'learning_rate': 4.61333895985562e-05, 'epoch': 17.22}
{'loss': 0.0549, 'grad_norm': 16.683330535888672, 'learning_rate': 4.608794246073869e-05, 'epoch': 17.23}
{'loss': 0.0143, 'grad_norm': 4.531818866729736, 'learning_rate': 4.604249532292118e-05, 'epoch': 17.24}
{'loss': 0.0566, 'grad_norm': 5.00855016708374, 'learning_rate': 4.599704818510367e-05, 'epoch': 17.25}
{'loss': 0.043, 'grad_norm': 7.859723091125488, 'learning_rate': 4.5951601047286155e-05, 'epoch': 17.27}
{'loss': 0.0438, 'grad_norm': 4.406552791595459, 'learning_rate': 4.5906153909468636e-05, 'epoch': 17.28}
{'loss': 0.0863, 'grad_norm': 22.690988540649414, 'learning_rate': 4.5860706771651124e-05, 'epoch': 17.29}
{'loss': 0.0715, 'grad_norm': 0.08343905210494995, 'learning_rate': 4.581525963383361e-05, 'epoch': 17.3}
{'loss': 0.0596, 'grad_norm': 0.023080110549926758, 'learning_rate': 4.57698124960161e-05, 'epoch': 17.32}
{'loss': 0.0121, 'grad_norm': 0.15557271242141724, 'learning_rate': 4.572436535819859e-05, 'epoch': 17.33}
{'loss': 0.0073, 'grad_norm': 0.1485447883605957, 'learning_rate': 4.567891822038108e-05, 'epoch': 17.34}
{'loss': 0.0893, 'grad_norm': 19.241941452026367, 'learning_rate': 4.563347108256357e-05, 'epoch': 17.36}
{'loss': 0.0244, 'grad_norm': 0.1610482931137085, 'learning_rate': 4.558802394474606e-05, 'epoch': 17.37}
{'loss': 0.11, 'grad_norm': 0.22900600731372833, 'learning_rate': 4.554257680692855e-05, 'epoch': 17.38}
{'loss': 0.075, 'grad_norm': 0.16887691617012024, 'learning_rate': 4.5497129669111035e-05, 'epoch': 17.39}
{'loss': 0.1291, 'grad_norm': 25.054399490356445, 'learning_rate': 4.545168253129352e-05, 'epoch': 17.41}
{'loss': 0.0216, 'grad_norm': 1.0862114429473877, 'learning_rate': 4.540623539347601e-05, 'epoch': 17.42}
{'loss': 0.022, 'grad_norm': 0.21813510358333588, 'learning_rate': 4.53607882556585e-05, 'epoch': 17.43}
{'loss': 0.0853, 'grad_norm': 0.08948277682065964, 'learning_rate': 4.531534111784099e-05, 'epoch': 17.44}
{'loss': 0.0652, 'grad_norm': 0.028252849355340004, 'learning_rate': 4.5269893980023475e-05, 'epoch': 17.46}
{'loss': 0.0229, 'grad_norm': 0.04959121719002724, 'learning_rate': 4.522444684220596e-05, 'epoch': 17.47}
{'loss': 0.1065, 'grad_norm': 5.286616325378418, 'learning_rate': 4.517899970438845e-05, 'epoch': 17.48}
{'loss': 0.086, 'grad_norm': 0.059058696031570435, 'learning_rate': 4.513355256657094e-05, 'epoch': 17.49}
{'loss': 0.0694, 'grad_norm': 1.5007412433624268, 'learning_rate': 4.508810542875343e-05, 'epoch': 17.51}
{'loss': 0.0601, 'grad_norm': 30.845617294311523, 'learning_rate': 4.5042658290935916e-05, 'epoch': 17.52}
{'loss': 0.0395, 'grad_norm': 3.117283344268799, 'learning_rate': 4.4997211153118404e-05, 'epoch': 17.53}
{'loss': 0.0683, 'grad_norm': 0.5706074237823486, 'learning_rate': 4.495176401530089e-05, 'epoch': 17.54}
{'loss': 0.061, 'grad_norm': 29.00853729248047, 'learning_rate': 4.490631687748338e-05, 'epoch': 17.56}
{'loss': 0.056, 'grad_norm': 1.5311763286590576, 'learning_rate': 4.486086973966587e-05, 'epoch': 17.57}
{'loss': 0.0899, 'grad_norm': 1.3620866537094116, 'learning_rate': 4.4815422601848356e-05, 'epoch': 17.58}
{'loss': 0.1011, 'grad_norm': 0.22842852771282196, 'learning_rate': 4.476997546403085e-05, 'epoch': 17.59}
{'loss': 0.0404, 'grad_norm': 2.5636799335479736, 'learning_rate': 4.472452832621334e-05, 'epoch': 17.61}
{'loss': 0.0844, 'grad_norm': 43.37604522705078, 'learning_rate': 4.4679081188395827e-05, 'epoch': 17.62}
{'loss': 0.0612, 'grad_norm': 8.730228424072266, 'learning_rate': 4.463363405057831e-05, 'epoch': 17.63}
{'loss': 0.2115, 'grad_norm': 38.85305404663086, 'learning_rate': 4.4588186912760796e-05, 'epoch': 17.64}
{'loss': 0.0381, 'grad_norm': 6.940906524658203, 'learning_rate': 4.4542739774943284e-05, 'epoch': 17.66}
{'loss': 0.0647, 'grad_norm': 0.3184439539909363, 'learning_rate': 4.449729263712577e-05, 'epoch': 17.67}
{'loss': 0.08, 'grad_norm': 13.107053756713867, 'learning_rate': 4.445184549930826e-05, 'epoch': 17.68}
{'loss': 0.0632, 'grad_norm': 0.06318486481904984, 'learning_rate': 4.440639836149075e-05, 'epoch': 17.7}
{'loss': 0.115, 'grad_norm': 0.1445757895708084, 'learning_rate': 4.4360951223673236e-05, 'epoch': 17.71}
{'loss': 0.0702, 'grad_norm': 0.04626826196908951, 'learning_rate': 4.431550408585573e-05, 'epoch': 17.72}
{'loss': 0.0547, 'grad_norm': 4.949889659881592, 'learning_rate': 4.427005694803822e-05, 'epoch': 17.73}
{'loss': 0.0998, 'grad_norm': 11.836915016174316, 'learning_rate': 4.422460981022071e-05, 'epoch': 17.75}
{'loss': 0.0671, 'grad_norm': 9.894058227539062, 'learning_rate': 4.4179162672403195e-05, 'epoch': 17.76}
{'loss': 0.0648, 'grad_norm': 0.2854389548301697, 'learning_rate': 4.413371553458568e-05, 'epoch': 17.77}
{'loss': 0.0195, 'grad_norm': 0.03237679600715637, 'learning_rate': 4.408826839676817e-05, 'epoch': 17.78}
{'loss': 0.117, 'grad_norm': 16.84122657775879, 'learning_rate': 4.404282125895066e-05, 'epoch': 17.8}
{'loss': 0.1016, 'grad_norm': 20.370319366455078, 'learning_rate': 4.399737412113315e-05, 'epoch': 17.81}
{'loss': 0.0475, 'grad_norm': 0.019749857485294342, 'learning_rate': 4.395192698331563e-05, 'epoch': 17.82}
{'loss': 0.054, 'grad_norm': 4.4784440994262695, 'learning_rate': 4.3906479845498116e-05, 'epoch': 17.83}
{'loss': 0.0412, 'grad_norm': 0.06354361772537231, 'learning_rate': 4.386103270768061e-05, 'epoch': 17.85}
{'loss': 0.1185, 'grad_norm': 1.1537671089172363, 'learning_rate': 4.38155855698631e-05, 'epoch': 17.86}
{'loss': 0.0698, 'grad_norm': 0.11985919624567032, 'learning_rate': 4.377013843204559e-05, 'epoch': 17.87}
{'loss': 0.0159, 'grad_norm': 0.34614303708076477, 'learning_rate': 4.3724691294228075e-05, 'epoch': 17.88}
{'loss': 0.0611, 'grad_norm': 14.882101058959961, 'learning_rate': 4.3679244156410563e-05, 'epoch': 17.9}
{'loss': 0.067, 'grad_norm': 37.6798095703125, 'learning_rate': 4.363379701859305e-05, 'epoch': 17.91}
{'loss': 0.0515, 'grad_norm': 22.285404205322266, 'learning_rate': 4.358834988077554e-05, 'epoch': 17.92}
{'loss': 0.0733, 'grad_norm': 13.592068672180176, 'learning_rate': 4.354290274295803e-05, 'epoch': 17.93}
{'loss': 0.1215, 'grad_norm': 0.0658787339925766, 'learning_rate': 4.3497455605140516e-05, 'epoch': 17.95}
{'loss': 0.0406, 'grad_norm': 0.020335771143436432, 'learning_rate': 4.3452008467323004e-05, 'epoch': 17.96}
{'loss': 0.0337, 'grad_norm': 18.208574295043945, 'learning_rate': 4.340656132950549e-05, 'epoch': 17.97}
{'loss': 0.1624, 'grad_norm': 10.418438911437988, 'learning_rate': 4.336111419168798e-05, 'epoch': 17.98}
{'loss': 0.0529, 'grad_norm': 8.12181282043457, 'learning_rate': 4.331566705387047e-05, 'epoch': 18.0}
{'eval_loss': 0.9937009215354919, 'eval_f1_macro': 0.8289702292784435, 'eval_f1_weighted': 0.8374121042679501, 'eval_precision_macro': 0.8299800317837688, 'eval_recall_macro': 0.8315083056218137, 'eval_accuracy': 0.837465564738292, 'eval_runtime': 5.5204, 'eval_samples_per_second': 986.34, 'eval_steps_per_second': 15.579, 'epoch': 18.0}
{'loss': 0.0953, 'grad_norm': 29.63677406311035, 'learning_rate': 4.3270219916052956e-05, 'epoch': 18.01}
{'loss': 0.0712, 'grad_norm': 2.3445117473602295, 'learning_rate': 4.3224772778235444e-05, 'epoch': 18.02}
{'loss': 0.1073, 'grad_norm': 40.14259719848633, 'learning_rate': 4.317932564041793e-05, 'epoch': 18.04}
{'loss': 0.0807, 'grad_norm': 1.4583606719970703, 'learning_rate': 4.313387850260042e-05, 'epoch': 18.05}
{'loss': 0.0909, 'grad_norm': 8.66674518585205, 'learning_rate': 4.308843136478291e-05, 'epoch': 18.06}
{'loss': 0.1037, 'grad_norm': 27.661392211914062, 'learning_rate': 4.3042984226965396e-05, 'epoch': 18.07}
{'loss': 0.0808, 'grad_norm': 9.84118938446045, 'learning_rate': 4.2997537089147884e-05, 'epoch': 18.09}
{'loss': 0.0388, 'grad_norm': 19.387849807739258, 'learning_rate': 4.295208995133038e-05, 'epoch': 18.1}
{'loss': 0.0611, 'grad_norm': 0.10721869766712189, 'learning_rate': 4.290664281351287e-05, 'epoch': 18.11}
{'loss': 0.057, 'grad_norm': 4.735042095184326, 'learning_rate': 4.2861195675695355e-05, 'epoch': 18.12}
{'loss': 0.1099, 'grad_norm': 7.888205528259277, 'learning_rate': 4.281574853787784e-05, 'epoch': 18.14}
{'loss': 0.058, 'grad_norm': 16.505033493041992, 'learning_rate': 4.277030140006033e-05, 'epoch': 18.15}
{'loss': 0.0255, 'grad_norm': 0.052366938441991806, 'learning_rate': 4.272485426224282e-05, 'epoch': 18.16}
{'loss': 0.1028, 'grad_norm': 17.069143295288086, 'learning_rate': 4.26794071244253e-05, 'epoch': 18.17}
{'loss': 0.0361, 'grad_norm': 1.2612510919570923, 'learning_rate': 4.263395998660779e-05, 'epoch': 18.19}
{'loss': 0.0468, 'grad_norm': 0.02381104789674282, 'learning_rate': 4.2588512848790276e-05, 'epoch': 18.2}
{'loss': 0.0495, 'grad_norm': 1.2874869108200073, 'learning_rate': 4.2543065710972764e-05, 'epoch': 18.21}
{'loss': 0.0251, 'grad_norm': 1.968743085861206, 'learning_rate': 4.249761857315525e-05, 'epoch': 18.22}
{'loss': 0.0472, 'grad_norm': 36.99336242675781, 'learning_rate': 4.245217143533775e-05, 'epoch': 18.24}
{'loss': 0.0392, 'grad_norm': 9.112468719482422, 'learning_rate': 4.2406724297520235e-05, 'epoch': 18.25}
{'loss': 0.0419, 'grad_norm': 27.979639053344727, 'learning_rate': 4.2361277159702723e-05, 'epoch': 18.26}
{'loss': 0.0611, 'grad_norm': 0.05659680441021919, 'learning_rate': 4.231583002188521e-05, 'epoch': 18.27}
{'loss': 0.0156, 'grad_norm': 0.9050046801567078, 'learning_rate': 4.22703828840677e-05, 'epoch': 18.29}
{'loss': 0.0334, 'grad_norm': 1.0508811473846436, 'learning_rate': 4.222493574625019e-05, 'epoch': 18.3}
{'loss': 0.0756, 'grad_norm': 0.9515471458435059, 'learning_rate': 4.2179488608432676e-05, 'epoch': 18.31}
{'loss': 0.0982, 'grad_norm': 0.006833589170128107, 'learning_rate': 4.2134041470615164e-05, 'epoch': 18.32}
{'loss': 0.092, 'grad_norm': 44.693397521972656, 'learning_rate': 4.208859433279765e-05, 'epoch': 18.34}
{'loss': 0.0666, 'grad_norm': 20.33544158935547, 'learning_rate': 4.204314719498014e-05, 'epoch': 18.35}
{'loss': 0.0841, 'grad_norm': 20.693201065063477, 'learning_rate': 4.199770005716263e-05, 'epoch': 18.36}
{'loss': 0.1293, 'grad_norm': 0.020368795841932297, 'learning_rate': 4.1952252919345116e-05, 'epoch': 18.38}
{'loss': 0.0685, 'grad_norm': 1.0113292932510376, 'learning_rate': 4.1906805781527604e-05, 'epoch': 18.39}
{'loss': 0.047, 'grad_norm': 28.336956024169922, 'learning_rate': 4.186135864371009e-05, 'epoch': 18.4}
{'loss': 0.0692, 'grad_norm': 0.0222705639898777, 'learning_rate': 4.181591150589258e-05, 'epoch': 18.41}
{'loss': 0.0655, 'grad_norm': 4.1680588722229, 'learning_rate': 4.177046436807507e-05, 'epoch': 18.43}
{'loss': 0.0295, 'grad_norm': 4.145744323730469, 'learning_rate': 4.1725017230257556e-05, 'epoch': 18.44}
{'loss': 0.0603, 'grad_norm': 14.928974151611328, 'learning_rate': 4.1679570092440044e-05, 'epoch': 18.45}
{'loss': 0.0375, 'grad_norm': 0.8810850977897644, 'learning_rate': 4.163412295462253e-05, 'epoch': 18.46}
{'loss': 0.1037, 'grad_norm': 42.88868713378906, 'learning_rate': 4.158867581680502e-05, 'epoch': 18.48}
{'loss': 0.1581, 'grad_norm': 0.03681512922048569, 'learning_rate': 4.1543228678987515e-05, 'epoch': 18.49}
{'loss': 0.0452, 'grad_norm': 0.0427585244178772, 'learning_rate': 4.149778154117e-05, 'epoch': 18.5}
{'loss': 0.0637, 'grad_norm': 0.011508609168231487, 'learning_rate': 4.1452334403352484e-05, 'epoch': 18.51}
{'loss': 0.0024, 'grad_norm': 0.3931063115596771, 'learning_rate': 4.140688726553497e-05, 'epoch': 18.53}
{'loss': 0.0795, 'grad_norm': 10.866232872009277, 'learning_rate': 4.136144012771746e-05, 'epoch': 18.54}
{'loss': 0.0163, 'grad_norm': 13.717493057250977, 'learning_rate': 4.131599298989995e-05, 'epoch': 18.55}
{'loss': 0.0275, 'grad_norm': 25.585399627685547, 'learning_rate': 4.1270545852082436e-05, 'epoch': 18.56}
{'loss': 0.0539, 'grad_norm': 17.153926849365234, 'learning_rate': 4.1225098714264924e-05, 'epoch': 18.58}
{'loss': 0.0417, 'grad_norm': 11.429973602294922, 'learning_rate': 4.117965157644741e-05, 'epoch': 18.59}
{'loss': 0.1292, 'grad_norm': 13.78877067565918, 'learning_rate': 4.11342044386299e-05, 'epoch': 18.6}
{'loss': 0.1022, 'grad_norm': 22.27500343322754, 'learning_rate': 4.1088757300812395e-05, 'epoch': 18.61}
{'loss': 0.0419, 'grad_norm': 6.967204570770264, 'learning_rate': 4.104331016299488e-05, 'epoch': 18.63}
{'loss': 0.0414, 'grad_norm': 4.680216312408447, 'learning_rate': 4.099786302517737e-05, 'epoch': 18.64}
{'loss': 0.1211, 'grad_norm': 0.024193475022912025, 'learning_rate': 4.095241588735986e-05, 'epoch': 18.65}
{'loss': 0.0775, 'grad_norm': 32.08782958984375, 'learning_rate': 4.090696874954235e-05, 'epoch': 18.66}
{'loss': 0.0529, 'grad_norm': 12.941450119018555, 'learning_rate': 4.0861521611724835e-05, 'epoch': 18.68}
{'loss': 0.0383, 'grad_norm': 2.257406234741211, 'learning_rate': 4.0816074473907324e-05, 'epoch': 18.69}
{'loss': 0.095, 'grad_norm': 0.01920597068965435, 'learning_rate': 4.077062733608981e-05, 'epoch': 18.7}
{'loss': 0.0359, 'grad_norm': 26.107311248779297, 'learning_rate': 4.072518019827229e-05, 'epoch': 18.72}
{'loss': 0.0466, 'grad_norm': 18.519468307495117, 'learning_rate': 4.067973306045478e-05, 'epoch': 18.73}
{'loss': 0.0306, 'grad_norm': 0.5059857368469238, 'learning_rate': 4.0634285922637276e-05, 'epoch': 18.74}
{'loss': 0.0583, 'grad_norm': 6.778863906860352, 'learning_rate': 4.0588838784819764e-05, 'epoch': 18.75}
{'loss': 0.0861, 'grad_norm': 21.480487823486328, 'learning_rate': 4.054339164700225e-05, 'epoch': 18.77}
{'loss': 0.0601, 'grad_norm': 31.780532836914062, 'learning_rate': 4.049794450918474e-05, 'epoch': 18.78}
{'loss': 0.085, 'grad_norm': 6.314105033874512, 'learning_rate': 4.045249737136723e-05, 'epoch': 18.79}
{'loss': 0.066, 'grad_norm': 18.658729553222656, 'learning_rate': 4.0407050233549716e-05, 'epoch': 18.8}
{'loss': 0.0744, 'grad_norm': 23.646387100219727, 'learning_rate': 4.0361603095732204e-05, 'epoch': 18.82}
{'loss': 0.0499, 'grad_norm': 10.93705940246582, 'learning_rate': 4.031615595791469e-05, 'epoch': 18.83}
{'loss': 0.036, 'grad_norm': 0.39440956711769104, 'learning_rate': 4.027070882009718e-05, 'epoch': 18.84}
{'loss': 0.0585, 'grad_norm': 0.8759937882423401, 'learning_rate': 4.022526168227967e-05, 'epoch': 18.85}
{'loss': 0.0724, 'grad_norm': 36.134979248046875, 'learning_rate': 4.0179814544462156e-05, 'epoch': 18.87}
{'loss': 0.03, 'grad_norm': 34.46451950073242, 'learning_rate': 4.0134367406644644e-05, 'epoch': 18.88}
{'loss': 0.0562, 'grad_norm': 21.745363235473633, 'learning_rate': 4.008892026882713e-05, 'epoch': 18.89}
{'loss': 0.046, 'grad_norm': 0.6437410712242126, 'learning_rate': 4.004347313100962e-05, 'epoch': 18.9}
{'loss': 0.059, 'grad_norm': 9.515889167785645, 'learning_rate': 3.999802599319211e-05, 'epoch': 18.92}
{'loss': 0.077, 'grad_norm': 4.078251838684082, 'learning_rate': 3.9952578855374596e-05, 'epoch': 18.93}
{'loss': 0.0301, 'grad_norm': 0.012547384947538376, 'learning_rate': 3.9907131717557084e-05, 'epoch': 18.94}
{'loss': 0.0466, 'grad_norm': 14.006378173828125, 'learning_rate': 3.986168457973957e-05, 'epoch': 18.95}
{'loss': 0.0816, 'grad_norm': 13.763912200927734, 'learning_rate': 3.981623744192206e-05, 'epoch': 18.97}
{'loss': 0.0475, 'grad_norm': 0.5633358955383301, 'learning_rate': 3.977079030410455e-05, 'epoch': 18.98}
{'loss': 0.0207, 'grad_norm': 0.21511463820934296, 'learning_rate': 3.972534316628704e-05, 'epoch': 18.99}
{'eval_loss': 1.1531568765640259, 'eval_f1_macro': 0.8264157608571961, 'eval_f1_weighted': 0.833710400605906, 'eval_precision_macro': 0.8326768248655655, 'eval_recall_macro': 0.8254384617130716, 'eval_accuracy': 0.8341597796143251, 'eval_runtime': 5.4797, 'eval_samples_per_second': 993.676, 'eval_steps_per_second': 15.694, 'epoch': 19.0}
{'train_runtime': 11942.2004, 'train_samples_per_second': 63.82, 'train_steps_per_second': 1.995, 'train_loss': 0.3446779078082283, 'epoch': 19.0}
  Finished  : epoch 19/30 | runtime 11942s | 63.8 samples/s
              precision    recall  f1-score   support

       anger       0.81      0.92      0.86      1193
     disgust       0.83      0.71      0.76       873
        fear       0.86      0.72      0.78       995
   happiness       0.78      0.88      0.83      1194
     neutral       0.93      0.93      0.93      1594
     sadness       0.84      0.79      0.82      1180
    surprise       0.84      0.88      0.86       684

    accuracy                           0.84      7713
   macro avg       0.84      0.83      0.83      7713
weighted avg       0.84      0.84      0.84      7713

  Per-language breakdown:
    Bengali      n=1400  F1-Macro=0.9484
    English      n=2363  F1-Macro=0.7789
    French       n= 288  F1-Macro=0.7608
    German       n= 973  F1-Macro=0.9898
    Italian      n=1380  F1-Macro=0.7645
    Polish       n= 896  F1-Macro=0.9304
    Russian      n= 240  F1-Macro=0.4751
    Spanish      n= 173  F1-Macro=0.6478
  F1-Macro 0.8325 | Accuracy 0.8416 | Precision 0.8391 | Recall 0.8314
  Fold 3/5: 25,405 train / 5,445 val / 7,713 test  (of 38,563)

  --- Fold 3/5 ---
  Model             : Wav2Vec2ForSequenceClassification  (94,570,375 params, 94,570,375 trainable)
  Training  : lr=9.555715197510025e-05  bs=32  epochs=30  patience=5
{'loss': 1.9434, 'grad_norm': inf, 'learning_rate': 3.078075761545821e-07, 'epoch': 0.01}
{'loss': 1.9453, 'grad_norm': 1.4191380739212036, 'learning_rate': 6.498159941041176e-07, 'epoch': 0.03}
{'loss': 1.9426, 'grad_norm': 1.567793607711792, 'learning_rate': 9.918244120536532e-07, 'epoch': 0.04}
{'loss': 1.9428, 'grad_norm': 1.3485610485076904, 'learning_rate': 1.3338328300031888e-06, 'epoch': 0.05}
{'loss': 1.9383, 'grad_norm': 0.8555261492729187, 'learning_rate': 1.6758412479527246e-06, 'epoch': 0.06}
{'loss': 1.942, 'grad_norm': 0.7894036769866943, 'learning_rate': 2.0178496659022604e-06, 'epoch': 0.08}
{'loss': 1.9358, 'grad_norm': 1.4578666687011719, 'learning_rate': 2.359858083851796e-06, 'epoch': 0.09}
{'loss': 1.9335, 'grad_norm': 1.2199478149414062, 'learning_rate': 2.7018665018013315e-06, 'epoch': 0.1}
{'loss': 1.9287, 'grad_norm': 2.9648923873901367, 'learning_rate': 3.043874919750867e-06, 'epoch': 0.11}
{'loss': 1.9202, 'grad_norm': 0.9910975694656372, 'learning_rate': 3.3858833377004023e-06, 'epoch': 0.13}
{'loss': 1.9205, 'grad_norm': 2.2243895530700684, 'learning_rate': 3.7278917556499383e-06, 'epoch': 0.14}
{'loss': 1.9209, 'grad_norm': 1.479383945465088, 'learning_rate': 4.0699001735994735e-06, 'epoch': 0.15}
{'loss': 1.9072, 'grad_norm': 1.086331844329834, 'learning_rate': 4.41190859154901e-06, 'epoch': 0.16}
{'loss': 1.9039, 'grad_norm': 2.088831901550293, 'learning_rate': 4.753917009498545e-06, 'epoch': 0.18}
{'loss': 1.8938, 'grad_norm': 2.0111100673675537, 'learning_rate': 5.095925427448081e-06, 'epoch': 0.19}
{'loss': 1.8768, 'grad_norm': 4.065898895263672, 'learning_rate': 5.437933845397616e-06, 'epoch': 0.2}
{'loss': 1.8745, 'grad_norm': 4.345794200897217, 'learning_rate': 5.779942263347152e-06, 'epoch': 0.21}
{'loss': 1.8668, 'grad_norm': 2.3683438301086426, 'learning_rate': 6.121950681296688e-06, 'epoch': 0.23}
{'loss': 1.8552, 'grad_norm': 11.986380577087402, 'learning_rate': 6.463959099246223e-06, 'epoch': 0.24}
{'loss': 1.8204, 'grad_norm': 3.9719202518463135, 'learning_rate': 6.805967517195758e-06, 'epoch': 0.25}
{'loss': 1.8319, 'grad_norm': 3.5755486488342285, 'learning_rate': 7.147975935145295e-06, 'epoch': 0.26}
{'loss': 1.8195, 'grad_norm': 5.863917350769043, 'learning_rate': 7.48998435309483e-06, 'epoch': 0.28}
{'loss': 1.7925, 'grad_norm': 4.17542028427124, 'learning_rate': 7.831992771044365e-06, 'epoch': 0.29}
{'loss': 1.8158, 'grad_norm': 8.294988632202148, 'learning_rate': 8.1740011889939e-06, 'epoch': 0.3}
{'loss': 1.7795, 'grad_norm': 4.134636402130127, 'learning_rate': 8.516009606943438e-06, 'epoch': 0.31}
{'loss': 1.8021, 'grad_norm': 3.05395770072937, 'learning_rate': 8.858018024892972e-06, 'epoch': 0.33}
{'loss': 1.7363, 'grad_norm': 6.447954177856445, 'learning_rate': 9.200026442842507e-06, 'epoch': 0.34}
{'loss': 1.7121, 'grad_norm': 5.114320755004883, 'learning_rate': 9.542034860792045e-06, 'epoch': 0.35}
{'loss': 1.7221, 'grad_norm': 6.5201735496521, 'learning_rate': 9.88404327874158e-06, 'epoch': 0.37}
{'loss': 1.6534, 'grad_norm': 7.875627517700195, 'learning_rate': 1.0226051696691114e-05, 'epoch': 0.38}
{'loss': 1.7078, 'grad_norm': 8.91983413696289, 'learning_rate': 1.056806011464065e-05, 'epoch': 0.39}
{'loss': 1.6378, 'grad_norm': 4.988374710083008, 'learning_rate': 1.0910068532590187e-05, 'epoch': 0.4}
{'loss': 1.6794, 'grad_norm': 4.236949920654297, 'learning_rate': 1.1252076950539722e-05, 'epoch': 0.42}
{'loss': 1.6529, 'grad_norm': 12.351814270019531, 'learning_rate': 1.1594085368489256e-05, 'epoch': 0.43}
{'loss': 1.6115, 'grad_norm': 92.77131652832031, 'learning_rate': 1.1936093786438792e-05, 'epoch': 0.44}
{'loss': 1.581, 'grad_norm': 8.109052658081055, 'learning_rate': 1.227810220438833e-05, 'epoch': 0.45}
{'loss': 1.5781, 'grad_norm': 5.218964576721191, 'learning_rate': 1.2620110622337865e-05, 'epoch': 0.47}
{'loss': 1.5357, 'grad_norm': 4.082238674163818, 'learning_rate': 1.2962119040287399e-05, 'epoch': 0.48}
{'loss': 1.537, 'grad_norm': 10.46284008026123, 'learning_rate': 1.3304127458236934e-05, 'epoch': 0.49}
{'loss': 1.4823, 'grad_norm': 4.937200546264648, 'learning_rate': 1.364613587618647e-05, 'epoch': 0.5}
{'loss': 1.431, 'grad_norm': 10.252260208129883, 'learning_rate': 1.3988144294136007e-05, 'epoch': 0.52}
{'loss': 1.5049, 'grad_norm': 7.019285678863525, 'learning_rate': 1.4330152712085543e-05, 'epoch': 0.53}
{'loss': 1.4376, 'grad_norm': 5.070876121520996, 'learning_rate': 1.4672161130035078e-05, 'epoch': 0.54}
{'loss': 1.4244, 'grad_norm': 8.920388221740723, 'learning_rate': 1.5014169547984614e-05, 'epoch': 0.55}
{'loss': 1.3947, 'grad_norm': 15.601245880126953, 'learning_rate': 1.5356177965934148e-05, 'epoch': 0.57}
{'loss': 1.4578, 'grad_norm': 14.67126750946045, 'learning_rate': 1.5698186383883683e-05, 'epoch': 0.58}
{'loss': 1.399, 'grad_norm': 11.984831809997559, 'learning_rate': 1.604019480183322e-05, 'epoch': 0.59}
{'loss': 1.4495, 'grad_norm': 11.285247802734375, 'learning_rate': 1.6382203219782758e-05, 'epoch': 0.6}
{'loss': 1.3804, 'grad_norm': 8.178558349609375, 'learning_rate': 1.6724211637732294e-05, 'epoch': 0.62}
{'loss': 1.4078, 'grad_norm': 8.313852310180664, 'learning_rate': 1.706622005568183e-05, 'epoch': 0.63}
{'loss': 1.2762, 'grad_norm': 12.758400917053223, 'learning_rate': 1.740822847363136e-05, 'epoch': 0.64}
{'loss': 1.3913, 'grad_norm': 9.631134033203125, 'learning_rate': 1.7750236891580897e-05, 'epoch': 0.65}
{'loss': 1.301, 'grad_norm': 19.826152801513672, 'learning_rate': 1.8092245309530432e-05, 'epoch': 0.67}
{'loss': 1.397, 'grad_norm': 12.22876262664795, 'learning_rate': 1.8434253727479968e-05, 'epoch': 0.68}
{'loss': 1.2906, 'grad_norm': 10.463747024536133, 'learning_rate': 1.8776262145429504e-05, 'epoch': 0.69}
{'loss': 1.2961, 'grad_norm': 13.725728988647461, 'learning_rate': 1.9118270563379043e-05, 'epoch': 0.71}
{'loss': 1.2734, 'grad_norm': 8.740869522094727, 'learning_rate': 1.9460278981328578e-05, 'epoch': 0.72}
{'loss': 1.2585, 'grad_norm': 7.4630446434021, 'learning_rate': 1.980228739927811e-05, 'epoch': 0.73}
{'loss': 1.3059, 'grad_norm': 12.428200721740723, 'learning_rate': 2.0144295817227646e-05, 'epoch': 0.74}
{'loss': 1.251, 'grad_norm': 10.213375091552734, 'learning_rate': 2.048630423517718e-05, 'epoch': 0.76}
{'loss': 1.2367, 'grad_norm': 22.84897232055664, 'learning_rate': 2.0828312653126717e-05, 'epoch': 0.77}
{'loss': 1.2043, 'grad_norm': 8.581744194030762, 'learning_rate': 2.1170321071076253e-05, 'epoch': 0.78}
{'loss': 1.1692, 'grad_norm': 8.660955429077148, 'learning_rate': 2.1512329489025792e-05, 'epoch': 0.79}
{'loss': 1.1837, 'grad_norm': 10.138010025024414, 'learning_rate': 2.1854337906975327e-05, 'epoch': 0.81}
{'loss': 1.1182, 'grad_norm': 17.93936538696289, 'learning_rate': 2.2196346324924863e-05, 'epoch': 0.82}
{'loss': 1.1993, 'grad_norm': 8.587484359741211, 'learning_rate': 2.2538354742874395e-05, 'epoch': 0.83}
{'loss': 1.1742, 'grad_norm': 9.023490905761719, 'learning_rate': 2.288036316082393e-05, 'epoch': 0.84}
{'loss': 1.1028, 'grad_norm': 11.08448314666748, 'learning_rate': 2.3222371578773466e-05, 'epoch': 0.86}
{'loss': 1.1578, 'grad_norm': 10.913195610046387, 'learning_rate': 2.3564379996723002e-05, 'epoch': 0.87}
{'loss': 1.1772, 'grad_norm': 12.664633750915527, 'learning_rate': 2.3906388414672537e-05, 'epoch': 0.88}
{'loss': 1.1386, 'grad_norm': 10.903481483459473, 'learning_rate': 2.4248396832622076e-05, 'epoch': 0.89}
{'loss': 1.0593, 'grad_norm': 20.215139389038086, 'learning_rate': 2.459040525057161e-05, 'epoch': 0.91}
{'loss': 1.1137, 'grad_norm': 8.693781852722168, 'learning_rate': 2.4932413668521148e-05, 'epoch': 0.92}
{'loss': 1.203, 'grad_norm': 10.916370391845703, 'learning_rate': 2.5274422086470683e-05, 'epoch': 0.93}
{'loss': 1.0629, 'grad_norm': 13.098321914672852, 'learning_rate': 2.5616430504420215e-05, 'epoch': 0.94}
{'loss': 1.0155, 'grad_norm': 12.712815284729004, 'learning_rate': 2.5958438922369754e-05, 'epoch': 0.96}
{'loss': 1.0557, 'grad_norm': 18.53757095336914, 'learning_rate': 2.6300447340319287e-05, 'epoch': 0.97}
{'loss': 1.0685, 'grad_norm': 12.01506519317627, 'learning_rate': 2.6642455758268825e-05, 'epoch': 0.98}
{'loss': 1.1193, 'grad_norm': 17.4420108795166, 'learning_rate': 2.6984464176218358e-05, 'epoch': 0.99}
{'eval_loss': 1.041921615600586, 'eval_f1_macro': 0.6151950014267429, 'eval_f1_weighted': 0.6402579396253965, 'eval_precision_macro': 0.6447828415462051, 'eval_recall_macro': 0.6224657224529067, 'eval_accuracy': 0.6517906336088154, 'eval_runtime': 5.8353, 'eval_samples_per_second': 933.106, 'eval_steps_per_second': 14.738, 'epoch': 1.0}
{'loss': 1.085, 'grad_norm': 9.027206420898438, 'learning_rate': 2.7326472594167897e-05, 'epoch': 1.01}
{'loss': 0.976, 'grad_norm': 13.687956809997559, 'learning_rate': 2.7668481012117432e-05, 'epoch': 1.02}
{'loss': 0.9972, 'grad_norm': 18.946420669555664, 'learning_rate': 2.8010489430066964e-05, 'epoch': 1.03}
{'loss': 0.8935, 'grad_norm': 15.306203842163086, 'learning_rate': 2.8352497848016503e-05, 'epoch': 1.05}
{'loss': 1.0501, 'grad_norm': 15.636870384216309, 'learning_rate': 2.8694506265966036e-05, 'epoch': 1.06}
{'loss': 1.0604, 'grad_norm': 15.44884204864502, 'learning_rate': 2.9036514683915575e-05, 'epoch': 1.07}
{'loss': 1.0585, 'grad_norm': 22.743932723999023, 'learning_rate': 2.9378523101865107e-05, 'epoch': 1.08}
{'loss': 0.9152, 'grad_norm': 14.790831565856934, 'learning_rate': 2.9720531519814646e-05, 'epoch': 1.1}
{'loss': 0.9738, 'grad_norm': 10.989951133728027, 'learning_rate': 3.006253993776418e-05, 'epoch': 1.11}
{'loss': 0.9978, 'grad_norm': 8.101253509521484, 'learning_rate': 3.0404548355713714e-05, 'epoch': 1.12}
{'loss': 0.8666, 'grad_norm': 9.89096736907959, 'learning_rate': 3.074655677366325e-05, 'epoch': 1.13}
{'loss': 0.9886, 'grad_norm': 16.038734436035156, 'learning_rate': 3.108856519161279e-05, 'epoch': 1.15}
{'loss': 0.901, 'grad_norm': 26.24365234375, 'learning_rate': 3.1430573609562324e-05, 'epoch': 1.16}
{'loss': 0.9857, 'grad_norm': 11.508122444152832, 'learning_rate': 3.177258202751186e-05, 'epoch': 1.17}
{'loss': 0.8712, 'grad_norm': 7.7511115074157715, 'learning_rate': 3.2114590445461395e-05, 'epoch': 1.18}
{'loss': 0.9221, 'grad_norm': 13.14565658569336, 'learning_rate': 3.245659886341093e-05, 'epoch': 1.2}
{'loss': 0.9832, 'grad_norm': 10.638993263244629, 'learning_rate': 3.2798607281360466e-05, 'epoch': 1.21}
{'loss': 0.9739, 'grad_norm': 10.162349700927734, 'learning_rate': 3.314061569931e-05, 'epoch': 1.22}
{'loss': 0.9596, 'grad_norm': 35.24573516845703, 'learning_rate': 3.348262411725954e-05, 'epoch': 1.23}
{'loss': 0.8774, 'grad_norm': 13.929642677307129, 'learning_rate': 3.382463253520907e-05, 'epoch': 1.25}
{'loss': 0.9949, 'grad_norm': 17.781837463378906, 'learning_rate': 3.416664095315861e-05, 'epoch': 1.26}
{'loss': 0.8597, 'grad_norm': 13.9891939163208, 'learning_rate': 3.4508649371108144e-05, 'epoch': 1.27}
{'loss': 0.8433, 'grad_norm': 19.511886596679688, 'learning_rate': 3.485065778905767e-05, 'epoch': 1.28}
{'loss': 0.8697, 'grad_norm': 21.631935119628906, 'learning_rate': 3.5192666207007215e-05, 'epoch': 1.3}
{'loss': 1.0034, 'grad_norm': 16.272462844848633, 'learning_rate': 3.553467462495675e-05, 'epoch': 1.31}
{'loss': 0.8858, 'grad_norm': 15.108776092529297, 'learning_rate': 3.5876683042906286e-05, 'epoch': 1.32}
{'loss': 0.8204, 'grad_norm': 11.477557182312012, 'learning_rate': 3.621869146085582e-05, 'epoch': 1.34}
{'loss': 0.8611, 'grad_norm': 17.422502517700195, 'learning_rate': 3.656069987880536e-05, 'epoch': 1.35}
{'loss': 0.8393, 'grad_norm': 13.518148422241211, 'learning_rate': 3.690270829675489e-05, 'epoch': 1.36}
{'loss': 0.9292, 'grad_norm': 19.976879119873047, 'learning_rate': 3.724471671470443e-05, 'epoch': 1.37}
{'loss': 0.9974, 'grad_norm': 23.06525421142578, 'learning_rate': 3.7586725132653964e-05, 'epoch': 1.39}
{'loss': 0.9277, 'grad_norm': 18.876678466796875, 'learning_rate': 3.79287335506035e-05, 'epoch': 1.4}
{'loss': 0.9529, 'grad_norm': 12.440850257873535, 'learning_rate': 3.8270741968553035e-05, 'epoch': 1.41}
{'loss': 0.8562, 'grad_norm': 12.7646484375, 'learning_rate': 3.861275038650257e-05, 'epoch': 1.42}
{'loss': 0.8674, 'grad_norm': 22.45943832397461, 'learning_rate': 3.8954758804452107e-05, 'epoch': 1.44}
{'loss': 0.7916, 'grad_norm': 20.661657333374023, 'learning_rate': 3.929676722240164e-05, 'epoch': 1.45}
{'loss': 0.8491, 'grad_norm': 16.62546157836914, 'learning_rate': 3.963877564035118e-05, 'epoch': 1.46}
{'loss': 0.855, 'grad_norm': 14.611715316772461, 'learning_rate': 3.998078405830071e-05, 'epoch': 1.47}
{'loss': 0.8262, 'grad_norm': 12.669445991516113, 'learning_rate': 4.032279247625025e-05, 'epoch': 1.49}
{'loss': 0.8362, 'grad_norm': 12.932008743286133, 'learning_rate': 4.0664800894199785e-05, 'epoch': 1.5}
{'loss': 0.8866, 'grad_norm': 14.274590492248535, 'learning_rate': 4.100680931214932e-05, 'epoch': 1.51}
{'loss': 0.8378, 'grad_norm': 14.976358413696289, 'learning_rate': 4.1348817730098856e-05, 'epoch': 1.52}
{'loss': 0.7959, 'grad_norm': 17.210660934448242, 'learning_rate': 4.169082614804839e-05, 'epoch': 1.54}
{'loss': 0.8772, 'grad_norm': 15.093557357788086, 'learning_rate': 4.203283456599793e-05, 'epoch': 1.55}
{'loss': 0.9379, 'grad_norm': 9.845358848571777, 'learning_rate': 4.237484298394746e-05, 'epoch': 1.56}
{'loss': 0.8575, 'grad_norm': 13.460881233215332, 'learning_rate': 4.2716851401897e-05, 'epoch': 1.57}
{'loss': 0.9551, 'grad_norm': 20.06114387512207, 'learning_rate': 4.3058859819846534e-05, 'epoch': 1.59}
{'loss': 0.8557, 'grad_norm': 11.215364456176758, 'learning_rate': 4.340086823779607e-05, 'epoch': 1.6}
{'loss': 0.8582, 'grad_norm': 19.059358596801758, 'learning_rate': 4.3742876655745605e-05, 'epoch': 1.61}
{'loss': 0.8069, 'grad_norm': 11.532085418701172, 'learning_rate': 4.408488507369514e-05, 'epoch': 1.62}
{'loss': 0.8227, 'grad_norm': 19.98487663269043, 'learning_rate': 4.4426893491644676e-05, 'epoch': 1.64}
{'loss': 0.8625, 'grad_norm': 11.650514602661133, 'learning_rate': 4.476890190959421e-05, 'epoch': 1.65}
{'loss': 0.7958, 'grad_norm': 15.629191398620605, 'learning_rate': 4.511091032754375e-05, 'epoch': 1.66}
{'loss': 0.8689, 'grad_norm': 11.878823280334473, 'learning_rate': 4.545291874549328e-05, 'epoch': 1.68}
{'loss': 0.8487, 'grad_norm': 15.464329719543457, 'learning_rate': 4.579492716344282e-05, 'epoch': 1.69}
{'loss': 0.8803, 'grad_norm': 10.075946807861328, 'learning_rate': 4.6136935581392354e-05, 'epoch': 1.7}
{'loss': 0.8384, 'grad_norm': 13.417866706848145, 'learning_rate': 4.647894399934189e-05, 'epoch': 1.71}
{'loss': 0.8998, 'grad_norm': 8.775486946105957, 'learning_rate': 4.6820952417291425e-05, 'epoch': 1.73}
{'loss': 0.7521, 'grad_norm': 25.237356185913086, 'learning_rate': 4.716296083524096e-05, 'epoch': 1.74}
{'loss': 0.8171, 'grad_norm': 15.998834609985352, 'learning_rate': 4.7504969253190496e-05, 'epoch': 1.75}
{'loss': 0.6394, 'grad_norm': 20.31389045715332, 'learning_rate': 4.784697767114004e-05, 'epoch': 1.76}
{'loss': 0.8158, 'grad_norm': 11.420215606689453, 'learning_rate': 4.818898608908956e-05, 'epoch': 1.78}
{'loss': 0.8924, 'grad_norm': 14.892157554626465, 'learning_rate': 4.85309945070391e-05, 'epoch': 1.79}
{'loss': 0.8687, 'grad_norm': 9.071671485900879, 'learning_rate': 4.887300292498864e-05, 'epoch': 1.8}
{'loss': 0.8524, 'grad_norm': 13.86567211151123, 'learning_rate': 4.9215011342938174e-05, 'epoch': 1.81}
{'loss': 0.9502, 'grad_norm': 17.60125732421875, 'learning_rate': 4.95570197608877e-05, 'epoch': 1.83}
{'loss': 0.8436, 'grad_norm': 12.334953308105469, 'learning_rate': 4.9899028178837245e-05, 'epoch': 1.84}
{'loss': 0.7809, 'grad_norm': 12.886351585388184, 'learning_rate': 5.024103659678678e-05, 'epoch': 1.85}
{'loss': 0.6806, 'grad_norm': 8.726068496704102, 'learning_rate': 5.0583045014736316e-05, 'epoch': 1.86}
{'loss': 0.7996, 'grad_norm': 14.291178703308105, 'learning_rate': 5.092505343268586e-05, 'epoch': 1.88}
{'loss': 0.7616, 'grad_norm': 13.476727485656738, 'learning_rate': 5.126706185063538e-05, 'epoch': 1.89}
{'loss': 0.8121, 'grad_norm': 12.817419052124023, 'learning_rate': 5.160907026858492e-05, 'epoch': 1.9}
{'loss': 0.839, 'grad_norm': 20.045652389526367, 'learning_rate': 5.195107868653446e-05, 'epoch': 1.91}
{'loss': 0.7595, 'grad_norm': 12.373839378356934, 'learning_rate': 5.2293087104483994e-05, 'epoch': 1.93}
{'loss': 0.7271, 'grad_norm': 17.745166778564453, 'learning_rate': 5.263509552243354e-05, 'epoch': 1.94}
{'loss': 0.7703, 'grad_norm': 15.997638702392578, 'learning_rate': 5.2977103940383066e-05, 'epoch': 1.95}
{'loss': 0.7169, 'grad_norm': 12.484536170959473, 'learning_rate': 5.33191123583326e-05, 'epoch': 1.96}
{'loss': 0.8652, 'grad_norm': 15.760791778564453, 'learning_rate': 5.366112077628214e-05, 'epoch': 1.98}
{'loss': 0.8899, 'grad_norm': 13.001368522644043, 'learning_rate': 5.400312919423168e-05, 'epoch': 1.99}
{'eval_loss': 0.7680853009223938, 'eval_f1_macro': 0.7166313129023267, 'eval_f1_weighted': 0.7314185692666677, 'eval_precision_macro': 0.7350950609832532, 'eval_recall_macro': 0.7269531072949279, 'eval_accuracy': 0.7331496786042241, 'eval_runtime': 307.1843, 'eval_samples_per_second': 17.726, 'eval_steps_per_second': 0.28, 'epoch': 2.0}
{'loss': 0.7619, 'grad_norm': 9.62337589263916, 'learning_rate': 5.43451376121812e-05, 'epoch': 2.0}
{'loss': 0.6084, 'grad_norm': 11.456721305847168, 'learning_rate': 5.4687146030130744e-05, 'epoch': 2.02}
{'loss': 0.782, 'grad_norm': 14.167154312133789, 'learning_rate': 5.502915444808028e-05, 'epoch': 2.03}
{'loss': 0.7122, 'grad_norm': 12.679285049438477, 'learning_rate': 5.5371162866029815e-05, 'epoch': 2.04}
{'loss': 0.7165, 'grad_norm': 13.299050331115723, 'learning_rate': 5.571317128397936e-05, 'epoch': 2.05}
{'loss': 0.7053, 'grad_norm': 32.75102615356445, 'learning_rate': 5.605517970192888e-05, 'epoch': 2.07}
{'loss': 0.8469, 'grad_norm': 25.682409286499023, 'learning_rate': 5.639718811987842e-05, 'epoch': 2.08}
{'loss': 0.7978, 'grad_norm': 10.650609970092773, 'learning_rate': 5.673919653782796e-05, 'epoch': 2.09}
{'loss': 0.7135, 'grad_norm': 12.906941413879395, 'learning_rate': 5.70812049557775e-05, 'epoch': 2.1}
{'loss': 0.6231, 'grad_norm': 10.463409423828125, 'learning_rate': 5.7423213373727035e-05, 'epoch': 2.12}
{'loss': 0.7537, 'grad_norm': 17.262142181396484, 'learning_rate': 5.7765221791676564e-05, 'epoch': 2.13}
{'loss': 0.6474, 'grad_norm': 30.785470962524414, 'learning_rate': 5.81072302096261e-05, 'epoch': 2.14}
{'loss': 0.6275, 'grad_norm': 15.150732040405273, 'learning_rate': 5.8449238627575635e-05, 'epoch': 2.15}
{'loss': 0.6442, 'grad_norm': 14.390251159667969, 'learning_rate': 5.879124704552518e-05, 'epoch': 2.17}
{'loss': 0.6204, 'grad_norm': 14.708296775817871, 'learning_rate': 5.91332554634747e-05, 'epoch': 2.18}
{'loss': 0.7101, 'grad_norm': 13.913740158081055, 'learning_rate': 5.947526388142424e-05, 'epoch': 2.19}
{'loss': 0.6515, 'grad_norm': 14.40852165222168, 'learning_rate': 5.981727229937378e-05, 'epoch': 2.2}
{'loss': 0.8408, 'grad_norm': 23.30063819885254, 'learning_rate': 6.015928071732331e-05, 'epoch': 2.22}
{'loss': 0.6295, 'grad_norm': 8.917024612426758, 'learning_rate': 6.0501289135272855e-05, 'epoch': 2.23}
{'loss': 0.8449, 'grad_norm': 10.287099838256836, 'learning_rate': 6.0843297553222384e-05, 'epoch': 2.24}
{'loss': 0.6061, 'grad_norm': 13.963447570800781, 'learning_rate': 6.118530597117192e-05, 'epoch': 2.25}
{'loss': 0.6876, 'grad_norm': 9.020790100097656, 'learning_rate': 6.152731438912146e-05, 'epoch': 2.27}
{'loss': 0.7716, 'grad_norm': 15.818726539611816, 'learning_rate': 6.186932280707099e-05, 'epoch': 2.28}
{'loss': 0.6138, 'grad_norm': 18.044418334960938, 'learning_rate': 6.221133122502053e-05, 'epoch': 2.29}
{'loss': 0.7157, 'grad_norm': 15.756178855895996, 'learning_rate': 6.255333964297006e-05, 'epoch': 2.3}
{'loss': 0.7499, 'grad_norm': 11.96130657196045, 'learning_rate': 6.28953480609196e-05, 'epoch': 2.32}
{'loss': 0.6533, 'grad_norm': 15.404472351074219, 'learning_rate': 6.323735647886913e-05, 'epoch': 2.33}
{'loss': 0.6031, 'grad_norm': 11.334738731384277, 'learning_rate': 6.357936489681868e-05, 'epoch': 2.34}
{'loss': 0.7116, 'grad_norm': 11.015586853027344, 'learning_rate': 6.39213733147682e-05, 'epoch': 2.36}
{'loss': 0.7496, 'grad_norm': 17.10833740234375, 'learning_rate': 6.426338173271773e-05, 'epoch': 2.37}
{'loss': 0.5985, 'grad_norm': 23.323060989379883, 'learning_rate': 6.460539015066728e-05, 'epoch': 2.38}
{'loss': 0.7611, 'grad_norm': 18.167247772216797, 'learning_rate': 6.494739856861682e-05, 'epoch': 2.39}
{'loss': 0.6469, 'grad_norm': 7.629809856414795, 'learning_rate': 6.528940698656635e-05, 'epoch': 2.41}
{'loss': 0.6412, 'grad_norm': 15.734138488769531, 'learning_rate': 6.563141540451588e-05, 'epoch': 2.42}
{'loss': 0.7585, 'grad_norm': 10.160260200500488, 'learning_rate': 6.597342382246542e-05, 'epoch': 2.43}
{'loss': 0.7298, 'grad_norm': 12.371369361877441, 'learning_rate': 6.631543224041496e-05, 'epoch': 2.44}
{'loss': 0.6917, 'grad_norm': 15.096475601196289, 'learning_rate': 6.665744065836449e-05, 'epoch': 2.46}
{'loss': 0.741, 'grad_norm': 28.269245147705078, 'learning_rate': 6.699944907631402e-05, 'epoch': 2.47}
{'loss': 0.8054, 'grad_norm': 15.079107284545898, 'learning_rate': 6.734145749426356e-05, 'epoch': 2.48}
{'loss': 0.6995, 'grad_norm': 11.006207466125488, 'learning_rate': 6.76834659122131e-05, 'epoch': 2.49}
{'loss': 0.6694, 'grad_norm': 8.178383827209473, 'learning_rate': 6.802547433016263e-05, 'epoch': 2.51}
{'loss': 0.7988, 'grad_norm': 7.105175971984863, 'learning_rate': 6.836748274811217e-05, 'epoch': 2.52}
{'loss': 0.775, 'grad_norm': 10.914420127868652, 'learning_rate': 6.87094911660617e-05, 'epoch': 2.53}
{'loss': 0.6465, 'grad_norm': 23.091516494750977, 'learning_rate': 6.905149958401123e-05, 'epoch': 2.54}
{'loss': 0.6765, 'grad_norm': 11.901670455932617, 'learning_rate': 6.939350800196077e-05, 'epoch': 2.56}
{'loss': 0.6951, 'grad_norm': 15.358505249023438, 'learning_rate': 6.973551641991032e-05, 'epoch': 2.57}
{'loss': 0.7567, 'grad_norm': 9.616989135742188, 'learning_rate': 7.007752483785984e-05, 'epoch': 2.58}
{'loss': 0.7138, 'grad_norm': 14.410614967346191, 'learning_rate': 7.041953325580937e-05, 'epoch': 2.59}
{'loss': 0.7915, 'grad_norm': 19.1135311126709, 'learning_rate': 7.076154167375892e-05, 'epoch': 2.61}
{'loss': 0.7277, 'grad_norm': 13.45596981048584, 'learning_rate': 7.110355009170846e-05, 'epoch': 2.62}
{'loss': 0.6764, 'grad_norm': 12.933636665344238, 'learning_rate': 7.144555850965799e-05, 'epoch': 2.63}
{'loss': 0.7067, 'grad_norm': 16.63608169555664, 'learning_rate': 7.178756692760752e-05, 'epoch': 2.64}
{'loss': 0.7488, 'grad_norm': 15.081306457519531, 'learning_rate': 7.212957534555706e-05, 'epoch': 2.66}
{'loss': 0.691, 'grad_norm': 11.010933876037598, 'learning_rate': 7.24715837635066e-05, 'epoch': 2.67}
{'loss': 0.6122, 'grad_norm': 12.971968650817871, 'learning_rate': 7.281359218145613e-05, 'epoch': 2.68}
{'loss': 0.7357, 'grad_norm': 19.66097068786621, 'learning_rate': 7.315560059940567e-05, 'epoch': 2.7}
{'loss': 0.69, 'grad_norm': 13.196319580078125, 'learning_rate': 7.34976090173552e-05, 'epoch': 2.71}
{'loss': 0.657, 'grad_norm': 9.47704029083252, 'learning_rate': 7.383961743530473e-05, 'epoch': 2.72}
{'loss': 0.7364, 'grad_norm': 12.950640678405762, 'learning_rate': 7.418162585325427e-05, 'epoch': 2.73}
{'loss': 0.6349, 'grad_norm': 19.325939178466797, 'learning_rate': 7.452363427120381e-05, 'epoch': 2.75}
{'loss': 0.7753, 'grad_norm': 15.929486274719238, 'learning_rate': 7.486564268915336e-05, 'epoch': 2.76}
{'loss': 0.6364, 'grad_norm': 20.031009674072266, 'learning_rate': 7.520765110710287e-05, 'epoch': 2.77}
{'loss': 0.7281, 'grad_norm': 8.805829048156738, 'learning_rate': 7.554965952505241e-05, 'epoch': 2.78}
{'loss': 0.6485, 'grad_norm': 9.434865951538086, 'learning_rate': 7.589166794300196e-05, 'epoch': 2.8}
{'loss': 0.732, 'grad_norm': 22.640514373779297, 'learning_rate': 7.623367636095149e-05, 'epoch': 2.81}
{'loss': 0.6144, 'grad_norm': 7.041843891143799, 'learning_rate': 7.657568477890101e-05, 'epoch': 2.82}
{'loss': 0.6348, 'grad_norm': 14.614011764526367, 'learning_rate': 7.691769319685056e-05, 'epoch': 2.83}
{'loss': 0.7254, 'grad_norm': 14.895554542541504, 'learning_rate': 7.72597016148001e-05, 'epoch': 2.85}
{'loss': 0.7281, 'grad_norm': 14.857529640197754, 'learning_rate': 7.760171003274963e-05, 'epoch': 2.86}
{'loss': 0.7852, 'grad_norm': 8.897926330566406, 'learning_rate': 7.794371845069917e-05, 'epoch': 2.87}
{'loss': 0.6744, 'grad_norm': 11.640600204467773, 'learning_rate': 7.82857268686487e-05, 'epoch': 2.88}
{'loss': 0.6531, 'grad_norm': 10.327824592590332, 'learning_rate': 7.862773528659824e-05, 'epoch': 2.9}
{'loss': 0.7365, 'grad_norm': 16.588973999023438, 'learning_rate': 7.896974370454777e-05, 'epoch': 2.91}
{'loss': 0.6954, 'grad_norm': 10.422755241394043, 'learning_rate': 7.931175212249731e-05, 'epoch': 2.92}
{'loss': 0.5737, 'grad_norm': 8.451240539550781, 'learning_rate': 7.965376054044685e-05, 'epoch': 2.93}
{'loss': 0.6423, 'grad_norm': 12.725330352783203, 'learning_rate': 7.999576895839637e-05, 'epoch': 2.95}
{'loss': 0.8141, 'grad_norm': 8.470118522644043, 'learning_rate': 8.033777737634591e-05, 'epoch': 2.96}
{'loss': 0.692, 'grad_norm': 14.772235870361328, 'learning_rate': 8.067978579429545e-05, 'epoch': 2.97}
{'loss': 0.655, 'grad_norm': 9.525579452514648, 'learning_rate': 8.102179421224498e-05, 'epoch': 2.98}
{'loss': 0.6599, 'grad_norm': 24.38059425354004, 'learning_rate': 8.136380263019451e-05, 'epoch': 3.0}
{'eval_loss': 0.7649235725402832, 'eval_f1_macro': 0.7193847500233421, 'eval_f1_weighted': 0.736381314479716, 'eval_precision_macro': 0.7660866601679164, 'eval_recall_macro': 0.7179606525504614, 'eval_accuracy': 0.731129476584022, 'eval_runtime': 5.5865, 'eval_samples_per_second': 974.668, 'eval_steps_per_second': 15.394, 'epoch': 3.0}
{'loss': 0.7295, 'grad_norm': 13.044628143310547, 'learning_rate': 8.170581104814405e-05, 'epoch': 3.01}
{'loss': 0.6222, 'grad_norm': 11.220792770385742, 'learning_rate': 8.20478194660936e-05, 'epoch': 3.02}
{'loss': 0.6561, 'grad_norm': 34.81443786621094, 'learning_rate': 8.238982788404313e-05, 'epoch': 3.04}
{'loss': 0.6209, 'grad_norm': 18.7446231842041, 'learning_rate': 8.273183630199267e-05, 'epoch': 3.05}
{'loss': 0.5461, 'grad_norm': 13.82101821899414, 'learning_rate': 8.30738447199422e-05, 'epoch': 3.06}
{'loss': 0.6157, 'grad_norm': 23.44879722595215, 'learning_rate': 8.341585313789174e-05, 'epoch': 3.07}
{'loss': 0.5584, 'grad_norm': 9.447606086730957, 'learning_rate': 8.375786155584127e-05, 'epoch': 3.09}
{'loss': 0.5312, 'grad_norm': 9.870713233947754, 'learning_rate': 8.409986997379081e-05, 'epoch': 3.1}
{'loss': 0.5363, 'grad_norm': 30.761980056762695, 'learning_rate': 8.444187839174035e-05, 'epoch': 3.11}
{'loss': 0.5314, 'grad_norm': 24.92054557800293, 'learning_rate': 8.478388680968987e-05, 'epoch': 3.12}
{'loss': 0.5431, 'grad_norm': 13.230338096618652, 'learning_rate': 8.512589522763941e-05, 'epoch': 3.14}
{'loss': 0.5602, 'grad_norm': 16.348125457763672, 'learning_rate': 8.546790364558895e-05, 'epoch': 3.15}
{'loss': 0.5549, 'grad_norm': 7.740799903869629, 'learning_rate': 8.580991206353848e-05, 'epoch': 3.16}
{'loss': 0.6027, 'grad_norm': 19.20088768005371, 'learning_rate': 8.615192048148801e-05, 'epoch': 3.17}
{'loss': 0.5679, 'grad_norm': 54.638214111328125, 'learning_rate': 8.649392889943755e-05, 'epoch': 3.19}
{'loss': 0.5275, 'grad_norm': 12.244125366210938, 'learning_rate': 8.68359373173871e-05, 'epoch': 3.2}
{'loss': 0.6718, 'grad_norm': 7.52224063873291, 'learning_rate': 8.717794573533662e-05, 'epoch': 3.21}
{'loss': 0.5599, 'grad_norm': 9.802544593811035, 'learning_rate': 8.751995415328617e-05, 'epoch': 3.22}
{'loss': 0.598, 'grad_norm': 20.792390823364258, 'learning_rate': 8.78619625712357e-05, 'epoch': 3.24}
{'loss': 0.6055, 'grad_norm': 7.165554046630859, 'learning_rate': 8.820397098918524e-05, 'epoch': 3.25}
{'loss': 0.6794, 'grad_norm': 12.5833740234375, 'learning_rate': 8.854597940713477e-05, 'epoch': 3.26}
{'loss': 0.6609, 'grad_norm': 15.671229362487793, 'learning_rate': 8.888798782508431e-05, 'epoch': 3.27}
{'loss': 0.5667, 'grad_norm': 16.667129516601562, 'learning_rate': 8.922999624303384e-05, 'epoch': 3.29}
{'loss': 0.5395, 'grad_norm': 7.210023880004883, 'learning_rate': 8.957200466098338e-05, 'epoch': 3.3}
{'loss': 0.5724, 'grad_norm': 9.653596878051758, 'learning_rate': 8.991401307893291e-05, 'epoch': 3.31}
{'loss': 0.642, 'grad_norm': 55.36823272705078, 'learning_rate': 9.025602149688245e-05, 'epoch': 3.32}
{'loss': 0.5899, 'grad_norm': 21.884193420410156, 'learning_rate': 9.0598029914832e-05, 'epoch': 3.34}
{'loss': 0.5916, 'grad_norm': 13.154378890991211, 'learning_rate': 9.094003833278151e-05, 'epoch': 3.35}
{'loss': 0.6243, 'grad_norm': 15.864602088928223, 'learning_rate': 9.128204675073105e-05, 'epoch': 3.36}
{'loss': 0.5839, 'grad_norm': 19.395689010620117, 'learning_rate': 9.16240551686806e-05, 'epoch': 3.38}
{'loss': 0.5951, 'grad_norm': 22.16139793395996, 'learning_rate': 9.196606358663012e-05, 'epoch': 3.39}
{'loss': 0.626, 'grad_norm': 10.636360168457031, 'learning_rate': 9.230807200457966e-05, 'epoch': 3.4}
{'loss': 0.5888, 'grad_norm': 11.391278266906738, 'learning_rate': 9.26500804225292e-05, 'epoch': 3.41}
{'loss': 0.5967, 'grad_norm': 14.452616691589355, 'learning_rate': 9.299208884047874e-05, 'epoch': 3.43}
{'loss': 0.6594, 'grad_norm': 19.718334197998047, 'learning_rate': 9.333409725842826e-05, 'epoch': 3.44}
{'loss': 0.6275, 'grad_norm': 5.012107849121094, 'learning_rate': 9.367610567637781e-05, 'epoch': 3.45}
{'loss': 0.63, 'grad_norm': 19.54063606262207, 'learning_rate': 9.401811409432734e-05, 'epoch': 3.46}
{'loss': 0.7007, 'grad_norm': 12.482340812683105, 'learning_rate': 9.436012251227688e-05, 'epoch': 3.48}
{'loss': 0.6505, 'grad_norm': 17.1570987701416, 'learning_rate': 9.470213093022641e-05, 'epoch': 3.49}
{'loss': 0.6552, 'grad_norm': 22.392553329467773, 'learning_rate': 9.504413934817595e-05, 'epoch': 3.5}
{'loss': 0.631, 'grad_norm': 16.8392391204834, 'learning_rate': 9.538614776612549e-05, 'epoch': 3.51}
{'loss': 0.5891, 'grad_norm': 11.388721466064453, 'learning_rate': 9.553442840619149e-05, 'epoch': 3.53}
{'loss': 0.619, 'grad_norm': 8.32489013671875, 'learning_rate': 9.548898126837397e-05, 'epoch': 3.54}
{'loss': 0.6864, 'grad_norm': 17.15513801574707, 'learning_rate': 9.544353413055646e-05, 'epoch': 3.55}
{'loss': 0.6601, 'grad_norm': 8.199517250061035, 'learning_rate': 9.539808699273895e-05, 'epoch': 3.56}
{'loss': 0.7228, 'grad_norm': 14.545134544372559, 'learning_rate': 9.535263985492144e-05, 'epoch': 3.58}
{'loss': 0.619, 'grad_norm': 14.664076805114746, 'learning_rate': 9.530719271710393e-05, 'epoch': 3.59}
{'loss': 0.6668, 'grad_norm': 15.099047660827637, 'learning_rate': 9.526174557928641e-05, 'epoch': 3.6}
{'loss': 0.7099, 'grad_norm': 22.058042526245117, 'learning_rate': 9.52162984414689e-05, 'epoch': 3.61}
{'loss': 0.7155, 'grad_norm': 9.589269638061523, 'learning_rate': 9.517085130365139e-05, 'epoch': 3.63}
{'loss': 0.65, 'grad_norm': 17.321636199951172, 'learning_rate': 9.512540416583388e-05, 'epoch': 3.64}
{'loss': 0.7355, 'grad_norm': 16.054506301879883, 'learning_rate': 9.507995702801638e-05, 'epoch': 3.65}
{'loss': 0.5809, 'grad_norm': 8.691858291625977, 'learning_rate': 9.503450989019887e-05, 'epoch': 3.66}
{'loss': 0.5798, 'grad_norm': 20.441295623779297, 'learning_rate': 9.498906275238136e-05, 'epoch': 3.68}
{'loss': 0.6411, 'grad_norm': 23.919689178466797, 'learning_rate': 9.494361561456384e-05, 'epoch': 3.69}
{'loss': 0.6729, 'grad_norm': 23.982507705688477, 'learning_rate': 9.489816847674633e-05, 'epoch': 3.7}
{'loss': 0.5679, 'grad_norm': 14.177420616149902, 'learning_rate': 9.485272133892882e-05, 'epoch': 3.72}
{'loss': 0.6717, 'grad_norm': 8.481321334838867, 'learning_rate': 9.480727420111131e-05, 'epoch': 3.73}
{'loss': 0.5492, 'grad_norm': 9.831769943237305, 'learning_rate': 9.47618270632938e-05, 'epoch': 3.74}
{'loss': 0.5386, 'grad_norm': 12.52410888671875, 'learning_rate': 9.471637992547628e-05, 'epoch': 3.75}
{'loss': 0.5601, 'grad_norm': 17.535816192626953, 'learning_rate': 9.467093278765877e-05, 'epoch': 3.77}
{'loss': 0.7547, 'grad_norm': 11.05765438079834, 'learning_rate': 9.462548564984126e-05, 'epoch': 3.78}
{'loss': 0.6114, 'grad_norm': 20.0212459564209, 'learning_rate': 9.458003851202375e-05, 'epoch': 3.79}
{'loss': 0.6922, 'grad_norm': 8.372142791748047, 'learning_rate': 9.453459137420624e-05, 'epoch': 3.8}
{'loss': 0.7582, 'grad_norm': 10.447729110717773, 'learning_rate': 9.448914423638873e-05, 'epoch': 3.82}
{'loss': 0.6617, 'grad_norm': 13.381898880004883, 'learning_rate': 9.444369709857121e-05, 'epoch': 3.83}
{'loss': 0.7084, 'grad_norm': 19.465858459472656, 'learning_rate': 9.43982499607537e-05, 'epoch': 3.84}
{'loss': 0.6446, 'grad_norm': 13.915846824645996, 'learning_rate': 9.435280282293619e-05, 'epoch': 3.85}
{'loss': 0.6334, 'grad_norm': 9.228470802307129, 'learning_rate': 9.430735568511868e-05, 'epoch': 3.87}
{'loss': 0.5625, 'grad_norm': 8.339509010314941, 'learning_rate': 9.426190854730117e-05, 'epoch': 3.88}
{'loss': 0.5291, 'grad_norm': 18.449708938598633, 'learning_rate': 9.421646140948365e-05, 'epoch': 3.89}
{'loss': 0.6393, 'grad_norm': 15.307894706726074, 'learning_rate': 9.417101427166614e-05, 'epoch': 3.9}
{'loss': 0.4788, 'grad_norm': 8.729388236999512, 'learning_rate': 9.412556713384863e-05, 'epoch': 3.92}
{'loss': 0.5502, 'grad_norm': 14.583048820495605, 'learning_rate': 9.408011999603112e-05, 'epoch': 3.93}
{'loss': 0.7489, 'grad_norm': 19.99333381652832, 'learning_rate': 9.40346728582136e-05, 'epoch': 3.94}
{'loss': 0.7476, 'grad_norm': 16.39043426513672, 'learning_rate': 9.39892257203961e-05, 'epoch': 3.95}
{'loss': 0.5337, 'grad_norm': 10.29349422454834, 'learning_rate': 9.394377858257858e-05, 'epoch': 3.97}
{'loss': 0.6717, 'grad_norm': 11.261143684387207, 'learning_rate': 9.389833144476107e-05, 'epoch': 3.98}
{'loss': 0.544, 'grad_norm': 10.871893882751465, 'learning_rate': 9.385288430694356e-05, 'epoch': 3.99}
{'eval_loss': 0.7416265606880188, 'eval_f1_macro': 0.7489780445403686, 'eval_f1_weighted': 0.7603920598167594, 'eval_precision_macro': 0.7737593861093828, 'eval_recall_macro': 0.7446353293479471, 'eval_accuracy': 0.7658402203856749, 'eval_runtime': 5.7143, 'eval_samples_per_second': 952.87, 'eval_steps_per_second': 15.05, 'epoch': 4.0}
{'loss': 0.5225, 'grad_norm': 14.096941947937012, 'learning_rate': 9.380743716912605e-05, 'epoch': 4.01}
{'loss': 0.4614, 'grad_norm': 13.187493324279785, 'learning_rate': 9.376199003130853e-05, 'epoch': 4.02}
{'loss': 0.5158, 'grad_norm': 10.965786933898926, 'learning_rate': 9.371654289349102e-05, 'epoch': 4.03}
{'loss': 0.4742, 'grad_norm': 11.487395286560059, 'learning_rate': 9.367109575567351e-05, 'epoch': 4.04}
{'loss': 0.5184, 'grad_norm': 7.470296859741211, 'learning_rate': 9.3625648617856e-05, 'epoch': 4.06}
{'loss': 0.5687, 'grad_norm': 9.954401969909668, 'learning_rate': 9.358020148003849e-05, 'epoch': 4.07}
{'loss': 0.5718, 'grad_norm': 11.088766098022461, 'learning_rate': 9.353475434222097e-05, 'epoch': 4.08}
{'loss': 0.5572, 'grad_norm': 16.084768295288086, 'learning_rate': 9.348930720440346e-05, 'epoch': 4.09}
{'loss': 0.3563, 'grad_norm': 25.7553768157959, 'learning_rate': 9.344386006658595e-05, 'epoch': 4.11}
{'loss': 0.4908, 'grad_norm': 11.41958999633789, 'learning_rate': 9.339841292876844e-05, 'epoch': 4.12}
{'loss': 0.5174, 'grad_norm': 8.762993812561035, 'learning_rate': 9.335296579095093e-05, 'epoch': 4.13}
{'loss': 0.5002, 'grad_norm': 12.958891868591309, 'learning_rate': 9.330751865313341e-05, 'epoch': 4.14}
{'loss': 0.4548, 'grad_norm': 13.864882469177246, 'learning_rate': 9.32620715153159e-05, 'epoch': 4.16}
{'loss': 0.3987, 'grad_norm': 8.009499549865723, 'learning_rate': 9.32166243774984e-05, 'epoch': 4.17}
{'loss': 0.3918, 'grad_norm': 15.860987663269043, 'learning_rate': 9.317117723968089e-05, 'epoch': 4.18}
{'loss': 0.5771, 'grad_norm': 12.866426467895508, 'learning_rate': 9.312573010186338e-05, 'epoch': 4.19}
{'loss': 0.7197, 'grad_norm': 15.589184761047363, 'learning_rate': 9.308028296404587e-05, 'epoch': 4.21}
{'loss': 0.5782, 'grad_norm': 11.429803848266602, 'learning_rate': 9.303483582622834e-05, 'epoch': 4.22}
{'loss': 0.4906, 'grad_norm': 14.788869857788086, 'learning_rate': 9.298938868841083e-05, 'epoch': 4.23}
{'loss': 0.5127, 'grad_norm': 23.447580337524414, 'learning_rate': 9.294394155059332e-05, 'epoch': 4.24}
{'loss': 0.4014, 'grad_norm': 7.425898551940918, 'learning_rate': 9.28984944127758e-05, 'epoch': 4.26}
{'loss': 0.5496, 'grad_norm': 12.00024127960205, 'learning_rate': 9.28530472749583e-05, 'epoch': 4.27}
{'loss': 0.4499, 'grad_norm': 14.131570816040039, 'learning_rate': 9.280760013714078e-05, 'epoch': 4.28}
{'loss': 0.6123, 'grad_norm': 12.009743690490723, 'learning_rate': 9.276215299932327e-05, 'epoch': 4.29}
{'loss': 0.529, 'grad_norm': 12.26157283782959, 'learning_rate': 9.271670586150576e-05, 'epoch': 4.31}
{'loss': 0.4684, 'grad_norm': 11.62319564819336, 'learning_rate': 9.267125872368825e-05, 'epoch': 4.32}
{'loss': 0.515, 'grad_norm': 10.735730171203613, 'learning_rate': 9.262581158587073e-05, 'epoch': 4.33}
{'loss': 0.4118, 'grad_norm': 5.593939304351807, 'learning_rate': 9.258036444805322e-05, 'epoch': 4.35}
{'loss': 0.4005, 'grad_norm': 23.301856994628906, 'learning_rate': 9.253491731023571e-05, 'epoch': 4.36}
{'loss': 0.727, 'grad_norm': 15.447588920593262, 'learning_rate': 9.24894701724182e-05, 'epoch': 4.37}
{'loss': 0.5299, 'grad_norm': 9.213963508605957, 'learning_rate': 9.244402303460069e-05, 'epoch': 4.38}
{'loss': 0.6262, 'grad_norm': 10.1400146484375, 'learning_rate': 9.239857589678317e-05, 'epoch': 4.4}
{'loss': 0.6059, 'grad_norm': 13.135376930236816, 'learning_rate': 9.235312875896566e-05, 'epoch': 4.41}
{'loss': 0.5144, 'grad_norm': 11.13500690460205, 'learning_rate': 9.230768162114816e-05, 'epoch': 4.42}
{'loss': 0.4609, 'grad_norm': 18.52034568786621, 'learning_rate': 9.226223448333065e-05, 'epoch': 4.43}
{'loss': 0.5914, 'grad_norm': 16.434194564819336, 'learning_rate': 9.221678734551314e-05, 'epoch': 4.45}
{'loss': 0.5415, 'grad_norm': 10.748900413513184, 'learning_rate': 9.217134020769563e-05, 'epoch': 4.46}
{'loss': 0.564, 'grad_norm': 15.221613883972168, 'learning_rate': 9.212589306987812e-05, 'epoch': 4.47}
{'loss': 0.6399, 'grad_norm': 13.009934425354004, 'learning_rate': 9.20804459320606e-05, 'epoch': 4.48}
{'loss': 0.4171, 'grad_norm': 11.83521842956543, 'learning_rate': 9.203499879424309e-05, 'epoch': 4.5}
{'loss': 0.4795, 'grad_norm': 10.707365989685059, 'learning_rate': 9.198955165642558e-05, 'epoch': 4.51}
{'loss': 0.4034, 'grad_norm': 17.15804100036621, 'learning_rate': 9.194410451860807e-05, 'epoch': 4.52}
{'loss': 0.5909, 'grad_norm': 15.340807914733887, 'learning_rate': 9.189865738079056e-05, 'epoch': 4.53}
{'loss': 0.5971, 'grad_norm': 13.914478302001953, 'learning_rate': 9.185321024297304e-05, 'epoch': 4.55}
{'loss': 0.55, 'grad_norm': 12.250795364379883, 'learning_rate': 9.180776310515553e-05, 'epoch': 4.56}
{'loss': 0.5498, 'grad_norm': 19.4856014251709, 'learning_rate': 9.176231596733802e-05, 'epoch': 4.57}
{'loss': 0.5989, 'grad_norm': 11.291874885559082, 'learning_rate': 9.171686882952051e-05, 'epoch': 4.58}
{'loss': 0.5175, 'grad_norm': 13.178329467773438, 'learning_rate': 9.1671421691703e-05, 'epoch': 4.6}
{'loss': 0.4235, 'grad_norm': 16.721925735473633, 'learning_rate': 9.162597455388547e-05, 'epoch': 4.61}
{'loss': 0.3465, 'grad_norm': 16.330904006958008, 'learning_rate': 9.158052741606796e-05, 'epoch': 4.62}
{'loss': 0.4229, 'grad_norm': 15.3135986328125, 'learning_rate': 9.153508027825045e-05, 'epoch': 4.63}
{'loss': 0.5658, 'grad_norm': 16.619319915771484, 'learning_rate': 9.148963314043294e-05, 'epoch': 4.65}
{'loss': 0.5033, 'grad_norm': 18.18390464782715, 'learning_rate': 9.144418600261542e-05, 'epoch': 4.66}
{'loss': 0.6142, 'grad_norm': 14.517433166503906, 'learning_rate': 9.139873886479793e-05, 'epoch': 4.67}
{'loss': 0.4204, 'grad_norm': 8.158100128173828, 'learning_rate': 9.135329172698041e-05, 'epoch': 4.69}
{'loss': 0.5796, 'grad_norm': 13.976236343383789, 'learning_rate': 9.13078445891629e-05, 'epoch': 4.7}
{'loss': 0.5675, 'grad_norm': 13.542579650878906, 'learning_rate': 9.126239745134539e-05, 'epoch': 4.71}
{'loss': 0.5383, 'grad_norm': 10.124246597290039, 'learning_rate': 9.121695031352788e-05, 'epoch': 4.72}
{'loss': 0.4688, 'grad_norm': 9.510947227478027, 'learning_rate': 9.117150317571037e-05, 'epoch': 4.74}
{'loss': 0.4395, 'grad_norm': 11.031205177307129, 'learning_rate': 9.112605603789285e-05, 'epoch': 4.75}
{'loss': 0.5108, 'grad_norm': 15.185225486755371, 'learning_rate': 9.108060890007534e-05, 'epoch': 4.76}
{'loss': 0.4444, 'grad_norm': 17.632915496826172, 'learning_rate': 9.103516176225783e-05, 'epoch': 4.77}
{'loss': 0.4169, 'grad_norm': 13.013914108276367, 'learning_rate': 9.098971462444032e-05, 'epoch': 4.79}
{'loss': 0.4015, 'grad_norm': 12.961875915527344, 'learning_rate': 9.09442674866228e-05, 'epoch': 4.8}
{'loss': 0.5021, 'grad_norm': 11.217479705810547, 'learning_rate': 9.08988203488053e-05, 'epoch': 4.81}
{'loss': 0.5103, 'grad_norm': 24.733720779418945, 'learning_rate': 9.085337321098778e-05, 'epoch': 4.82}
{'loss': 0.4877, 'grad_norm': 22.10546875, 'learning_rate': 9.080792607317027e-05, 'epoch': 4.84}
{'loss': 0.5492, 'grad_norm': 14.031360626220703, 'learning_rate': 9.076247893535276e-05, 'epoch': 4.85}
{'loss': 0.4128, 'grad_norm': 9.993643760681152, 'learning_rate': 9.071703179753525e-05, 'epoch': 4.86}
{'loss': 0.5831, 'grad_norm': 9.200594902038574, 'learning_rate': 9.067158465971773e-05, 'epoch': 4.87}
{'loss': 0.4567, 'grad_norm': 8.136478424072266, 'learning_rate': 9.062613752190022e-05, 'epoch': 4.89}
{'loss': 0.4633, 'grad_norm': 11.917585372924805, 'learning_rate': 9.058069038408271e-05, 'epoch': 4.9}
{'loss': 0.4862, 'grad_norm': 11.336143493652344, 'learning_rate': 9.05352432462652e-05, 'epoch': 4.91}
{'loss': 0.5224, 'grad_norm': 7.784802436828613, 'learning_rate': 9.048979610844769e-05, 'epoch': 4.92}
{'loss': 0.5519, 'grad_norm': 24.663965225219727, 'learning_rate': 9.044434897063017e-05, 'epoch': 4.94}
{'loss': 0.5312, 'grad_norm': 22.040102005004883, 'learning_rate': 9.039890183281266e-05, 'epoch': 4.95}
{'loss': 0.585, 'grad_norm': 17.380956649780273, 'learning_rate': 9.035345469499515e-05, 'epoch': 4.96}
{'loss': 0.52, 'grad_norm': 10.781942367553711, 'learning_rate': 9.030800755717764e-05, 'epoch': 4.97}
{'loss': 0.4394, 'grad_norm': 10.089673042297363, 'learning_rate': 9.026256041936013e-05, 'epoch': 4.99}
{'loss': 0.5821, 'grad_norm': 14.274035453796387, 'learning_rate': 9.021711328154261e-05, 'epoch': 5.0}
{'eval_loss': 0.7948659062385559, 'eval_f1_macro': 0.7459012365707791, 'eval_f1_weighted': 0.7549554058876746, 'eval_precision_macro': 0.7627216820364279, 'eval_recall_macro': 0.7534640897561233, 'eval_accuracy': 0.7537190082644628, 'eval_runtime': 5.4751, 'eval_samples_per_second': 994.497, 'eval_steps_per_second': 15.707, 'epoch': 5.0}
{'loss': 0.3818, 'grad_norm': 18.338947296142578, 'learning_rate': 9.01716661437251e-05, 'epoch': 5.01}
{'loss': 0.399, 'grad_norm': 12.256529808044434, 'learning_rate': 9.012621900590759e-05, 'epoch': 5.03}
{'loss': 0.4266, 'grad_norm': 18.598468780517578, 'learning_rate': 9.008077186809008e-05, 'epoch': 5.04}
{'loss': 0.2854, 'grad_norm': 13.038511276245117, 'learning_rate': 9.003532473027257e-05, 'epoch': 5.05}
{'loss': 0.4512, 'grad_norm': 7.058038234710693, 'learning_rate': 8.998987759245505e-05, 'epoch': 5.06}
{'loss': 0.3166, 'grad_norm': 9.067761421203613, 'learning_rate': 8.994443045463754e-05, 'epoch': 5.08}
{'loss': 0.4009, 'grad_norm': 28.688133239746094, 'learning_rate': 8.989898331682003e-05, 'epoch': 5.09}
{'loss': 0.4678, 'grad_norm': 15.128891944885254, 'learning_rate': 8.985353617900252e-05, 'epoch': 5.1}
{'loss': 0.3435, 'grad_norm': 7.012030601501465, 'learning_rate': 8.9808089041185e-05, 'epoch': 5.11}
{'loss': 0.5339, 'grad_norm': 17.653160095214844, 'learning_rate': 8.97626419033675e-05, 'epoch': 5.13}
{'loss': 0.3658, 'grad_norm': 10.58630084991455, 'learning_rate': 8.971719476554998e-05, 'epoch': 5.14}
{'loss': 0.3552, 'grad_norm': 5.984907150268555, 'learning_rate': 8.967174762773247e-05, 'epoch': 5.15}
{'loss': 0.3481, 'grad_norm': 7.433021068572998, 'learning_rate': 8.962630048991496e-05, 'epoch': 5.16}
{'loss': 0.3234, 'grad_norm': 19.20144271850586, 'learning_rate': 8.958085335209746e-05, 'epoch': 5.18}
{'loss': 0.4121, 'grad_norm': 13.87878131866455, 'learning_rate': 8.953540621427995e-05, 'epoch': 5.19}
{'loss': 0.431, 'grad_norm': 12.675808906555176, 'learning_rate': 8.948995907646244e-05, 'epoch': 5.2}
{'loss': 0.4874, 'grad_norm': 6.332261085510254, 'learning_rate': 8.944451193864492e-05, 'epoch': 5.21}
{'loss': 0.4416, 'grad_norm': 19.591604232788086, 'learning_rate': 8.939906480082741e-05, 'epoch': 5.23}
{'loss': 0.4795, 'grad_norm': 19.161670684814453, 'learning_rate': 8.93536176630099e-05, 'epoch': 5.24}
{'loss': 0.43, 'grad_norm': 12.535704612731934, 'learning_rate': 8.930817052519239e-05, 'epoch': 5.25}
{'loss': 0.4331, 'grad_norm': 10.180672645568848, 'learning_rate': 8.926272338737488e-05, 'epoch': 5.26}
{'loss': 0.333, 'grad_norm': 19.39895248413086, 'learning_rate': 8.921727624955736e-05, 'epoch': 5.28}
{'loss': 0.451, 'grad_norm': 7.587296009063721, 'learning_rate': 8.917182911173985e-05, 'epoch': 5.29}
{'loss': 0.4234, 'grad_norm': 17.300281524658203, 'learning_rate': 8.912638197392233e-05, 'epoch': 5.3}
{'loss': 0.3269, 'grad_norm': 7.103475570678711, 'learning_rate': 8.908093483610482e-05, 'epoch': 5.31}
{'loss': 0.3581, 'grad_norm': 17.743499755859375, 'learning_rate': 8.90354876982873e-05, 'epoch': 5.33}
{'loss': 0.5125, 'grad_norm': 13.707067489624023, 'learning_rate': 8.899004056046979e-05, 'epoch': 5.34}
{'loss': 0.3406, 'grad_norm': 13.702335357666016, 'learning_rate': 8.894459342265228e-05, 'epoch': 5.35}
{'loss': 0.3764, 'grad_norm': 10.980538368225098, 'learning_rate': 8.889914628483477e-05, 'epoch': 5.37}
{'loss': 0.4379, 'grad_norm': 24.615747451782227, 'learning_rate': 8.885369914701726e-05, 'epoch': 5.38}
{'loss': 0.4695, 'grad_norm': 9.943796157836914, 'learning_rate': 8.880825200919974e-05, 'epoch': 5.39}
{'loss': 0.464, 'grad_norm': 11.803638458251953, 'learning_rate': 8.876280487138223e-05, 'epoch': 5.4}
{'loss': 0.4309, 'grad_norm': 8.174860000610352, 'learning_rate': 8.871735773356472e-05, 'epoch': 5.42}
{'loss': 0.4048, 'grad_norm': 15.722738265991211, 'learning_rate': 8.867191059574721e-05, 'epoch': 5.43}
{'loss': 0.3959, 'grad_norm': 11.125273704528809, 'learning_rate': 8.862646345792971e-05, 'epoch': 5.44}
{'loss': 0.5993, 'grad_norm': 10.358428955078125, 'learning_rate': 8.85810163201122e-05, 'epoch': 5.45}
{'loss': 0.4909, 'grad_norm': 15.894415855407715, 'learning_rate': 8.853556918229469e-05, 'epoch': 5.47}
{'loss': 0.3507, 'grad_norm': 9.347757339477539, 'learning_rate': 8.849012204447717e-05, 'epoch': 5.48}
{'loss': 0.4919, 'grad_norm': 19.082969665527344, 'learning_rate': 8.844467490665966e-05, 'epoch': 5.49}
{'loss': 0.3404, 'grad_norm': 13.96231460571289, 'learning_rate': 8.839922776884215e-05, 'epoch': 5.5}
{'loss': 0.5269, 'grad_norm': 17.467647552490234, 'learning_rate': 8.835378063102464e-05, 'epoch': 5.52}
{'loss': 0.3767, 'grad_norm': 14.616720199584961, 'learning_rate': 8.830833349320713e-05, 'epoch': 5.53}
{'loss': 0.4039, 'grad_norm': 6.50754976272583, 'learning_rate': 8.826288635538961e-05, 'epoch': 5.54}
{'loss': 0.3402, 'grad_norm': 12.605757713317871, 'learning_rate': 8.82174392175721e-05, 'epoch': 5.55}
{'loss': 0.3192, 'grad_norm': 20.341989517211914, 'learning_rate': 8.817199207975459e-05, 'epoch': 5.57}
{'loss': 0.415, 'grad_norm': 41.082801818847656, 'learning_rate': 8.812654494193708e-05, 'epoch': 5.58}
{'loss': 0.374, 'grad_norm': 11.425636291503906, 'learning_rate': 8.808109780411957e-05, 'epoch': 5.59}
{'loss': 0.5839, 'grad_norm': 13.262718200683594, 'learning_rate': 8.803565066630205e-05, 'epoch': 5.6}
{'loss': 0.4555, 'grad_norm': 17.026416778564453, 'learning_rate': 8.799020352848454e-05, 'epoch': 5.62}
{'loss': 0.2901, 'grad_norm': 14.007577896118164, 'learning_rate': 8.794475639066703e-05, 'epoch': 5.63}
{'loss': 0.3638, 'grad_norm': 8.215198516845703, 'learning_rate': 8.789930925284952e-05, 'epoch': 5.64}
{'loss': 0.4059, 'grad_norm': 8.95336627960205, 'learning_rate': 8.7853862115032e-05, 'epoch': 5.65}
{'loss': 0.3675, 'grad_norm': 19.728302001953125, 'learning_rate': 8.78084149772145e-05, 'epoch': 5.67}
{'loss': 0.3315, 'grad_norm': 8.760292053222656, 'learning_rate': 8.776296783939698e-05, 'epoch': 5.68}
{'loss': 0.4674, 'grad_norm': 24.526620864868164, 'learning_rate': 8.771752070157947e-05, 'epoch': 5.69}
{'loss': 0.3723, 'grad_norm': 23.688697814941406, 'learning_rate': 8.767207356376196e-05, 'epoch': 5.71}
{'loss': 0.4843, 'grad_norm': 19.802019119262695, 'learning_rate': 8.762662642594445e-05, 'epoch': 5.72}
{'loss': 0.4517, 'grad_norm': 21.985828399658203, 'learning_rate': 8.758117928812693e-05, 'epoch': 5.73}
{'loss': 0.3855, 'grad_norm': 12.185455322265625, 'learning_rate': 8.753573215030942e-05, 'epoch': 5.74}
{'loss': 0.494, 'grad_norm': 9.118728637695312, 'learning_rate': 8.749028501249191e-05, 'epoch': 5.76}
{'loss': 0.513, 'grad_norm': 9.835968971252441, 'learning_rate': 8.74448378746744e-05, 'epoch': 5.77}
{'loss': 0.4109, 'grad_norm': 7.329774856567383, 'learning_rate': 8.739939073685689e-05, 'epoch': 5.78}
{'loss': 0.4154, 'grad_norm': 8.868305206298828, 'learning_rate': 8.735394359903937e-05, 'epoch': 5.79}
{'loss': 0.3959, 'grad_norm': 19.012453079223633, 'learning_rate': 8.730849646122186e-05, 'epoch': 5.81}
{'loss': 0.4582, 'grad_norm': 18.323650360107422, 'learning_rate': 8.726304932340435e-05, 'epoch': 5.82}
{'loss': 0.4255, 'grad_norm': 7.044147491455078, 'learning_rate': 8.721760218558684e-05, 'epoch': 5.83}
{'loss': 0.335, 'grad_norm': 5.7819671630859375, 'learning_rate': 8.717215504776933e-05, 'epoch': 5.84}
{'loss': 0.4266, 'grad_norm': 5.176824569702148, 'learning_rate': 8.712670790995181e-05, 'epoch': 5.86}
{'loss': 0.4801, 'grad_norm': 16.250213623046875, 'learning_rate': 8.70812607721343e-05, 'epoch': 5.87}
{'loss': 0.4054, 'grad_norm': 9.828634262084961, 'learning_rate': 8.703581363431679e-05, 'epoch': 5.88}
{'loss': 0.3914, 'grad_norm': 8.758224487304688, 'learning_rate': 8.699036649649928e-05, 'epoch': 5.89}
{'loss': 0.353, 'grad_norm': 9.883726119995117, 'learning_rate': 8.694491935868177e-05, 'epoch': 5.91}
{'loss': 0.3747, 'grad_norm': 11.749727249145508, 'learning_rate': 8.689947222086425e-05, 'epoch': 5.92}
{'loss': 0.419, 'grad_norm': 6.5482354164123535, 'learning_rate': 8.685402508304674e-05, 'epoch': 5.93}
{'loss': 0.5251, 'grad_norm': 11.00359058380127, 'learning_rate': 8.680857794522924e-05, 'epoch': 5.94}
{'loss': 0.4653, 'grad_norm': 5.833789348602295, 'learning_rate': 8.676313080741173e-05, 'epoch': 5.96}
{'loss': 0.3192, 'grad_norm': 13.684889793395996, 'learning_rate': 8.671768366959422e-05, 'epoch': 5.97}
{'loss': 0.3548, 'grad_norm': 10.49001407623291, 'learning_rate': 8.66722365317767e-05, 'epoch': 5.98}
{'loss': 0.3567, 'grad_norm': 9.497644424438477, 'learning_rate': 8.662678939395918e-05, 'epoch': 5.99}
{'eval_loss': 0.5773407220840454, 'eval_f1_macro': 0.815482185523619, 'eval_f1_weighted': 0.8241105456574878, 'eval_precision_macro': 0.815757962913859, 'eval_recall_macro': 0.8164957744351506, 'eval_accuracy': 0.8242424242424242, 'eval_runtime': 5.4776, 'eval_samples_per_second': 994.04, 'eval_steps_per_second': 15.7, 'epoch': 6.0}
{'loss': 0.2887, 'grad_norm': 9.570691108703613, 'learning_rate': 8.658134225614167e-05, 'epoch': 6.01}
{'loss': 0.2675, 'grad_norm': 9.975178718566895, 'learning_rate': 8.653589511832416e-05, 'epoch': 6.02}
{'loss': 0.3007, 'grad_norm': 6.600654125213623, 'learning_rate': 8.649044798050665e-05, 'epoch': 6.03}
{'loss': 0.2957, 'grad_norm': 11.101395606994629, 'learning_rate': 8.644500084268914e-05, 'epoch': 6.05}
{'loss': 0.2796, 'grad_norm': 7.9123969078063965, 'learning_rate': 8.639955370487162e-05, 'epoch': 6.06}
{'loss': 0.3582, 'grad_norm': 9.61182689666748, 'learning_rate': 8.635410656705411e-05, 'epoch': 6.07}
{'loss': 0.3605, 'grad_norm': 9.138126373291016, 'learning_rate': 8.63086594292366e-05, 'epoch': 6.08}
{'loss': 0.4164, 'grad_norm': 13.101048469543457, 'learning_rate': 8.626321229141909e-05, 'epoch': 6.1}
{'loss': 0.309, 'grad_norm': 27.52238655090332, 'learning_rate': 8.621776515360158e-05, 'epoch': 6.11}
{'loss': 0.2662, 'grad_norm': 14.515259742736816, 'learning_rate': 8.617231801578406e-05, 'epoch': 6.12}
{'loss': 0.2607, 'grad_norm': 12.904547691345215, 'learning_rate': 8.612687087796655e-05, 'epoch': 6.13}
{'loss': 0.2475, 'grad_norm': 13.876823425292969, 'learning_rate': 8.608142374014904e-05, 'epoch': 6.15}
{'loss': 0.3014, 'grad_norm': 31.337148666381836, 'learning_rate': 8.603597660233153e-05, 'epoch': 6.16}
{'loss': 0.2907, 'grad_norm': 5.5915141105651855, 'learning_rate': 8.599052946451402e-05, 'epoch': 6.17}
{'loss': 0.3038, 'grad_norm': 6.974920749664307, 'learning_rate': 8.59450823266965e-05, 'epoch': 6.18}
{'loss': 0.3576, 'grad_norm': 23.82343864440918, 'learning_rate': 8.5899635188879e-05, 'epoch': 6.2}
{'loss': 0.3094, 'grad_norm': 9.013236045837402, 'learning_rate': 8.58541880510615e-05, 'epoch': 6.21}
{'loss': 0.2855, 'grad_norm': 9.003617286682129, 'learning_rate': 8.580874091324398e-05, 'epoch': 6.22}
{'loss': 0.2795, 'grad_norm': 23.309104919433594, 'learning_rate': 8.576329377542647e-05, 'epoch': 6.23}
{'loss': 0.2817, 'grad_norm': 13.658226013183594, 'learning_rate': 8.571784663760896e-05, 'epoch': 6.25}
{'loss': 0.3111, 'grad_norm': 12.707501411437988, 'learning_rate': 8.567239949979145e-05, 'epoch': 6.26}
{'loss': 0.3615, 'grad_norm': 8.472834587097168, 'learning_rate': 8.562695236197393e-05, 'epoch': 6.27}
{'loss': 0.4599, 'grad_norm': 13.184083938598633, 'learning_rate': 8.558150522415642e-05, 'epoch': 6.28}
{'loss': 0.2696, 'grad_norm': 12.78028678894043, 'learning_rate': 8.553605808633891e-05, 'epoch': 6.3}
{'loss': 0.3398, 'grad_norm': 7.274648189544678, 'learning_rate': 8.54906109485214e-05, 'epoch': 6.31}
{'loss': 0.2856, 'grad_norm': 10.358842849731445, 'learning_rate': 8.544516381070389e-05, 'epoch': 6.32}
{'loss': 0.3431, 'grad_norm': 12.07827377319336, 'learning_rate': 8.539971667288637e-05, 'epoch': 6.34}
{'loss': 0.3381, 'grad_norm': 7.7544331550598145, 'learning_rate': 8.535426953506886e-05, 'epoch': 6.35}
{'loss': 0.3071, 'grad_norm': 8.551789283752441, 'learning_rate': 8.530882239725135e-05, 'epoch': 6.36}
{'loss': 0.392, 'grad_norm': 5.667287826538086, 'learning_rate': 8.526337525943384e-05, 'epoch': 6.37}
{'loss': 0.4363, 'grad_norm': 12.664742469787598, 'learning_rate': 8.521792812161631e-05, 'epoch': 6.39}
{'loss': 0.3797, 'grad_norm': 13.177066802978516, 'learning_rate': 8.51724809837988e-05, 'epoch': 6.4}
{'loss': 0.3239, 'grad_norm': 9.761979103088379, 'learning_rate': 8.512703384598129e-05, 'epoch': 6.41}
{'loss': 0.2798, 'grad_norm': 14.665637016296387, 'learning_rate': 8.508158670816378e-05, 'epoch': 6.42}
{'loss': 0.3261, 'grad_norm': 12.877854347229004, 'learning_rate': 8.503613957034626e-05, 'epoch': 6.44}
{'loss': 0.3223, 'grad_norm': 16.888778686523438, 'learning_rate': 8.499069243252877e-05, 'epoch': 6.45}
{'loss': 0.3326, 'grad_norm': 11.904231071472168, 'learning_rate': 8.494524529471125e-05, 'epoch': 6.46}
{'loss': 0.3912, 'grad_norm': 5.737976551055908, 'learning_rate': 8.489979815689374e-05, 'epoch': 6.47}
{'loss': 0.3721, 'grad_norm': 9.808478355407715, 'learning_rate': 8.485435101907623e-05, 'epoch': 6.49}
{'loss': 0.3713, 'grad_norm': 6.599370956420898, 'learning_rate': 8.480890388125872e-05, 'epoch': 6.5}
{'loss': 0.3115, 'grad_norm': 21.641761779785156, 'learning_rate': 8.47634567434412e-05, 'epoch': 6.51}
{'loss': 0.296, 'grad_norm': 16.56218719482422, 'learning_rate': 8.47180096056237e-05, 'epoch': 6.52}
{'loss': 0.3491, 'grad_norm': 14.478816032409668, 'learning_rate': 8.467256246780618e-05, 'epoch': 6.54}
{'loss': 0.2925, 'grad_norm': 6.554838180541992, 'learning_rate': 8.462711532998867e-05, 'epoch': 6.55}
{'loss': 0.272, 'grad_norm': 7.760252952575684, 'learning_rate': 8.458166819217116e-05, 'epoch': 6.56}
{'loss': 0.356, 'grad_norm': 14.884212493896484, 'learning_rate': 8.453622105435365e-05, 'epoch': 6.57}
{'loss': 0.3747, 'grad_norm': 7.7948479652404785, 'learning_rate': 8.449077391653613e-05, 'epoch': 6.59}
{'loss': 0.3931, 'grad_norm': 23.29656410217285, 'learning_rate': 8.444532677871862e-05, 'epoch': 6.6}
{'loss': 0.3219, 'grad_norm': 10.08122730255127, 'learning_rate': 8.439987964090111e-05, 'epoch': 6.61}
{'loss': 0.4184, 'grad_norm': 5.80889368057251, 'learning_rate': 8.43544325030836e-05, 'epoch': 6.62}
{'loss': 0.3309, 'grad_norm': 8.542157173156738, 'learning_rate': 8.430898536526609e-05, 'epoch': 6.64}
{'loss': 0.308, 'grad_norm': 8.408105850219727, 'learning_rate': 8.426353822744857e-05, 'epoch': 6.65}
{'loss': 0.3361, 'grad_norm': 14.161848068237305, 'learning_rate': 8.421809108963106e-05, 'epoch': 6.66}
{'loss': 0.3905, 'grad_norm': 13.357183456420898, 'learning_rate': 8.417264395181355e-05, 'epoch': 6.68}
{'loss': 0.4066, 'grad_norm': 16.36180305480957, 'learning_rate': 8.412719681399604e-05, 'epoch': 6.69}
{'loss': 0.3098, 'grad_norm': 16.774091720581055, 'learning_rate': 8.408174967617853e-05, 'epoch': 6.7}
{'loss': 0.3978, 'grad_norm': 13.199967384338379, 'learning_rate': 8.403630253836101e-05, 'epoch': 6.71}
{'loss': 0.3527, 'grad_norm': 11.493579864501953, 'learning_rate': 8.39908554005435e-05, 'epoch': 6.73}
{'loss': 0.3086, 'grad_norm': 10.375225067138672, 'learning_rate': 8.394540826272599e-05, 'epoch': 6.74}
{'loss': 0.3019, 'grad_norm': 10.233065605163574, 'learning_rate': 8.389996112490848e-05, 'epoch': 6.75}
{'loss': 0.3335, 'grad_norm': 12.915212631225586, 'learning_rate': 8.385451398709097e-05, 'epoch': 6.76}
{'loss': 0.4095, 'grad_norm': 12.466423988342285, 'learning_rate': 8.380906684927346e-05, 'epoch': 6.78}
{'loss': 0.2667, 'grad_norm': 8.242289543151855, 'learning_rate': 8.376361971145594e-05, 'epoch': 6.79}
{'loss': 0.3552, 'grad_norm': 21.110506057739258, 'learning_rate': 8.371817257363843e-05, 'epoch': 6.8}
{'loss': 0.3333, 'grad_norm': 16.536590576171875, 'learning_rate': 8.367272543582092e-05, 'epoch': 6.81}
{'loss': 0.2956, 'grad_norm': 5.155750751495361, 'learning_rate': 8.362727829800341e-05, 'epoch': 6.83}
{'loss': 0.4161, 'grad_norm': 13.042878150939941, 'learning_rate': 8.35818311601859e-05, 'epoch': 6.84}
{'loss': 0.3543, 'grad_norm': 15.22418212890625, 'learning_rate': 8.353638402236838e-05, 'epoch': 6.85}
{'loss': 0.2764, 'grad_norm': 16.16580581665039, 'learning_rate': 8.349093688455087e-05, 'epoch': 6.86}
{'loss': 0.2608, 'grad_norm': 11.293766975402832, 'learning_rate': 8.344548974673336e-05, 'epoch': 6.88}
{'loss': 0.3019, 'grad_norm': 4.436251163482666, 'learning_rate': 8.340004260891585e-05, 'epoch': 6.89}
{'loss': 0.4587, 'grad_norm': 23.15457534790039, 'learning_rate': 8.335459547109834e-05, 'epoch': 6.9}
{'loss': 0.3428, 'grad_norm': 16.211336135864258, 'learning_rate': 8.330914833328082e-05, 'epoch': 6.91}
{'loss': 0.3269, 'grad_norm': 10.739109992980957, 'learning_rate': 8.326370119546331e-05, 'epoch': 6.93}
{'loss': 0.2805, 'grad_norm': 7.734237194061279, 'learning_rate': 8.32182540576458e-05, 'epoch': 6.94}
{'loss': 0.3535, 'grad_norm': 16.29322052001953, 'learning_rate': 8.317280691982829e-05, 'epoch': 6.95}
{'loss': 0.4114, 'grad_norm': 15.149032592773438, 'learning_rate': 8.312735978201079e-05, 'epoch': 6.96}
{'loss': 0.3743, 'grad_norm': 10.87208080291748, 'learning_rate': 8.308191264419328e-05, 'epoch': 6.98}
{'loss': 0.2606, 'grad_norm': 18.80245018005371, 'learning_rate': 8.303646550637577e-05, 'epoch': 6.99}
{'eval_loss': 0.7041909098625183, 'eval_f1_macro': 0.7921478562158537, 'eval_f1_weighted': 0.8004730747098807, 'eval_precision_macro': 0.8007957892457144, 'eval_recall_macro': 0.8024207234782897, 'eval_accuracy': 0.7983471074380165, 'eval_runtime': 5.5789, 'eval_samples_per_second': 976.006, 'eval_steps_per_second': 15.415, 'epoch': 7.0}
{'loss': 0.2654, 'grad_norm': 11.50777816772461, 'learning_rate': 8.299101836855825e-05, 'epoch': 7.0}
{'loss': 0.316, 'grad_norm': 17.592004776000977, 'learning_rate': 8.294557123074074e-05, 'epoch': 7.02}
{'loss': 0.2226, 'grad_norm': 14.377603530883789, 'learning_rate': 8.290012409292323e-05, 'epoch': 7.03}
{'loss': 0.2181, 'grad_norm': 14.223440170288086, 'learning_rate': 8.285467695510572e-05, 'epoch': 7.04}
{'loss': 0.3916, 'grad_norm': 12.857742309570312, 'learning_rate': 8.28092298172882e-05, 'epoch': 7.05}
{'loss': 0.1936, 'grad_norm': 8.997359275817871, 'learning_rate': 8.276378267947068e-05, 'epoch': 7.07}
{'loss': 0.269, 'grad_norm': 15.291831016540527, 'learning_rate': 8.271833554165317e-05, 'epoch': 7.08}
{'loss': 0.2812, 'grad_norm': 15.551312446594238, 'learning_rate': 8.267288840383566e-05, 'epoch': 7.09}
{'loss': 0.3873, 'grad_norm': 22.287504196166992, 'learning_rate': 8.262744126601814e-05, 'epoch': 7.1}
{'loss': 0.2765, 'grad_norm': 10.813002586364746, 'learning_rate': 8.258199412820063e-05, 'epoch': 7.12}
{'loss': 0.252, 'grad_norm': 13.301862716674805, 'learning_rate': 8.253654699038312e-05, 'epoch': 7.13}
{'loss': 0.3573, 'grad_norm': 14.610737800598145, 'learning_rate': 8.249109985256561e-05, 'epoch': 7.14}
{'loss': 0.3305, 'grad_norm': 15.710680961608887, 'learning_rate': 8.24456527147481e-05, 'epoch': 7.15}
{'loss': 0.2005, 'grad_norm': 5.942750453948975, 'learning_rate': 8.240020557693058e-05, 'epoch': 7.17}
{'loss': 0.2406, 'grad_norm': 13.577108383178711, 'learning_rate': 8.235475843911307e-05, 'epoch': 7.18}
{'loss': 0.2507, 'grad_norm': 27.98118782043457, 'learning_rate': 8.230931130129556e-05, 'epoch': 7.19}
{'loss': 0.1462, 'grad_norm': 6.914033889770508, 'learning_rate': 8.226386416347805e-05, 'epoch': 7.2}
{'loss': 0.2215, 'grad_norm': 3.2485616207122803, 'learning_rate': 8.221841702566055e-05, 'epoch': 7.22}
{'loss': 0.2478, 'grad_norm': 10.612811088562012, 'learning_rate': 8.217296988784304e-05, 'epoch': 7.23}
{'loss': 0.2531, 'grad_norm': 21.16961097717285, 'learning_rate': 8.212752275002553e-05, 'epoch': 7.24}
{'loss': 0.2314, 'grad_norm': 29.4010066986084, 'learning_rate': 8.208207561220801e-05, 'epoch': 7.25}
{'loss': 0.3079, 'grad_norm': 14.342803001403809, 'learning_rate': 8.20366284743905e-05, 'epoch': 7.27}
{'loss': 0.1981, 'grad_norm': 13.112627983093262, 'learning_rate': 8.199118133657299e-05, 'epoch': 7.28}
{'loss': 0.3191, 'grad_norm': 24.461755752563477, 'learning_rate': 8.194573419875548e-05, 'epoch': 7.29}
{'loss': 0.3329, 'grad_norm': 10.77988052368164, 'learning_rate': 8.190028706093797e-05, 'epoch': 7.3}
{'loss': 0.263, 'grad_norm': 11.596026420593262, 'learning_rate': 8.185483992312045e-05, 'epoch': 7.32}
{'loss': 0.2533, 'grad_norm': 2.385483741760254, 'learning_rate': 8.180939278530294e-05, 'epoch': 7.33}
{'loss': 0.3521, 'grad_norm': 16.423486709594727, 'learning_rate': 8.176394564748543e-05, 'epoch': 7.34}
{'loss': 0.2172, 'grad_norm': 36.84324264526367, 'learning_rate': 8.171849850966792e-05, 'epoch': 7.36}
{'loss': 0.2646, 'grad_norm': 5.983105182647705, 'learning_rate': 8.16730513718504e-05, 'epoch': 7.37}
{'loss': 0.1909, 'grad_norm': 9.658798217773438, 'learning_rate': 8.16276042340329e-05, 'epoch': 7.38}
{'loss': 0.1843, 'grad_norm': 22.71285057067871, 'learning_rate': 8.158215709621538e-05, 'epoch': 7.39}
{'loss': 0.262, 'grad_norm': 16.07860565185547, 'learning_rate': 8.153670995839787e-05, 'epoch': 7.41}
{'loss': 0.2651, 'grad_norm': 14.496844291687012, 'learning_rate': 8.149126282058036e-05, 'epoch': 7.42}
{'loss': 0.369, 'grad_norm': 11.396958351135254, 'learning_rate': 8.144581568276285e-05, 'epoch': 7.43}
{'loss': 0.3442, 'grad_norm': 20.63155174255371, 'learning_rate': 8.140036854494533e-05, 'epoch': 7.44}
{'loss': 0.2612, 'grad_norm': 6.893317699432373, 'learning_rate': 8.135492140712782e-05, 'epoch': 7.46}
{'loss': 0.4682, 'grad_norm': 13.048739433288574, 'learning_rate': 8.130947426931031e-05, 'epoch': 7.47}
{'loss': 0.3537, 'grad_norm': 5.930109024047852, 'learning_rate': 8.12640271314928e-05, 'epoch': 7.48}
{'loss': 0.25, 'grad_norm': 6.845607757568359, 'learning_rate': 8.121857999367529e-05, 'epoch': 7.49}
{'loss': 0.3136, 'grad_norm': 16.8807373046875, 'learning_rate': 8.117313285585777e-05, 'epoch': 7.51}
{'loss': 0.2584, 'grad_norm': 5.671201705932617, 'learning_rate': 8.112768571804026e-05, 'epoch': 7.52}
{'loss': 0.2737, 'grad_norm': 6.686401844024658, 'learning_rate': 8.108223858022275e-05, 'epoch': 7.53}
{'loss': 0.2907, 'grad_norm': 18.06587028503418, 'learning_rate': 8.103679144240524e-05, 'epoch': 7.54}
{'loss': 0.3262, 'grad_norm': 15.866832733154297, 'learning_rate': 8.099134430458773e-05, 'epoch': 7.56}
{'loss': 0.2658, 'grad_norm': 13.184388160705566, 'learning_rate': 8.094589716677022e-05, 'epoch': 7.57}
{'loss': 0.2548, 'grad_norm': 10.508665084838867, 'learning_rate': 8.09004500289527e-05, 'epoch': 7.58}
{'loss': 0.2723, 'grad_norm': 11.133618354797363, 'learning_rate': 8.085500289113519e-05, 'epoch': 7.59}
{'loss': 0.3323, 'grad_norm': 12.707578659057617, 'learning_rate': 8.080955575331768e-05, 'epoch': 7.61}
{'loss': 0.2422, 'grad_norm': 6.868414402008057, 'learning_rate': 8.076410861550017e-05, 'epoch': 7.62}
{'loss': 0.219, 'grad_norm': 18.388290405273438, 'learning_rate': 8.071866147768266e-05, 'epoch': 7.63}
{'loss': 0.2525, 'grad_norm': 8.758426666259766, 'learning_rate': 8.067321433986514e-05, 'epoch': 7.64}
{'loss': 0.238, 'grad_norm': 28.212656021118164, 'learning_rate': 8.062776720204763e-05, 'epoch': 7.66}
{'loss': 0.2682, 'grad_norm': 13.996641159057617, 'learning_rate': 8.058232006423012e-05, 'epoch': 7.67}
{'loss': 0.2139, 'grad_norm': 7.555776596069336, 'learning_rate': 8.053687292641261e-05, 'epoch': 7.68}
{'loss': 0.2959, 'grad_norm': 11.432019233703613, 'learning_rate': 8.04914257885951e-05, 'epoch': 7.7}
{'loss': 0.3099, 'grad_norm': 14.354683876037598, 'learning_rate': 8.044597865077758e-05, 'epoch': 7.71}
{'loss': 0.2176, 'grad_norm': 10.4983491897583, 'learning_rate': 8.040053151296007e-05, 'epoch': 7.72}
{'loss': 0.3714, 'grad_norm': 9.520895004272461, 'learning_rate': 8.035508437514257e-05, 'epoch': 7.73}
{'loss': 0.2408, 'grad_norm': 13.6176176071167, 'learning_rate': 8.030963723732506e-05, 'epoch': 7.75}
{'loss': 0.3202, 'grad_norm': 16.297151565551758, 'learning_rate': 8.026419009950754e-05, 'epoch': 7.76}
{'loss': 0.2885, 'grad_norm': 11.58995532989502, 'learning_rate': 8.021874296169002e-05, 'epoch': 7.77}
{'loss': 0.3634, 'grad_norm': nan, 'learning_rate': 8.017329582387251e-05, 'epoch': 7.78}
{'loss': 0.3184, 'grad_norm': 6.3117241859436035, 'learning_rate': 8.0127848686055e-05, 'epoch': 7.8}
{'loss': 0.3073, 'grad_norm': 16.984188079833984, 'learning_rate': 8.008240154823749e-05, 'epoch': 7.81}
{'loss': 0.3286, 'grad_norm': 10.915377616882324, 'learning_rate': 8.003695441041998e-05, 'epoch': 7.82}
{'loss': 0.3468, 'grad_norm': 10.345650672912598, 'learning_rate': 7.999150727260246e-05, 'epoch': 7.83}
{'loss': 0.3584, 'grad_norm': 18.42911720275879, 'learning_rate': 7.994606013478495e-05, 'epoch': 7.85}
{'loss': 0.3688, 'grad_norm': 18.395061492919922, 'learning_rate': 7.990061299696744e-05, 'epoch': 7.86}
{'loss': 0.2511, 'grad_norm': 17.774066925048828, 'learning_rate': 7.985516585914993e-05, 'epoch': 7.87}
{'loss': 0.2737, 'grad_norm': 13.657828330993652, 'learning_rate': 7.980971872133242e-05, 'epoch': 7.88}
{'loss': 0.3353, 'grad_norm': 9.126860618591309, 'learning_rate': 7.97642715835149e-05, 'epoch': 7.9}
{'loss': 0.2937, 'grad_norm': 11.60272216796875, 'learning_rate': 7.971882444569739e-05, 'epoch': 7.91}
{'loss': 0.3492, 'grad_norm': 11.177290916442871, 'learning_rate': 7.967337730787988e-05, 'epoch': 7.92}
{'loss': 0.3363, 'grad_norm': 59.384212493896484, 'learning_rate': 7.962793017006237e-05, 'epoch': 7.93}
{'loss': 0.2465, 'grad_norm': 7.479469299316406, 'learning_rate': 7.958248303224486e-05, 'epoch': 7.95}
{'loss': 0.371, 'grad_norm': 13.727624893188477, 'learning_rate': 7.953703589442734e-05, 'epoch': 7.96}
{'loss': 0.3262, 'grad_norm': 12.179868698120117, 'learning_rate': 7.949158875660983e-05, 'epoch': 7.97}
{'loss': 0.2506, 'grad_norm': 11.520129203796387, 'learning_rate': 7.944614161879233e-05, 'epoch': 7.98}
{'loss': 0.2416, 'grad_norm': 2.3635547161102295, 'learning_rate': 7.940069448097482e-05, 'epoch': 8.0}
{'eval_loss': 0.6084591150283813, 'eval_f1_macro': 0.8321813643251355, 'eval_f1_weighted': 0.8396454304708363, 'eval_precision_macro': 0.8368472845010784, 'eval_recall_macro': 0.8307794486071031, 'eval_accuracy': 0.8409550045913682, 'eval_runtime': 303.6869, 'eval_samples_per_second': 17.93, 'eval_steps_per_second': 0.283, 'epoch': 8.0}
{'loss': 0.2474, 'grad_norm': 14.90487289428711, 'learning_rate': 7.935524734315731e-05, 'epoch': 8.01}
{'loss': 0.1593, 'grad_norm': 4.983063697814941, 'learning_rate': 7.93098002053398e-05, 'epoch': 8.02}
{'loss': 0.2248, 'grad_norm': 8.742486000061035, 'learning_rate': 7.926435306752229e-05, 'epoch': 8.04}
{'loss': 0.1803, 'grad_norm': 9.388792037963867, 'learning_rate': 7.921890592970477e-05, 'epoch': 8.05}
{'loss': 0.2566, 'grad_norm': 11.018808364868164, 'learning_rate': 7.917345879188726e-05, 'epoch': 8.06}
{'loss': 0.215, 'grad_norm': 22.93885612487793, 'learning_rate': 7.912801165406975e-05, 'epoch': 8.07}
{'loss': 0.2196, 'grad_norm': 25.096954345703125, 'learning_rate': 7.908256451625224e-05, 'epoch': 8.09}
{'loss': 0.2512, 'grad_norm': 14.360902786254883, 'learning_rate': 7.903711737843473e-05, 'epoch': 8.1}
{'loss': 0.2105, 'grad_norm': 13.791488647460938, 'learning_rate': 7.899167024061721e-05, 'epoch': 8.11}
{'loss': 0.1901, 'grad_norm': 4.5741729736328125, 'learning_rate': 7.89462231027997e-05, 'epoch': 8.12}
{'loss': 0.3428, 'grad_norm': 8.994166374206543, 'learning_rate': 7.890077596498219e-05, 'epoch': 8.14}
{'loss': 0.2889, 'grad_norm': 11.16642951965332, 'learning_rate': 7.885532882716466e-05, 'epoch': 8.15}
{'loss': 0.3213, 'grad_norm': 35.10972595214844, 'learning_rate': 7.880988168934715e-05, 'epoch': 8.16}
{'loss': 0.2793, 'grad_norm': 5.41190767288208, 'learning_rate': 7.876443455152964e-05, 'epoch': 8.17}
{'loss': 0.2464, 'grad_norm': 22.338272094726562, 'learning_rate': 7.871898741371213e-05, 'epoch': 8.19}
{'loss': 0.2437, 'grad_norm': 10.541587829589844, 'learning_rate': 7.867354027589462e-05, 'epoch': 8.2}
{'loss': 0.1378, 'grad_norm': 5.160334587097168, 'learning_rate': 7.86280931380771e-05, 'epoch': 8.21}
{'loss': 0.1952, 'grad_norm': 17.29509735107422, 'learning_rate': 7.858264600025959e-05, 'epoch': 8.22}
{'loss': 0.2351, 'grad_norm': 18.621837615966797, 'learning_rate': 7.85371988624421e-05, 'epoch': 8.24}
{'loss': 0.216, 'grad_norm': 7.6090497970581055, 'learning_rate': 7.849175172462458e-05, 'epoch': 8.25}
{'loss': 0.2053, 'grad_norm': 10.50478458404541, 'learning_rate': 7.844630458680707e-05, 'epoch': 8.26}
{'loss': 0.2278, 'grad_norm': 6.548538684844971, 'learning_rate': 7.840085744898956e-05, 'epoch': 8.27}
{'loss': 0.2772, 'grad_norm': 19.604022979736328, 'learning_rate': 7.835541031117205e-05, 'epoch': 8.29}
{'loss': 0.2578, 'grad_norm': 6.292025566101074, 'learning_rate': 7.830996317335453e-05, 'epoch': 8.3}
{'loss': 0.1919, 'grad_norm': 9.54080867767334, 'learning_rate': 7.826451603553702e-05, 'epoch': 8.31}
{'loss': 0.2429, 'grad_norm': 6.0256266593933105, 'learning_rate': 7.821906889771951e-05, 'epoch': 8.32}
{'loss': 0.1668, 'grad_norm': 13.068528175354004, 'learning_rate': 7.8173621759902e-05, 'epoch': 8.34}
{'loss': 0.1781, 'grad_norm': 11.184131622314453, 'learning_rate': 7.812817462208449e-05, 'epoch': 8.35}
{'loss': 0.1492, 'grad_norm': 11.789310455322266, 'learning_rate': 7.808272748426698e-05, 'epoch': 8.36}
{'loss': 0.2843, 'grad_norm': 15.70430850982666, 'learning_rate': 7.803728034644946e-05, 'epoch': 8.38}
{'loss': 0.2746, 'grad_norm': 18.1666202545166, 'learning_rate': 7.799183320863195e-05, 'epoch': 8.39}
{'loss': 0.1874, 'grad_norm': 36.556640625, 'learning_rate': 7.794638607081444e-05, 'epoch': 8.4}
{'loss': 0.2608, 'grad_norm': 17.629575729370117, 'learning_rate': 7.790093893299693e-05, 'epoch': 8.41}
{'loss': 0.2133, 'grad_norm': 11.382404327392578, 'learning_rate': 7.785549179517942e-05, 'epoch': 8.43}
{'loss': 0.2411, 'grad_norm': 12.973592758178711, 'learning_rate': 7.78100446573619e-05, 'epoch': 8.44}
{'loss': 0.2019, 'grad_norm': 10.071209907531738, 'learning_rate': 7.776459751954439e-05, 'epoch': 8.45}
{'loss': 0.2553, 'grad_norm': 16.683361053466797, 'learning_rate': 7.771915038172688e-05, 'epoch': 8.46}
{'loss': 0.267, 'grad_norm': 3.431102752685547, 'learning_rate': 7.767370324390937e-05, 'epoch': 8.48}
{'loss': 0.2333, 'grad_norm': 10.430451393127441, 'learning_rate': 7.762825610609186e-05, 'epoch': 8.49}
{'loss': 0.2639, 'grad_norm': 11.88704776763916, 'learning_rate': 7.758280896827434e-05, 'epoch': 8.5}
{'loss': 0.2186, 'grad_norm': 8.14173412322998, 'learning_rate': 7.753736183045683e-05, 'epoch': 8.51}
{'loss': 0.2254, 'grad_norm': 20.82177734375, 'learning_rate': 7.749191469263932e-05, 'epoch': 8.53}
{'loss': 0.2289, 'grad_norm': 13.797935485839844, 'learning_rate': 7.744646755482181e-05, 'epoch': 8.54}
{'loss': 0.3638, 'grad_norm': 14.933582305908203, 'learning_rate': 7.74010204170043e-05, 'epoch': 8.55}
{'loss': 0.2742, 'grad_norm': 20.506866455078125, 'learning_rate': 7.735557327918678e-05, 'epoch': 8.56}
{'loss': 0.2605, 'grad_norm': 36.24686813354492, 'learning_rate': 7.731012614136927e-05, 'epoch': 8.58}
{'loss': 0.2814, 'grad_norm': 10.4519681930542, 'learning_rate': 7.726467900355176e-05, 'epoch': 8.59}
{'loss': 0.1668, 'grad_norm': 7.394420146942139, 'learning_rate': 7.721923186573425e-05, 'epoch': 8.6}
{'loss': 0.2291, 'grad_norm': 12.276165008544922, 'learning_rate': 7.717378472791674e-05, 'epoch': 8.61}
{'loss': 0.2585, 'grad_norm': 7.8711113929748535, 'learning_rate': 7.712833759009922e-05, 'epoch': 8.63}
{'loss': 0.1788, 'grad_norm': 2.1842048168182373, 'learning_rate': 7.708289045228171e-05, 'epoch': 8.64}
{'loss': 0.2733, 'grad_norm': 13.126848220825195, 'learning_rate': 7.70374433144642e-05, 'epoch': 8.65}
{'loss': 0.1844, 'grad_norm': 13.780271530151367, 'learning_rate': 7.699199617664669e-05, 'epoch': 8.66}
{'loss': 0.3332, 'grad_norm': 8.285717010498047, 'learning_rate': 7.694654903882918e-05, 'epoch': 8.68}
{'loss': 0.2446, 'grad_norm': 5.202232837677002, 'learning_rate': 7.690110190101166e-05, 'epoch': 8.69}
{'loss': 0.3003, 'grad_norm': 14.857651710510254, 'learning_rate': 7.685565476319415e-05, 'epoch': 8.7}
{'loss': 0.2914, 'grad_norm': 8.796082496643066, 'learning_rate': 7.681020762537664e-05, 'epoch': 8.72}
{'loss': 0.2566, 'grad_norm': 16.873912811279297, 'learning_rate': 7.676476048755913e-05, 'epoch': 8.73}
{'loss': 0.1448, 'grad_norm': 6.422667026519775, 'learning_rate': 7.671931334974163e-05, 'epoch': 8.74}
{'loss': 0.2122, 'grad_norm': 8.525912284851074, 'learning_rate': 7.667386621192412e-05, 'epoch': 8.75}
{'loss': 0.4064, 'grad_norm': 10.755895614624023, 'learning_rate': 7.66284190741066e-05, 'epoch': 8.77}
{'loss': 0.2636, 'grad_norm': 12.980966567993164, 'learning_rate': 7.65829719362891e-05, 'epoch': 8.78}
{'loss': 0.2422, 'grad_norm': 8.842342376708984, 'learning_rate': 7.653752479847158e-05, 'epoch': 8.79}
{'loss': 0.2322, 'grad_norm': 7.353369235992432, 'learning_rate': 7.649207766065407e-05, 'epoch': 8.8}
{'loss': 0.1888, 'grad_norm': 15.97314167022705, 'learning_rate': 7.644663052283656e-05, 'epoch': 8.82}
{'loss': 0.3075, 'grad_norm': 15.537546157836914, 'learning_rate': 7.640118338501905e-05, 'epoch': 8.83}
{'loss': 0.2133, 'grad_norm': 9.27720832824707, 'learning_rate': 7.635573624720152e-05, 'epoch': 8.84}
{'loss': 0.34, 'grad_norm': 8.885688781738281, 'learning_rate': 7.631028910938401e-05, 'epoch': 8.85}
{'loss': 0.3023, 'grad_norm': 17.933391571044922, 'learning_rate': 7.62648419715665e-05, 'epoch': 8.87}
{'loss': 0.3, 'grad_norm': 20.48579978942871, 'learning_rate': 7.621939483374898e-05, 'epoch': 8.88}
{'loss': 0.2603, 'grad_norm': 11.656428337097168, 'learning_rate': 7.617394769593147e-05, 'epoch': 8.89}
{'loss': 0.2864, 'grad_norm': 6.209044933319092, 'learning_rate': 7.612850055811396e-05, 'epoch': 8.9}
{'loss': 0.2676, 'grad_norm': 9.710034370422363, 'learning_rate': 7.608305342029645e-05, 'epoch': 8.92}
{'loss': 0.1989, 'grad_norm': 12.572038650512695, 'learning_rate': 7.603760628247894e-05, 'epoch': 8.93}
{'loss': 0.1715, 'grad_norm': 1.7439213991165161, 'learning_rate': 7.599215914466142e-05, 'epoch': 8.94}
{'loss': 0.2276, 'grad_norm': 25.439821243286133, 'learning_rate': 7.594671200684391e-05, 'epoch': 8.95}
{'loss': 0.2737, 'grad_norm': 9.291150093078613, 'learning_rate': 7.59012648690264e-05, 'epoch': 8.97}
{'loss': 0.328, 'grad_norm': 9.758373260498047, 'learning_rate': 7.585581773120889e-05, 'epoch': 8.98}
{'loss': 0.2484, 'grad_norm': 14.267373085021973, 'learning_rate': 7.581037059339138e-05, 'epoch': 8.99}
{'eval_loss': 0.7286792993545532, 'eval_f1_macro': 0.8055469523325953, 'eval_f1_weighted': 0.8113772672851, 'eval_precision_macro': 0.814079262651834, 'eval_recall_macro': 0.8032617927073284, 'eval_accuracy': 0.813406795224977, 'eval_runtime': 5.5202, 'eval_samples_per_second': 986.386, 'eval_steps_per_second': 15.579, 'epoch': 9.0}
{'loss': 0.2217, 'grad_norm': 17.355724334716797, 'learning_rate': 7.576492345557388e-05, 'epoch': 9.01}
{'loss': 0.1977, 'grad_norm': 6.293481349945068, 'learning_rate': 7.571947631775637e-05, 'epoch': 9.02}
{'loss': 0.1486, 'grad_norm': 14.87636661529541, 'learning_rate': 7.567402917993885e-05, 'epoch': 9.03}
{'loss': 0.1083, 'grad_norm': 8.173203468322754, 'learning_rate': 7.562858204212134e-05, 'epoch': 9.04}
{'loss': 0.1455, 'grad_norm': 11.664464950561523, 'learning_rate': 7.558313490430383e-05, 'epoch': 9.06}
{'loss': 0.1333, 'grad_norm': 3.09015154838562, 'learning_rate': 7.553768776648632e-05, 'epoch': 9.07}
{'loss': 0.1248, 'grad_norm': 17.395851135253906, 'learning_rate': 7.549224062866881e-05, 'epoch': 9.08}
{'loss': 0.1914, 'grad_norm': 20.738048553466797, 'learning_rate': 7.54467934908513e-05, 'epoch': 9.09}
{'loss': 0.1742, 'grad_norm': 15.854768753051758, 'learning_rate': 7.540134635303378e-05, 'epoch': 9.11}
{'loss': 0.2141, 'grad_norm': 9.055805206298828, 'learning_rate': 7.535589921521627e-05, 'epoch': 9.12}
{'loss': 0.2078, 'grad_norm': 11.443235397338867, 'learning_rate': 7.531045207739876e-05, 'epoch': 9.13}
{'loss': 0.1488, 'grad_norm': 10.041505813598633, 'learning_rate': 7.526500493958125e-05, 'epoch': 9.14}
{'loss': 0.1971, 'grad_norm': 0.8395063877105713, 'learning_rate': 7.521955780176374e-05, 'epoch': 9.16}
{'loss': 0.1473, 'grad_norm': 2.983750581741333, 'learning_rate': 7.517411066394622e-05, 'epoch': 9.17}
{'loss': 0.2115, 'grad_norm': 10.331851959228516, 'learning_rate': 7.512866352612871e-05, 'epoch': 9.18}
{'loss': 0.2272, 'grad_norm': 17.3863468170166, 'learning_rate': 7.50832163883112e-05, 'epoch': 9.19}
{'loss': 0.203, 'grad_norm': 16.7000675201416, 'learning_rate': 7.503776925049369e-05, 'epoch': 9.21}
{'loss': 0.2539, 'grad_norm': 8.58751106262207, 'learning_rate': 7.499232211267618e-05, 'epoch': 9.22}
{'loss': 0.3263, 'grad_norm': 13.389398574829102, 'learning_rate': 7.494687497485866e-05, 'epoch': 9.23}
{'loss': 0.1757, 'grad_norm': 5.29998779296875, 'learning_rate': 7.490142783704114e-05, 'epoch': 9.24}
{'loss': 0.2688, 'grad_norm': 11.398177146911621, 'learning_rate': 7.485598069922364e-05, 'epoch': 9.26}
{'loss': 0.1244, 'grad_norm': 15.121228218078613, 'learning_rate': 7.481053356140613e-05, 'epoch': 9.27}
{'loss': 0.1618, 'grad_norm': 6.166380882263184, 'learning_rate': 7.476508642358862e-05, 'epoch': 9.28}
{'loss': 0.072, 'grad_norm': 1.4983348846435547, 'learning_rate': 7.47196392857711e-05, 'epoch': 9.29}
{'loss': 0.147, 'grad_norm': 5.491230487823486, 'learning_rate': 7.467419214795359e-05, 'epoch': 9.31}
{'loss': 0.1981, 'grad_norm': 23.116100311279297, 'learning_rate': 7.462874501013608e-05, 'epoch': 9.32}
{'loss': 0.2428, 'grad_norm': 14.594582557678223, 'learning_rate': 7.458329787231857e-05, 'epoch': 9.33}
{'loss': 0.1919, 'grad_norm': 6.887175559997559, 'learning_rate': 7.453785073450106e-05, 'epoch': 9.35}
{'loss': 0.2069, 'grad_norm': 18.35080909729004, 'learning_rate': 7.449240359668354e-05, 'epoch': 9.36}
{'loss': 0.2185, 'grad_norm': 20.853809356689453, 'learning_rate': 7.444695645886603e-05, 'epoch': 9.37}
{'loss': 0.1338, 'grad_norm': 2.9185738563537598, 'learning_rate': 7.440150932104852e-05, 'epoch': 9.38}
{'loss': 0.1722, 'grad_norm': 24.89862060546875, 'learning_rate': 7.435606218323101e-05, 'epoch': 9.4}
{'loss': 0.2712, 'grad_norm': 4.631082534790039, 'learning_rate': 7.43106150454135e-05, 'epoch': 9.41}
{'loss': 0.2631, 'grad_norm': 9.667810440063477, 'learning_rate': 7.426516790759598e-05, 'epoch': 9.42}
{'loss': 0.1795, 'grad_norm': 4.913924217224121, 'learning_rate': 7.421972076977847e-05, 'epoch': 9.43}
{'loss': 0.1901, 'grad_norm': 8.442779541015625, 'learning_rate': 7.417427363196096e-05, 'epoch': 9.45}
{'loss': 0.2451, 'grad_norm': 11.546209335327148, 'learning_rate': 7.412882649414345e-05, 'epoch': 9.46}
{'loss': 0.2192, 'grad_norm': 7.844944000244141, 'learning_rate': 7.408337935632594e-05, 'epoch': 9.47}
{'loss': 0.1452, 'grad_norm': 6.781103610992432, 'learning_rate': 7.403793221850842e-05, 'epoch': 9.48}
{'loss': 0.2365, 'grad_norm': 6.594677448272705, 'learning_rate': 7.399248508069091e-05, 'epoch': 9.5}
{'loss': 0.1595, 'grad_norm': 5.884352207183838, 'learning_rate': 7.394703794287341e-05, 'epoch': 9.51}
{'loss': 0.2502, 'grad_norm': 12.999655723571777, 'learning_rate': 7.39015908050559e-05, 'epoch': 9.52}
{'loss': 0.2378, 'grad_norm': 7.980885028839111, 'learning_rate': 7.385614366723838e-05, 'epoch': 9.53}
{'loss': 0.2137, 'grad_norm': 34.749027252197266, 'learning_rate': 7.381069652942086e-05, 'epoch': 9.55}
{'loss': 0.1524, 'grad_norm': 2.950296401977539, 'learning_rate': 7.376524939160335e-05, 'epoch': 9.56}
{'loss': 0.1317, 'grad_norm': 11.294964790344238, 'learning_rate': 7.371980225378584e-05, 'epoch': 9.57}
{'loss': 0.1849, 'grad_norm': 7.723616123199463, 'learning_rate': 7.367435511596833e-05, 'epoch': 9.58}
{'loss': 0.1888, 'grad_norm': 14.805937767028809, 'learning_rate': 7.362890797815082e-05, 'epoch': 9.6}
{'loss': 0.1606, 'grad_norm': 8.882894515991211, 'learning_rate': 7.35834608403333e-05, 'epoch': 9.61}
{'loss': 0.242, 'grad_norm': 23.067241668701172, 'learning_rate': 7.353801370251579e-05, 'epoch': 9.62}
{'loss': 0.279, 'grad_norm': 5.5563883781433105, 'learning_rate': 7.349256656469828e-05, 'epoch': 9.63}
{'loss': 0.2163, 'grad_norm': 20.552715301513672, 'learning_rate': 7.344711942688077e-05, 'epoch': 9.65}
{'loss': 0.2548, 'grad_norm': 15.854047775268555, 'learning_rate': 7.340167228906326e-05, 'epoch': 9.66}
{'loss': 0.1627, 'grad_norm': 3.817357063293457, 'learning_rate': 7.335622515124574e-05, 'epoch': 9.67}
{'loss': 0.2709, 'grad_norm': 14.088995933532715, 'learning_rate': 7.331077801342823e-05, 'epoch': 9.69}
{'loss': 0.2127, 'grad_norm': 21.232961654663086, 'learning_rate': 7.326533087561072e-05, 'epoch': 9.7}
{'loss': 0.2718, 'grad_norm': 16.112451553344727, 'learning_rate': 7.321988373779321e-05, 'epoch': 9.71}
{'loss': 0.2287, 'grad_norm': 10.699684143066406, 'learning_rate': 7.31744365999757e-05, 'epoch': 9.72}
{'loss': 0.2125, 'grad_norm': 13.876836776733398, 'learning_rate': 7.312898946215819e-05, 'epoch': 9.74}
{'loss': 0.18, 'grad_norm': 9.2833833694458, 'learning_rate': 7.308354232434067e-05, 'epoch': 9.75}
{'loss': 0.184, 'grad_norm': 11.261639595031738, 'learning_rate': 7.303809518652317e-05, 'epoch': 9.76}
{'loss': 0.2153, 'grad_norm': 10.158089637756348, 'learning_rate': 7.299264804870566e-05, 'epoch': 9.77}
{'loss': 0.1612, 'grad_norm': 4.053488254547119, 'learning_rate': 7.294720091088815e-05, 'epoch': 9.79}
{'loss': 0.179, 'grad_norm': 5.800811290740967, 'learning_rate': 7.290175377307064e-05, 'epoch': 9.8}
{'loss': 0.256, 'grad_norm': 2.942314624786377, 'learning_rate': 7.285630663525313e-05, 'epoch': 9.81}
{'loss': 0.1693, 'grad_norm': 12.804230690002441, 'learning_rate': 7.281085949743561e-05, 'epoch': 9.82}
{'loss': 0.1427, 'grad_norm': 11.211161613464355, 'learning_rate': 7.27654123596181e-05, 'epoch': 9.84}
{'loss': 0.2121, 'grad_norm': 16.558917999267578, 'learning_rate': 7.271996522180059e-05, 'epoch': 9.85}
{'loss': 0.2723, 'grad_norm': 22.26356315612793, 'learning_rate': 7.267451808398308e-05, 'epoch': 9.86}
{'loss': 0.1856, 'grad_norm': 8.656854629516602, 'learning_rate': 7.262907094616557e-05, 'epoch': 9.87}
{'loss': 0.2754, 'grad_norm': 13.977690696716309, 'learning_rate': 7.258362380834806e-05, 'epoch': 9.89}
{'loss': 0.1753, 'grad_norm': 6.309573650360107, 'learning_rate': 7.253817667053054e-05, 'epoch': 9.9}
{'loss': 0.1943, 'grad_norm': 12.16362190246582, 'learning_rate': 7.249272953271303e-05, 'epoch': 9.91}
{'loss': 0.2151, 'grad_norm': 8.684514045715332, 'learning_rate': 7.24472823948955e-05, 'epoch': 9.92}
{'loss': 0.3136, 'grad_norm': 10.127954483032227, 'learning_rate': 7.2401835257078e-05, 'epoch': 9.94}
{'loss': 0.2354, 'grad_norm': 3.5835113525390625, 'learning_rate': 7.235638811926048e-05, 'epoch': 9.95}
{'loss': 0.2321, 'grad_norm': 10.64071273803711, 'learning_rate': 7.231094098144297e-05, 'epoch': 9.96}
{'loss': 0.1632, 'grad_norm': 20.225173950195312, 'learning_rate': 7.226549384362546e-05, 'epoch': 9.97}
{'loss': 0.2325, 'grad_norm': 4.695675849914551, 'learning_rate': 7.222004670580795e-05, 'epoch': 9.99}
{'loss': 0.1258, 'grad_norm': 18.676551818847656, 'learning_rate': 7.217459956799043e-05, 'epoch': 10.0}
{'eval_loss': 0.6715360283851624, 'eval_f1_macro': 0.8335244110825817, 'eval_f1_weighted': 0.8400306702336311, 'eval_precision_macro': 0.8384923524678989, 'eval_recall_macro': 0.8303063463311368, 'eval_accuracy': 0.8411386593204775, 'eval_runtime': 308.6569, 'eval_samples_per_second': 17.641, 'eval_steps_per_second': 0.279, 'epoch': 10.0}
{'loss': 0.0988, 'grad_norm': 18.33830451965332, 'learning_rate': 7.212915243017292e-05, 'epoch': 10.01}
{'loss': 0.1232, 'grad_norm': 12.823331832885742, 'learning_rate': 7.208370529235542e-05, 'epoch': 10.03}
{'loss': 0.1655, 'grad_norm': 21.122468948364258, 'learning_rate': 7.203825815453791e-05, 'epoch': 10.04}
{'loss': 0.1888, 'grad_norm': 26.709623336791992, 'learning_rate': 7.19928110167204e-05, 'epoch': 10.05}
{'loss': 0.1807, 'grad_norm': 18.558610916137695, 'learning_rate': 7.194736387890289e-05, 'epoch': 10.06}
{'loss': 0.1745, 'grad_norm': 0.8961980938911438, 'learning_rate': 7.190191674108538e-05, 'epoch': 10.08}
{'loss': 0.312, 'grad_norm': 19.995424270629883, 'learning_rate': 7.185646960326786e-05, 'epoch': 10.09}
{'loss': 0.2535, 'grad_norm': 12.222228050231934, 'learning_rate': 7.181102246545035e-05, 'epoch': 10.1}
{'loss': 0.1393, 'grad_norm': 12.40443229675293, 'learning_rate': 7.176557532763284e-05, 'epoch': 10.11}
{'loss': 0.1701, 'grad_norm': 9.244013786315918, 'learning_rate': 7.172012818981533e-05, 'epoch': 10.13}
{'loss': 0.1535, 'grad_norm': 29.980796813964844, 'learning_rate': 7.167468105199782e-05, 'epoch': 10.14}
{'loss': 0.268, 'grad_norm': 14.11545467376709, 'learning_rate': 7.16292339141803e-05, 'epoch': 10.15}
{'loss': 0.1893, 'grad_norm': 5.901681423187256, 'learning_rate': 7.158378677636279e-05, 'epoch': 10.16}
{'loss': 0.1624, 'grad_norm': 7.495409965515137, 'learning_rate': 7.153833963854528e-05, 'epoch': 10.18}
{'loss': 0.1742, 'grad_norm': 20.405223846435547, 'learning_rate': 7.149289250072777e-05, 'epoch': 10.19}
{'loss': 0.1145, 'grad_norm': 4.391220569610596, 'learning_rate': 7.144744536291026e-05, 'epoch': 10.2}
{'loss': 0.101, 'grad_norm': 17.641300201416016, 'learning_rate': 7.140199822509274e-05, 'epoch': 10.21}
{'loss': 0.2069, 'grad_norm': 18.179746627807617, 'learning_rate': 7.135655108727523e-05, 'epoch': 10.23}
{'loss': 0.1936, 'grad_norm': 17.944576263427734, 'learning_rate': 7.131110394945772e-05, 'epoch': 10.24}
{'loss': 0.2154, 'grad_norm': 11.61251163482666, 'learning_rate': 7.126565681164021e-05, 'epoch': 10.25}
{'loss': 0.172, 'grad_norm': 8.375864028930664, 'learning_rate': 7.12202096738227e-05, 'epoch': 10.26}
{'loss': 0.103, 'grad_norm': 15.491133689880371, 'learning_rate': 7.117476253600518e-05, 'epoch': 10.28}
{'loss': 0.2088, 'grad_norm': 22.0427188873291, 'learning_rate': 7.112931539818767e-05, 'epoch': 10.29}
{'loss': 0.0932, 'grad_norm': 17.717479705810547, 'learning_rate': 7.108386826037016e-05, 'epoch': 10.3}
{'loss': 0.2125, 'grad_norm': 9.225992202758789, 'learning_rate': 7.103842112255265e-05, 'epoch': 10.31}
{'loss': 0.156, 'grad_norm': 6.712652683258057, 'learning_rate': 7.099297398473514e-05, 'epoch': 10.33}
{'loss': 0.1501, 'grad_norm': 15.483211517333984, 'learning_rate': 7.094752684691762e-05, 'epoch': 10.34}
{'loss': 0.1411, 'grad_norm': 13.128225326538086, 'learning_rate': 7.090207970910011e-05, 'epoch': 10.35}
{'loss': 0.1242, 'grad_norm': 3.2782092094421387, 'learning_rate': 7.08566325712826e-05, 'epoch': 10.37}
{'loss': 0.177, 'grad_norm': 28.847450256347656, 'learning_rate': 7.081118543346509e-05, 'epoch': 10.38}
{'loss': 0.1895, 'grad_norm': 11.53945541381836, 'learning_rate': 7.076573829564758e-05, 'epoch': 10.39}
{'loss': 0.1899, 'grad_norm': 13.712258338928223, 'learning_rate': 7.072029115783006e-05, 'epoch': 10.4}
{'loss': 0.1188, 'grad_norm': 15.50433349609375, 'learning_rate': 7.067484402001255e-05, 'epoch': 10.42}
{'loss': 0.1366, 'grad_norm': 8.466588973999023, 'learning_rate': 7.062939688219504e-05, 'epoch': 10.43}
{'loss': 0.1408, 'grad_norm': 10.736837387084961, 'learning_rate': 7.058394974437753e-05, 'epoch': 10.44}
{'loss': 0.1263, 'grad_norm': 10.878120422363281, 'learning_rate': 7.053850260656002e-05, 'epoch': 10.45}
{'loss': 0.1644, 'grad_norm': 2.8234097957611084, 'learning_rate': 7.04930554687425e-05, 'epoch': 10.47}
{'loss': 0.0841, 'grad_norm': 0.793919026851654, 'learning_rate': 7.044760833092499e-05, 'epoch': 10.48}
{'loss': 0.2056, 'grad_norm': 0.6291155219078064, 'learning_rate': 7.040216119310748e-05, 'epoch': 10.49}
{'loss': 0.1016, 'grad_norm': 12.324440956115723, 'learning_rate': 7.035671405528997e-05, 'epoch': 10.5}
{'loss': 0.1378, 'grad_norm': 9.445398330688477, 'learning_rate': 7.031126691747246e-05, 'epoch': 10.52}
{'loss': 0.2263, 'grad_norm': 24.260435104370117, 'learning_rate': 7.026581977965496e-05, 'epoch': 10.53}
{'loss': 0.2087, 'grad_norm': 11.652076721191406, 'learning_rate': 7.022037264183745e-05, 'epoch': 10.54}
{'loss': 0.1271, 'grad_norm': 8.167930603027344, 'learning_rate': 7.017492550401993e-05, 'epoch': 10.55}
{'loss': 0.1847, 'grad_norm': 17.92386817932129, 'learning_rate': 7.012947836620242e-05, 'epoch': 10.57}
{'loss': 0.1947, 'grad_norm': 23.178424835205078, 'learning_rate': 7.008403122838491e-05, 'epoch': 10.58}
{'loss': 0.1718, 'grad_norm': 17.11818504333496, 'learning_rate': 7.00385840905674e-05, 'epoch': 10.59}
{'loss': 0.2539, 'grad_norm': 22.471982955932617, 'learning_rate': 6.999313695274989e-05, 'epoch': 10.6}
{'loss': 0.1206, 'grad_norm': 18.54681968688965, 'learning_rate': 6.994768981493236e-05, 'epoch': 10.62}
{'loss': 0.1493, 'grad_norm': 6.4555888175964355, 'learning_rate': 6.990224267711485e-05, 'epoch': 10.63}
{'loss': 0.2383, 'grad_norm': 6.929933071136475, 'learning_rate': 6.985679553929734e-05, 'epoch': 10.64}
{'loss': 0.1446, 'grad_norm': 21.137813568115234, 'learning_rate': 6.981134840147983e-05, 'epoch': 10.65}
{'loss': 0.1584, 'grad_norm': 15.248974800109863, 'learning_rate': 6.976590126366231e-05, 'epoch': 10.67}
{'loss': 0.0893, 'grad_norm': 2.529578924179077, 'learning_rate': 6.97204541258448e-05, 'epoch': 10.68}
{'loss': 0.2482, 'grad_norm': 15.018117904663086, 'learning_rate': 6.967500698802729e-05, 'epoch': 10.69}
{'loss': 0.1609, 'grad_norm': 49.561981201171875, 'learning_rate': 6.962955985020978e-05, 'epoch': 10.71}
{'loss': 0.2303, 'grad_norm': 0.6091808676719666, 'learning_rate': 6.958411271239227e-05, 'epoch': 10.72}
{'loss': 0.2553, 'grad_norm': 13.997406959533691, 'learning_rate': 6.953866557457475e-05, 'epoch': 10.73}
{'loss': 0.2056, 'grad_norm': 7.001271724700928, 'learning_rate': 6.949321843675724e-05, 'epoch': 10.74}
{'loss': 0.1188, 'grad_norm': 12.652861595153809, 'learning_rate': 6.944777129893973e-05, 'epoch': 10.76}
{'loss': 0.1896, 'grad_norm': 8.40981674194336, 'learning_rate': 6.940232416112222e-05, 'epoch': 10.77}
{'loss': 0.2154, 'grad_norm': 22.011518478393555, 'learning_rate': 6.935687702330472e-05, 'epoch': 10.78}
{'loss': 0.121, 'grad_norm': 9.198741912841797, 'learning_rate': 6.931142988548721e-05, 'epoch': 10.79}
{'loss': 0.1805, 'grad_norm': 14.449620246887207, 'learning_rate': 6.92659827476697e-05, 'epoch': 10.81}
{'loss': 0.1518, 'grad_norm': 16.975540161132812, 'learning_rate': 6.922053560985218e-05, 'epoch': 10.82}
{'loss': 0.1812, 'grad_norm': 3.6551895141601562, 'learning_rate': 6.917508847203467e-05, 'epoch': 10.83}
{'loss': 0.1875, 'grad_norm': 10.000862121582031, 'learning_rate': 6.912964133421716e-05, 'epoch': 10.84}
{'loss': 0.1004, 'grad_norm': 14.124676704406738, 'learning_rate': 6.908419419639965e-05, 'epoch': 10.86}
{'loss': 0.2598, 'grad_norm': 28.796796798706055, 'learning_rate': 6.903874705858214e-05, 'epoch': 10.87}
{'loss': 0.1589, 'grad_norm': 12.043754577636719, 'learning_rate': 6.899329992076462e-05, 'epoch': 10.88}
{'loss': 0.1962, 'grad_norm': 14.835850715637207, 'learning_rate': 6.894785278294711e-05, 'epoch': 10.89}
{'loss': 0.1961, 'grad_norm': 5.377804756164551, 'learning_rate': 6.89024056451296e-05, 'epoch': 10.91}
{'loss': 0.119, 'grad_norm': 12.198816299438477, 'learning_rate': 6.885695850731209e-05, 'epoch': 10.92}
{'loss': 0.185, 'grad_norm': 1.5956006050109863, 'learning_rate': 6.881151136949458e-05, 'epoch': 10.93}
{'loss': 0.1685, 'grad_norm': 1.5297216176986694, 'learning_rate': 6.876606423167706e-05, 'epoch': 10.94}
{'loss': 0.1614, 'grad_norm': 20.252580642700195, 'learning_rate': 6.872061709385955e-05, 'epoch': 10.96}
{'loss': 0.1613, 'grad_norm': 23.699195861816406, 'learning_rate': 6.867516995604204e-05, 'epoch': 10.97}
{'loss': 0.1813, 'grad_norm': 2.9704949855804443, 'learning_rate': 6.862972281822453e-05, 'epoch': 10.98}
{'loss': 0.1575, 'grad_norm': 11.691097259521484, 'learning_rate': 6.858427568040702e-05, 'epoch': 10.99}
{'eval_loss': 0.6714178323745728, 'eval_f1_macro': 0.8275256151378002, 'eval_f1_weighted': 0.8349616635498313, 'eval_precision_macro': 0.8341402799722326, 'eval_recall_macro': 0.8278250877487212, 'eval_accuracy': 0.8372819100091827, 'eval_runtime': 5.6199, 'eval_samples_per_second': 968.881, 'eval_steps_per_second': 15.303, 'epoch': 11.0}
{'loss': 0.1608, 'grad_norm': 13.16492748260498, 'learning_rate': 6.853882854258949e-05, 'epoch': 11.01}
{'loss': 0.1491, 'grad_norm': 14.886392593383789, 'learning_rate': 6.849338140477198e-05, 'epoch': 11.02}
{'loss': 0.0961, 'grad_norm': 2.37774395942688, 'learning_rate': 6.844793426695448e-05, 'epoch': 11.03}
{'loss': 0.0995, 'grad_norm': 6.9836273193359375, 'learning_rate': 6.840248712913697e-05, 'epoch': 11.05}
{'loss': 0.084, 'grad_norm': 25.024568557739258, 'learning_rate': 6.835703999131946e-05, 'epoch': 11.06}
{'loss': 0.1941, 'grad_norm': 11.544200897216797, 'learning_rate': 6.831159285350194e-05, 'epoch': 11.07}
{'loss': 0.1515, 'grad_norm': 11.905643463134766, 'learning_rate': 6.826614571568443e-05, 'epoch': 11.08}
{'loss': 0.0986, 'grad_norm': 7.4062066078186035, 'learning_rate': 6.822069857786692e-05, 'epoch': 11.1}
{'loss': 0.0844, 'grad_norm': 2.6227903366088867, 'learning_rate': 6.817525144004941e-05, 'epoch': 11.11}
{'loss': 0.1391, 'grad_norm': 5.487042427062988, 'learning_rate': 6.81298043022319e-05, 'epoch': 11.12}
{'loss': 0.1998, 'grad_norm': 13.755784034729004, 'learning_rate': 6.808435716441438e-05, 'epoch': 11.13}
{'loss': 0.1279, 'grad_norm': 3.652254343032837, 'learning_rate': 6.803891002659687e-05, 'epoch': 11.15}
{'loss': 0.1316, 'grad_norm': 12.368425369262695, 'learning_rate': 6.799346288877936e-05, 'epoch': 11.16}
{'loss': 0.1836, 'grad_norm': 9.930898666381836, 'learning_rate': 6.794801575096185e-05, 'epoch': 11.17}
{'loss': 0.0956, 'grad_norm': 25.925813674926758, 'learning_rate': 6.790256861314434e-05, 'epoch': 11.18}
{'loss': 0.1257, 'grad_norm': 3.3030846118927, 'learning_rate': 6.785712147532682e-05, 'epoch': 11.2}
{'loss': 0.1833, 'grad_norm': 7.085113525390625, 'learning_rate': 6.781167433750931e-05, 'epoch': 11.21}
{'loss': 0.1481, 'grad_norm': 2.909816026687622, 'learning_rate': 6.77662271996918e-05, 'epoch': 11.22}
{'loss': 0.1464, 'grad_norm': 4.485777378082275, 'learning_rate': 6.772078006187429e-05, 'epoch': 11.23}
{'loss': 0.0933, 'grad_norm': 1.2410465478897095, 'learning_rate': 6.767533292405678e-05, 'epoch': 11.25}
{'loss': 0.2277, 'grad_norm': 19.340879440307617, 'learning_rate': 6.762988578623926e-05, 'epoch': 11.26}
{'loss': 0.1973, 'grad_norm': 22.256072998046875, 'learning_rate': 6.758443864842175e-05, 'epoch': 11.27}
{'loss': 0.1342, 'grad_norm': 33.146854400634766, 'learning_rate': 6.753899151060424e-05, 'epoch': 11.28}
{'loss': 0.1709, 'grad_norm': 9.766214370727539, 'learning_rate': 6.749354437278673e-05, 'epoch': 11.3}
{'loss': 0.2004, 'grad_norm': 23.70558738708496, 'learning_rate': 6.744809723496922e-05, 'epoch': 11.31}
{'loss': 0.1259, 'grad_norm': 8.035959243774414, 'learning_rate': 6.74026500971517e-05, 'epoch': 11.32}
{'loss': 0.1549, 'grad_norm': 25.54779052734375, 'learning_rate': 6.735720295933419e-05, 'epoch': 11.34}
{'loss': 0.1546, 'grad_norm': 14.30402660369873, 'learning_rate': 6.731175582151668e-05, 'epoch': 11.35}
{'loss': 0.1662, 'grad_norm': 13.054699897766113, 'learning_rate': 6.726630868369917e-05, 'epoch': 11.36}
{'loss': 0.1814, 'grad_norm': 1.3442972898483276, 'learning_rate': 6.722086154588166e-05, 'epoch': 11.37}
{'loss': 0.2551, 'grad_norm': 5.79033088684082, 'learning_rate': 6.717541440806415e-05, 'epoch': 11.39}
{'loss': 0.1011, 'grad_norm': 18.474796295166016, 'learning_rate': 6.712996727024663e-05, 'epoch': 11.4}
{'loss': 0.1738, 'grad_norm': 24.093717575073242, 'learning_rate': 6.708452013242912e-05, 'epoch': 11.41}
{'loss': 0.2299, 'grad_norm': 16.74703025817871, 'learning_rate': 6.703907299461161e-05, 'epoch': 11.42}
{'loss': 0.1359, 'grad_norm': 30.356054306030273, 'learning_rate': 6.69936258567941e-05, 'epoch': 11.44}
{'loss': 0.2323, 'grad_norm': 15.571487426757812, 'learning_rate': 6.694817871897659e-05, 'epoch': 11.45}
{'loss': 0.1522, 'grad_norm': 10.48269271850586, 'learning_rate': 6.690273158115907e-05, 'epoch': 11.46}
{'loss': 0.137, 'grad_norm': 22.533105850219727, 'learning_rate': 6.685728444334156e-05, 'epoch': 11.47}
{'loss': 0.1423, 'grad_norm': 14.407166481018066, 'learning_rate': 6.681183730552405e-05, 'epoch': 11.49}
{'loss': 0.1536, 'grad_norm': 12.455679893493652, 'learning_rate': 6.676639016770654e-05, 'epoch': 11.5}
{'loss': 0.1437, 'grad_norm': 5.517828464508057, 'learning_rate': 6.672094302988903e-05, 'epoch': 11.51}
{'loss': 0.1804, 'grad_norm': 13.067770004272461, 'learning_rate': 6.667549589207151e-05, 'epoch': 11.52}
{'loss': 0.1705, 'grad_norm': 16.052221298217773, 'learning_rate': 6.6630048754254e-05, 'epoch': 11.54}
{'loss': 0.1298, 'grad_norm': 10.49822998046875, 'learning_rate': 6.65846016164365e-05, 'epoch': 11.55}
{'loss': 0.1249, 'grad_norm': 25.296844482421875, 'learning_rate': 6.653915447861899e-05, 'epoch': 11.56}
{'loss': 0.1307, 'grad_norm': 0.6040359139442444, 'learning_rate': 6.649370734080148e-05, 'epoch': 11.57}
{'loss': 0.163, 'grad_norm': 18.774568557739258, 'learning_rate': 6.644826020298397e-05, 'epoch': 11.59}
{'loss': 0.169, 'grad_norm': 18.063636779785156, 'learning_rate': 6.640281306516646e-05, 'epoch': 11.6}
{'loss': 0.185, 'grad_norm': 16.111127853393555, 'learning_rate': 6.635736592734894e-05, 'epoch': 11.61}
{'loss': 0.2169, 'grad_norm': 6.241913318634033, 'learning_rate': 6.631191878953143e-05, 'epoch': 11.62}
{'loss': 0.158, 'grad_norm': 12.738616943359375, 'learning_rate': 6.626647165171392e-05, 'epoch': 11.64}
{'loss': 0.1671, 'grad_norm': 8.883852005004883, 'learning_rate': 6.622102451389641e-05, 'epoch': 11.65}
{'loss': 0.105, 'grad_norm': 22.05047607421875, 'learning_rate': 6.61755773760789e-05, 'epoch': 11.66}
{'loss': 0.1416, 'grad_norm': 5.918753147125244, 'learning_rate': 6.613013023826138e-05, 'epoch': 11.68}
{'loss': 0.1171, 'grad_norm': 0.3632475435733795, 'learning_rate': 6.608468310044387e-05, 'epoch': 11.69}
{'loss': 0.1766, 'grad_norm': 35.76491165161133, 'learning_rate': 6.603923596262635e-05, 'epoch': 11.7}
{'loss': 0.1514, 'grad_norm': 5.853193759918213, 'learning_rate': 6.599378882480883e-05, 'epoch': 11.71}
{'loss': 0.14, 'grad_norm': 3.459650754928589, 'learning_rate': 6.594834168699132e-05, 'epoch': 11.73}
{'loss': 0.1477, 'grad_norm': 5.161064147949219, 'learning_rate': 6.590289454917381e-05, 'epoch': 11.74}
{'loss': 0.0988, 'grad_norm': 8.548118591308594, 'learning_rate': 6.58574474113563e-05, 'epoch': 11.75}
{'loss': 0.0838, 'grad_norm': 1.2432383298873901, 'learning_rate': 6.581200027353879e-05, 'epoch': 11.76}
{'loss': 0.208, 'grad_norm': 11.899659156799316, 'learning_rate': 6.576655313572127e-05, 'epoch': 11.78}
{'loss': 0.1504, 'grad_norm': 6.751035213470459, 'learning_rate': 6.572110599790376e-05, 'epoch': 11.79}
{'loss': 0.137, 'grad_norm': 9.05312728881836, 'learning_rate': 6.567565886008626e-05, 'epoch': 11.8}
{'loss': 0.1421, 'grad_norm': 11.860304832458496, 'learning_rate': 6.563021172226875e-05, 'epoch': 11.81}
{'loss': 0.2317, 'grad_norm': 22.714624404907227, 'learning_rate': 6.558476458445124e-05, 'epoch': 11.83}
{'loss': 0.1582, 'grad_norm': 8.17530345916748, 'learning_rate': 6.553931744663373e-05, 'epoch': 11.84}
{'loss': 0.1662, 'grad_norm': 10.631906509399414, 'learning_rate': 6.549387030881622e-05, 'epoch': 11.85}
{'loss': 0.1197, 'grad_norm': 15.203246116638184, 'learning_rate': 6.54484231709987e-05, 'epoch': 11.86}
{'loss': 0.1366, 'grad_norm': 31.639724731445312, 'learning_rate': 6.540297603318119e-05, 'epoch': 11.88}
{'loss': 0.2301, 'grad_norm': 13.900531768798828, 'learning_rate': 6.535752889536368e-05, 'epoch': 11.89}
{'loss': 0.1837, 'grad_norm': 37.233665466308594, 'learning_rate': 6.531208175754617e-05, 'epoch': 11.9}
{'loss': 0.1352, 'grad_norm': 4.7730607986450195, 'learning_rate': 6.526663461972866e-05, 'epoch': 11.91}
{'loss': 0.1477, 'grad_norm': 17.215837478637695, 'learning_rate': 6.522118748191114e-05, 'epoch': 11.93}
{'loss': 0.1343, 'grad_norm': 6.951476097106934, 'learning_rate': 6.517574034409363e-05, 'epoch': 11.94}
{'loss': 0.0759, 'grad_norm': 2.4623618125915527, 'learning_rate': 6.513029320627612e-05, 'epoch': 11.95}
{'loss': 0.1602, 'grad_norm': 9.51386833190918, 'learning_rate': 6.508484606845861e-05, 'epoch': 11.96}
{'loss': 0.1928, 'grad_norm': 17.727834701538086, 'learning_rate': 6.50393989306411e-05, 'epoch': 11.98}
{'loss': 0.2039, 'grad_norm': 10.965557098388672, 'learning_rate': 6.499395179282358e-05, 'epoch': 11.99}
{'eval_loss': 0.8095917701721191, 'eval_f1_macro': 0.8146172734939412, 'eval_f1_weighted': 0.8242887053339385, 'eval_precision_macro': 0.8193305819426805, 'eval_recall_macro': 0.817530439219295, 'eval_accuracy': 0.8233241505968779, 'eval_runtime': 81.0469, 'eval_samples_per_second': 67.183, 'eval_steps_per_second': 1.061, 'epoch': 12.0}
{'loss': 0.2064, 'grad_norm': 17.016721725463867, 'learning_rate': 6.494850465500607e-05, 'epoch': 12.0}
{'loss': 0.116, 'grad_norm': 29.23019790649414, 'learning_rate': 6.490305751718856e-05, 'epoch': 12.02}
{'loss': 0.1424, 'grad_norm': 4.936626434326172, 'learning_rate': 6.485761037937105e-05, 'epoch': 12.03}
{'loss': 0.0881, 'grad_norm': 0.7849730253219604, 'learning_rate': 6.481216324155354e-05, 'epoch': 12.04}
{'loss': 0.0859, 'grad_norm': 4.768225193023682, 'learning_rate': 6.476671610373602e-05, 'epoch': 12.05}
{'loss': 0.1498, 'grad_norm': 5.99789571762085, 'learning_rate': 6.472126896591851e-05, 'epoch': 12.07}
{'loss': 0.1689, 'grad_norm': 40.392757415771484, 'learning_rate': 6.4675821828101e-05, 'epoch': 12.08}
{'loss': 0.1604, 'grad_norm': 31.40644645690918, 'learning_rate': 6.463037469028349e-05, 'epoch': 12.09}
{'loss': 0.1027, 'grad_norm': 6.0920491218566895, 'learning_rate': 6.458492755246598e-05, 'epoch': 12.1}
{'loss': 0.1327, 'grad_norm': 9.258625030517578, 'learning_rate': 6.453948041464847e-05, 'epoch': 12.12}
{'loss': 0.1947, 'grad_norm': 2.1541733741760254, 'learning_rate': 6.449403327683095e-05, 'epoch': 12.13}
{'loss': 0.1777, 'grad_norm': 12.388832092285156, 'learning_rate': 6.444858613901344e-05, 'epoch': 12.14}
{'loss': 0.1358, 'grad_norm': 25.295381546020508, 'learning_rate': 6.440313900119593e-05, 'epoch': 12.15}
{'loss': 0.1229, 'grad_norm': 2.2673842906951904, 'learning_rate': 6.435769186337842e-05, 'epoch': 12.17}
{'loss': 0.0906, 'grad_norm': 34.99156188964844, 'learning_rate': 6.43122447255609e-05, 'epoch': 12.18}
{'loss': 0.0785, 'grad_norm': 4.992471694946289, 'learning_rate': 6.42667975877434e-05, 'epoch': 12.19}
{'loss': 0.0975, 'grad_norm': 105.68321228027344, 'learning_rate': 6.422135044992588e-05, 'epoch': 12.2}
{'loss': 0.1268, 'grad_norm': 22.86861801147461, 'learning_rate': 6.417590331210837e-05, 'epoch': 12.22}
{'loss': 0.1605, 'grad_norm': 8.761185646057129, 'learning_rate': 6.413045617429086e-05, 'epoch': 12.23}
{'loss': 0.1413, 'grad_norm': 1.5012245178222656, 'learning_rate': 6.408500903647335e-05, 'epoch': 12.24}
{'loss': 0.104, 'grad_norm': 14.449804306030273, 'learning_rate': 6.403956189865583e-05, 'epoch': 12.25}
{'loss': 0.1488, 'grad_norm': 16.492612838745117, 'learning_rate': 6.399411476083832e-05, 'epoch': 12.27}
{'loss': 0.1342, 'grad_norm': 14.57193660736084, 'learning_rate': 6.394866762302081e-05, 'epoch': 12.28}
{'loss': 0.1325, 'grad_norm': 14.0735445022583, 'learning_rate': 6.39032204852033e-05, 'epoch': 12.29}
{'loss': 0.1458, 'grad_norm': 27.830123901367188, 'learning_rate': 6.38577733473858e-05, 'epoch': 12.3}
{'loss': 0.1012, 'grad_norm': 10.690336227416992, 'learning_rate': 6.381232620956829e-05, 'epoch': 12.32}
{'loss': 0.1679, 'grad_norm': 23.384450912475586, 'learning_rate': 6.376687907175078e-05, 'epoch': 12.33}
{'loss': 0.1867, 'grad_norm': 1.5057944059371948, 'learning_rate': 6.372143193393326e-05, 'epoch': 12.34}
{'loss': 0.1178, 'grad_norm': 14.077099800109863, 'learning_rate': 6.367598479611575e-05, 'epoch': 12.36}
{'loss': 0.099, 'grad_norm': 15.857208251953125, 'learning_rate': 6.363053765829824e-05, 'epoch': 12.37}
{'loss': 0.1472, 'grad_norm': 4.213820934295654, 'learning_rate': 6.358509052048071e-05, 'epoch': 12.38}
{'loss': 0.1353, 'grad_norm': 18.48528480529785, 'learning_rate': 6.35396433826632e-05, 'epoch': 12.39}
{'loss': 0.1507, 'grad_norm': 20.48902130126953, 'learning_rate': 6.349419624484569e-05, 'epoch': 12.41}
{'loss': 0.0729, 'grad_norm': 10.392566680908203, 'learning_rate': 6.344874910702818e-05, 'epoch': 12.42}
{'loss': 0.0908, 'grad_norm': 1.8812220096588135, 'learning_rate': 6.340330196921067e-05, 'epoch': 12.43}
{'loss': 0.1276, 'grad_norm': 11.205294609069824, 'learning_rate': 6.335785483139315e-05, 'epoch': 12.44}
{'loss': 0.1711, 'grad_norm': 24.259662628173828, 'learning_rate': 6.331240769357564e-05, 'epoch': 12.46}
{'loss': 0.1651, 'grad_norm': 2.8275415897369385, 'learning_rate': 6.326696055575813e-05, 'epoch': 12.47}
{'loss': 0.148, 'grad_norm': 12.746204376220703, 'learning_rate': 6.322151341794062e-05, 'epoch': 12.48}
{'loss': 0.1797, 'grad_norm': 5.871789455413818, 'learning_rate': 6.31760662801231e-05, 'epoch': 12.49}
{'loss': 0.1033, 'grad_norm': 2.1632511615753174, 'learning_rate': 6.31306191423056e-05, 'epoch': 12.51}
{'loss': 0.1718, 'grad_norm': 13.300697326660156, 'learning_rate': 6.308517200448808e-05, 'epoch': 12.52}
{'loss': 0.0958, 'grad_norm': 3.0332818031311035, 'learning_rate': 6.303972486667057e-05, 'epoch': 12.53}
{'loss': 0.1423, 'grad_norm': 8.239364624023438, 'learning_rate': 6.299427772885306e-05, 'epoch': 12.54}
{'loss': 0.0741, 'grad_norm': 4.293015956878662, 'learning_rate': 6.294883059103555e-05, 'epoch': 12.56}
{'loss': 0.1746, 'grad_norm': 14.801311492919922, 'learning_rate': 6.290338345321805e-05, 'epoch': 12.57}
{'loss': 0.1185, 'grad_norm': 7.606450080871582, 'learning_rate': 6.285793631540054e-05, 'epoch': 12.58}
{'loss': 0.0975, 'grad_norm': 18.79347038269043, 'learning_rate': 6.281248917758302e-05, 'epoch': 12.59}
{'loss': 0.1333, 'grad_norm': 10.903285026550293, 'learning_rate': 6.276704203976551e-05, 'epoch': 12.61}
{'loss': 0.1087, 'grad_norm': 9.71068286895752, 'learning_rate': 6.2721594901948e-05, 'epoch': 12.62}
{'loss': 0.0716, 'grad_norm': 7.2164764404296875, 'learning_rate': 6.267614776413049e-05, 'epoch': 12.63}
{'loss': 0.2119, 'grad_norm': 0.790695071220398, 'learning_rate': 6.263070062631298e-05, 'epoch': 12.64}
{'loss': 0.105, 'grad_norm': 27.247831344604492, 'learning_rate': 6.258525348849546e-05, 'epoch': 12.66}
{'loss': 0.2313, 'grad_norm': 18.55965232849121, 'learning_rate': 6.253980635067795e-05, 'epoch': 12.67}
{'loss': 0.137, 'grad_norm': 10.615907669067383, 'learning_rate': 6.249435921286044e-05, 'epoch': 12.68}
{'loss': 0.12, 'grad_norm': 4.441495895385742, 'learning_rate': 6.244891207504293e-05, 'epoch': 12.7}
{'loss': 0.1612, 'grad_norm': 4.436861038208008, 'learning_rate': 6.240346493722542e-05, 'epoch': 12.71}
{'loss': 0.1195, 'grad_norm': 2.917271614074707, 'learning_rate': 6.23580177994079e-05, 'epoch': 12.72}
{'loss': 0.1648, 'grad_norm': 20.260181427001953, 'learning_rate': 6.231257066159039e-05, 'epoch': 12.73}
{'loss': 0.1224, 'grad_norm': 16.013315200805664, 'learning_rate': 6.226712352377288e-05, 'epoch': 12.75}
{'loss': 0.1999, 'grad_norm': 13.596176147460938, 'learning_rate': 6.222167638595537e-05, 'epoch': 12.76}
{'loss': 0.0759, 'grad_norm': 1.1959880590438843, 'learning_rate': 6.217622924813786e-05, 'epoch': 12.77}
{'loss': 0.1362, 'grad_norm': 15.08359146118164, 'learning_rate': 6.213078211032033e-05, 'epoch': 12.78}
{'loss': 0.1653, 'grad_norm': 1.4264843463897705, 'learning_rate': 6.208533497250282e-05, 'epoch': 12.8}
{'loss': 0.0767, 'grad_norm': 7.668168544769287, 'learning_rate': 6.203988783468531e-05, 'epoch': 12.81}
{'loss': 0.1247, 'grad_norm': 12.859347343444824, 'learning_rate': 6.199444069686781e-05, 'epoch': 12.82}
{'loss': 0.1855, 'grad_norm': 24.95058822631836, 'learning_rate': 6.19489935590503e-05, 'epoch': 12.83}
{'loss': 0.1589, 'grad_norm': 5.86037015914917, 'learning_rate': 6.190354642123279e-05, 'epoch': 12.85}
{'loss': 0.1276, 'grad_norm': 14.12099552154541, 'learning_rate': 6.185809928341527e-05, 'epoch': 12.86}
{'loss': 0.0946, 'grad_norm': 1.1118232011795044, 'learning_rate': 6.181265214559776e-05, 'epoch': 12.87}
{'loss': 0.1254, 'grad_norm': 9.3832426071167, 'learning_rate': 6.176720500778025e-05, 'epoch': 12.88}
{'loss': 0.1165, 'grad_norm': 19.135499954223633, 'learning_rate': 6.172175786996274e-05, 'epoch': 12.9}
{'loss': 0.1161, 'grad_norm': 3.4839420318603516, 'learning_rate': 6.167631073214523e-05, 'epoch': 12.91}
{'loss': 0.1342, 'grad_norm': 14.202261924743652, 'learning_rate': 6.163086359432771e-05, 'epoch': 12.92}
{'loss': 0.081, 'grad_norm': 24.302722930908203, 'learning_rate': 6.15854164565102e-05, 'epoch': 12.93}
{'loss': 0.0805, 'grad_norm': 3.5143752098083496, 'learning_rate': 6.153996931869269e-05, 'epoch': 12.95}
{'loss': 0.1482, 'grad_norm': 17.290380477905273, 'learning_rate': 6.149452218087518e-05, 'epoch': 12.96}
{'loss': 0.0744, 'grad_norm': 5.227276802062988, 'learning_rate': 6.144907504305767e-05, 'epoch': 12.97}
{'loss': 0.0681, 'grad_norm': 4.556551933288574, 'learning_rate': 6.140362790524015e-05, 'epoch': 12.98}
{'loss': 0.2461, 'grad_norm': 37.142784118652344, 'learning_rate': 6.135818076742264e-05, 'epoch': 13.0}
{'eval_loss': 0.8704468607902527, 'eval_f1_macro': 0.8247860871343631, 'eval_f1_weighted': 0.8333857433267773, 'eval_precision_macro': 0.8296698671019183, 'eval_recall_macro': 0.8261854425677474, 'eval_accuracy': 0.8345270890725436, 'eval_runtime': 307.4692, 'eval_samples_per_second': 17.709, 'eval_steps_per_second': 0.28, 'epoch': 13.0}
{'loss': 0.0384, 'grad_norm': 7.92045783996582, 'learning_rate': 6.131273362960513e-05, 'epoch': 13.01}
{'loss': 0.101, 'grad_norm': 22.48202133178711, 'learning_rate': 6.126728649178762e-05, 'epoch': 13.02}
{'loss': 0.0999, 'grad_norm': 3.9939382076263428, 'learning_rate': 6.12218393539701e-05, 'epoch': 13.04}
{'loss': 0.1464, 'grad_norm': 15.569527626037598, 'learning_rate': 6.11763922161526e-05, 'epoch': 13.05}
{'loss': 0.2139, 'grad_norm': 12.119706153869629, 'learning_rate': 6.113094507833508e-05, 'epoch': 13.06}
{'loss': 0.1369, 'grad_norm': 12.470130920410156, 'learning_rate': 6.108549794051757e-05, 'epoch': 13.07}
{'loss': 0.0537, 'grad_norm': 3.084625720977783, 'learning_rate': 6.104005080270006e-05, 'epoch': 13.09}
{'loss': 0.1033, 'grad_norm': 41.17929458618164, 'learning_rate': 6.099460366488255e-05, 'epoch': 13.1}
{'loss': 0.0764, 'grad_norm': 0.8667305111885071, 'learning_rate': 6.094915652706504e-05, 'epoch': 13.11}
{'loss': 0.2043, 'grad_norm': 15.854400634765625, 'learning_rate': 6.090370938924753e-05, 'epoch': 13.12}
{'loss': 0.1463, 'grad_norm': 13.151893615722656, 'learning_rate': 6.085826225143002e-05, 'epoch': 13.14}
{'loss': 0.0959, 'grad_norm': 4.095841884613037, 'learning_rate': 6.0812815113612505e-05, 'epoch': 13.15}
{'loss': 0.0708, 'grad_norm': 0.1171453520655632, 'learning_rate': 6.076736797579499e-05, 'epoch': 13.16}
{'loss': 0.1657, 'grad_norm': 13.652997016906738, 'learning_rate': 6.072192083797748e-05, 'epoch': 13.17}
{'loss': 0.0979, 'grad_norm': 0.3419475555419922, 'learning_rate': 6.067647370015997e-05, 'epoch': 13.19}
{'loss': 0.1289, 'grad_norm': 13.85127067565918, 'learning_rate': 6.063102656234245e-05, 'epoch': 13.2}
{'loss': 0.1364, 'grad_norm': 21.345056533813477, 'learning_rate': 6.058557942452494e-05, 'epoch': 13.21}
{'loss': 0.0751, 'grad_norm': 2.580510377883911, 'learning_rate': 6.0540132286707426e-05, 'epoch': 13.22}
{'loss': 0.0878, 'grad_norm': 15.459100723266602, 'learning_rate': 6.0494685148889914e-05, 'epoch': 13.24}
{'loss': 0.1395, 'grad_norm': 0.3895392417907715, 'learning_rate': 6.04492380110724e-05, 'epoch': 13.25}
{'loss': 0.0871, 'grad_norm': 0.7930445671081543, 'learning_rate': 6.040379087325489e-05, 'epoch': 13.26}
{'loss': 0.1215, 'grad_norm': 18.733461380004883, 'learning_rate': 6.035834373543738e-05, 'epoch': 13.27}
{'loss': 0.1771, 'grad_norm': 12.464974403381348, 'learning_rate': 6.0312896597619866e-05, 'epoch': 13.29}
{'loss': 0.0769, 'grad_norm': 25.73932647705078, 'learning_rate': 6.0267449459802354e-05, 'epoch': 13.3}
{'loss': 0.0762, 'grad_norm': 8.887516975402832, 'learning_rate': 6.022200232198484e-05, 'epoch': 13.31}
{'loss': 0.0714, 'grad_norm': 19.027681350708008, 'learning_rate': 6.0176555184167344e-05, 'epoch': 13.32}
{'loss': 0.117, 'grad_norm': 8.795706748962402, 'learning_rate': 6.0131108046349825e-05, 'epoch': 13.34}
{'loss': 0.0556, 'grad_norm': 10.551349639892578, 'learning_rate': 6.0085660908532313e-05, 'epoch': 13.35}
{'loss': 0.0737, 'grad_norm': 6.419740676879883, 'learning_rate': 6.00402137707148e-05, 'epoch': 13.36}
{'loss': 0.0955, 'grad_norm': 19.189678192138672, 'learning_rate': 5.999476663289729e-05, 'epoch': 13.38}
{'loss': 0.1475, 'grad_norm': 20.955596923828125, 'learning_rate': 5.994931949507978e-05, 'epoch': 13.39}
{'loss': 0.1066, 'grad_norm': 11.761140823364258, 'learning_rate': 5.9903872357262266e-05, 'epoch': 13.4}
{'loss': 0.1038, 'grad_norm': 1.3289375305175781, 'learning_rate': 5.9858425219444754e-05, 'epoch': 13.41}
{'loss': 0.1231, 'grad_norm': 4.726128578186035, 'learning_rate': 5.981297808162724e-05, 'epoch': 13.43}
{'loss': 0.1484, 'grad_norm': 38.097373962402344, 'learning_rate': 5.976753094380973e-05, 'epoch': 13.44}
{'loss': 0.1108, 'grad_norm': 6.280053615570068, 'learning_rate': 5.972208380599222e-05, 'epoch': 13.45}
{'loss': 0.0981, 'grad_norm': 22.59696388244629, 'learning_rate': 5.9676636668174706e-05, 'epoch': 13.46}
{'loss': 0.1419, 'grad_norm': 22.107053756713867, 'learning_rate': 5.9631189530357194e-05, 'epoch': 13.48}
{'loss': 0.0898, 'grad_norm': 9.567168235778809, 'learning_rate': 5.958574239253968e-05, 'epoch': 13.49}
{'loss': 0.1229, 'grad_norm': 16.983736038208008, 'learning_rate': 5.954029525472217e-05, 'epoch': 13.5}
{'loss': 0.0859, 'grad_norm': 14.565969467163086, 'learning_rate': 5.949484811690466e-05, 'epoch': 13.51}
{'loss': 0.123, 'grad_norm': 4.602712631225586, 'learning_rate': 5.9449400979087146e-05, 'epoch': 13.53}
{'loss': 0.1144, 'grad_norm': 0.8635331988334656, 'learning_rate': 5.9403953841269634e-05, 'epoch': 13.54}
{'loss': 0.0729, 'grad_norm': 6.271245002746582, 'learning_rate': 5.935850670345212e-05, 'epoch': 13.55}
{'loss': 0.119, 'grad_norm': 24.055130004882812, 'learning_rate': 5.931305956563461e-05, 'epoch': 13.56}
{'loss': 0.1415, 'grad_norm': 10.475383758544922, 'learning_rate': 5.92676124278171e-05, 'epoch': 13.58}
{'loss': 0.1229, 'grad_norm': 19.0870304107666, 'learning_rate': 5.922216528999959e-05, 'epoch': 13.59}
{'loss': 0.0464, 'grad_norm': 4.318384647369385, 'learning_rate': 5.917671815218208e-05, 'epoch': 13.6}
{'loss': 0.1238, 'grad_norm': 18.399080276489258, 'learning_rate': 5.913127101436457e-05, 'epoch': 13.61}
{'loss': 0.0912, 'grad_norm': 31.31822395324707, 'learning_rate': 5.908582387654706e-05, 'epoch': 13.63}
{'loss': 0.0767, 'grad_norm': 0.719416081905365, 'learning_rate': 5.9040376738729545e-05, 'epoch': 13.64}
{'loss': 0.1752, 'grad_norm': 8.626920700073242, 'learning_rate': 5.899492960091203e-05, 'epoch': 13.65}
{'loss': 0.073, 'grad_norm': 48.10309600830078, 'learning_rate': 5.894948246309452e-05, 'epoch': 13.66}
{'loss': 0.0784, 'grad_norm': 3.9738407135009766, 'learning_rate': 5.890403532527701e-05, 'epoch': 13.68}
{'loss': 0.0712, 'grad_norm': 11.304824829101562, 'learning_rate': 5.88585881874595e-05, 'epoch': 13.69}
{'loss': 0.1304, 'grad_norm': 7.253183364868164, 'learning_rate': 5.8813141049641985e-05, 'epoch': 13.7}
{'loss': 0.0893, 'grad_norm': 10.430502891540527, 'learning_rate': 5.876769391182447e-05, 'epoch': 13.72}
{'loss': 0.1359, 'grad_norm': 17.333879470825195, 'learning_rate': 5.872224677400696e-05, 'epoch': 13.73}
{'loss': 0.1511, 'grad_norm': 11.72400951385498, 'learning_rate': 5.867679963618944e-05, 'epoch': 13.74}
{'loss': 0.2117, 'grad_norm': 24.386035919189453, 'learning_rate': 5.863135249837193e-05, 'epoch': 13.75}
{'loss': 0.1087, 'grad_norm': 9.836453437805176, 'learning_rate': 5.858590536055442e-05, 'epoch': 13.77}
{'loss': 0.1396, 'grad_norm': 5.096440315246582, 'learning_rate': 5.854045822273691e-05, 'epoch': 13.78}
{'loss': 0.1319, 'grad_norm': 0.05841844528913498, 'learning_rate': 5.8495011084919395e-05, 'epoch': 13.79}
{'loss': 0.1345, 'grad_norm': 10.610100746154785, 'learning_rate': 5.844956394710188e-05, 'epoch': 13.8}
{'loss': 0.1986, 'grad_norm': 2.4970428943634033, 'learning_rate': 5.840411680928437e-05, 'epoch': 13.82}
{'loss': 0.105, 'grad_norm': 3.7780325412750244, 'learning_rate': 5.835866967146686e-05, 'epoch': 13.83}
{'loss': 0.1146, 'grad_norm': 13.436540603637695, 'learning_rate': 5.831322253364936e-05, 'epoch': 13.84}
{'loss': 0.1317, 'grad_norm': 15.336800575256348, 'learning_rate': 5.826777539583185e-05, 'epoch': 13.85}
{'loss': 0.0699, 'grad_norm': 13.097017288208008, 'learning_rate': 5.8222328258014337e-05, 'epoch': 13.87}
{'loss': 0.1439, 'grad_norm': 15.622779846191406, 'learning_rate': 5.817688112019682e-05, 'epoch': 13.88}
{'loss': 0.1358, 'grad_norm': 31.28108787536621, 'learning_rate': 5.8131433982379306e-05, 'epoch': 13.89}
{'loss': 0.0473, 'grad_norm': 18.73233413696289, 'learning_rate': 5.8085986844561794e-05, 'epoch': 13.9}
{'loss': 0.0925, 'grad_norm': 9.126361846923828, 'learning_rate': 5.804053970674428e-05, 'epoch': 13.92}
{'loss': 0.1132, 'grad_norm': 7.811408042907715, 'learning_rate': 5.799509256892677e-05, 'epoch': 13.93}
{'loss': 0.0734, 'grad_norm': 23.21959686279297, 'learning_rate': 5.794964543110926e-05, 'epoch': 13.94}
{'loss': 0.0963, 'grad_norm': 17.392194747924805, 'learning_rate': 5.7904198293291746e-05, 'epoch': 13.95}
{'loss': 0.1338, 'grad_norm': 26.644973754882812, 'learning_rate': 5.7858751155474234e-05, 'epoch': 13.97}
{'loss': 0.1278, 'grad_norm': 7.976097106933594, 'learning_rate': 5.781330401765672e-05, 'epoch': 13.98}
{'loss': 0.0829, 'grad_norm': 7.33002233505249, 'learning_rate': 5.776785687983921e-05, 'epoch': 13.99}
{'eval_loss': 0.8211694359779358, 'eval_f1_macro': 0.833152815048921, 'eval_f1_weighted': 0.8403194358744862, 'eval_precision_macro': 0.835440872845543, 'eval_recall_macro': 0.834033265201075, 'eval_accuracy': 0.8404040404040404, 'eval_runtime': 309.3838, 'eval_samples_per_second': 17.6, 'eval_steps_per_second': 0.278, 'epoch': 14.0}
{'loss': 0.0514, 'grad_norm': 12.25941276550293, 'learning_rate': 5.77224097420217e-05, 'epoch': 14.01}
{'loss': 0.0293, 'grad_norm': 6.371868133544922, 'learning_rate': 5.7676962604204186e-05, 'epoch': 14.02}
{'loss': 0.1761, 'grad_norm': 15.666720390319824, 'learning_rate': 5.7631515466386674e-05, 'epoch': 14.03}
{'loss': 0.1607, 'grad_norm': 9.675821304321289, 'learning_rate': 5.758606832856916e-05, 'epoch': 14.04}
{'loss': 0.0717, 'grad_norm': 5.096904277801514, 'learning_rate': 5.754062119075165e-05, 'epoch': 14.06}
{'loss': 0.1939, 'grad_norm': 23.357074737548828, 'learning_rate': 5.749517405293414e-05, 'epoch': 14.07}
{'loss': 0.1041, 'grad_norm': 11.195219039916992, 'learning_rate': 5.7449726915116626e-05, 'epoch': 14.08}
{'loss': 0.0941, 'grad_norm': 33.00056838989258, 'learning_rate': 5.740427977729912e-05, 'epoch': 14.09}
{'loss': 0.1501, 'grad_norm': 3.662567377090454, 'learning_rate': 5.735883263948161e-05, 'epoch': 14.11}
{'loss': 0.0941, 'grad_norm': 7.442556381225586, 'learning_rate': 5.73133855016641e-05, 'epoch': 14.12}
{'loss': 0.0793, 'grad_norm': 23.621936798095703, 'learning_rate': 5.7267938363846585e-05, 'epoch': 14.13}
{'loss': 0.104, 'grad_norm': 0.8961786031723022, 'learning_rate': 5.7222491226029073e-05, 'epoch': 14.14}
{'loss': 0.083, 'grad_norm': 2.6553592681884766, 'learning_rate': 5.717704408821156e-05, 'epoch': 14.16}
{'loss': 0.1774, 'grad_norm': 13.218101501464844, 'learning_rate': 5.713159695039405e-05, 'epoch': 14.17}
{'loss': 0.0942, 'grad_norm': 8.059328079223633, 'learning_rate': 5.708614981257654e-05, 'epoch': 14.18}
{'loss': 0.0825, 'grad_norm': 15.154592514038086, 'learning_rate': 5.7040702674759026e-05, 'epoch': 14.19}
{'loss': 0.1063, 'grad_norm': 7.057308673858643, 'learning_rate': 5.6995255536941514e-05, 'epoch': 14.21}
{'loss': 0.1385, 'grad_norm': 1.009832501411438, 'learning_rate': 5.6949808399124e-05, 'epoch': 14.22}
{'loss': 0.1335, 'grad_norm': 0.4209742546081543, 'learning_rate': 5.690436126130649e-05, 'epoch': 14.23}
{'loss': 0.0511, 'grad_norm': 1.299729347229004, 'learning_rate': 5.685891412348898e-05, 'epoch': 14.24}
{'loss': 0.1104, 'grad_norm': 10.792387008666992, 'learning_rate': 5.6813466985671466e-05, 'epoch': 14.26}
{'loss': 0.078, 'grad_norm': 11.326343536376953, 'learning_rate': 5.6768019847853954e-05, 'epoch': 14.27}
{'loss': 0.0801, 'grad_norm': 33.1405029296875, 'learning_rate': 5.6722572710036435e-05, 'epoch': 14.28}
{'loss': 0.1029, 'grad_norm': 17.65149688720703, 'learning_rate': 5.667712557221892e-05, 'epoch': 14.29}
{'loss': 0.0983, 'grad_norm': 14.111799240112305, 'learning_rate': 5.663167843440141e-05, 'epoch': 14.31}
{'loss': 0.167, 'grad_norm': 15.155685424804688, 'learning_rate': 5.65862312965839e-05, 'epoch': 14.32}
{'loss': 0.1202, 'grad_norm': 6.722850799560547, 'learning_rate': 5.654078415876639e-05, 'epoch': 14.33}
{'loss': 0.072, 'grad_norm': 12.483386039733887, 'learning_rate': 5.649533702094889e-05, 'epoch': 14.35}
{'loss': 0.092, 'grad_norm': 11.656830787658691, 'learning_rate': 5.644988988313138e-05, 'epoch': 14.36}
{'loss': 0.0397, 'grad_norm': 0.5135954022407532, 'learning_rate': 5.6404442745313865e-05, 'epoch': 14.37}
{'loss': 0.0799, 'grad_norm': 25.756025314331055, 'learning_rate': 5.635899560749635e-05, 'epoch': 14.38}
{'loss': 0.101, 'grad_norm': 8.158834457397461, 'learning_rate': 5.631354846967884e-05, 'epoch': 14.4}
{'loss': 0.0258, 'grad_norm': 0.08723751455545425, 'learning_rate': 5.626810133186133e-05, 'epoch': 14.41}
{'loss': 0.1954, 'grad_norm': 24.23941421508789, 'learning_rate': 5.622265419404382e-05, 'epoch': 14.42}
{'loss': 0.0634, 'grad_norm': 25.771610260009766, 'learning_rate': 5.61772070562263e-05, 'epoch': 14.43}
{'loss': 0.154, 'grad_norm': 17.20461654663086, 'learning_rate': 5.6131759918408786e-05, 'epoch': 14.45}
{'loss': 0.1788, 'grad_norm': 12.095136642456055, 'learning_rate': 5.6086312780591274e-05, 'epoch': 14.46}
{'loss': 0.1677, 'grad_norm': 29.415681838989258, 'learning_rate': 5.604086564277376e-05, 'epoch': 14.47}
{'loss': 0.104, 'grad_norm': 2.1656551361083984, 'learning_rate': 5.599541850495625e-05, 'epoch': 14.48}
{'loss': 0.093, 'grad_norm': 0.3144838511943817, 'learning_rate': 5.594997136713874e-05, 'epoch': 14.5}
{'loss': 0.1311, 'grad_norm': 32.915733337402344, 'learning_rate': 5.5904524229321227e-05, 'epoch': 14.51}
{'loss': 0.0288, 'grad_norm': 1.1273317337036133, 'learning_rate': 5.5859077091503715e-05, 'epoch': 14.52}
{'loss': 0.0803, 'grad_norm': 0.37573421001434326, 'learning_rate': 5.58136299536862e-05, 'epoch': 14.53}
{'loss': 0.1667, 'grad_norm': 6.781618118286133, 'learning_rate': 5.576818281586869e-05, 'epoch': 14.55}
{'loss': 0.1367, 'grad_norm': 16.332271575927734, 'learning_rate': 5.572273567805118e-05, 'epoch': 14.56}
{'loss': 0.1429, 'grad_norm': 19.92369842529297, 'learning_rate': 5.567728854023367e-05, 'epoch': 14.57}
{'loss': 0.1028, 'grad_norm': 11.076728820800781, 'learning_rate': 5.5631841402416155e-05, 'epoch': 14.58}
{'loss': 0.0897, 'grad_norm': 7.01348352432251, 'learning_rate': 5.558639426459865e-05, 'epoch': 14.6}
{'loss': 0.2099, 'grad_norm': 0.5086971521377563, 'learning_rate': 5.554094712678114e-05, 'epoch': 14.61}
{'loss': 0.1152, 'grad_norm': 4.340225696563721, 'learning_rate': 5.5495499988963626e-05, 'epoch': 14.62}
{'loss': 0.0638, 'grad_norm': 12.442561149597168, 'learning_rate': 5.5450052851146114e-05, 'epoch': 14.63}
{'loss': 0.0769, 'grad_norm': 3.2432501316070557, 'learning_rate': 5.54046057133286e-05, 'epoch': 14.65}
{'loss': 0.0794, 'grad_norm': 12.36561393737793, 'learning_rate': 5.535915857551109e-05, 'epoch': 14.66}
{'loss': 0.1647, 'grad_norm': 31.901527404785156, 'learning_rate': 5.531371143769358e-05, 'epoch': 14.67}
{'loss': 0.084, 'grad_norm': 0.04564383998513222, 'learning_rate': 5.5268264299876066e-05, 'epoch': 14.69}
{'loss': 0.103, 'grad_norm': 17.503368377685547, 'learning_rate': 5.5222817162058554e-05, 'epoch': 14.7}
{'loss': 0.091, 'grad_norm': 11.9100980758667, 'learning_rate': 5.517737002424104e-05, 'epoch': 14.71}
{'loss': 0.153, 'grad_norm': 7.712697982788086, 'learning_rate': 5.513192288642353e-05, 'epoch': 14.72}
{'loss': 0.0796, 'grad_norm': 28.408145904541016, 'learning_rate': 5.508647574860602e-05, 'epoch': 14.74}
{'loss': 0.1103, 'grad_norm': 0.899387776851654, 'learning_rate': 5.5041028610788506e-05, 'epoch': 14.75}
{'loss': 0.132, 'grad_norm': 12.155487060546875, 'learning_rate': 5.4995581472970994e-05, 'epoch': 14.76}
{'loss': 0.0867, 'grad_norm': 0.7160716652870178, 'learning_rate': 5.495013433515348e-05, 'epoch': 14.77}
{'loss': 0.1214, 'grad_norm': 9.382843017578125, 'learning_rate': 5.490468719733597e-05, 'epoch': 14.79}
{'loss': 0.0653, 'grad_norm': 0.22785383462905884, 'learning_rate': 5.485924005951846e-05, 'epoch': 14.8}
{'loss': 0.1055, 'grad_norm': 0.4640028774738312, 'learning_rate': 5.4813792921700946e-05, 'epoch': 14.81}
{'loss': 0.0681, 'grad_norm': 18.977264404296875, 'learning_rate': 5.476834578388343e-05, 'epoch': 14.82}
{'loss': 0.0741, 'grad_norm': 23.020193099975586, 'learning_rate': 5.4722898646065916e-05, 'epoch': 14.84}
{'loss': 0.0238, 'grad_norm': 11.701959609985352, 'learning_rate': 5.4677451508248404e-05, 'epoch': 14.85}
{'loss': 0.0849, 'grad_norm': 6.573131084442139, 'learning_rate': 5.4632004370430905e-05, 'epoch': 14.86}
{'loss': 0.0694, 'grad_norm': 11.548137664794922, 'learning_rate': 5.458655723261339e-05, 'epoch': 14.87}
{'loss': 0.1625, 'grad_norm': nan, 'learning_rate': 5.454111009479588e-05, 'epoch': 14.89}
{'loss': 0.111, 'grad_norm': 20.803585052490234, 'learning_rate': 5.449566295697837e-05, 'epoch': 14.9}
{'loss': 0.1878, 'grad_norm': 16.726327896118164, 'learning_rate': 5.445021581916086e-05, 'epoch': 14.91}
{'loss': 0.1349, 'grad_norm': 24.269813537597656, 'learning_rate': 5.4404768681343345e-05, 'epoch': 14.92}
{'loss': 0.1552, 'grad_norm': 32.36515426635742, 'learning_rate': 5.4359321543525833e-05, 'epoch': 14.94}
{'loss': 0.1017, 'grad_norm': 6.251819610595703, 'learning_rate': 5.431387440570832e-05, 'epoch': 14.95}
{'loss': 0.0488, 'grad_norm': 15.812104225158691, 'learning_rate': 5.426842726789081e-05, 'epoch': 14.96}
{'loss': 0.06, 'grad_norm': 6.57649040222168, 'learning_rate': 5.422298013007329e-05, 'epoch': 14.97}
{'loss': 0.0833, 'grad_norm': 0.3031279146671295, 'learning_rate': 5.417753299225578e-05, 'epoch': 14.99}
{'loss': 0.115, 'grad_norm': 16.487943649291992, 'learning_rate': 5.413208585443827e-05, 'epoch': 15.0}
{'eval_loss': 0.938769519329071, 'eval_f1_macro': 0.8325625677309333, 'eval_f1_weighted': 0.8402448044805325, 'eval_precision_macro': 0.836989763506199, 'eval_recall_macro': 0.8351230368940247, 'eval_accuracy': 0.8420569329660239, 'eval_runtime': 312.9462, 'eval_samples_per_second': 17.399, 'eval_steps_per_second': 0.275, 'epoch': 15.0}
{'train_runtime': 11154.4413, 'train_samples_per_second': 68.327, 'train_steps_per_second': 2.135, 'train_loss': 0.42518122536759734, 'epoch': 15.0}
  Finished  : epoch 15/30 | runtime 11154s | 68.3 samples/s
              precision    recall  f1-score   support

       anger       0.87      0.88      0.87      1191
     disgust       0.77      0.79      0.78       874
        fear       0.86      0.70      0.77       994
   happiness       0.82      0.80      0.81      1195
     neutral       0.87      0.96      0.91      1594
     sadness       0.84      0.76      0.80      1179
    surprise       0.75      0.91      0.82       686

    accuracy                           0.83      7713
   macro avg       0.83      0.83      0.82      7713
weighted avg       0.84      0.83      0.83      7713

  Per-language breakdown:
    Bengali      n=1400  F1-Macro=0.9333
    English      n=2363  F1-Macro=0.7735
    French       n= 288  F1-Macro=0.6894
    German       n= 973  F1-Macro=0.7974
    Italian      n=1380  F1-Macro=0.7571
    Polish       n= 897  F1-Macro=0.9087
    Russian      n= 240  F1-Macro=0.4755
    Spanish      n= 172  F1-Macro=0.6974
  F1-Macro 0.8246 | Accuracy 0.8344 | Precision 0.8273 | Recall 0.8279
  Fold 4/5: 25,406 train / 5,445 val / 7,712 test  (of 38,563)

  --- Fold 4/5 ---
  Model             : Wav2Vec2ForSequenceClassification  (94,570,375 params, 94,570,375 trainable)
  Training  : lr=9.555715197510025e-05  bs=32  epochs=30  patience=5
{'loss': 1.9555, 'grad_norm': 0.9477857947349548, 'learning_rate': 3.078075761545821e-07, 'epoch': 0.01}
{'loss': 1.9533, 'grad_norm': 1.2024636268615723, 'learning_rate': 6.498159941041176e-07, 'epoch': 0.03}
{'loss': 1.9526, 'grad_norm': 0.9152423143386841, 'learning_rate': 9.918244120536532e-07, 'epoch': 0.04}
{'loss': 1.9467, 'grad_norm': 1.3357023000717163, 'learning_rate': 1.3338328300031888e-06, 'epoch': 0.05}
{'loss': 1.948, 'grad_norm': 1.1165549755096436, 'learning_rate': 1.6758412479527246e-06, 'epoch': 0.06}
{'loss': 1.941, 'grad_norm': 1.5215471982955933, 'learning_rate': 2.0178496659022604e-06, 'epoch': 0.08}
{'loss': 1.9341, 'grad_norm': 1.495024561882019, 'learning_rate': 2.359858083851796e-06, 'epoch': 0.09}
{'loss': 1.9344, 'grad_norm': 1.4337149858474731, 'learning_rate': 2.7018665018013315e-06, 'epoch': 0.1}
{'loss': 1.9329, 'grad_norm': 1.5650084018707275, 'learning_rate': 3.043874919750867e-06, 'epoch': 0.11}
{'loss': 1.9248, 'grad_norm': 1.059256911277771, 'learning_rate': 3.3858833377004023e-06, 'epoch': 0.13}
{'loss': 1.9307, 'grad_norm': 1.3354555368423462, 'learning_rate': 3.7278917556499383e-06, 'epoch': 0.14}
{'loss': 1.9286, 'grad_norm': 1.1471741199493408, 'learning_rate': 4.0699001735994735e-06, 'epoch': 0.15}
{'loss': 1.9108, 'grad_norm': 1.671818733215332, 'learning_rate': 4.41190859154901e-06, 'epoch': 0.16}
{'loss': 1.9008, 'grad_norm': 1.0381288528442383, 'learning_rate': 4.753917009498545e-06, 'epoch': 0.18}
{'loss': 1.8967, 'grad_norm': 2.340632200241089, 'learning_rate': 5.095925427448081e-06, 'epoch': 0.19}
{'loss': 1.8896, 'grad_norm': 2.5532102584838867, 'learning_rate': 5.437933845397616e-06, 'epoch': 0.2}
{'loss': 1.8845, 'grad_norm': 3.8364362716674805, 'learning_rate': 5.779942263347152e-06, 'epoch': 0.21}
{'loss': 1.8502, 'grad_norm': 4.435527324676514, 'learning_rate': 6.121950681296688e-06, 'epoch': 0.23}
{'loss': 1.8432, 'grad_norm': 2.2756950855255127, 'learning_rate': 6.463959099246223e-06, 'epoch': 0.24}
{'loss': 1.8534, 'grad_norm': 2.839585542678833, 'learning_rate': 6.805967517195758e-06, 'epoch': 0.25}
{'loss': 1.825, 'grad_norm': 5.156687259674072, 'learning_rate': 7.147975935145295e-06, 'epoch': 0.26}
{'loss': 1.8366, 'grad_norm': 4.3352861404418945, 'learning_rate': 7.48998435309483e-06, 'epoch': 0.28}
{'loss': 1.795, 'grad_norm': 5.787967681884766, 'learning_rate': 7.831992771044365e-06, 'epoch': 0.29}
{'loss': 1.7865, 'grad_norm': 6.088745594024658, 'learning_rate': 8.1740011889939e-06, 'epoch': 0.3}
{'loss': 1.7673, 'grad_norm': 4.765682220458984, 'learning_rate': 8.516009606943438e-06, 'epoch': 0.31}
{'loss': 1.7586, 'grad_norm': 5.885963439941406, 'learning_rate': 8.858018024892972e-06, 'epoch': 0.33}
{'loss': 1.6979, 'grad_norm': 6.130669116973877, 'learning_rate': 9.200026442842507e-06, 'epoch': 0.34}
{'loss': 1.7001, 'grad_norm': 3.5590007305145264, 'learning_rate': 9.542034860792045e-06, 'epoch': 0.35}
{'loss': 1.7067, 'grad_norm': 9.677011489868164, 'learning_rate': 9.88404327874158e-06, 'epoch': 0.37}
{'loss': 1.6628, 'grad_norm': 6.519199371337891, 'learning_rate': 1.0226051696691114e-05, 'epoch': 0.38}
{'loss': 1.6656, 'grad_norm': 3.3770294189453125, 'learning_rate': 1.056806011464065e-05, 'epoch': 0.39}
{'loss': 1.6315, 'grad_norm': 3.724400758743286, 'learning_rate': 1.0910068532590187e-05, 'epoch': 0.4}
{'loss': 1.5723, 'grad_norm': 6.685717582702637, 'learning_rate': 1.1252076950539722e-05, 'epoch': 0.42}
{'loss': 1.5652, 'grad_norm': 5.316265106201172, 'learning_rate': 1.1594085368489256e-05, 'epoch': 0.43}
{'loss': 1.5511, 'grad_norm': 12.724327087402344, 'learning_rate': 1.1936093786438792e-05, 'epoch': 0.44}
{'loss': 1.4639, 'grad_norm': 7.5187578201293945, 'learning_rate': 1.227810220438833e-05, 'epoch': 0.45}
{'loss': 1.5462, 'grad_norm': 8.683344841003418, 'learning_rate': 1.2620110622337865e-05, 'epoch': 0.47}
{'loss': 1.4815, 'grad_norm': 5.98195219039917, 'learning_rate': 1.2962119040287399e-05, 'epoch': 0.48}
{'loss': 1.4911, 'grad_norm': 8.010879516601562, 'learning_rate': 1.3304127458236934e-05, 'epoch': 0.49}
{'loss': 1.4368, 'grad_norm': 16.143447875976562, 'learning_rate': 1.364613587618647e-05, 'epoch': 0.5}
{'loss': 1.4474, 'grad_norm': 32.78230285644531, 'learning_rate': 1.3988144294136007e-05, 'epoch': 0.52}
{'loss': 1.4406, 'grad_norm': 11.544382095336914, 'learning_rate': 1.4330152712085543e-05, 'epoch': 0.53}
{'loss': 1.425, 'grad_norm': 4.431786060333252, 'learning_rate': 1.4672161130035078e-05, 'epoch': 0.54}
{'loss': 1.4028, 'grad_norm': 12.784849166870117, 'learning_rate': 1.5014169547984614e-05, 'epoch': 0.55}
{'loss': 1.4021, 'grad_norm': 8.140029907226562, 'learning_rate': 1.5356177965934148e-05, 'epoch': 0.57}
{'loss': 1.4128, 'grad_norm': 4.713225841522217, 'learning_rate': 1.5698186383883683e-05, 'epoch': 0.58}
{'loss': 1.3941, 'grad_norm': 18.239927291870117, 'learning_rate': 1.604019480183322e-05, 'epoch': 0.59}
{'loss': 1.3302, 'grad_norm': 17.669633865356445, 'learning_rate': 1.6382203219782758e-05, 'epoch': 0.6}
{'loss': 1.4084, 'grad_norm': 10.889653205871582, 'learning_rate': 1.6724211637732294e-05, 'epoch': 0.62}
{'loss': 1.306, 'grad_norm': 32.40965270996094, 'learning_rate': 1.706622005568183e-05, 'epoch': 0.63}
{'loss': 1.2653, 'grad_norm': 6.498658180236816, 'learning_rate': 1.740822847363136e-05, 'epoch': 0.64}
{'loss': 1.2954, 'grad_norm': 12.534967422485352, 'learning_rate': 1.7750236891580897e-05, 'epoch': 0.65}
{'loss': 1.2673, 'grad_norm': 14.878429412841797, 'learning_rate': 1.8092245309530432e-05, 'epoch': 0.67}
{'loss': 1.3406, 'grad_norm': 14.533306121826172, 'learning_rate': 1.8434253727479968e-05, 'epoch': 0.68}
{'loss': 1.3031, 'grad_norm': 8.218488693237305, 'learning_rate': 1.8776262145429504e-05, 'epoch': 0.69}
{'loss': 1.4039, 'grad_norm': 11.22416877746582, 'learning_rate': 1.9118270563379043e-05, 'epoch': 0.71}
{'loss': 1.2279, 'grad_norm': 12.359944343566895, 'learning_rate': 1.9460278981328578e-05, 'epoch': 0.72}
{'loss': 1.2431, 'grad_norm': 10.181085586547852, 'learning_rate': 1.980228739927811e-05, 'epoch': 0.73}
{'loss': 1.2476, 'grad_norm': 10.038055419921875, 'learning_rate': 2.0144295817227646e-05, 'epoch': 0.74}
{'loss': 1.2012, 'grad_norm': 11.338044166564941, 'learning_rate': 2.048630423517718e-05, 'epoch': 0.76}
{'loss': 1.2298, 'grad_norm': 14.017622947692871, 'learning_rate': 2.0828312653126717e-05, 'epoch': 0.77}
{'loss': 1.2161, 'grad_norm': 13.053587913513184, 'learning_rate': 2.1170321071076253e-05, 'epoch': 0.78}
{'loss': 1.1655, 'grad_norm': 11.272679328918457, 'learning_rate': 2.1512329489025792e-05, 'epoch': 0.79}
{'loss': 1.1447, 'grad_norm': 9.491535186767578, 'learning_rate': 2.1854337906975327e-05, 'epoch': 0.81}
{'loss': 1.1966, 'grad_norm': 14.356353759765625, 'learning_rate': 2.2196346324924863e-05, 'epoch': 0.82}
{'loss': 1.1977, 'grad_norm': 12.231571197509766, 'learning_rate': 2.2538354742874395e-05, 'epoch': 0.83}
{'loss': 1.1438, 'grad_norm': 12.878061294555664, 'learning_rate': 2.288036316082393e-05, 'epoch': 0.84}
{'loss': 1.0916, 'grad_norm': 8.075614929199219, 'learning_rate': 2.3222371578773466e-05, 'epoch': 0.86}
{'loss': 1.1818, 'grad_norm': 13.806941986083984, 'learning_rate': 2.3564379996723002e-05, 'epoch': 0.87}
{'loss': 1.1591, 'grad_norm': 12.206368446350098, 'learning_rate': 2.3906388414672537e-05, 'epoch': 0.88}
{'loss': 1.0566, 'grad_norm': 43.49008560180664, 'learning_rate': 2.4248396832622076e-05, 'epoch': 0.89}
{'loss': 1.1335, 'grad_norm': 9.0668306350708, 'learning_rate': 2.459040525057161e-05, 'epoch': 0.91}
{'loss': 1.1228, 'grad_norm': 16.63385581970215, 'learning_rate': 2.4932413668521148e-05, 'epoch': 0.92}
{'loss': 1.0813, 'grad_norm': 11.491172790527344, 'learning_rate': 2.5274422086470683e-05, 'epoch': 0.93}
{'loss': 1.0567, 'grad_norm': 19.04461097717285, 'learning_rate': 2.5616430504420215e-05, 'epoch': 0.94}
{'loss': 1.0287, 'grad_norm': 14.083820343017578, 'learning_rate': 2.5958438922369754e-05, 'epoch': 0.96}
{'loss': 1.1144, 'grad_norm': 18.484773635864258, 'learning_rate': 2.6300447340319287e-05, 'epoch': 0.97}
{'loss': 1.1464, 'grad_norm': 15.471299171447754, 'learning_rate': 2.6642455758268825e-05, 'epoch': 0.98}
{'loss': 1.1913, 'grad_norm': 20.051734924316406, 'learning_rate': 2.6984464176218358e-05, 'epoch': 0.99}
{'eval_loss': 0.9990370869636536, 'eval_f1_macro': 0.6570731158801643, 'eval_f1_weighted': 0.6764643173763695, 'eval_precision_macro': 0.6705862796038732, 'eval_recall_macro': 0.6594800151824524, 'eval_accuracy': 0.6745638200183655, 'eval_runtime': 313.9702, 'eval_samples_per_second': 17.342, 'eval_steps_per_second': 0.274, 'epoch': 1.0}
{'loss': 0.9127, 'grad_norm': 8.113316535949707, 'learning_rate': 2.7326472594167897e-05, 'epoch': 1.01}
{'loss': 0.9179, 'grad_norm': 10.07917308807373, 'learning_rate': 2.7668481012117432e-05, 'epoch': 1.02}
{'loss': 1.0835, 'grad_norm': 15.85572624206543, 'learning_rate': 2.8010489430066964e-05, 'epoch': 1.03}
{'loss': 0.9739, 'grad_norm': 16.153249740600586, 'learning_rate': 2.8352497848016503e-05, 'epoch': 1.05}
{'loss': 1.0311, 'grad_norm': 18.164438247680664, 'learning_rate': 2.8694506265966036e-05, 'epoch': 1.06}
{'loss': 1.0157, 'grad_norm': 16.581655502319336, 'learning_rate': 2.9036514683915575e-05, 'epoch': 1.07}
{'loss': 0.9295, 'grad_norm': 13.641258239746094, 'learning_rate': 2.9378523101865107e-05, 'epoch': 1.08}
{'loss': 0.9203, 'grad_norm': 11.764059066772461, 'learning_rate': 2.9720531519814646e-05, 'epoch': 1.1}
{'loss': 1.1594, 'grad_norm': 18.334697723388672, 'learning_rate': 3.006253993776418e-05, 'epoch': 1.11}
{'loss': 1.0685, 'grad_norm': 12.93026351928711, 'learning_rate': 3.0404548355713714e-05, 'epoch': 1.12}
{'loss': 1.0153, 'grad_norm': 11.01968002319336, 'learning_rate': 3.074655677366325e-05, 'epoch': 1.13}
{'loss': 0.9642, 'grad_norm': 16.337909698486328, 'learning_rate': 3.108856519161279e-05, 'epoch': 1.15}
{'loss': 0.9204, 'grad_norm': 11.69129467010498, 'learning_rate': 3.1430573609562324e-05, 'epoch': 1.16}
{'loss': 0.9278, 'grad_norm': 20.336877822875977, 'learning_rate': 3.177258202751186e-05, 'epoch': 1.17}
{'loss': 1.0393, 'grad_norm': 18.33060646057129, 'learning_rate': 3.2114590445461395e-05, 'epoch': 1.18}
{'loss': 0.9597, 'grad_norm': 11.21318244934082, 'learning_rate': 3.245659886341093e-05, 'epoch': 1.2}
{'loss': 0.9973, 'grad_norm': 29.45791244506836, 'learning_rate': 3.2798607281360466e-05, 'epoch': 1.21}
{'loss': 0.9027, 'grad_norm': 13.291337966918945, 'learning_rate': 3.314061569931e-05, 'epoch': 1.22}
{'loss': 1.0168, 'grad_norm': 9.38740062713623, 'learning_rate': 3.348262411725954e-05, 'epoch': 1.23}
{'loss': 0.849, 'grad_norm': 10.79734992980957, 'learning_rate': 3.382463253520907e-05, 'epoch': 1.25}
{'loss': 0.9206, 'grad_norm': 16.061016082763672, 'learning_rate': 3.416664095315861e-05, 'epoch': 1.26}
{'loss': 0.8612, 'grad_norm': 19.007137298583984, 'learning_rate': 3.4508649371108144e-05, 'epoch': 1.27}
{'loss': 0.9311, 'grad_norm': 15.645720481872559, 'learning_rate': 3.485065778905767e-05, 'epoch': 1.28}
{'loss': 0.96, 'grad_norm': 8.801909446716309, 'learning_rate': 3.5192666207007215e-05, 'epoch': 1.3}
{'loss': 0.8223, 'grad_norm': 9.430691719055176, 'learning_rate': 3.553467462495675e-05, 'epoch': 1.31}
{'loss': 0.892, 'grad_norm': 16.229089736938477, 'learning_rate': 3.5876683042906286e-05, 'epoch': 1.32}
{'loss': 0.7924, 'grad_norm': 15.224530220031738, 'learning_rate': 3.621869146085582e-05, 'epoch': 1.34}
{'loss': 0.8252, 'grad_norm': 11.305261611938477, 'learning_rate': 3.656069987880536e-05, 'epoch': 1.35}
{'loss': 0.8778, 'grad_norm': 17.78219985961914, 'learning_rate': 3.690270829675489e-05, 'epoch': 1.36}
{'loss': 0.8826, 'grad_norm': 36.96751022338867, 'learning_rate': 3.724471671470443e-05, 'epoch': 1.37}
{'loss': 0.9215, 'grad_norm': 16.94768714904785, 'learning_rate': 3.7586725132653964e-05, 'epoch': 1.39}
{'loss': 0.9021, 'grad_norm': 18.74802589416504, 'learning_rate': 3.79287335506035e-05, 'epoch': 1.4}
{'loss': 0.9247, 'grad_norm': 15.414350509643555, 'learning_rate': 3.8270741968553035e-05, 'epoch': 1.41}
{'loss': 0.8271, 'grad_norm': 18.87899398803711, 'learning_rate': 3.861275038650257e-05, 'epoch': 1.42}
{'loss': 0.929, 'grad_norm': 15.129545211791992, 'learning_rate': 3.8954758804452107e-05, 'epoch': 1.44}
{'loss': 0.8763, 'grad_norm': 17.346221923828125, 'learning_rate': 3.929676722240164e-05, 'epoch': 1.45}
{'loss': 0.8297, 'grad_norm': 26.295503616333008, 'learning_rate': 3.963877564035118e-05, 'epoch': 1.46}
{'loss': 0.9436, 'grad_norm': 15.990089416503906, 'learning_rate': 3.998078405830071e-05, 'epoch': 1.47}
{'loss': 0.8786, 'grad_norm': 19.617990493774414, 'learning_rate': 4.032279247625025e-05, 'epoch': 1.49}
{'loss': 0.8771, 'grad_norm': 12.092938423156738, 'learning_rate': 4.0664800894199785e-05, 'epoch': 1.5}
{'loss': 0.8143, 'grad_norm': 20.761722564697266, 'learning_rate': 4.100680931214932e-05, 'epoch': 1.51}
{'loss': 0.8075, 'grad_norm': 15.260518074035645, 'learning_rate': 4.1348817730098856e-05, 'epoch': 1.52}
{'loss': 0.7854, 'grad_norm': 12.59334659576416, 'learning_rate': 4.169082614804839e-05, 'epoch': 1.54}
{'loss': 0.9014, 'grad_norm': 13.729188919067383, 'learning_rate': 4.203283456599793e-05, 'epoch': 1.55}
{'loss': 0.815, 'grad_norm': 17.0532169342041, 'learning_rate': 4.237484298394746e-05, 'epoch': 1.56}
{'loss': 0.7693, 'grad_norm': 12.981959342956543, 'learning_rate': 4.2716851401897e-05, 'epoch': 1.57}
{'loss': 0.7383, 'grad_norm': 19.775684356689453, 'learning_rate': 4.3058859819846534e-05, 'epoch': 1.59}
{'loss': 0.7531, 'grad_norm': 44.52489471435547, 'learning_rate': 4.340086823779607e-05, 'epoch': 1.6}
{'loss': 0.7875, 'grad_norm': 23.43485450744629, 'learning_rate': 4.3742876655745605e-05, 'epoch': 1.61}
{'loss': 0.8611, 'grad_norm': 19.544660568237305, 'learning_rate': 4.408488507369514e-05, 'epoch': 1.62}
{'loss': 0.822, 'grad_norm': 10.67426586151123, 'learning_rate': 4.4426893491644676e-05, 'epoch': 1.64}
{'loss': 0.9182, 'grad_norm': 23.533998489379883, 'learning_rate': 4.476890190959421e-05, 'epoch': 1.65}
{'loss': 0.9279, 'grad_norm': 17.77398109436035, 'learning_rate': 4.511091032754375e-05, 'epoch': 1.66}
{'loss': 0.8032, 'grad_norm': 13.525405883789062, 'learning_rate': 4.545291874549328e-05, 'epoch': 1.68}
{'loss': 0.8336, 'grad_norm': 14.804886817932129, 'learning_rate': 4.579492716344282e-05, 'epoch': 1.69}
{'loss': 0.7509, 'grad_norm': 9.879179000854492, 'learning_rate': 4.6136935581392354e-05, 'epoch': 1.7}
{'loss': 0.8666, 'grad_norm': 14.35171127319336, 'learning_rate': 4.647894399934189e-05, 'epoch': 1.71}
{'loss': 0.9128, 'grad_norm': 17.781538009643555, 'learning_rate': 4.6820952417291425e-05, 'epoch': 1.73}
{'loss': 0.8734, 'grad_norm': 13.007128715515137, 'learning_rate': 4.716296083524096e-05, 'epoch': 1.74}
{'loss': 0.8529, 'grad_norm': 13.569533348083496, 'learning_rate': 4.7504969253190496e-05, 'epoch': 1.75}
{'loss': 0.8778, 'grad_norm': 15.52499771118164, 'learning_rate': 4.784697767114004e-05, 'epoch': 1.76}
{'loss': 0.8752, 'grad_norm': 10.663909912109375, 'learning_rate': 4.818898608908956e-05, 'epoch': 1.78}
{'loss': 0.8443, 'grad_norm': 14.33144760131836, 'learning_rate': 4.85309945070391e-05, 'epoch': 1.79}
{'loss': 0.7579, 'grad_norm': 11.38843822479248, 'learning_rate': 4.887300292498864e-05, 'epoch': 1.8}
{'loss': 0.8232, 'grad_norm': 14.624288558959961, 'learning_rate': 4.9215011342938174e-05, 'epoch': 1.81}
{'loss': 0.7831, 'grad_norm': 19.429580688476562, 'learning_rate': 4.95570197608877e-05, 'epoch': 1.83}
{'loss': 0.9087, 'grad_norm': 15.159360885620117, 'learning_rate': 4.9899028178837245e-05, 'epoch': 1.84}
{'loss': 0.9093, 'grad_norm': 14.561530113220215, 'learning_rate': 5.024103659678678e-05, 'epoch': 1.85}
{'loss': 0.7247, 'grad_norm': 12.547080039978027, 'learning_rate': 5.0583045014736316e-05, 'epoch': 1.86}
{'loss': 0.7759, 'grad_norm': 11.888179779052734, 'learning_rate': 5.092505343268586e-05, 'epoch': 1.88}
{'loss': 0.7324, 'grad_norm': 9.953352928161621, 'learning_rate': 5.126706185063538e-05, 'epoch': 1.89}
{'loss': 0.7062, 'grad_norm': 6.524688243865967, 'learning_rate': 5.160907026858492e-05, 'epoch': 1.9}
{'loss': 0.8475, 'grad_norm': 15.073582649230957, 'learning_rate': 5.195107868653446e-05, 'epoch': 1.91}
{'loss': 0.8336, 'grad_norm': 13.106851577758789, 'learning_rate': 5.2293087104483994e-05, 'epoch': 1.93}
{'loss': 0.7499, 'grad_norm': 14.313486099243164, 'learning_rate': 5.263509552243354e-05, 'epoch': 1.94}
{'loss': 0.893, 'grad_norm': 13.880084991455078, 'learning_rate': 5.2977103940383066e-05, 'epoch': 1.95}
{'loss': 0.8074, 'grad_norm': 11.494590759277344, 'learning_rate': 5.33191123583326e-05, 'epoch': 1.96}
{'loss': 0.8668, 'grad_norm': 15.888445854187012, 'learning_rate': 5.366112077628214e-05, 'epoch': 1.98}
{'loss': 0.8101, 'grad_norm': 13.223040580749512, 'learning_rate': 5.400312919423168e-05, 'epoch': 1.99}
{'eval_loss': 0.7672011256217957, 'eval_f1_macro': 0.7283144066831914, 'eval_f1_weighted': 0.741571868766272, 'eval_precision_macro': 0.7550799721804856, 'eval_recall_macro': 0.7412435282427963, 'eval_accuracy': 0.7403122130394858, 'eval_runtime': 5.5586, 'eval_samples_per_second': 979.564, 'eval_steps_per_second': 15.472, 'epoch': 2.0}
{'loss': 0.7552, 'grad_norm': 11.17206859588623, 'learning_rate': 5.43451376121812e-05, 'epoch': 2.0}
{'loss': 0.7012, 'grad_norm': 11.20291519165039, 'learning_rate': 5.4687146030130744e-05, 'epoch': 2.02}
{'loss': 0.6932, 'grad_norm': 13.17404842376709, 'learning_rate': 5.502915444808028e-05, 'epoch': 2.03}
{'loss': 0.7002, 'grad_norm': 16.29720687866211, 'learning_rate': 5.5371162866029815e-05, 'epoch': 2.04}
{'loss': 0.5883, 'grad_norm': 20.540254592895508, 'learning_rate': 5.571317128397936e-05, 'epoch': 2.05}
{'loss': 0.6539, 'grad_norm': 13.639932632446289, 'learning_rate': 5.605517970192888e-05, 'epoch': 2.07}
{'loss': 0.793, 'grad_norm': 41.539730072021484, 'learning_rate': 5.639718811987842e-05, 'epoch': 2.08}
{'loss': 0.7357, 'grad_norm': 24.10325813293457, 'learning_rate': 5.673919653782796e-05, 'epoch': 2.09}
{'loss': 0.6323, 'grad_norm': 10.623666763305664, 'learning_rate': 5.70812049557775e-05, 'epoch': 2.1}
{'loss': 0.6013, 'grad_norm': 14.64402961730957, 'learning_rate': 5.7423213373727035e-05, 'epoch': 2.12}
{'loss': 0.7366, 'grad_norm': 15.303766250610352, 'learning_rate': 5.7765221791676564e-05, 'epoch': 2.13}
{'loss': 0.6443, 'grad_norm': 13.649456024169922, 'learning_rate': 5.81072302096261e-05, 'epoch': 2.14}
{'loss': 0.6782, 'grad_norm': 16.833051681518555, 'learning_rate': 5.8449238627575635e-05, 'epoch': 2.15}
{'loss': 0.6759, 'grad_norm': 17.031476974487305, 'learning_rate': 5.879124704552518e-05, 'epoch': 2.17}
{'loss': 0.6254, 'grad_norm': 18.58995819091797, 'learning_rate': 5.91332554634747e-05, 'epoch': 2.18}
{'loss': 0.7017, 'grad_norm': 16.305036544799805, 'learning_rate': 5.947526388142424e-05, 'epoch': 2.19}
{'loss': 0.6916, 'grad_norm': 9.43215560913086, 'learning_rate': 5.981727229937378e-05, 'epoch': 2.2}
{'loss': 0.7167, 'grad_norm': 19.058147430419922, 'learning_rate': 6.015928071732331e-05, 'epoch': 2.22}
{'loss': 0.7755, 'grad_norm': 10.914752006530762, 'learning_rate': 6.0501289135272855e-05, 'epoch': 2.23}
{'loss': 0.7219, 'grad_norm': 14.457343101501465, 'learning_rate': 6.0843297553222384e-05, 'epoch': 2.24}
{'loss': 0.8083, 'grad_norm': 15.474632263183594, 'learning_rate': 6.118530597117192e-05, 'epoch': 2.25}
{'loss': 0.7181, 'grad_norm': 17.11739158630371, 'learning_rate': 6.152731438912146e-05, 'epoch': 2.27}
{'loss': 0.752, 'grad_norm': 12.578879356384277, 'learning_rate': 6.186932280707099e-05, 'epoch': 2.28}
{'loss': 0.7044, 'grad_norm': 13.291831016540527, 'learning_rate': 6.221133122502053e-05, 'epoch': 2.29}
{'loss': 0.6832, 'grad_norm': 16.52398681640625, 'learning_rate': 6.255333964297006e-05, 'epoch': 2.3}
{'loss': 0.6304, 'grad_norm': 14.429078102111816, 'learning_rate': 6.28953480609196e-05, 'epoch': 2.32}
{'loss': 0.6871, 'grad_norm': 15.22289752960205, 'learning_rate': 6.323735647886913e-05, 'epoch': 2.33}
{'loss': 0.7213, 'grad_norm': 14.719388961791992, 'learning_rate': 6.357936489681868e-05, 'epoch': 2.34}
{'loss': 0.7297, 'grad_norm': 11.983280181884766, 'learning_rate': 6.39213733147682e-05, 'epoch': 2.36}
{'loss': 0.6113, 'grad_norm': 8.235322952270508, 'learning_rate': 6.426338173271773e-05, 'epoch': 2.37}
{'loss': 0.6958, 'grad_norm': 12.924367904663086, 'learning_rate': 6.460539015066728e-05, 'epoch': 2.38}
{'loss': 0.709, 'grad_norm': 13.8714599609375, 'learning_rate': 6.494739856861682e-05, 'epoch': 2.39}
{'loss': 0.6527, 'grad_norm': 13.311382293701172, 'learning_rate': 6.528940698656635e-05, 'epoch': 2.41}
{'loss': 0.5703, 'grad_norm': 10.416116714477539, 'learning_rate': 6.563141540451588e-05, 'epoch': 2.42}
{'loss': 0.7971, 'grad_norm': 17.499326705932617, 'learning_rate': 6.597342382246542e-05, 'epoch': 2.43}
{'loss': 0.6173, 'grad_norm': 9.151126861572266, 'learning_rate': 6.631543224041496e-05, 'epoch': 2.44}
{'loss': 0.7071, 'grad_norm': 10.654227256774902, 'learning_rate': 6.665744065836449e-05, 'epoch': 2.46}
{'loss': 0.7352, 'grad_norm': 16.625953674316406, 'learning_rate': 6.699944907631402e-05, 'epoch': 2.47}
{'loss': 0.5998, 'grad_norm': 11.203182220458984, 'learning_rate': 6.734145749426356e-05, 'epoch': 2.48}
{'loss': 0.6502, 'grad_norm': 6.2911834716796875, 'learning_rate': 6.76834659122131e-05, 'epoch': 2.49}
{'loss': 0.5595, 'grad_norm': 11.46104621887207, 'learning_rate': 6.802547433016263e-05, 'epoch': 2.51}
{'loss': 0.6467, 'grad_norm': 14.066912651062012, 'learning_rate': 6.836748274811217e-05, 'epoch': 2.52}
{'loss': 0.6823, 'grad_norm': 13.433903694152832, 'learning_rate': 6.87094911660617e-05, 'epoch': 2.53}
{'loss': 0.6719, 'grad_norm': 16.998035430908203, 'learning_rate': 6.905149958401123e-05, 'epoch': 2.54}
{'loss': 0.6701, 'grad_norm': 12.463944435119629, 'learning_rate': 6.939350800196077e-05, 'epoch': 2.56}
{'loss': 0.5978, 'grad_norm': 9.606675148010254, 'learning_rate': 6.973551641991032e-05, 'epoch': 2.57}
{'loss': 0.7157, 'grad_norm': 17.807735443115234, 'learning_rate': 7.007752483785984e-05, 'epoch': 2.58}
{'loss': 0.8547, 'grad_norm': 13.728128433227539, 'learning_rate': 7.041953325580937e-05, 'epoch': 2.59}
{'loss': 0.804, 'grad_norm': 8.654101371765137, 'learning_rate': 7.076154167375892e-05, 'epoch': 2.61}
{'loss': 0.6338, 'grad_norm': 8.613001823425293, 'learning_rate': 7.110355009170846e-05, 'epoch': 2.62}
{'loss': 0.7766, 'grad_norm': 15.393183708190918, 'learning_rate': 7.144555850965799e-05, 'epoch': 2.63}
{'loss': 0.7108, 'grad_norm': 13.147195816040039, 'learning_rate': 7.178756692760752e-05, 'epoch': 2.64}
{'loss': 0.6837, 'grad_norm': 16.375133514404297, 'learning_rate': 7.212957534555706e-05, 'epoch': 2.66}
{'loss': 0.6209, 'grad_norm': 66.31558990478516, 'learning_rate': 7.24715837635066e-05, 'epoch': 2.67}
{'loss': 0.6594, 'grad_norm': 17.114572525024414, 'learning_rate': 7.281359218145613e-05, 'epoch': 2.68}
{'loss': 0.7561, 'grad_norm': 12.173038482666016, 'learning_rate': 7.315560059940567e-05, 'epoch': 2.7}
{'loss': 0.735, 'grad_norm': 13.416183471679688, 'learning_rate': 7.34976090173552e-05, 'epoch': 2.71}
{'loss': 0.6368, 'grad_norm': 11.9423189163208, 'learning_rate': 7.383961743530473e-05, 'epoch': 2.72}
{'loss': 0.6959, 'grad_norm': 18.201810836791992, 'learning_rate': 7.418162585325427e-05, 'epoch': 2.73}
{'loss': 0.6123, 'grad_norm': 12.360121726989746, 'learning_rate': 7.452363427120381e-05, 'epoch': 2.75}
{'loss': 0.7369, 'grad_norm': 13.697850227355957, 'learning_rate': 7.486564268915336e-05, 'epoch': 2.76}
{'loss': 0.5896, 'grad_norm': 9.529890060424805, 'learning_rate': 7.520765110710287e-05, 'epoch': 2.77}
{'loss': 0.6098, 'grad_norm': 11.948722839355469, 'learning_rate': 7.554965952505241e-05, 'epoch': 2.78}
{'loss': 0.5866, 'grad_norm': 24.715078353881836, 'learning_rate': 7.589166794300196e-05, 'epoch': 2.8}
{'loss': 0.7382, 'grad_norm': 12.527219772338867, 'learning_rate': 7.623367636095149e-05, 'epoch': 2.81}
{'loss': 0.6408, 'grad_norm': 14.441948890686035, 'learning_rate': 7.657568477890101e-05, 'epoch': 2.82}
{'loss': 0.6892, 'grad_norm': 12.072307586669922, 'learning_rate': 7.691769319685056e-05, 'epoch': 2.83}
{'loss': 0.7176, 'grad_norm': 31.825576782226562, 'learning_rate': 7.72597016148001e-05, 'epoch': 2.85}
{'loss': 0.6988, 'grad_norm': 12.712442398071289, 'learning_rate': 7.760171003274963e-05, 'epoch': 2.86}
{'loss': 0.7996, 'grad_norm': 15.905019760131836, 'learning_rate': 7.794371845069917e-05, 'epoch': 2.87}
{'loss': 0.7331, 'grad_norm': 6.667725086212158, 'learning_rate': 7.82857268686487e-05, 'epoch': 2.88}
{'loss': 0.6585, 'grad_norm': 29.903051376342773, 'learning_rate': 7.862773528659824e-05, 'epoch': 2.9}
{'loss': 0.6925, 'grad_norm': 18.786226272583008, 'learning_rate': 7.896974370454777e-05, 'epoch': 2.91}
{'loss': 0.7462, 'grad_norm': 12.141239166259766, 'learning_rate': 7.931175212249731e-05, 'epoch': 2.92}
{'loss': 0.7413, 'grad_norm': 9.651763916015625, 'learning_rate': 7.965376054044685e-05, 'epoch': 2.93}
{'loss': 0.7554, 'grad_norm': 9.205986022949219, 'learning_rate': 7.999576895839637e-05, 'epoch': 2.95}
{'loss': 0.6321, 'grad_norm': 17.20905303955078, 'learning_rate': 8.033777737634591e-05, 'epoch': 2.96}
{'loss': 0.7058, 'grad_norm': 13.173580169677734, 'learning_rate': 8.067978579429545e-05, 'epoch': 2.97}
{'loss': 0.7744, 'grad_norm': 17.121734619140625, 'learning_rate': 8.102179421224498e-05, 'epoch': 2.98}
{'loss': 0.8444, 'grad_norm': 11.265385627746582, 'learning_rate': 8.136380263019451e-05, 'epoch': 3.0}
{'eval_loss': 0.7796837091445923, 'eval_f1_macro': 0.7174953994809438, 'eval_f1_weighted': 0.7302378154833029, 'eval_precision_macro': 0.744475418492906, 'eval_recall_macro': 0.7281581260876118, 'eval_accuracy': 0.7289256198347107, 'eval_runtime': 315.8371, 'eval_samples_per_second': 17.24, 'eval_steps_per_second': 0.272, 'epoch': 3.0}
{'loss': 0.5946, 'grad_norm': 9.599109649658203, 'learning_rate': 8.170581104814405e-05, 'epoch': 3.01}
{'loss': 0.6121, 'grad_norm': 26.401561737060547, 'learning_rate': 8.20478194660936e-05, 'epoch': 3.02}
{'loss': 0.5239, 'grad_norm': 15.286968231201172, 'learning_rate': 8.238982788404313e-05, 'epoch': 3.04}
{'loss': 0.6433, 'grad_norm': 8.084358215332031, 'learning_rate': 8.273183630199267e-05, 'epoch': 3.05}
{'loss': 0.494, 'grad_norm': 12.15649700164795, 'learning_rate': 8.30738447199422e-05, 'epoch': 3.06}
{'loss': 0.589, 'grad_norm': 16.139942169189453, 'learning_rate': 8.341585313789174e-05, 'epoch': 3.07}
{'loss': 0.6067, 'grad_norm': 19.51304054260254, 'learning_rate': 8.375786155584127e-05, 'epoch': 3.09}
{'loss': 0.6225, 'grad_norm': 25.38895606994629, 'learning_rate': 8.409986997379081e-05, 'epoch': 3.1}
{'loss': 0.553, 'grad_norm': 12.003376007080078, 'learning_rate': 8.444187839174035e-05, 'epoch': 3.11}
{'loss': 0.6263, 'grad_norm': 15.926165580749512, 'learning_rate': 8.478388680968987e-05, 'epoch': 3.12}
{'loss': 0.4734, 'grad_norm': 10.540166854858398, 'learning_rate': 8.512589522763941e-05, 'epoch': 3.14}
{'loss': 0.5058, 'grad_norm': 22.1884708404541, 'learning_rate': 8.546790364558895e-05, 'epoch': 3.15}
{'loss': 0.5835, 'grad_norm': 13.206847190856934, 'learning_rate': 8.580991206353848e-05, 'epoch': 3.16}
{'loss': 0.622, 'grad_norm': 12.140922546386719, 'learning_rate': 8.615192048148801e-05, 'epoch': 3.17}
{'loss': 0.6034, 'grad_norm': 10.4093599319458, 'learning_rate': 8.649392889943755e-05, 'epoch': 3.19}
{'loss': 0.5478, 'grad_norm': 12.357322692871094, 'learning_rate': 8.68359373173871e-05, 'epoch': 3.2}
{'loss': 0.4574, 'grad_norm': 23.721471786499023, 'learning_rate': 8.717794573533662e-05, 'epoch': 3.21}
{'loss': 0.5195, 'grad_norm': 17.65232276916504, 'learning_rate': 8.751995415328617e-05, 'epoch': 3.22}
{'loss': 0.6117, 'grad_norm': 16.157785415649414, 'learning_rate': 8.78619625712357e-05, 'epoch': 3.24}
{'loss': 0.5128, 'grad_norm': 17.450176239013672, 'learning_rate': 8.820397098918524e-05, 'epoch': 3.25}
{'loss': 0.5047, 'grad_norm': 11.598944664001465, 'learning_rate': 8.854597940713477e-05, 'epoch': 3.26}
{'loss': 0.4775, 'grad_norm': 11.912504196166992, 'learning_rate': 8.888798782508431e-05, 'epoch': 3.27}
{'loss': 0.5656, 'grad_norm': 14.888920783996582, 'learning_rate': 8.922999624303384e-05, 'epoch': 3.29}
{'loss': 0.5025, 'grad_norm': 16.512184143066406, 'learning_rate': 8.957200466098338e-05, 'epoch': 3.3}
{'loss': 0.6632, 'grad_norm': 17.443798065185547, 'learning_rate': 8.991401307893291e-05, 'epoch': 3.31}
{'loss': 0.65, 'grad_norm': 14.860349655151367, 'learning_rate': 9.025602149688245e-05, 'epoch': 3.32}
{'loss': 0.5734, 'grad_norm': 14.881485939025879, 'learning_rate': 9.0598029914832e-05, 'epoch': 3.34}
{'loss': 0.8336, 'grad_norm': 25.98968505859375, 'learning_rate': 9.094003833278151e-05, 'epoch': 3.35}
{'loss': 0.812, 'grad_norm': 17.25044059753418, 'learning_rate': 9.128204675073105e-05, 'epoch': 3.36}
{'loss': 0.673, 'grad_norm': 32.0574836730957, 'learning_rate': 9.16240551686806e-05, 'epoch': 3.38}
{'loss': 0.5798, 'grad_norm': 14.365265846252441, 'learning_rate': 9.196606358663012e-05, 'epoch': 3.39}
{'loss': 0.571, 'grad_norm': 16.208904266357422, 'learning_rate': 9.230807200457966e-05, 'epoch': 3.4}
{'loss': 0.6536, 'grad_norm': 29.141386032104492, 'learning_rate': 9.26500804225292e-05, 'epoch': 3.41}
{'loss': 0.6492, 'grad_norm': 19.22156524658203, 'learning_rate': 9.299208884047874e-05, 'epoch': 3.43}
{'loss': 0.5744, 'grad_norm': 23.31839942932129, 'learning_rate': 9.333409725842826e-05, 'epoch': 3.44}
{'loss': 0.6281, 'grad_norm': 22.249086380004883, 'learning_rate': 9.367610567637781e-05, 'epoch': 3.45}
{'loss': 0.4793, 'grad_norm': 21.713016510009766, 'learning_rate': 9.401811409432734e-05, 'epoch': 3.46}
{'loss': 0.685, 'grad_norm': 14.086795806884766, 'learning_rate': 9.436012251227688e-05, 'epoch': 3.48}
{'loss': 0.5508, 'grad_norm': 11.675292015075684, 'learning_rate': 9.470213093022641e-05, 'epoch': 3.49}
{'loss': 0.6206, 'grad_norm': 11.465819358825684, 'learning_rate': 9.504413934817595e-05, 'epoch': 3.5}
{'loss': 0.6489, 'grad_norm': 9.176172256469727, 'learning_rate': 9.538614776612549e-05, 'epoch': 3.51}
{'loss': 0.6407, 'grad_norm': 17.626638412475586, 'learning_rate': 9.553442840619149e-05, 'epoch': 3.53}
{'loss': 0.6152, 'grad_norm': 13.200475692749023, 'learning_rate': 9.548898126837397e-05, 'epoch': 3.54}
{'loss': 0.6067, 'grad_norm': 8.154375076293945, 'learning_rate': 9.544353413055646e-05, 'epoch': 3.55}
{'loss': 0.7803, 'grad_norm': 11.172361373901367, 'learning_rate': 9.539808699273895e-05, 'epoch': 3.56}
{'loss': 0.6321, 'grad_norm': 16.591367721557617, 'learning_rate': 9.535263985492144e-05, 'epoch': 3.58}
{'loss': 0.6974, 'grad_norm': 10.85997486114502, 'learning_rate': 9.530719271710393e-05, 'epoch': 3.59}
{'loss': 0.7358, 'grad_norm': 16.06290626525879, 'learning_rate': 9.526174557928641e-05, 'epoch': 3.6}
{'loss': 0.7465, 'grad_norm': 23.417760848999023, 'learning_rate': 9.52162984414689e-05, 'epoch': 3.61}
{'loss': 0.5824, 'grad_norm': 14.493338584899902, 'learning_rate': 9.517085130365139e-05, 'epoch': 3.63}
{'loss': 0.6276, 'grad_norm': 15.008076667785645, 'learning_rate': 9.512540416583388e-05, 'epoch': 3.64}
{'loss': 0.8266, 'grad_norm': 15.912003517150879, 'learning_rate': 9.507995702801638e-05, 'epoch': 3.65}
{'loss': 0.6013, 'grad_norm': 11.576906204223633, 'learning_rate': 9.503450989019887e-05, 'epoch': 3.66}
{'loss': 0.7402, 'grad_norm': 20.018970489501953, 'learning_rate': 9.498906275238136e-05, 'epoch': 3.68}
{'loss': 0.6185, 'grad_norm': 11.460439682006836, 'learning_rate': 9.494361561456384e-05, 'epoch': 3.69}
{'loss': 0.6738, 'grad_norm': 11.011526107788086, 'learning_rate': 9.489816847674633e-05, 'epoch': 3.7}
{'loss': 0.6332, 'grad_norm': 17.429410934448242, 'learning_rate': 9.485272133892882e-05, 'epoch': 3.72}
{'loss': 0.6147, 'grad_norm': 12.491440773010254, 'learning_rate': 9.480727420111131e-05, 'epoch': 3.73}
{'loss': 0.6664, 'grad_norm': 8.3394775390625, 'learning_rate': 9.47618270632938e-05, 'epoch': 3.74}
{'loss': 0.5185, 'grad_norm': 8.129351615905762, 'learning_rate': 9.471637992547628e-05, 'epoch': 3.75}
{'loss': 0.6386, 'grad_norm': 18.445505142211914, 'learning_rate': 9.467093278765877e-05, 'epoch': 3.77}
{'loss': 0.5824, 'grad_norm': 10.799065589904785, 'learning_rate': 9.462548564984126e-05, 'epoch': 3.78}
{'loss': 0.5586, 'grad_norm': 16.791419982910156, 'learning_rate': 9.458003851202375e-05, 'epoch': 3.79}
{'loss': 0.6882, 'grad_norm': 8.75683879852295, 'learning_rate': 9.453459137420624e-05, 'epoch': 3.8}
{'loss': 0.6633, 'grad_norm': 17.937007904052734, 'learning_rate': 9.448914423638873e-05, 'epoch': 3.82}
{'loss': 0.6475, 'grad_norm': 7.245538234710693, 'learning_rate': 9.444369709857121e-05, 'epoch': 3.83}
{'loss': 0.6504, 'grad_norm': 9.522008895874023, 'learning_rate': 9.43982499607537e-05, 'epoch': 3.84}
{'loss': 0.6368, 'grad_norm': 8.757287979125977, 'learning_rate': 9.435280282293619e-05, 'epoch': 3.85}
{'loss': 0.6143, 'grad_norm': 16.7218017578125, 'learning_rate': 9.430735568511868e-05, 'epoch': 3.87}
{'loss': 0.6257, 'grad_norm': 14.678360939025879, 'learning_rate': 9.426190854730117e-05, 'epoch': 3.88}
{'loss': 0.4663, 'grad_norm': 10.180536270141602, 'learning_rate': 9.421646140948365e-05, 'epoch': 3.89}
{'loss': 0.702, 'grad_norm': 12.664002418518066, 'learning_rate': 9.417101427166614e-05, 'epoch': 3.9}
{'loss': 0.5809, 'grad_norm': 13.045499801635742, 'learning_rate': 9.412556713384863e-05, 'epoch': 3.92}
{'loss': 0.6493, 'grad_norm': 15.85529613494873, 'learning_rate': 9.408011999603112e-05, 'epoch': 3.93}
{'loss': 0.5636, 'grad_norm': 42.03026580810547, 'learning_rate': 9.40346728582136e-05, 'epoch': 3.94}
{'loss': 0.6621, 'grad_norm': 15.610711097717285, 'learning_rate': 9.39892257203961e-05, 'epoch': 3.95}
{'loss': 0.6469, 'grad_norm': 12.138368606567383, 'learning_rate': 9.394377858257858e-05, 'epoch': 3.97}
{'loss': 0.6741, 'grad_norm': 11.652820587158203, 'learning_rate': 9.389833144476107e-05, 'epoch': 3.98}
{'loss': 0.5355, 'grad_norm': 14.065450668334961, 'learning_rate': 9.385288430694356e-05, 'epoch': 3.99}
{'eval_loss': 0.7550420761108398, 'eval_f1_macro': 0.7578738462315117, 'eval_f1_weighted': 0.7677694107597383, 'eval_precision_macro': 0.7742665469443434, 'eval_recall_macro': 0.7608316174438994, 'eval_accuracy': 0.7682277318640955, 'eval_runtime': 314.8907, 'eval_samples_per_second': 17.292, 'eval_steps_per_second': 0.273, 'epoch': 4.0}
{'loss': 0.5335, 'grad_norm': 6.6996049880981445, 'learning_rate': 9.380743716912605e-05, 'epoch': 4.01}
{'loss': 0.6162, 'grad_norm': 13.055072784423828, 'learning_rate': 9.376199003130853e-05, 'epoch': 4.02}
{'loss': 0.4538, 'grad_norm': 26.401317596435547, 'learning_rate': 9.371654289349102e-05, 'epoch': 4.03}
{'loss': 0.4688, 'grad_norm': 8.668931007385254, 'learning_rate': 9.367109575567351e-05, 'epoch': 4.04}
{'loss': 0.3641, 'grad_norm': 13.35588264465332, 'learning_rate': 9.3625648617856e-05, 'epoch': 4.06}
{'loss': 0.5935, 'grad_norm': 9.209695816040039, 'learning_rate': 9.358020148003849e-05, 'epoch': 4.07}
{'loss': 0.5142, 'grad_norm': 8.30157470703125, 'learning_rate': 9.353475434222097e-05, 'epoch': 4.08}
{'loss': 0.5058, 'grad_norm': 8.562289237976074, 'learning_rate': 9.348930720440346e-05, 'epoch': 4.09}
{'loss': 0.5149, 'grad_norm': 8.330463409423828, 'learning_rate': 9.344386006658595e-05, 'epoch': 4.11}
{'loss': 0.5967, 'grad_norm': 11.920202255249023, 'learning_rate': 9.339841292876844e-05, 'epoch': 4.12}
{'loss': 0.4606, 'grad_norm': 7.887434959411621, 'learning_rate': 9.335296579095093e-05, 'epoch': 4.13}
{'loss': 0.5009, 'grad_norm': 7.165802955627441, 'learning_rate': 9.330751865313341e-05, 'epoch': 4.14}
{'loss': 0.5892, 'grad_norm': 10.56250286102295, 'learning_rate': 9.32620715153159e-05, 'epoch': 4.16}
{'loss': 0.5604, 'grad_norm': 8.976804733276367, 'learning_rate': 9.32166243774984e-05, 'epoch': 4.17}
{'loss': 0.3606, 'grad_norm': 7.612914562225342, 'learning_rate': 9.317117723968089e-05, 'epoch': 4.18}
{'loss': 0.4861, 'grad_norm': 18.14927864074707, 'learning_rate': 9.312573010186338e-05, 'epoch': 4.19}
{'loss': 0.4251, 'grad_norm': 13.153810501098633, 'learning_rate': 9.308028296404587e-05, 'epoch': 4.21}
{'loss': 0.4847, 'grad_norm': 11.957718849182129, 'learning_rate': 9.303483582622834e-05, 'epoch': 4.22}
{'loss': 0.5598, 'grad_norm': 14.80988883972168, 'learning_rate': 9.298938868841083e-05, 'epoch': 4.23}
{'loss': 0.4842, 'grad_norm': 15.522313117980957, 'learning_rate': 9.294394155059332e-05, 'epoch': 4.24}
{'loss': 0.4802, 'grad_norm': 6.0301103591918945, 'learning_rate': 9.28984944127758e-05, 'epoch': 4.26}
{'loss': 0.419, 'grad_norm': 27.748699188232422, 'learning_rate': 9.28530472749583e-05, 'epoch': 4.27}
{'loss': 0.5677, 'grad_norm': 11.774762153625488, 'learning_rate': 9.280760013714078e-05, 'epoch': 4.28}
{'loss': 0.5661, 'grad_norm': 10.641170501708984, 'learning_rate': 9.276215299932327e-05, 'epoch': 4.29}
{'loss': 0.518, 'grad_norm': 9.76645565032959, 'learning_rate': 9.271670586150576e-05, 'epoch': 4.31}
{'loss': 0.4636, 'grad_norm': 16.070205688476562, 'learning_rate': 9.267125872368825e-05, 'epoch': 4.32}
{'loss': 0.553, 'grad_norm': 15.918702125549316, 'learning_rate': 9.262581158587073e-05, 'epoch': 4.33}
{'loss': 0.5045, 'grad_norm': 9.96573257446289, 'learning_rate': 9.258036444805322e-05, 'epoch': 4.35}
{'loss': 0.5862, 'grad_norm': 7.797130584716797, 'learning_rate': 9.253491731023571e-05, 'epoch': 4.36}
{'loss': 0.4758, 'grad_norm': 14.6131591796875, 'learning_rate': 9.24894701724182e-05, 'epoch': 4.37}
{'loss': 0.4747, 'grad_norm': 11.622735977172852, 'learning_rate': 9.244402303460069e-05, 'epoch': 4.38}
{'loss': 0.4348, 'grad_norm': 14.472869873046875, 'learning_rate': 9.239857589678317e-05, 'epoch': 4.4}
{'loss': 0.6121, 'grad_norm': 10.721936225891113, 'learning_rate': 9.235312875896566e-05, 'epoch': 4.41}
{'loss': 0.5345, 'grad_norm': 17.318395614624023, 'learning_rate': 9.230768162114816e-05, 'epoch': 4.42}
{'loss': 0.5487, 'grad_norm': 16.528717041015625, 'learning_rate': 9.226223448333065e-05, 'epoch': 4.43}
{'loss': 0.5533, 'grad_norm': 5.675777435302734, 'learning_rate': 9.221678734551314e-05, 'epoch': 4.45}
{'loss': 0.4185, 'grad_norm': 10.796717643737793, 'learning_rate': 9.217134020769563e-05, 'epoch': 4.46}
{'loss': 0.4381, 'grad_norm': 13.051015853881836, 'learning_rate': 9.212589306987812e-05, 'epoch': 4.47}
{'loss': 0.5843, 'grad_norm': 20.79676628112793, 'learning_rate': 9.20804459320606e-05, 'epoch': 4.48}
{'loss': 0.5232, 'grad_norm': 11.932489395141602, 'learning_rate': 9.203499879424309e-05, 'epoch': 4.5}
{'loss': 0.5301, 'grad_norm': 11.269227981567383, 'learning_rate': 9.198955165642558e-05, 'epoch': 4.51}
{'loss': 0.5136, 'grad_norm': 8.020634651184082, 'learning_rate': 9.194410451860807e-05, 'epoch': 4.52}
{'loss': 0.4339, 'grad_norm': 3.797914505004883, 'learning_rate': 9.189865738079056e-05, 'epoch': 4.53}
{'loss': 0.5399, 'grad_norm': 21.06531524658203, 'learning_rate': 9.185321024297304e-05, 'epoch': 4.55}
{'loss': 0.5743, 'grad_norm': 12.090999603271484, 'learning_rate': 9.180776310515553e-05, 'epoch': 4.56}
{'loss': 0.4143, 'grad_norm': 12.249271392822266, 'learning_rate': 9.176231596733802e-05, 'epoch': 4.57}
{'loss': 0.5845, 'grad_norm': 11.834502220153809, 'learning_rate': 9.171686882952051e-05, 'epoch': 4.58}
{'loss': 0.5115, 'grad_norm': 11.535821914672852, 'learning_rate': 9.1671421691703e-05, 'epoch': 4.6}
{'loss': 0.5037, 'grad_norm': 10.40088939666748, 'learning_rate': 9.162597455388547e-05, 'epoch': 4.61}
{'loss': 0.3885, 'grad_norm': 5.721828460693359, 'learning_rate': 9.158052741606796e-05, 'epoch': 4.62}
{'loss': 0.4184, 'grad_norm': 10.864104270935059, 'learning_rate': 9.153508027825045e-05, 'epoch': 4.63}
{'loss': 0.5474, 'grad_norm': 13.135211944580078, 'learning_rate': 9.148963314043294e-05, 'epoch': 4.65}
{'loss': 0.6018, 'grad_norm': 14.783345222473145, 'learning_rate': 9.144418600261542e-05, 'epoch': 4.66}
{'loss': 0.4976, 'grad_norm': 7.402063846588135, 'learning_rate': 9.139873886479793e-05, 'epoch': 4.67}
{'loss': 0.5497, 'grad_norm': 7.02646017074585, 'learning_rate': 9.135329172698041e-05, 'epoch': 4.69}
{'loss': 0.5067, 'grad_norm': 14.118671417236328, 'learning_rate': 9.13078445891629e-05, 'epoch': 4.7}
{'loss': 0.5015, 'grad_norm': 19.44249153137207, 'learning_rate': 9.126239745134539e-05, 'epoch': 4.71}
{'loss': 0.5397, 'grad_norm': 17.7533016204834, 'learning_rate': 9.121695031352788e-05, 'epoch': 4.72}
{'loss': 0.6056, 'grad_norm': 24.552536010742188, 'learning_rate': 9.117150317571037e-05, 'epoch': 4.74}
{'loss': 0.4751, 'grad_norm': 14.201807975769043, 'learning_rate': 9.112605603789285e-05, 'epoch': 4.75}
{'loss': 0.5465, 'grad_norm': 14.641818046569824, 'learning_rate': 9.108060890007534e-05, 'epoch': 4.76}
{'loss': 0.4624, 'grad_norm': 6.240403175354004, 'learning_rate': 9.103516176225783e-05, 'epoch': 4.77}
{'loss': 0.4817, 'grad_norm': 18.254539489746094, 'learning_rate': 9.098971462444032e-05, 'epoch': 4.79}
{'loss': 0.4626, 'grad_norm': 6.704543113708496, 'learning_rate': 9.09442674866228e-05, 'epoch': 4.8}
{'loss': 0.485, 'grad_norm': 12.413566589355469, 'learning_rate': 9.08988203488053e-05, 'epoch': 4.81}
{'loss': 0.5858, 'grad_norm': 10.94388198852539, 'learning_rate': 9.085337321098778e-05, 'epoch': 4.82}
{'loss': 0.5944, 'grad_norm': 7.172344207763672, 'learning_rate': 9.080792607317027e-05, 'epoch': 4.84}
{'loss': 0.5093, 'grad_norm': 28.949317932128906, 'learning_rate': 9.076247893535276e-05, 'epoch': 4.85}
{'loss': 0.4659, 'grad_norm': 12.758901596069336, 'learning_rate': 9.071703179753525e-05, 'epoch': 4.86}
{'loss': 0.412, 'grad_norm': 9.825751304626465, 'learning_rate': 9.067158465971773e-05, 'epoch': 4.87}
{'loss': 0.3772, 'grad_norm': 10.478729248046875, 'learning_rate': 9.062613752190022e-05, 'epoch': 4.89}
{'loss': 0.4386, 'grad_norm': 15.891312599182129, 'learning_rate': 9.058069038408271e-05, 'epoch': 4.9}
{'loss': 0.3446, 'grad_norm': 12.715912818908691, 'learning_rate': 9.05352432462652e-05, 'epoch': 4.91}
{'loss': 0.5012, 'grad_norm': 29.64031410217285, 'learning_rate': 9.048979610844769e-05, 'epoch': 4.92}
{'loss': 0.6099, 'grad_norm': 24.374269485473633, 'learning_rate': 9.044434897063017e-05, 'epoch': 4.94}
{'loss': 0.4851, 'grad_norm': 8.117918968200684, 'learning_rate': 9.039890183281266e-05, 'epoch': 4.95}
{'loss': 0.4962, 'grad_norm': 11.124351501464844, 'learning_rate': 9.035345469499515e-05, 'epoch': 4.96}
{'loss': 0.5729, 'grad_norm': 9.32973861694336, 'learning_rate': 9.030800755717764e-05, 'epoch': 4.97}
{'loss': 0.4494, 'grad_norm': 9.587339401245117, 'learning_rate': 9.026256041936013e-05, 'epoch': 4.99}
{'loss': 0.4332, 'grad_norm': 9.900337219238281, 'learning_rate': 9.021711328154261e-05, 'epoch': 5.0}
{'eval_loss': 0.7199199199676514, 'eval_f1_macro': 0.7771094201706645, 'eval_f1_weighted': 0.7873455847469728, 'eval_precision_macro': 0.7946802267267901, 'eval_recall_macro': 0.7748794010591517, 'eval_accuracy': 0.7915518824609734, 'eval_runtime': 5.5866, 'eval_samples_per_second': 974.651, 'eval_steps_per_second': 15.394, 'epoch': 5.0}
{'loss': 0.4064, 'grad_norm': 17.99100685119629, 'learning_rate': 9.01716661437251e-05, 'epoch': 5.01}
{'loss': 0.4143, 'grad_norm': 8.687005043029785, 'learning_rate': 9.012621900590759e-05, 'epoch': 5.03}
{'loss': 0.3822, 'grad_norm': 10.5382080078125, 'learning_rate': 9.008077186809008e-05, 'epoch': 5.04}
{'loss': 0.4686, 'grad_norm': 9.203689575195312, 'learning_rate': 9.003532473027257e-05, 'epoch': 5.05}
{'loss': 0.3764, 'grad_norm': 6.4832940101623535, 'learning_rate': 8.998987759245505e-05, 'epoch': 5.06}
{'loss': 0.3754, 'grad_norm': 8.43042278289795, 'learning_rate': 8.994443045463754e-05, 'epoch': 5.08}
{'loss': 0.396, 'grad_norm': 5.4021759033203125, 'learning_rate': 8.989898331682003e-05, 'epoch': 5.09}
{'loss': 0.3171, 'grad_norm': 2.6306979656219482, 'learning_rate': 8.985353617900252e-05, 'epoch': 5.1}
{'loss': 0.3453, 'grad_norm': 24.32954216003418, 'learning_rate': 8.9808089041185e-05, 'epoch': 5.11}
{'loss': 0.3806, 'grad_norm': 21.480484008789062, 'learning_rate': 8.97626419033675e-05, 'epoch': 5.13}
{'loss': 0.4308, 'grad_norm': 9.263062477111816, 'learning_rate': 8.971719476554998e-05, 'epoch': 5.14}
{'loss': 0.3633, 'grad_norm': 7.2913818359375, 'learning_rate': 8.967174762773247e-05, 'epoch': 5.15}
{'loss': 0.358, 'grad_norm': 7.75382661819458, 'learning_rate': 8.962630048991496e-05, 'epoch': 5.16}
{'loss': 0.4384, 'grad_norm': 9.652572631835938, 'learning_rate': 8.958085335209746e-05, 'epoch': 5.18}
{'loss': 0.4669, 'grad_norm': 7.3793721199035645, 'learning_rate': 8.953540621427995e-05, 'epoch': 5.19}
{'loss': 0.3985, 'grad_norm': 11.388110160827637, 'learning_rate': 8.948995907646244e-05, 'epoch': 5.2}
{'loss': 0.4138, 'grad_norm': 14.515191078186035, 'learning_rate': 8.944451193864492e-05, 'epoch': 5.21}
{'loss': 0.3931, 'grad_norm': 9.075282096862793, 'learning_rate': 8.939906480082741e-05, 'epoch': 5.23}
{'loss': 0.4929, 'grad_norm': 17.09673500061035, 'learning_rate': 8.93536176630099e-05, 'epoch': 5.24}
{'loss': 0.3032, 'grad_norm': 5.308650016784668, 'learning_rate': 8.930817052519239e-05, 'epoch': 5.25}
{'loss': 0.4623, 'grad_norm': 19.857797622680664, 'learning_rate': 8.926272338737488e-05, 'epoch': 5.26}
{'loss': 0.3955, 'grad_norm': 7.826521873474121, 'learning_rate': 8.921727624955736e-05, 'epoch': 5.28}
{'loss': 0.4587, 'grad_norm': 9.339738845825195, 'learning_rate': 8.917182911173985e-05, 'epoch': 5.29}
{'loss': 0.4585, 'grad_norm': 11.814065933227539, 'learning_rate': 8.912638197392233e-05, 'epoch': 5.3}
{'loss': 0.4193, 'grad_norm': 19.40346908569336, 'learning_rate': 8.908093483610482e-05, 'epoch': 5.31}
{'loss': 0.4155, 'grad_norm': 10.115028381347656, 'learning_rate': 8.90354876982873e-05, 'epoch': 5.33}
{'loss': 0.3277, 'grad_norm': 9.567766189575195, 'learning_rate': 8.899004056046979e-05, 'epoch': 5.34}
{'loss': 0.4544, 'grad_norm': 9.143118858337402, 'learning_rate': 8.894459342265228e-05, 'epoch': 5.35}
{'loss': 0.3603, 'grad_norm': 11.736499786376953, 'learning_rate': 8.889914628483477e-05, 'epoch': 5.37}
{'loss': 0.3139, 'grad_norm': 14.197782516479492, 'learning_rate': 8.885369914701726e-05, 'epoch': 5.38}
{'loss': 0.3959, 'grad_norm': 10.560765266418457, 'learning_rate': 8.880825200919974e-05, 'epoch': 5.39}
{'loss': 0.3327, 'grad_norm': 18.12868881225586, 'learning_rate': 8.876280487138223e-05, 'epoch': 5.4}
{'loss': 0.3747, 'grad_norm': 11.457060813903809, 'learning_rate': 8.871735773356472e-05, 'epoch': 5.42}
{'loss': 0.3151, 'grad_norm': 7.823540687561035, 'learning_rate': 8.867191059574721e-05, 'epoch': 5.43}
{'loss': 0.4228, 'grad_norm': 3.9977774620056152, 'learning_rate': 8.862646345792971e-05, 'epoch': 5.44}
{'loss': 0.3069, 'grad_norm': 15.924752235412598, 'learning_rate': 8.85810163201122e-05, 'epoch': 5.45}
{'loss': 0.3164, 'grad_norm': 13.774153709411621, 'learning_rate': 8.853556918229469e-05, 'epoch': 5.47}
{'loss': 0.4648, 'grad_norm': 9.78679370880127, 'learning_rate': 8.849012204447717e-05, 'epoch': 5.48}
{'loss': 0.3886, 'grad_norm': 9.625433921813965, 'learning_rate': 8.844467490665966e-05, 'epoch': 5.49}
{'loss': 0.4125, 'grad_norm': 27.81395149230957, 'learning_rate': 8.839922776884215e-05, 'epoch': 5.5}
{'loss': 0.4887, 'grad_norm': 13.709230422973633, 'learning_rate': 8.835378063102464e-05, 'epoch': 5.52}
{'loss': 0.4775, 'grad_norm': 7.044912815093994, 'learning_rate': 8.830833349320713e-05, 'epoch': 5.53}
{'loss': 0.4923, 'grad_norm': 12.272537231445312, 'learning_rate': 8.826288635538961e-05, 'epoch': 5.54}
{'loss': 0.3469, 'grad_norm': 13.73849105834961, 'learning_rate': 8.82174392175721e-05, 'epoch': 5.55}
{'loss': 0.5377, 'grad_norm': 18.48192596435547, 'learning_rate': 8.817199207975459e-05, 'epoch': 5.57}
{'loss': 0.3434, 'grad_norm': 4.010679721832275, 'learning_rate': 8.812654494193708e-05, 'epoch': 5.58}
{'loss': 0.293, 'grad_norm': 12.860260009765625, 'learning_rate': 8.808109780411957e-05, 'epoch': 5.59}
{'loss': 0.3697, 'grad_norm': 17.486154556274414, 'learning_rate': 8.803565066630205e-05, 'epoch': 5.6}
{'loss': 0.3567, 'grad_norm': 13.64452838897705, 'learning_rate': 8.799020352848454e-05, 'epoch': 5.62}
{'loss': 0.3321, 'grad_norm': 15.777806282043457, 'learning_rate': 8.794475639066703e-05, 'epoch': 5.63}
{'loss': 0.425, 'grad_norm': 8.67373275756836, 'learning_rate': 8.789930925284952e-05, 'epoch': 5.64}
{'loss': 0.3847, 'grad_norm': 15.717902183532715, 'learning_rate': 8.7853862115032e-05, 'epoch': 5.65}
{'loss': 0.396, 'grad_norm': 10.824237823486328, 'learning_rate': 8.78084149772145e-05, 'epoch': 5.67}
{'loss': 0.3249, 'grad_norm': 17.824247360229492, 'learning_rate': 8.776296783939698e-05, 'epoch': 5.68}
{'loss': 0.4406, 'grad_norm': 14.299271583557129, 'learning_rate': 8.771752070157947e-05, 'epoch': 5.69}
{'loss': 0.3481, 'grad_norm': 14.924221992492676, 'learning_rate': 8.767207356376196e-05, 'epoch': 5.71}
{'loss': 0.454, 'grad_norm': 14.818554878234863, 'learning_rate': 8.762662642594445e-05, 'epoch': 5.72}
{'loss': 0.3006, 'grad_norm': 22.077322006225586, 'learning_rate': 8.758117928812693e-05, 'epoch': 5.73}
{'loss': 0.435, 'grad_norm': 13.582465171813965, 'learning_rate': 8.753573215030942e-05, 'epoch': 5.74}
{'loss': 0.4443, 'grad_norm': 26.54050064086914, 'learning_rate': 8.749028501249191e-05, 'epoch': 5.76}
{'loss': 0.3956, 'grad_norm': 12.530595779418945, 'learning_rate': 8.74448378746744e-05, 'epoch': 5.77}
{'loss': 0.375, 'grad_norm': 14.927736282348633, 'learning_rate': 8.739939073685689e-05, 'epoch': 5.78}
{'loss': 0.3755, 'grad_norm': 11.216564178466797, 'learning_rate': 8.735394359903937e-05, 'epoch': 5.79}
{'loss': 0.4093, 'grad_norm': 10.352892875671387, 'learning_rate': 8.730849646122186e-05, 'epoch': 5.81}
{'loss': 0.3663, 'grad_norm': 10.920348167419434, 'learning_rate': 8.726304932340435e-05, 'epoch': 5.82}
{'loss': 0.3935, 'grad_norm': 18.45006561279297, 'learning_rate': 8.721760218558684e-05, 'epoch': 5.83}
{'loss': 0.445, 'grad_norm': 19.13460922241211, 'learning_rate': 8.717215504776933e-05, 'epoch': 5.84}
{'loss': 0.4123, 'grad_norm': 6.965365886688232, 'learning_rate': 8.712670790995181e-05, 'epoch': 5.86}
{'loss': 0.4769, 'grad_norm': 16.23598861694336, 'learning_rate': 8.70812607721343e-05, 'epoch': 5.87}
{'loss': 0.4704, 'grad_norm': 11.746171951293945, 'learning_rate': 8.703581363431679e-05, 'epoch': 5.88}
{'loss': 0.3786, 'grad_norm': 12.071741104125977, 'learning_rate': 8.699036649649928e-05, 'epoch': 5.89}
{'loss': 0.3607, 'grad_norm': 7.816292762756348, 'learning_rate': 8.694491935868177e-05, 'epoch': 5.91}
{'loss': 0.4227, 'grad_norm': 8.133665084838867, 'learning_rate': 8.689947222086425e-05, 'epoch': 5.92}
{'loss': 0.563, 'grad_norm': 13.849666595458984, 'learning_rate': 8.685402508304674e-05, 'epoch': 5.93}
{'loss': 0.3655, 'grad_norm': 28.132156372070312, 'learning_rate': 8.680857794522924e-05, 'epoch': 5.94}
{'loss': 0.4852, 'grad_norm': 8.08652114868164, 'learning_rate': 8.676313080741173e-05, 'epoch': 5.96}
{'loss': 0.4287, 'grad_norm': 4.84940767288208, 'learning_rate': 8.671768366959422e-05, 'epoch': 5.97}
{'loss': 0.3185, 'grad_norm': 8.458745002746582, 'learning_rate': 8.66722365317767e-05, 'epoch': 5.98}
{'loss': 0.353, 'grad_norm': 16.265857696533203, 'learning_rate': 8.662678939395918e-05, 'epoch': 5.99}
{'eval_loss': 0.6683061718940735, 'eval_f1_macro': 0.7861109890829022, 'eval_f1_weighted': 0.7937865443592154, 'eval_precision_macro': 0.7898749270044372, 'eval_recall_macro': 0.7932797492488425, 'eval_accuracy': 0.7922865013774105, 'eval_runtime': 321.3057, 'eval_samples_per_second': 16.946, 'eval_steps_per_second': 0.268, 'epoch': 6.0}
{'loss': 0.341, 'grad_norm': 11.266691207885742, 'learning_rate': 8.658134225614167e-05, 'epoch': 6.01}
{'loss': 0.2284, 'grad_norm': 5.570135116577148, 'learning_rate': 8.653589511832416e-05, 'epoch': 6.02}
{'loss': 0.2944, 'grad_norm': 13.873201370239258, 'learning_rate': 8.649044798050665e-05, 'epoch': 6.03}
{'loss': 0.2907, 'grad_norm': 6.289727687835693, 'learning_rate': 8.644500084268914e-05, 'epoch': 6.05}
{'loss': 0.3055, 'grad_norm': 18.20222282409668, 'learning_rate': 8.639955370487162e-05, 'epoch': 6.06}
{'loss': 0.3319, 'grad_norm': 7.024999618530273, 'learning_rate': 8.635410656705411e-05, 'epoch': 6.07}
{'loss': 0.3234, 'grad_norm': 9.735140800476074, 'learning_rate': 8.63086594292366e-05, 'epoch': 6.08}
{'loss': 0.2583, 'grad_norm': 14.455227851867676, 'learning_rate': 8.626321229141909e-05, 'epoch': 6.1}
{'loss': 0.284, 'grad_norm': 12.575867652893066, 'learning_rate': 8.621776515360158e-05, 'epoch': 6.11}
{'loss': 0.3117, 'grad_norm': 8.781595230102539, 'learning_rate': 8.617231801578406e-05, 'epoch': 6.12}
{'loss': 0.3091, 'grad_norm': 7.851205825805664, 'learning_rate': 8.612687087796655e-05, 'epoch': 6.13}
{'loss': 0.3276, 'grad_norm': 8.856534004211426, 'learning_rate': 8.608142374014904e-05, 'epoch': 6.15}
{'loss': 0.3528, 'grad_norm': 11.521883964538574, 'learning_rate': 8.603597660233153e-05, 'epoch': 6.16}
{'loss': 0.395, 'grad_norm': 14.758540153503418, 'learning_rate': 8.599052946451402e-05, 'epoch': 6.17}
{'loss': 0.3344, 'grad_norm': 11.101479530334473, 'learning_rate': 8.59450823266965e-05, 'epoch': 6.18}
{'loss': 0.2184, 'grad_norm': 11.125100135803223, 'learning_rate': 8.5899635188879e-05, 'epoch': 6.2}
{'loss': 0.3301, 'grad_norm': 9.447880744934082, 'learning_rate': 8.58541880510615e-05, 'epoch': 6.21}
{'loss': 0.4194, 'grad_norm': 7.2706170082092285, 'learning_rate': 8.580874091324398e-05, 'epoch': 6.22}
{'loss': 0.3052, 'grad_norm': 19.77768898010254, 'learning_rate': 8.576329377542647e-05, 'epoch': 6.23}
{'loss': 0.2895, 'grad_norm': 9.00484561920166, 'learning_rate': 8.571784663760896e-05, 'epoch': 6.25}
{'loss': 0.4569, 'grad_norm': 8.528278350830078, 'learning_rate': 8.567239949979145e-05, 'epoch': 6.26}
{'loss': 0.4141, 'grad_norm': 5.747776508331299, 'learning_rate': 8.562695236197393e-05, 'epoch': 6.27}
{'loss': 0.4054, 'grad_norm': 9.340461730957031, 'learning_rate': 8.558150522415642e-05, 'epoch': 6.28}
{'loss': 0.2488, 'grad_norm': 4.508380889892578, 'learning_rate': 8.553605808633891e-05, 'epoch': 6.3}
{'loss': 0.3169, 'grad_norm': 4.983077049255371, 'learning_rate': 8.54906109485214e-05, 'epoch': 6.31}
{'loss': 0.3377, 'grad_norm': 2.708606004714966, 'learning_rate': 8.544516381070389e-05, 'epoch': 6.32}
{'loss': 0.2932, 'grad_norm': 16.007062911987305, 'learning_rate': 8.539971667288637e-05, 'epoch': 6.34}
{'loss': 0.3037, 'grad_norm': 40.05787658691406, 'learning_rate': 8.535426953506886e-05, 'epoch': 6.35}
{'loss': 0.2942, 'grad_norm': 23.689027786254883, 'learning_rate': 8.530882239725135e-05, 'epoch': 6.36}
{'loss': 0.2661, 'grad_norm': 15.517501831054688, 'learning_rate': 8.526337525943384e-05, 'epoch': 6.37}
{'loss': 0.3229, 'grad_norm': 8.734688758850098, 'learning_rate': 8.521792812161631e-05, 'epoch': 6.39}
{'loss': 0.3494, 'grad_norm': 13.806011199951172, 'learning_rate': 8.51724809837988e-05, 'epoch': 6.4}
{'loss': 0.3232, 'grad_norm': 3.8610191345214844, 'learning_rate': 8.512703384598129e-05, 'epoch': 6.41}
{'loss': 0.28, 'grad_norm': 11.666542053222656, 'learning_rate': 8.508158670816378e-05, 'epoch': 6.42}
{'loss': 0.3277, 'grad_norm': 8.596858978271484, 'learning_rate': 8.503613957034626e-05, 'epoch': 6.44}
{'loss': 0.3997, 'grad_norm': 13.185309410095215, 'learning_rate': 8.499069243252877e-05, 'epoch': 6.45}
{'loss': 0.2385, 'grad_norm': 20.610910415649414, 'learning_rate': 8.494524529471125e-05, 'epoch': 6.46}
{'loss': 0.3155, 'grad_norm': 13.966765403747559, 'learning_rate': 8.489979815689374e-05, 'epoch': 6.47}
{'loss': 0.368, 'grad_norm': 28.609933853149414, 'learning_rate': 8.485435101907623e-05, 'epoch': 6.49}
{'loss': 0.2885, 'grad_norm': 8.994304656982422, 'learning_rate': 8.480890388125872e-05, 'epoch': 6.5}
{'loss': 0.3261, 'grad_norm': 9.948359489440918, 'learning_rate': 8.47634567434412e-05, 'epoch': 6.51}
{'loss': 0.4322, 'grad_norm': 14.849507331848145, 'learning_rate': 8.47180096056237e-05, 'epoch': 6.52}
{'loss': 0.3019, 'grad_norm': 8.324808120727539, 'learning_rate': 8.467256246780618e-05, 'epoch': 6.54}
{'loss': 0.2839, 'grad_norm': 18.66680145263672, 'learning_rate': 8.462711532998867e-05, 'epoch': 6.55}
{'loss': 0.2556, 'grad_norm': 12.447648048400879, 'learning_rate': 8.458166819217116e-05, 'epoch': 6.56}
{'loss': 0.494, 'grad_norm': 13.851173400878906, 'learning_rate': 8.453622105435365e-05, 'epoch': 6.57}
{'loss': 0.385, 'grad_norm': 10.708261489868164, 'learning_rate': 8.449077391653613e-05, 'epoch': 6.59}
{'loss': 0.3074, 'grad_norm': 13.559392929077148, 'learning_rate': 8.444532677871862e-05, 'epoch': 6.6}
{'loss': 0.3772, 'grad_norm': 16.948429107666016, 'learning_rate': 8.439987964090111e-05, 'epoch': 6.61}
{'loss': 0.3203, 'grad_norm': 18.579360961914062, 'learning_rate': 8.43544325030836e-05, 'epoch': 6.62}
{'loss': 0.34, 'grad_norm': 23.9473876953125, 'learning_rate': 8.430898536526609e-05, 'epoch': 6.64}
{'loss': 0.3145, 'grad_norm': 28.68041229248047, 'learning_rate': 8.426353822744857e-05, 'epoch': 6.65}
{'loss': 0.286, 'grad_norm': 12.28430461883545, 'learning_rate': 8.421809108963106e-05, 'epoch': 6.66}
{'loss': 0.254, 'grad_norm': 11.876771926879883, 'learning_rate': 8.417264395181355e-05, 'epoch': 6.68}
{'loss': 0.3512, 'grad_norm': 11.81777286529541, 'learning_rate': 8.412719681399604e-05, 'epoch': 6.69}
{'loss': 0.2996, 'grad_norm': 10.34809398651123, 'learning_rate': 8.408174967617853e-05, 'epoch': 6.7}
{'loss': 0.3603, 'grad_norm': 9.89391040802002, 'learning_rate': 8.403630253836101e-05, 'epoch': 6.71}
{'loss': 0.276, 'grad_norm': 10.385002136230469, 'learning_rate': 8.39908554005435e-05, 'epoch': 6.73}
{'loss': 0.3606, 'grad_norm': 11.83366870880127, 'learning_rate': 8.394540826272599e-05, 'epoch': 6.74}
{'loss': 0.3237, 'grad_norm': 8.686717987060547, 'learning_rate': 8.389996112490848e-05, 'epoch': 6.75}
{'loss': 0.3147, 'grad_norm': 16.090909957885742, 'learning_rate': 8.385451398709097e-05, 'epoch': 6.76}
{'loss': 0.4065, 'grad_norm': 14.594583511352539, 'learning_rate': 8.380906684927346e-05, 'epoch': 6.78}
{'loss': 0.3382, 'grad_norm': 13.544668197631836, 'learning_rate': 8.376361971145594e-05, 'epoch': 6.79}
{'loss': 0.4024, 'grad_norm': 7.201862335205078, 'learning_rate': 8.371817257363843e-05, 'epoch': 6.8}
{'loss': 0.4232, 'grad_norm': 17.816511154174805, 'learning_rate': 8.367272543582092e-05, 'epoch': 6.81}
{'loss': 0.3131, 'grad_norm': 13.409296989440918, 'learning_rate': 8.362727829800341e-05, 'epoch': 6.83}
{'loss': 0.3231, 'grad_norm': 11.442235946655273, 'learning_rate': 8.35818311601859e-05, 'epoch': 6.84}
{'loss': 0.2891, 'grad_norm': 8.19347858428955, 'learning_rate': 8.353638402236838e-05, 'epoch': 6.85}
{'loss': 0.3328, 'grad_norm': 8.696612358093262, 'learning_rate': 8.349093688455087e-05, 'epoch': 6.86}
{'loss': 0.3453, 'grad_norm': 6.748100757598877, 'learning_rate': 8.344548974673336e-05, 'epoch': 6.88}
{'loss': 0.2771, 'grad_norm': 9.858139991760254, 'learning_rate': 8.340004260891585e-05, 'epoch': 6.89}
{'loss': 0.2573, 'grad_norm': 5.785127639770508, 'learning_rate': 8.335459547109834e-05, 'epoch': 6.9}
{'loss': 0.3225, 'grad_norm': 16.238588333129883, 'learning_rate': 8.330914833328082e-05, 'epoch': 6.91}
{'loss': 0.322, 'grad_norm': 15.389412879943848, 'learning_rate': 8.326370119546331e-05, 'epoch': 6.93}
{'loss': 0.3126, 'grad_norm': 5.487191677093506, 'learning_rate': 8.32182540576458e-05, 'epoch': 6.94}
{'loss': 0.2952, 'grad_norm': 26.953670501708984, 'learning_rate': 8.317280691982829e-05, 'epoch': 6.95}
{'loss': 0.3434, 'grad_norm': 9.77248477935791, 'learning_rate': 8.312735978201079e-05, 'epoch': 6.96}
{'loss': 0.2606, 'grad_norm': 5.817758560180664, 'learning_rate': 8.308191264419328e-05, 'epoch': 6.98}
{'loss': 0.2992, 'grad_norm': 10.347563743591309, 'learning_rate': 8.303646550637577e-05, 'epoch': 6.99}
{'eval_loss': 0.7123427987098694, 'eval_f1_macro': 0.7865489516453891, 'eval_f1_weighted': 0.7944345152297644, 'eval_precision_macro': 0.8074526611961627, 'eval_recall_macro': 0.7811495176885886, 'eval_accuracy': 0.7977961432506887, 'eval_runtime': 5.5603, 'eval_samples_per_second': 979.259, 'eval_steps_per_second': 15.467, 'epoch': 7.0}
{'loss': 0.3183, 'grad_norm': 10.783125877380371, 'learning_rate': 8.299101836855825e-05, 'epoch': 7.0}
{'loss': 0.2709, 'grad_norm': 8.879642486572266, 'learning_rate': 8.294557123074074e-05, 'epoch': 7.02}
{'loss': 0.2692, 'grad_norm': 8.433207511901855, 'learning_rate': 8.290012409292323e-05, 'epoch': 7.03}
{'loss': 0.171, 'grad_norm': 18.49508285522461, 'learning_rate': 8.285467695510572e-05, 'epoch': 7.04}
{'loss': 0.1806, 'grad_norm': 16.535940170288086, 'learning_rate': 8.28092298172882e-05, 'epoch': 7.05}
{'loss': 0.2571, 'grad_norm': 10.847235679626465, 'learning_rate': 8.276378267947068e-05, 'epoch': 7.07}
{'loss': 0.2866, 'grad_norm': 5.900254726409912, 'learning_rate': 8.271833554165317e-05, 'epoch': 7.08}
{'loss': 0.2788, 'grad_norm': 8.166099548339844, 'learning_rate': 8.267288840383566e-05, 'epoch': 7.09}
{'loss': 0.2167, 'grad_norm': 7.726787567138672, 'learning_rate': 8.262744126601814e-05, 'epoch': 7.1}
{'loss': 0.294, 'grad_norm': 16.228290557861328, 'learning_rate': 8.258199412820063e-05, 'epoch': 7.12}
{'loss': 0.2698, 'grad_norm': 4.356314659118652, 'learning_rate': 8.253654699038312e-05, 'epoch': 7.13}
{'loss': 0.2456, 'grad_norm': 8.683359146118164, 'learning_rate': 8.249109985256561e-05, 'epoch': 7.14}
{'loss': 0.2669, 'grad_norm': 13.92034912109375, 'learning_rate': 8.24456527147481e-05, 'epoch': 7.15}
{'loss': 0.2031, 'grad_norm': 5.888012886047363, 'learning_rate': 8.240020557693058e-05, 'epoch': 7.17}
{'loss': 0.3154, 'grad_norm': 4.025482177734375, 'learning_rate': 8.235475843911307e-05, 'epoch': 7.18}
{'loss': 0.2186, 'grad_norm': 19.34954833984375, 'learning_rate': 8.230931130129556e-05, 'epoch': 7.19}
{'loss': 0.2478, 'grad_norm': 16.990108489990234, 'learning_rate': 8.226386416347805e-05, 'epoch': 7.2}
{'loss': 0.3171, 'grad_norm': 11.834247589111328, 'learning_rate': 8.221841702566055e-05, 'epoch': 7.22}
{'loss': 0.3101, 'grad_norm': 8.792425155639648, 'learning_rate': 8.217296988784304e-05, 'epoch': 7.23}
{'loss': 0.3568, 'grad_norm': 17.238506317138672, 'learning_rate': 8.212752275002553e-05, 'epoch': 7.24}
{'loss': 0.268, 'grad_norm': 14.609878540039062, 'learning_rate': 8.208207561220801e-05, 'epoch': 7.25}
{'loss': 0.2158, 'grad_norm': 13.24187183380127, 'learning_rate': 8.20366284743905e-05, 'epoch': 7.27}
{'loss': 0.2326, 'grad_norm': 3.026594638824463, 'learning_rate': 8.199118133657299e-05, 'epoch': 7.28}
{'loss': 0.2169, 'grad_norm': 20.454092025756836, 'learning_rate': 8.194573419875548e-05, 'epoch': 7.29}
{'loss': 0.2717, 'grad_norm': 22.16071319580078, 'learning_rate': 8.190028706093797e-05, 'epoch': 7.3}
{'loss': 0.389, 'grad_norm': 19.043926239013672, 'learning_rate': 8.185483992312045e-05, 'epoch': 7.32}
{'loss': 0.269, 'grad_norm': 10.08228588104248, 'learning_rate': 8.180939278530294e-05, 'epoch': 7.33}
{'loss': 0.2259, 'grad_norm': 6.551987648010254, 'learning_rate': 8.176394564748543e-05, 'epoch': 7.34}
{'loss': 0.2582, 'grad_norm': 12.006768226623535, 'learning_rate': 8.171849850966792e-05, 'epoch': 7.36}
{'loss': 0.2945, 'grad_norm': 17.868494033813477, 'learning_rate': 8.16730513718504e-05, 'epoch': 7.37}
{'loss': 0.2893, 'grad_norm': 26.442005157470703, 'learning_rate': 8.16276042340329e-05, 'epoch': 7.38}
{'loss': 0.3522, 'grad_norm': 17.7912540435791, 'learning_rate': 8.158215709621538e-05, 'epoch': 7.39}
{'loss': 0.3436, 'grad_norm': 20.044248580932617, 'learning_rate': 8.153670995839787e-05, 'epoch': 7.41}
{'loss': 0.1991, 'grad_norm': 14.337831497192383, 'learning_rate': 8.149126282058036e-05, 'epoch': 7.42}
{'loss': 0.2205, 'grad_norm': 9.75478744506836, 'learning_rate': 8.144581568276285e-05, 'epoch': 7.43}
{'loss': 0.288, 'grad_norm': 19.388996124267578, 'learning_rate': 8.140036854494533e-05, 'epoch': 7.44}
{'loss': 0.2276, 'grad_norm': 7.793879508972168, 'learning_rate': 8.135492140712782e-05, 'epoch': 7.46}
{'loss': 0.2052, 'grad_norm': 9.872443199157715, 'learning_rate': 8.130947426931031e-05, 'epoch': 7.47}
{'loss': 0.2094, 'grad_norm': 7.267180442810059, 'learning_rate': 8.12640271314928e-05, 'epoch': 7.48}
{'loss': 0.2155, 'grad_norm': 16.2177791595459, 'learning_rate': 8.121857999367529e-05, 'epoch': 7.49}
{'loss': 0.2392, 'grad_norm': 10.483155250549316, 'learning_rate': 8.117313285585777e-05, 'epoch': 7.51}
{'loss': 0.2578, 'grad_norm': 4.5602803230285645, 'learning_rate': 8.112768571804026e-05, 'epoch': 7.52}
{'loss': 0.1992, 'grad_norm': 19.292579650878906, 'learning_rate': 8.108223858022275e-05, 'epoch': 7.53}
{'loss': 0.321, 'grad_norm': 6.581775188446045, 'learning_rate': 8.103679144240524e-05, 'epoch': 7.54}
{'loss': 0.3398, 'grad_norm': 19.308578491210938, 'learning_rate': 8.099134430458773e-05, 'epoch': 7.56}
{'loss': 0.2825, 'grad_norm': 11.364889144897461, 'learning_rate': 8.094589716677022e-05, 'epoch': 7.57}
{'loss': 0.2839, 'grad_norm': 10.85803508758545, 'learning_rate': 8.09004500289527e-05, 'epoch': 7.58}
{'loss': 0.3004, 'grad_norm': 19.469844818115234, 'learning_rate': 8.085500289113519e-05, 'epoch': 7.59}
{'loss': 0.2752, 'grad_norm': 8.157404899597168, 'learning_rate': 8.080955575331768e-05, 'epoch': 7.61}
{'loss': 0.2279, 'grad_norm': 12.294650077819824, 'learning_rate': 8.076410861550017e-05, 'epoch': 7.62}
{'loss': 0.2326, 'grad_norm': 8.788911819458008, 'learning_rate': 8.071866147768266e-05, 'epoch': 7.63}
{'loss': 0.2348, 'grad_norm': 15.581052780151367, 'learning_rate': 8.067321433986514e-05, 'epoch': 7.64}
{'loss': 0.2655, 'grad_norm': 12.527457237243652, 'learning_rate': 8.062776720204763e-05, 'epoch': 7.66}
{'loss': 0.2567, 'grad_norm': 5.647463321685791, 'learning_rate': 8.058232006423012e-05, 'epoch': 7.67}
{'loss': 0.3032, 'grad_norm': 7.138538360595703, 'learning_rate': 8.053687292641261e-05, 'epoch': 7.68}
{'loss': 0.2648, 'grad_norm': 4.220399379730225, 'learning_rate': 8.04914257885951e-05, 'epoch': 7.7}
{'loss': 0.3466, 'grad_norm': 12.358372688293457, 'learning_rate': 8.044597865077758e-05, 'epoch': 7.71}
{'loss': 0.2771, 'grad_norm': 6.783236980438232, 'learning_rate': 8.040053151296007e-05, 'epoch': 7.72}
{'loss': 0.2501, 'grad_norm': 11.894344329833984, 'learning_rate': 8.035508437514257e-05, 'epoch': 7.73}
{'loss': 0.3172, 'grad_norm': 17.72831153869629, 'learning_rate': 8.030963723732506e-05, 'epoch': 7.75}
{'loss': 0.2362, 'grad_norm': 6.0241851806640625, 'learning_rate': 8.026419009950754e-05, 'epoch': 7.76}
{'loss': 0.1883, 'grad_norm': 17.26133155822754, 'learning_rate': 8.021874296169002e-05, 'epoch': 7.77}
{'loss': 0.27, 'grad_norm': 20.503934860229492, 'learning_rate': 8.017329582387251e-05, 'epoch': 7.78}
{'loss': 0.2653, 'grad_norm': 14.444464683532715, 'learning_rate': 8.0127848686055e-05, 'epoch': 7.8}
{'loss': 0.2873, 'grad_norm': 10.182342529296875, 'learning_rate': 8.008240154823749e-05, 'epoch': 7.81}
{'loss': 0.2902, 'grad_norm': 10.325254440307617, 'learning_rate': 8.003695441041998e-05, 'epoch': 7.82}
{'loss': 0.234, 'grad_norm': 12.737667083740234, 'learning_rate': 7.999150727260246e-05, 'epoch': 7.83}
{'loss': 0.2559, 'grad_norm': 31.002845764160156, 'learning_rate': 7.994606013478495e-05, 'epoch': 7.85}
{'loss': 0.2416, 'grad_norm': 16.246206283569336, 'learning_rate': 7.990061299696744e-05, 'epoch': 7.86}
{'loss': 0.1986, 'grad_norm': 5.962604522705078, 'learning_rate': 7.985516585914993e-05, 'epoch': 7.87}
{'loss': 0.263, 'grad_norm': 6.860357761383057, 'learning_rate': 7.980971872133242e-05, 'epoch': 7.88}
{'loss': 0.2856, 'grad_norm': 12.208412170410156, 'learning_rate': 7.97642715835149e-05, 'epoch': 7.9}
{'loss': 0.3163, 'grad_norm': 24.634328842163086, 'learning_rate': 7.971882444569739e-05, 'epoch': 7.91}
{'loss': 0.18, 'grad_norm': 9.167619705200195, 'learning_rate': 7.967337730787988e-05, 'epoch': 7.92}
{'loss': 0.3046, 'grad_norm': 21.21494483947754, 'learning_rate': 7.962793017006237e-05, 'epoch': 7.93}
{'loss': 0.3169, 'grad_norm': 9.302149772644043, 'learning_rate': 7.958248303224486e-05, 'epoch': 7.95}
{'loss': 0.3923, 'grad_norm': 4.194134712219238, 'learning_rate': 7.953703589442734e-05, 'epoch': 7.96}
{'loss': 0.347, 'grad_norm': 12.984903335571289, 'learning_rate': 7.949158875660983e-05, 'epoch': 7.97}
{'loss': 0.2462, 'grad_norm': 10.04227066040039, 'learning_rate': 7.944614161879233e-05, 'epoch': 7.98}
{'loss': 0.2434, 'grad_norm': 7.848397731781006, 'learning_rate': 7.940069448097482e-05, 'epoch': 8.0}
{'eval_loss': 0.6542864441871643, 'eval_f1_macro': 0.8085371076576467, 'eval_f1_weighted': 0.8165419682324755, 'eval_precision_macro': 0.8129369216576459, 'eval_recall_macro': 0.8127873343083668, 'eval_accuracy': 0.8178145087235996, 'eval_runtime': 312.0939, 'eval_samples_per_second': 17.447, 'eval_steps_per_second': 0.276, 'epoch': 8.0}
{'loss': 0.1591, 'grad_norm': 21.027021408081055, 'learning_rate': 7.935524734315731e-05, 'epoch': 8.01}
{'loss': 0.2193, 'grad_norm': 16.99490737915039, 'learning_rate': 7.93098002053398e-05, 'epoch': 8.02}
{'loss': 0.2576, 'grad_norm': 23.649572372436523, 'learning_rate': 7.926435306752229e-05, 'epoch': 8.04}
{'loss': 0.2229, 'grad_norm': 8.889735221862793, 'learning_rate': 7.921890592970477e-05, 'epoch': 8.05}
{'loss': 0.3222, 'grad_norm': 8.76735782623291, 'learning_rate': 7.917345879188726e-05, 'epoch': 8.06}
{'loss': 0.2856, 'grad_norm': 8.321497917175293, 'learning_rate': 7.912801165406975e-05, 'epoch': 8.07}
{'loss': 0.2039, 'grad_norm': 4.871326923370361, 'learning_rate': 7.908256451625224e-05, 'epoch': 8.09}
{'loss': 0.2366, 'grad_norm': 11.489029884338379, 'learning_rate': 7.903711737843473e-05, 'epoch': 8.1}
{'loss': 0.1601, 'grad_norm': 8.298333168029785, 'learning_rate': 7.899167024061721e-05, 'epoch': 8.11}
{'loss': 0.1691, 'grad_norm': 14.51779556274414, 'learning_rate': 7.89462231027997e-05, 'epoch': 8.12}
{'loss': 0.1931, 'grad_norm': 10.586785316467285, 'learning_rate': 7.890077596498219e-05, 'epoch': 8.14}
{'loss': 0.2329, 'grad_norm': 1.0214203596115112, 'learning_rate': 7.885532882716466e-05, 'epoch': 8.15}
{'loss': 0.2184, 'grad_norm': 12.757160186767578, 'learning_rate': 7.880988168934715e-05, 'epoch': 8.16}
{'loss': 0.2422, 'grad_norm': 7.081336975097656, 'learning_rate': 7.876443455152964e-05, 'epoch': 8.17}
{'loss': 0.1504, 'grad_norm': 9.51016902923584, 'learning_rate': 7.871898741371213e-05, 'epoch': 8.19}
{'loss': 0.2063, 'grad_norm': 17.072141647338867, 'learning_rate': 7.867354027589462e-05, 'epoch': 8.2}
{'loss': 0.1967, 'grad_norm': 10.77881908416748, 'learning_rate': 7.86280931380771e-05, 'epoch': 8.21}
{'loss': 0.1965, 'grad_norm': 8.427873611450195, 'learning_rate': 7.858264600025959e-05, 'epoch': 8.22}
{'loss': 0.2755, 'grad_norm': 12.017847061157227, 'learning_rate': 7.85371988624421e-05, 'epoch': 8.24}
{'loss': 0.1713, 'grad_norm': 7.295767784118652, 'learning_rate': 7.849175172462458e-05, 'epoch': 8.25}
{'loss': 0.2461, 'grad_norm': 8.754968643188477, 'learning_rate': 7.844630458680707e-05, 'epoch': 8.26}
{'loss': 0.1998, 'grad_norm': 12.008574485778809, 'learning_rate': 7.840085744898956e-05, 'epoch': 8.27}
{'loss': 0.218, 'grad_norm': 10.892426490783691, 'learning_rate': 7.835541031117205e-05, 'epoch': 8.29}
{'loss': 0.3259, 'grad_norm': 9.038010597229004, 'learning_rate': 7.830996317335453e-05, 'epoch': 8.3}
{'loss': 0.26, 'grad_norm': 14.363997459411621, 'learning_rate': 7.826451603553702e-05, 'epoch': 8.31}
{'loss': 0.1799, 'grad_norm': 7.695647716522217, 'learning_rate': 7.821906889771951e-05, 'epoch': 8.32}
{'loss': 0.2072, 'grad_norm': 7.340463161468506, 'learning_rate': 7.8173621759902e-05, 'epoch': 8.34}
{'loss': 0.1797, 'grad_norm': 5.866901397705078, 'learning_rate': 7.812817462208449e-05, 'epoch': 8.35}
{'loss': 0.1175, 'grad_norm': 26.0361385345459, 'learning_rate': 7.808272748426698e-05, 'epoch': 8.36}
{'loss': 0.2616, 'grad_norm': 13.124171257019043, 'learning_rate': 7.803728034644946e-05, 'epoch': 8.38}
{'loss': 0.2334, 'grad_norm': 11.841804504394531, 'learning_rate': 7.799183320863195e-05, 'epoch': 8.39}
{'loss': 0.2509, 'grad_norm': 23.200489044189453, 'learning_rate': 7.794638607081444e-05, 'epoch': 8.4}
{'loss': 0.2411, 'grad_norm': 11.91458797454834, 'learning_rate': 7.790093893299693e-05, 'epoch': 8.41}
{'loss': 0.2285, 'grad_norm': 6.343655109405518, 'learning_rate': 7.785549179517942e-05, 'epoch': 8.43}
{'loss': 0.1933, 'grad_norm': 8.342564582824707, 'learning_rate': 7.78100446573619e-05, 'epoch': 8.44}
{'loss': 0.2366, 'grad_norm': 5.456715106964111, 'learning_rate': 7.776459751954439e-05, 'epoch': 8.45}
{'loss': 0.1943, 'grad_norm': 13.8087739944458, 'learning_rate': 7.771915038172688e-05, 'epoch': 8.46}
{'loss': 0.2226, 'grad_norm': 17.39434814453125, 'learning_rate': 7.767370324390937e-05, 'epoch': 8.48}
{'loss': 0.3806, 'grad_norm': 17.488725662231445, 'learning_rate': 7.762825610609186e-05, 'epoch': 8.49}
{'loss': 0.3622, 'grad_norm': 5.1148505210876465, 'learning_rate': 7.758280896827434e-05, 'epoch': 8.5}
{'loss': 0.2302, 'grad_norm': 8.359621047973633, 'learning_rate': 7.753736183045683e-05, 'epoch': 8.51}
{'loss': 0.225, 'grad_norm': 22.38690948486328, 'learning_rate': 7.749191469263932e-05, 'epoch': 8.53}
{'loss': 0.1927, 'grad_norm': 21.142017364501953, 'learning_rate': 7.744646755482181e-05, 'epoch': 8.54}
{'loss': 0.1792, 'grad_norm': 22.897846221923828, 'learning_rate': 7.74010204170043e-05, 'epoch': 8.55}
{'loss': 0.1804, 'grad_norm': 14.708109855651855, 'learning_rate': 7.735557327918678e-05, 'epoch': 8.56}
{'loss': 0.2727, 'grad_norm': 8.836356163024902, 'learning_rate': 7.731012614136927e-05, 'epoch': 8.58}
{'loss': 0.296, 'grad_norm': 8.174322128295898, 'learning_rate': 7.726467900355176e-05, 'epoch': 8.59}
{'loss': 0.2651, 'grad_norm': 9.490188598632812, 'learning_rate': 7.721923186573425e-05, 'epoch': 8.6}
{'loss': 0.157, 'grad_norm': 5.611963748931885, 'learning_rate': 7.717378472791674e-05, 'epoch': 8.61}
{'loss': 0.1771, 'grad_norm': 14.903764724731445, 'learning_rate': 7.712833759009922e-05, 'epoch': 8.63}
{'loss': 0.1949, 'grad_norm': 5.583413600921631, 'learning_rate': 7.708289045228171e-05, 'epoch': 8.64}
{'loss': 0.2765, 'grad_norm': 7.024444580078125, 'learning_rate': 7.70374433144642e-05, 'epoch': 8.65}
{'loss': 0.2745, 'grad_norm': 17.993772506713867, 'learning_rate': 7.699199617664669e-05, 'epoch': 8.66}
{'loss': 0.259, 'grad_norm': 5.590937614440918, 'learning_rate': 7.694654903882918e-05, 'epoch': 8.68}
{'loss': 0.2854, 'grad_norm': 7.532991409301758, 'learning_rate': 7.690110190101166e-05, 'epoch': 8.69}
{'loss': 0.2448, 'grad_norm': 10.00496768951416, 'learning_rate': 7.685565476319415e-05, 'epoch': 8.7}
{'loss': 0.2263, 'grad_norm': 12.545162200927734, 'learning_rate': 7.681020762537664e-05, 'epoch': 8.72}
{'loss': 0.3445, 'grad_norm': 6.27633810043335, 'learning_rate': 7.676476048755913e-05, 'epoch': 8.73}
{'loss': 0.2475, 'grad_norm': 9.916486740112305, 'learning_rate': 7.671931334974163e-05, 'epoch': 8.74}
{'loss': 0.3229, 'grad_norm': 11.975695610046387, 'learning_rate': 7.667386621192412e-05, 'epoch': 8.75}
{'loss': 0.2308, 'grad_norm': 14.013428688049316, 'learning_rate': 7.66284190741066e-05, 'epoch': 8.77}
{'loss': 0.2211, 'grad_norm': 9.416245460510254, 'learning_rate': 7.65829719362891e-05, 'epoch': 8.78}
{'loss': 0.2972, 'grad_norm': 15.132333755493164, 'learning_rate': 7.653752479847158e-05, 'epoch': 8.79}
{'loss': 0.1625, 'grad_norm': 0.43616801500320435, 'learning_rate': 7.649207766065407e-05, 'epoch': 8.8}
{'loss': 0.1601, 'grad_norm': 35.11579895019531, 'learning_rate': 7.644663052283656e-05, 'epoch': 8.82}
{'loss': 0.2516, 'grad_norm': 11.654930114746094, 'learning_rate': 7.640118338501905e-05, 'epoch': 8.83}
{'loss': 0.24, 'grad_norm': 15.546357154846191, 'learning_rate': 7.635573624720152e-05, 'epoch': 8.84}
{'loss': 0.3332, 'grad_norm': 13.338532447814941, 'learning_rate': 7.631028910938401e-05, 'epoch': 8.85}
{'loss': 0.1851, 'grad_norm': 25.026119232177734, 'learning_rate': 7.62648419715665e-05, 'epoch': 8.87}
{'loss': 0.3674, 'grad_norm': 25.806581497192383, 'learning_rate': 7.621939483374898e-05, 'epoch': 8.88}
{'loss': 0.1831, 'grad_norm': 7.494872093200684, 'learning_rate': 7.617394769593147e-05, 'epoch': 8.89}
{'loss': 0.2625, 'grad_norm': 11.541497230529785, 'learning_rate': 7.612850055811396e-05, 'epoch': 8.9}
{'loss': 0.2358, 'grad_norm': 2.6640408039093018, 'learning_rate': 7.608305342029645e-05, 'epoch': 8.92}
{'loss': 0.3503, 'grad_norm': 17.47692108154297, 'learning_rate': 7.603760628247894e-05, 'epoch': 8.93}
{'loss': 0.1766, 'grad_norm': 7.122623920440674, 'learning_rate': 7.599215914466142e-05, 'epoch': 8.94}
{'loss': 0.1856, 'grad_norm': 9.766012191772461, 'learning_rate': 7.594671200684391e-05, 'epoch': 8.95}
{'loss': 0.2482, 'grad_norm': 15.751235008239746, 'learning_rate': 7.59012648690264e-05, 'epoch': 8.97}
{'loss': 0.217, 'grad_norm': 16.289539337158203, 'learning_rate': 7.585581773120889e-05, 'epoch': 8.98}
{'loss': 0.2362, 'grad_norm': 4.9073686599731445, 'learning_rate': 7.581037059339138e-05, 'epoch': 8.99}
{'eval_loss': 0.6448893547058105, 'eval_f1_macro': 0.8008021421116748, 'eval_f1_weighted': 0.8055354646943461, 'eval_precision_macro': 0.8092675729146495, 'eval_recall_macro': 0.8041400306833548, 'eval_accuracy': 0.8084481175390267, 'eval_runtime': 308.3411, 'eval_samples_per_second': 17.659, 'eval_steps_per_second': 0.279, 'epoch': 9.0}
{'loss': 0.2553, 'grad_norm': 4.153365135192871, 'learning_rate': 7.576492345557388e-05, 'epoch': 9.01}
{'loss': 0.0989, 'grad_norm': 3.3722026348114014, 'learning_rate': 7.571947631775637e-05, 'epoch': 9.02}
{'loss': 0.135, 'grad_norm': 14.028560638427734, 'learning_rate': 7.567402917993885e-05, 'epoch': 9.03}
{'loss': 0.2128, 'grad_norm': 10.53512191772461, 'learning_rate': 7.562858204212134e-05, 'epoch': 9.04}
{'loss': 0.2161, 'grad_norm': 11.177733421325684, 'learning_rate': 7.558313490430383e-05, 'epoch': 9.06}
{'loss': 0.1921, 'grad_norm': 9.798887252807617, 'learning_rate': 7.553768776648632e-05, 'epoch': 9.07}
{'loss': 0.1524, 'grad_norm': 18.554428100585938, 'learning_rate': 7.549224062866881e-05, 'epoch': 9.08}
{'loss': 0.1812, 'grad_norm': 4.2298688888549805, 'learning_rate': 7.54467934908513e-05, 'epoch': 9.09}
{'loss': 0.1528, 'grad_norm': 1.5947930812835693, 'learning_rate': 7.540134635303378e-05, 'epoch': 9.11}
{'loss': 0.2522, 'grad_norm': 28.29541778564453, 'learning_rate': 7.535589921521627e-05, 'epoch': 9.12}
{'loss': 0.2711, 'grad_norm': 9.31399917602539, 'learning_rate': 7.531045207739876e-05, 'epoch': 9.13}
{'loss': 0.1899, 'grad_norm': 19.644060134887695, 'learning_rate': 7.526500493958125e-05, 'epoch': 9.14}
{'loss': 0.1383, 'grad_norm': 6.999709606170654, 'learning_rate': 7.521955780176374e-05, 'epoch': 9.16}
{'loss': 0.2326, 'grad_norm': 10.922345161437988, 'learning_rate': 7.517411066394622e-05, 'epoch': 9.17}
{'loss': 0.1464, 'grad_norm': 9.095199584960938, 'learning_rate': 7.512866352612871e-05, 'epoch': 9.18}
{'loss': 0.1706, 'grad_norm': 17.550329208374023, 'learning_rate': 7.50832163883112e-05, 'epoch': 9.19}
{'loss': 0.1856, 'grad_norm': 2.5214669704437256, 'learning_rate': 7.503776925049369e-05, 'epoch': 9.21}
{'loss': 0.1502, 'grad_norm': 8.763102531433105, 'learning_rate': 7.499232211267618e-05, 'epoch': 9.22}
{'loss': 0.1872, 'grad_norm': 11.939488410949707, 'learning_rate': 7.494687497485866e-05, 'epoch': 9.23}
{'loss': 0.1528, 'grad_norm': 22.4005126953125, 'learning_rate': 7.490142783704114e-05, 'epoch': 9.24}
{'loss': 0.143, 'grad_norm': 22.065773010253906, 'learning_rate': 7.485598069922364e-05, 'epoch': 9.26}
{'loss': 0.173, 'grad_norm': 13.129386901855469, 'learning_rate': 7.481053356140613e-05, 'epoch': 9.27}
{'loss': 0.2171, 'grad_norm': 20.967355728149414, 'learning_rate': 7.476508642358862e-05, 'epoch': 9.28}
{'loss': 0.2343, 'grad_norm': 13.335277557373047, 'learning_rate': 7.47196392857711e-05, 'epoch': 9.29}
{'loss': 0.1901, 'grad_norm': 8.605411529541016, 'learning_rate': 7.467419214795359e-05, 'epoch': 9.31}
{'loss': 0.1926, 'grad_norm': 13.902077674865723, 'learning_rate': 7.462874501013608e-05, 'epoch': 9.32}
{'loss': 0.2311, 'grad_norm': 18.108903884887695, 'learning_rate': 7.458329787231857e-05, 'epoch': 9.33}
{'loss': 0.1967, 'grad_norm': 10.327797889709473, 'learning_rate': 7.453785073450106e-05, 'epoch': 9.35}
{'loss': 0.2857, 'grad_norm': 15.44858455657959, 'learning_rate': 7.449240359668354e-05, 'epoch': 9.36}
{'loss': 0.1984, 'grad_norm': 12.638538360595703, 'learning_rate': 7.444695645886603e-05, 'epoch': 9.37}
{'loss': 0.293, 'grad_norm': 15.293840408325195, 'learning_rate': 7.440150932104852e-05, 'epoch': 9.38}
{'loss': 0.2391, 'grad_norm': 8.6002197265625, 'learning_rate': 7.435606218323101e-05, 'epoch': 9.4}
{'loss': 0.2013, 'grad_norm': 4.408910274505615, 'learning_rate': 7.43106150454135e-05, 'epoch': 9.41}
{'loss': 0.1051, 'grad_norm': 8.990265846252441, 'learning_rate': 7.426516790759598e-05, 'epoch': 9.42}
{'loss': 0.1497, 'grad_norm': 2.895989179611206, 'learning_rate': 7.421972076977847e-05, 'epoch': 9.43}
{'loss': 0.1778, 'grad_norm': 5.497586250305176, 'learning_rate': 7.417427363196096e-05, 'epoch': 9.45}
{'loss': 0.1963, 'grad_norm': 20.02146339416504, 'learning_rate': 7.412882649414345e-05, 'epoch': 9.46}
{'loss': 0.098, 'grad_norm': 10.923965454101562, 'learning_rate': 7.408337935632594e-05, 'epoch': 9.47}
{'loss': 0.262, 'grad_norm': 9.727375030517578, 'learning_rate': 7.403793221850842e-05, 'epoch': 9.48}
{'loss': 0.1796, 'grad_norm': 27.483963012695312, 'learning_rate': 7.399248508069091e-05, 'epoch': 9.5}
{'loss': 0.163, 'grad_norm': 5.241913318634033, 'learning_rate': 7.394703794287341e-05, 'epoch': 9.51}
{'loss': 0.1706, 'grad_norm': 5.4377217292785645, 'learning_rate': 7.39015908050559e-05, 'epoch': 9.52}
{'loss': 0.2182, 'grad_norm': 10.142667770385742, 'learning_rate': 7.385614366723838e-05, 'epoch': 9.53}
{'loss': 0.1944, 'grad_norm': 10.049975395202637, 'learning_rate': 7.381069652942086e-05, 'epoch': 9.55}
{'loss': 0.2449, 'grad_norm': 16.491626739501953, 'learning_rate': 7.376524939160335e-05, 'epoch': 9.56}
{'loss': 0.2279, 'grad_norm': 10.83284854888916, 'learning_rate': 7.371980225378584e-05, 'epoch': 9.57}
{'loss': 0.1923, 'grad_norm': 15.898755073547363, 'learning_rate': 7.367435511596833e-05, 'epoch': 9.58}
{'loss': 0.1249, 'grad_norm': 5.16961669921875, 'learning_rate': 7.362890797815082e-05, 'epoch': 9.6}
{'loss': 0.1888, 'grad_norm': 27.08778953552246, 'learning_rate': 7.35834608403333e-05, 'epoch': 9.61}
{'loss': 0.1983, 'grad_norm': 8.153253555297852, 'learning_rate': 7.353801370251579e-05, 'epoch': 9.62}
{'loss': 0.2432, 'grad_norm': 1.636235237121582, 'learning_rate': 7.349256656469828e-05, 'epoch': 9.63}
{'loss': 0.1689, 'grad_norm': 9.42636489868164, 'learning_rate': 7.344711942688077e-05, 'epoch': 9.65}
{'loss': 0.1233, 'grad_norm': 9.03040885925293, 'learning_rate': 7.340167228906326e-05, 'epoch': 9.66}
{'loss': 0.2555, 'grad_norm': 11.535480499267578, 'learning_rate': 7.335622515124574e-05, 'epoch': 9.67}
{'loss': 0.1909, 'grad_norm': 17.785947799682617, 'learning_rate': 7.331077801342823e-05, 'epoch': 9.69}
{'loss': 0.157, 'grad_norm': 12.514175415039062, 'learning_rate': 7.326533087561072e-05, 'epoch': 9.7}
{'loss': 0.1278, 'grad_norm': 1.883924126625061, 'learning_rate': 7.321988373779321e-05, 'epoch': 9.71}
{'loss': 0.2462, 'grad_norm': 29.699275970458984, 'learning_rate': 7.31744365999757e-05, 'epoch': 9.72}
{'loss': 0.2432, 'grad_norm': 5.627024173736572, 'learning_rate': 7.312898946215819e-05, 'epoch': 9.74}
{'loss': 0.1626, 'grad_norm': 4.3146653175354, 'learning_rate': 7.308354232434067e-05, 'epoch': 9.75}
{'loss': 0.2376, 'grad_norm': 18.730026245117188, 'learning_rate': 7.303809518652317e-05, 'epoch': 9.76}
{'loss': 0.2523, 'grad_norm': 12.571126937866211, 'learning_rate': 7.299264804870566e-05, 'epoch': 9.77}
{'loss': 0.1832, 'grad_norm': 13.48812484741211, 'learning_rate': 7.294720091088815e-05, 'epoch': 9.79}
{'loss': 0.3352, 'grad_norm': 13.122685432434082, 'learning_rate': 7.290175377307064e-05, 'epoch': 9.8}
{'loss': 0.135, 'grad_norm': 9.723030090332031, 'learning_rate': 7.285630663525313e-05, 'epoch': 9.81}
{'loss': 0.1518, 'grad_norm': 7.526172637939453, 'learning_rate': 7.281085949743561e-05, 'epoch': 9.82}
{'loss': 0.1876, 'grad_norm': 6.72674036026001, 'learning_rate': 7.27654123596181e-05, 'epoch': 9.84}
{'loss': 0.2406, 'grad_norm': 7.056256294250488, 'learning_rate': 7.271996522180059e-05, 'epoch': 9.85}
{'loss': 0.2563, 'grad_norm': 31.737689971923828, 'learning_rate': 7.267451808398308e-05, 'epoch': 9.86}
{'loss': 0.2567, 'grad_norm': 4.101836204528809, 'learning_rate': 7.262907094616557e-05, 'epoch': 9.87}
{'loss': 0.1755, 'grad_norm': 14.647758483886719, 'learning_rate': 7.258362380834806e-05, 'epoch': 9.89}
{'loss': 0.2123, 'grad_norm': 9.217843055725098, 'learning_rate': 7.253817667053054e-05, 'epoch': 9.9}
{'loss': 0.1652, 'grad_norm': 11.595730781555176, 'learning_rate': 7.249272953271303e-05, 'epoch': 9.91}
{'loss': 0.2458, 'grad_norm': 67.09414672851562, 'learning_rate': 7.24472823948955e-05, 'epoch': 9.92}
{'loss': 0.1782, 'grad_norm': 17.774019241333008, 'learning_rate': 7.2401835257078e-05, 'epoch': 9.94}
{'loss': 0.1693, 'grad_norm': 15.177299499511719, 'learning_rate': 7.235638811926048e-05, 'epoch': 9.95}
{'loss': 0.1881, 'grad_norm': 19.493066787719727, 'learning_rate': 7.231094098144297e-05, 'epoch': 9.96}
{'loss': 0.213, 'grad_norm': 16.021818161010742, 'learning_rate': 7.226549384362546e-05, 'epoch': 9.97}
{'loss': 0.2352, 'grad_norm': 24.924274444580078, 'learning_rate': 7.222004670580795e-05, 'epoch': 9.99}
{'loss': 0.2201, 'grad_norm': 21.623016357421875, 'learning_rate': 7.217459956799043e-05, 'epoch': 10.0}
{'eval_loss': 0.6749852895736694, 'eval_f1_macro': 0.8161549910091718, 'eval_f1_weighted': 0.8233815038941711, 'eval_precision_macro': 0.8234033658603799, 'eval_recall_macro': 0.8123884472635657, 'eval_accuracy': 0.8246097337006428, 'eval_runtime': 5.5622, 'eval_samples_per_second': 978.923, 'eval_steps_per_second': 15.461, 'epoch': 10.0}
{'loss': 0.132, 'grad_norm': 11.22830581665039, 'learning_rate': 7.212915243017292e-05, 'epoch': 10.01}
{'loss': 0.1735, 'grad_norm': 7.538568019866943, 'learning_rate': 7.208370529235542e-05, 'epoch': 10.03}
{'loss': 0.1852, 'grad_norm': 10.034683227539062, 'learning_rate': 7.203825815453791e-05, 'epoch': 10.04}
{'loss': 0.1314, 'grad_norm': 1.8978071212768555, 'learning_rate': 7.19928110167204e-05, 'epoch': 10.05}
{'loss': 0.1577, 'grad_norm': 11.801021575927734, 'learning_rate': 7.194736387890289e-05, 'epoch': 10.06}
{'loss': 0.1276, 'grad_norm': 16.426443099975586, 'learning_rate': 7.190191674108538e-05, 'epoch': 10.08}
{'loss': 0.0868, 'grad_norm': 3.1557672023773193, 'learning_rate': 7.185646960326786e-05, 'epoch': 10.09}
{'loss': 0.1734, 'grad_norm': 15.593844413757324, 'learning_rate': 7.181102246545035e-05, 'epoch': 10.1}
{'loss': 0.1334, 'grad_norm': 19.32131004333496, 'learning_rate': 7.176557532763284e-05, 'epoch': 10.11}
{'loss': 0.174, 'grad_norm': 21.995237350463867, 'learning_rate': 7.172012818981533e-05, 'epoch': 10.13}
{'loss': 0.1397, 'grad_norm': 10.449721336364746, 'learning_rate': 7.167468105199782e-05, 'epoch': 10.14}
{'loss': 0.1531, 'grad_norm': 6.163017272949219, 'learning_rate': 7.16292339141803e-05, 'epoch': 10.15}
{'loss': 0.1676, 'grad_norm': 12.432784080505371, 'learning_rate': 7.158378677636279e-05, 'epoch': 10.16}
{'loss': 0.1328, 'grad_norm': 7.699221134185791, 'learning_rate': 7.153833963854528e-05, 'epoch': 10.18}
{'loss': 0.1302, 'grad_norm': 4.478104114532471, 'learning_rate': 7.149289250072777e-05, 'epoch': 10.19}
{'loss': 0.1174, 'grad_norm': 23.471193313598633, 'learning_rate': 7.144744536291026e-05, 'epoch': 10.2}
{'loss': 0.1969, 'grad_norm': 11.925965309143066, 'learning_rate': 7.140199822509274e-05, 'epoch': 10.21}
{'loss': 0.146, 'grad_norm': 12.821022033691406, 'learning_rate': 7.135655108727523e-05, 'epoch': 10.23}
{'loss': 0.2141, 'grad_norm': 23.244237899780273, 'learning_rate': 7.131110394945772e-05, 'epoch': 10.24}
{'loss': 0.1176, 'grad_norm': 16.49648666381836, 'learning_rate': 7.126565681164021e-05, 'epoch': 10.25}
{'loss': 0.1787, 'grad_norm': 32.190155029296875, 'learning_rate': 7.12202096738227e-05, 'epoch': 10.26}
{'loss': 0.0917, 'grad_norm': 14.612386703491211, 'learning_rate': 7.117476253600518e-05, 'epoch': 10.28}
{'loss': 0.071, 'grad_norm': 30.889625549316406, 'learning_rate': 7.112931539818767e-05, 'epoch': 10.29}
{'loss': 0.2128, 'grad_norm': 16.95920181274414, 'learning_rate': 7.108386826037016e-05, 'epoch': 10.3}
{'loss': 0.2309, 'grad_norm': 18.09579849243164, 'learning_rate': 7.103842112255265e-05, 'epoch': 10.31}
{'loss': 0.1769, 'grad_norm': 15.775689125061035, 'learning_rate': 7.099297398473514e-05, 'epoch': 10.33}
{'loss': 0.2027, 'grad_norm': 1.1834304332733154, 'learning_rate': 7.094752684691762e-05, 'epoch': 10.34}
{'loss': 0.1984, 'grad_norm': 5.913568019866943, 'learning_rate': 7.090207970910011e-05, 'epoch': 10.35}
{'loss': 0.1378, 'grad_norm': 7.867644309997559, 'learning_rate': 7.08566325712826e-05, 'epoch': 10.37}
{'loss': 0.1656, 'grad_norm': 15.558212280273438, 'learning_rate': 7.081118543346509e-05, 'epoch': 10.38}
{'loss': 0.1497, 'grad_norm': 7.920175552368164, 'learning_rate': 7.076573829564758e-05, 'epoch': 10.39}
{'loss': 0.2871, 'grad_norm': 5.089159965515137, 'learning_rate': 7.072029115783006e-05, 'epoch': 10.4}
{'loss': 0.1011, 'grad_norm': 15.868936538696289, 'learning_rate': 7.067484402001255e-05, 'epoch': 10.42}
{'loss': 0.2178, 'grad_norm': 19.344314575195312, 'learning_rate': 7.062939688219504e-05, 'epoch': 10.43}
{'loss': 0.1792, 'grad_norm': 17.977157592773438, 'learning_rate': 7.058394974437753e-05, 'epoch': 10.44}
{'loss': 0.1598, 'grad_norm': 18.087034225463867, 'learning_rate': 7.053850260656002e-05, 'epoch': 10.45}
{'loss': 0.2018, 'grad_norm': 20.657047271728516, 'learning_rate': 7.04930554687425e-05, 'epoch': 10.47}
{'loss': 0.2119, 'grad_norm': 6.459080219268799, 'learning_rate': 7.044760833092499e-05, 'epoch': 10.48}
{'loss': 0.2091, 'grad_norm': 2.981201410293579, 'learning_rate': 7.040216119310748e-05, 'epoch': 10.49}
{'loss': 0.1835, 'grad_norm': 4.394398212432861, 'learning_rate': 7.035671405528997e-05, 'epoch': 10.5}
{'loss': 0.214, 'grad_norm': 9.43535327911377, 'learning_rate': 7.031126691747246e-05, 'epoch': 10.52}
{'loss': 0.1674, 'grad_norm': 20.417688369750977, 'learning_rate': 7.026581977965496e-05, 'epoch': 10.53}
{'loss': 0.1286, 'grad_norm': 5.17403507232666, 'learning_rate': 7.022037264183745e-05, 'epoch': 10.54}
{'loss': 0.2123, 'grad_norm': 6.746543884277344, 'learning_rate': 7.017492550401993e-05, 'epoch': 10.55}
{'loss': 0.2085, 'grad_norm': 14.05882453918457, 'learning_rate': 7.012947836620242e-05, 'epoch': 10.57}
{'loss': 0.1687, 'grad_norm': 9.733675956726074, 'learning_rate': 7.008403122838491e-05, 'epoch': 10.58}
{'loss': 0.2328, 'grad_norm': 16.025959014892578, 'learning_rate': 7.00385840905674e-05, 'epoch': 10.59}
{'loss': 0.1385, 'grad_norm': 7.582275867462158, 'learning_rate': 6.999313695274989e-05, 'epoch': 10.6}
{'loss': 0.1132, 'grad_norm': 6.072320461273193, 'learning_rate': 6.994768981493236e-05, 'epoch': 10.62}
{'loss': 0.1701, 'grad_norm': 10.24150562286377, 'learning_rate': 6.990224267711485e-05, 'epoch': 10.63}
{'loss': 0.195, 'grad_norm': 19.964174270629883, 'learning_rate': 6.985679553929734e-05, 'epoch': 10.64}
{'loss': 0.1951, 'grad_norm': 14.064502716064453, 'learning_rate': 6.981134840147983e-05, 'epoch': 10.65}
{'loss': 0.292, 'grad_norm': 14.997815132141113, 'learning_rate': 6.976590126366231e-05, 'epoch': 10.67}
{'loss': 0.1582, 'grad_norm': 16.7690372467041, 'learning_rate': 6.97204541258448e-05, 'epoch': 10.68}
{'loss': 0.1159, 'grad_norm': 13.433310508728027, 'learning_rate': 6.967500698802729e-05, 'epoch': 10.69}
{'loss': 0.147, 'grad_norm': 10.96186351776123, 'learning_rate': 6.962955985020978e-05, 'epoch': 10.71}
{'loss': 0.1695, 'grad_norm': 9.587182998657227, 'learning_rate': 6.958411271239227e-05, 'epoch': 10.72}
{'loss': 0.2191, 'grad_norm': 11.712339401245117, 'learning_rate': 6.953866557457475e-05, 'epoch': 10.73}
{'loss': 0.1836, 'grad_norm': 28.101470947265625, 'learning_rate': 6.949321843675724e-05, 'epoch': 10.74}
{'loss': 0.1576, 'grad_norm': 12.900537490844727, 'learning_rate': 6.944777129893973e-05, 'epoch': 10.76}
{'loss': 0.1954, 'grad_norm': 15.835077285766602, 'learning_rate': 6.940232416112222e-05, 'epoch': 10.77}
{'loss': 0.1387, 'grad_norm': 9.970335960388184, 'learning_rate': 6.935687702330472e-05, 'epoch': 10.78}
{'loss': 0.2019, 'grad_norm': 17.225080490112305, 'learning_rate': 6.931142988548721e-05, 'epoch': 10.79}
{'loss': 0.1486, 'grad_norm': 5.091725826263428, 'learning_rate': 6.92659827476697e-05, 'epoch': 10.81}
{'loss': 0.2514, 'grad_norm': 19.530384063720703, 'learning_rate': 6.922053560985218e-05, 'epoch': 10.82}
{'loss': 0.1182, 'grad_norm': 11.437567710876465, 'learning_rate': 6.917508847203467e-05, 'epoch': 10.83}
{'loss': 0.1664, 'grad_norm': 9.419711112976074, 'learning_rate': 6.912964133421716e-05, 'epoch': 10.84}
{'loss': 0.1667, 'grad_norm': 1.481608510017395, 'learning_rate': 6.908419419639965e-05, 'epoch': 10.86}
{'loss': 0.1137, 'grad_norm': 9.664786338806152, 'learning_rate': 6.903874705858214e-05, 'epoch': 10.87}
{'loss': 0.1342, 'grad_norm': 7.988287925720215, 'learning_rate': 6.899329992076462e-05, 'epoch': 10.88}
{'loss': 0.1544, 'grad_norm': 2.739426612854004, 'learning_rate': 6.894785278294711e-05, 'epoch': 10.89}
{'loss': 0.2173, 'grad_norm': 23.37577247619629, 'learning_rate': 6.89024056451296e-05, 'epoch': 10.91}
{'loss': 0.1669, 'grad_norm': 14.755973815917969, 'learning_rate': 6.885695850731209e-05, 'epoch': 10.92}
{'loss': 0.1322, 'grad_norm': 6.59589958190918, 'learning_rate': 6.881151136949458e-05, 'epoch': 10.93}
{'loss': 0.1692, 'grad_norm': 14.277420997619629, 'learning_rate': 6.876606423167706e-05, 'epoch': 10.94}
{'loss': 0.0936, 'grad_norm': 7.045229911804199, 'learning_rate': 6.872061709385955e-05, 'epoch': 10.96}
{'loss': 0.1656, 'grad_norm': 2.832364320755005, 'learning_rate': 6.867516995604204e-05, 'epoch': 10.97}
{'loss': 0.1926, 'grad_norm': 23.914710998535156, 'learning_rate': 6.862972281822453e-05, 'epoch': 10.98}
{'loss': 0.1759, 'grad_norm': 17.95722007751465, 'learning_rate': 6.858427568040702e-05, 'epoch': 10.99}
{'eval_loss': 0.8257489800453186, 'eval_f1_macro': 0.8093377112770568, 'eval_f1_weighted': 0.8147577053489629, 'eval_precision_macro': 0.8198253756401598, 'eval_recall_macro': 0.8068118265923052, 'eval_accuracy': 0.8174471992653811, 'eval_runtime': 310.5904, 'eval_samples_per_second': 17.531, 'eval_steps_per_second': 0.277, 'epoch': 11.0}
{'loss': 0.1103, 'grad_norm': 24.948139190673828, 'learning_rate': 6.853882854258949e-05, 'epoch': 11.01}
{'loss': 0.1524, 'grad_norm': 28.27425765991211, 'learning_rate': 6.849338140477198e-05, 'epoch': 11.02}
{'loss': 0.1464, 'grad_norm': 9.501039505004883, 'learning_rate': 6.844793426695448e-05, 'epoch': 11.03}
{'loss': 0.111, 'grad_norm': 12.383971214294434, 'learning_rate': 6.840248712913697e-05, 'epoch': 11.05}
{'loss': 0.1376, 'grad_norm': 5.313851356506348, 'learning_rate': 6.835703999131946e-05, 'epoch': 11.06}
{'loss': 0.0959, 'grad_norm': 14.523427963256836, 'learning_rate': 6.831159285350194e-05, 'epoch': 11.07}
{'loss': 0.1293, 'grad_norm': 20.90711784362793, 'learning_rate': 6.826614571568443e-05, 'epoch': 11.08}
{'loss': 0.1374, 'grad_norm': 8.844446182250977, 'learning_rate': 6.822069857786692e-05, 'epoch': 11.1}
{'loss': 0.1833, 'grad_norm': 2.4868762493133545, 'learning_rate': 6.817525144004941e-05, 'epoch': 11.11}
{'loss': 0.2019, 'grad_norm': 2.8444812297821045, 'learning_rate': 6.81298043022319e-05, 'epoch': 11.12}
{'loss': 0.1417, 'grad_norm': 7.2150421142578125, 'learning_rate': 6.808435716441438e-05, 'epoch': 11.13}
{'loss': 0.0998, 'grad_norm': 1.8620916604995728, 'learning_rate': 6.803891002659687e-05, 'epoch': 11.15}
{'loss': 0.1777, 'grad_norm': 1.9036790132522583, 'learning_rate': 6.799346288877936e-05, 'epoch': 11.16}
{'loss': 0.0982, 'grad_norm': 5.201567649841309, 'learning_rate': 6.794801575096185e-05, 'epoch': 11.17}
{'loss': 0.1751, 'grad_norm': 2.905115842819214, 'learning_rate': 6.790256861314434e-05, 'epoch': 11.18}
{'loss': 0.0794, 'grad_norm': 20.312772750854492, 'learning_rate': 6.785712147532682e-05, 'epoch': 11.2}
{'loss': 0.1023, 'grad_norm': 15.048412322998047, 'learning_rate': 6.781167433750931e-05, 'epoch': 11.21}
{'loss': 0.1367, 'grad_norm': 5.937863349914551, 'learning_rate': 6.77662271996918e-05, 'epoch': 11.22}
{'loss': 0.165, 'grad_norm': 0.8876509666442871, 'learning_rate': 6.772078006187429e-05, 'epoch': 11.23}
{'loss': 0.1193, 'grad_norm': 29.000904083251953, 'learning_rate': 6.767533292405678e-05, 'epoch': 11.25}
{'loss': 0.11, 'grad_norm': 10.370494842529297, 'learning_rate': 6.762988578623926e-05, 'epoch': 11.26}
{'loss': 0.1107, 'grad_norm': 13.175954818725586, 'learning_rate': 6.758443864842175e-05, 'epoch': 11.27}
{'loss': 0.13, 'grad_norm': 23.649856567382812, 'learning_rate': 6.753899151060424e-05, 'epoch': 11.28}
{'loss': 0.1481, 'grad_norm': 11.943146705627441, 'learning_rate': 6.749354437278673e-05, 'epoch': 11.3}
{'loss': 0.1187, 'grad_norm': 18.81024742126465, 'learning_rate': 6.744809723496922e-05, 'epoch': 11.31}
{'loss': 0.1578, 'grad_norm': 7.302199363708496, 'learning_rate': 6.74026500971517e-05, 'epoch': 11.32}
{'loss': 0.2016, 'grad_norm': 62.327171325683594, 'learning_rate': 6.735720295933419e-05, 'epoch': 11.34}
{'loss': 0.0981, 'grad_norm': 7.6548357009887695, 'learning_rate': 6.731175582151668e-05, 'epoch': 11.35}
{'loss': 0.158, 'grad_norm': 7.592083930969238, 'learning_rate': 6.726630868369917e-05, 'epoch': 11.36}
{'loss': 0.1384, 'grad_norm': 6.917640686035156, 'learning_rate': 6.722086154588166e-05, 'epoch': 11.37}
{'loss': 0.1294, 'grad_norm': 27.476327896118164, 'learning_rate': 6.717541440806415e-05, 'epoch': 11.39}
{'loss': 0.1823, 'grad_norm': 6.1492180824279785, 'learning_rate': 6.712996727024663e-05, 'epoch': 11.4}
{'loss': 0.1266, 'grad_norm': 8.910364151000977, 'learning_rate': 6.708452013242912e-05, 'epoch': 11.41}
{'loss': 0.1963, 'grad_norm': 25.62592887878418, 'learning_rate': 6.703907299461161e-05, 'epoch': 11.42}
{'loss': 0.2227, 'grad_norm': 15.930041313171387, 'learning_rate': 6.69936258567941e-05, 'epoch': 11.44}
{'loss': 0.1501, 'grad_norm': 9.639106750488281, 'learning_rate': 6.694817871897659e-05, 'epoch': 11.45}
{'loss': 0.1354, 'grad_norm': 16.017160415649414, 'learning_rate': 6.690273158115907e-05, 'epoch': 11.46}
{'loss': 0.1595, 'grad_norm': 17.42182159423828, 'learning_rate': 6.685728444334156e-05, 'epoch': 11.47}
{'loss': 0.1708, 'grad_norm': 0.5748817324638367, 'learning_rate': 6.681183730552405e-05, 'epoch': 11.49}
{'loss': 0.2219, 'grad_norm': 14.113791465759277, 'learning_rate': 6.676639016770654e-05, 'epoch': 11.5}
{'loss': 0.0818, 'grad_norm': 9.6741304397583, 'learning_rate': 6.672094302988903e-05, 'epoch': 11.51}
{'loss': 0.0996, 'grad_norm': 12.832763671875, 'learning_rate': 6.667549589207151e-05, 'epoch': 11.52}
{'loss': 0.2002, 'grad_norm': 12.01860237121582, 'learning_rate': 6.6630048754254e-05, 'epoch': 11.54}
{'loss': 0.0504, 'grad_norm': 3.1721572875976562, 'learning_rate': 6.65846016164365e-05, 'epoch': 11.55}
{'loss': 0.1225, 'grad_norm': 9.843565940856934, 'learning_rate': 6.653915447861899e-05, 'epoch': 11.56}
{'loss': 0.1223, 'grad_norm': 15.716988563537598, 'learning_rate': 6.649370734080148e-05, 'epoch': 11.57}
{'loss': 0.1371, 'grad_norm': 10.821932792663574, 'learning_rate': 6.644826020298397e-05, 'epoch': 11.59}
{'loss': 0.1608, 'grad_norm': 4.940978527069092, 'learning_rate': 6.640281306516646e-05, 'epoch': 11.6}
{'loss': 0.2144, 'grad_norm': 11.354547500610352, 'learning_rate': 6.635736592734894e-05, 'epoch': 11.61}
{'loss': 0.1911, 'grad_norm': 5.408864498138428, 'learning_rate': 6.631191878953143e-05, 'epoch': 11.62}
{'loss': 0.1674, 'grad_norm': 7.260674953460693, 'learning_rate': 6.626647165171392e-05, 'epoch': 11.64}
{'loss': 0.2104, 'grad_norm': 8.098796844482422, 'learning_rate': 6.622102451389641e-05, 'epoch': 11.65}
{'loss': 0.1076, 'grad_norm': 8.317031860351562, 'learning_rate': 6.61755773760789e-05, 'epoch': 11.66}
{'loss': 0.1777, 'grad_norm': 17.397106170654297, 'learning_rate': 6.613013023826138e-05, 'epoch': 11.68}
{'loss': 0.1182, 'grad_norm': 0.8911926746368408, 'learning_rate': 6.608468310044387e-05, 'epoch': 11.69}
{'loss': 0.1274, 'grad_norm': 3.0778214931488037, 'learning_rate': 6.603923596262635e-05, 'epoch': 11.7}
{'loss': 0.1156, 'grad_norm': 15.764945030212402, 'learning_rate': 6.599378882480883e-05, 'epoch': 11.71}
{'loss': 0.1172, 'grad_norm': 6.657491683959961, 'learning_rate': 6.594834168699132e-05, 'epoch': 11.73}
{'loss': 0.1524, 'grad_norm': 12.473428726196289, 'learning_rate': 6.590289454917381e-05, 'epoch': 11.74}
{'loss': 0.0541, 'grad_norm': 6.172586441040039, 'learning_rate': 6.58574474113563e-05, 'epoch': 11.75}
{'loss': 0.1106, 'grad_norm': 1.6368553638458252, 'learning_rate': 6.581200027353879e-05, 'epoch': 11.76}
{'loss': 0.1626, 'grad_norm': 12.272323608398438, 'learning_rate': 6.576655313572127e-05, 'epoch': 11.78}
{'loss': 0.1446, 'grad_norm': 8.910499572753906, 'learning_rate': 6.572110599790376e-05, 'epoch': 11.79}
{'loss': 0.1532, 'grad_norm': 1.8943809270858765, 'learning_rate': 6.567565886008626e-05, 'epoch': 11.8}
{'loss': 0.1271, 'grad_norm': 9.20345401763916, 'learning_rate': 6.563021172226875e-05, 'epoch': 11.81}
{'loss': 0.1428, 'grad_norm': 1.2264976501464844, 'learning_rate': 6.558476458445124e-05, 'epoch': 11.83}
{'loss': 0.1605, 'grad_norm': 16.275497436523438, 'learning_rate': 6.553931744663373e-05, 'epoch': 11.84}
{'loss': 0.1329, 'grad_norm': 5.118771553039551, 'learning_rate': 6.549387030881622e-05, 'epoch': 11.85}
{'loss': 0.151, 'grad_norm': 9.5295991897583, 'learning_rate': 6.54484231709987e-05, 'epoch': 11.86}
{'loss': 0.1624, 'grad_norm': 1.072739839553833, 'learning_rate': 6.540297603318119e-05, 'epoch': 11.88}
{'loss': 0.1593, 'grad_norm': 28.5430908203125, 'learning_rate': 6.535752889536368e-05, 'epoch': 11.89}
{'loss': 0.1173, 'grad_norm': 0.3763396739959717, 'learning_rate': 6.531208175754617e-05, 'epoch': 11.9}
{'loss': 0.1468, 'grad_norm': 17.096694946289062, 'learning_rate': 6.526663461972866e-05, 'epoch': 11.91}
{'loss': 0.2395, 'grad_norm': 8.07235050201416, 'learning_rate': 6.522118748191114e-05, 'epoch': 11.93}
{'loss': 0.1812, 'grad_norm': 24.1890926361084, 'learning_rate': 6.517574034409363e-05, 'epoch': 11.94}
{'loss': 0.1382, 'grad_norm': 11.911344528198242, 'learning_rate': 6.513029320627612e-05, 'epoch': 11.95}
{'loss': 0.1171, 'grad_norm': 5.836806297302246, 'learning_rate': 6.508484606845861e-05, 'epoch': 11.96}
{'loss': 0.1811, 'grad_norm': 27.857593536376953, 'learning_rate': 6.50393989306411e-05, 'epoch': 11.98}
{'loss': 0.1642, 'grad_norm': 3.699763298034668, 'learning_rate': 6.499395179282358e-05, 'epoch': 11.99}
{'eval_loss': 0.7206133008003235, 'eval_f1_macro': 0.8127411955535901, 'eval_f1_weighted': 0.8231882845317877, 'eval_precision_macro': 0.8114335528659877, 'eval_recall_macro': 0.8184470633116195, 'eval_accuracy': 0.8233241505968779, 'eval_runtime': 5.5333, 'eval_samples_per_second': 984.036, 'eval_steps_per_second': 15.542, 'epoch': 12.0}
{'loss': 0.1291, 'grad_norm': 1.8504753112792969, 'learning_rate': 6.494850465500607e-05, 'epoch': 12.0}
{'loss': 0.1137, 'grad_norm': 9.653998374938965, 'learning_rate': 6.490305751718856e-05, 'epoch': 12.02}
{'loss': 0.0937, 'grad_norm': 18.372325897216797, 'learning_rate': 6.485761037937105e-05, 'epoch': 12.03}
{'loss': 0.1509, 'grad_norm': 22.54924964904785, 'learning_rate': 6.481216324155354e-05, 'epoch': 12.04}
{'loss': 0.1237, 'grad_norm': 16.02037811279297, 'learning_rate': 6.476671610373602e-05, 'epoch': 12.05}
{'loss': 0.1537, 'grad_norm': 25.904476165771484, 'learning_rate': 6.472126896591851e-05, 'epoch': 12.07}
{'loss': 0.1483, 'grad_norm': 0.15247772634029388, 'learning_rate': 6.4675821828101e-05, 'epoch': 12.08}
{'loss': 0.0561, 'grad_norm': 9.750885009765625, 'learning_rate': 6.463037469028349e-05, 'epoch': 12.09}
{'loss': 0.1331, 'grad_norm': 7.434323310852051, 'learning_rate': 6.458492755246598e-05, 'epoch': 12.1}
{'loss': 0.132, 'grad_norm': 23.59699821472168, 'learning_rate': 6.453948041464847e-05, 'epoch': 12.12}
{'loss': 0.0887, 'grad_norm': 5.445126056671143, 'learning_rate': 6.449403327683095e-05, 'epoch': 12.13}
{'loss': 0.0579, 'grad_norm': 4.293087959289551, 'learning_rate': 6.444858613901344e-05, 'epoch': 12.14}
{'loss': 0.135, 'grad_norm': 10.9906587600708, 'learning_rate': 6.440313900119593e-05, 'epoch': 12.15}
{'loss': 0.1629, 'grad_norm': 29.564985275268555, 'learning_rate': 6.435769186337842e-05, 'epoch': 12.17}
{'loss': 0.1185, 'grad_norm': 23.164485931396484, 'learning_rate': 6.43122447255609e-05, 'epoch': 12.18}
{'loss': 0.0894, 'grad_norm': 15.706155776977539, 'learning_rate': 6.42667975877434e-05, 'epoch': 12.19}
{'loss': 0.0924, 'grad_norm': 19.30764389038086, 'learning_rate': 6.422135044992588e-05, 'epoch': 12.2}
{'loss': 0.0721, 'grad_norm': 7.55650520324707, 'learning_rate': 6.417590331210837e-05, 'epoch': 12.22}
{'loss': 0.2332, 'grad_norm': 33.62505340576172, 'learning_rate': 6.413045617429086e-05, 'epoch': 12.23}
{'loss': 0.0966, 'grad_norm': 7.922713756561279, 'learning_rate': 6.408500903647335e-05, 'epoch': 12.24}
{'loss': 0.1433, 'grad_norm': 11.406393051147461, 'learning_rate': 6.403956189865583e-05, 'epoch': 12.25}
{'loss': 0.1369, 'grad_norm': 14.740238189697266, 'learning_rate': 6.399411476083832e-05, 'epoch': 12.27}
{'loss': 0.1096, 'grad_norm': 11.8186674118042, 'learning_rate': 6.394866762302081e-05, 'epoch': 12.28}
{'loss': 0.0852, 'grad_norm': 6.405831336975098, 'learning_rate': 6.39032204852033e-05, 'epoch': 12.29}
{'loss': 0.1721, 'grad_norm': 16.57994270324707, 'learning_rate': 6.38577733473858e-05, 'epoch': 12.3}
{'loss': 0.1185, 'grad_norm': 35.28662109375, 'learning_rate': 6.381232620956829e-05, 'epoch': 12.32}
{'loss': 0.1025, 'grad_norm': 10.002970695495605, 'learning_rate': 6.376687907175078e-05, 'epoch': 12.33}
{'loss': 0.1019, 'grad_norm': 13.765445709228516, 'learning_rate': 6.372143193393326e-05, 'epoch': 12.34}
{'loss': 0.0655, 'grad_norm': 9.608453750610352, 'learning_rate': 6.367598479611575e-05, 'epoch': 12.36}
{'loss': 0.0851, 'grad_norm': 7.331090927124023, 'learning_rate': 6.363053765829824e-05, 'epoch': 12.37}
{'loss': 0.1729, 'grad_norm': 19.59958267211914, 'learning_rate': 6.358509052048071e-05, 'epoch': 12.38}
{'loss': 0.122, 'grad_norm': 34.9659538269043, 'learning_rate': 6.35396433826632e-05, 'epoch': 12.39}
{'loss': 0.1345, 'grad_norm': 51.63992691040039, 'learning_rate': 6.349419624484569e-05, 'epoch': 12.41}
{'loss': 0.1572, 'grad_norm': 8.209603309631348, 'learning_rate': 6.344874910702818e-05, 'epoch': 12.42}
{'loss': 0.0997, 'grad_norm': 20.171653747558594, 'learning_rate': 6.340330196921067e-05, 'epoch': 12.43}
{'loss': 0.1871, 'grad_norm': 64.7569351196289, 'learning_rate': 6.335785483139315e-05, 'epoch': 12.44}
{'loss': 0.1312, 'grad_norm': 2.913877487182617, 'learning_rate': 6.331240769357564e-05, 'epoch': 12.46}
{'loss': 0.1779, 'grad_norm': 16.441810607910156, 'learning_rate': 6.326696055575813e-05, 'epoch': 12.47}
{'loss': 0.1626, 'grad_norm': 9.8552885055542, 'learning_rate': 6.322151341794062e-05, 'epoch': 12.48}
{'loss': 0.2002, 'grad_norm': 18.039688110351562, 'learning_rate': 6.31760662801231e-05, 'epoch': 12.49}
{'loss': 0.1566, 'grad_norm': 12.784148216247559, 'learning_rate': 6.31306191423056e-05, 'epoch': 12.51}
{'loss': 0.0763, 'grad_norm': 1.624780297279358, 'learning_rate': 6.308517200448808e-05, 'epoch': 12.52}
{'loss': 0.1469, 'grad_norm': 3.7321369647979736, 'learning_rate': 6.303972486667057e-05, 'epoch': 12.53}
{'loss': 0.0971, 'grad_norm': 2.7372400760650635, 'learning_rate': 6.299427772885306e-05, 'epoch': 12.54}
{'loss': 0.095, 'grad_norm': 5.906711101531982, 'learning_rate': 6.294883059103555e-05, 'epoch': 12.56}
{'loss': 0.2047, 'grad_norm': 13.437209129333496, 'learning_rate': 6.290338345321805e-05, 'epoch': 12.57}
{'loss': 0.1155, 'grad_norm': 3.2620413303375244, 'learning_rate': 6.285793631540054e-05, 'epoch': 12.58}
{'loss': 0.0583, 'grad_norm': 16.101499557495117, 'learning_rate': 6.281248917758302e-05, 'epoch': 12.59}
{'loss': 0.1049, 'grad_norm': 15.728174209594727, 'learning_rate': 6.276704203976551e-05, 'epoch': 12.61}
{'loss': 0.2303, 'grad_norm': 11.252545356750488, 'learning_rate': 6.2721594901948e-05, 'epoch': 12.62}
{'loss': 0.198, 'grad_norm': 31.38083267211914, 'learning_rate': 6.267614776413049e-05, 'epoch': 12.63}
{'loss': 0.1343, 'grad_norm': 7.047924518585205, 'learning_rate': 6.263070062631298e-05, 'epoch': 12.64}
{'loss': 0.1001, 'grad_norm': 18.54017448425293, 'learning_rate': 6.258525348849546e-05, 'epoch': 12.66}
{'loss': 0.1265, 'grad_norm': 7.057336807250977, 'learning_rate': 6.253980635067795e-05, 'epoch': 12.67}
{'loss': 0.133, 'grad_norm': 17.708370208740234, 'learning_rate': 6.249435921286044e-05, 'epoch': 12.68}
{'loss': 0.1614, 'grad_norm': 16.81821632385254, 'learning_rate': 6.244891207504293e-05, 'epoch': 12.7}
{'loss': 0.1014, 'grad_norm': 14.980886459350586, 'learning_rate': 6.240346493722542e-05, 'epoch': 12.71}
{'loss': 0.2313, 'grad_norm': 11.173802375793457, 'learning_rate': 6.23580177994079e-05, 'epoch': 12.72}
{'loss': 0.0733, 'grad_norm': 9.569547653198242, 'learning_rate': 6.231257066159039e-05, 'epoch': 12.73}
{'loss': 0.1905, 'grad_norm': 32.68560028076172, 'learning_rate': 6.226712352377288e-05, 'epoch': 12.75}
{'loss': 0.194, 'grad_norm': 16.64878273010254, 'learning_rate': 6.222167638595537e-05, 'epoch': 12.76}
{'loss': 0.1336, 'grad_norm': 14.582609176635742, 'learning_rate': 6.217622924813786e-05, 'epoch': 12.77}
{'loss': 0.0998, 'grad_norm': 4.044807434082031, 'learning_rate': 6.213078211032033e-05, 'epoch': 12.78}
{'loss': 0.0811, 'grad_norm': 25.699356079101562, 'learning_rate': 6.208533497250282e-05, 'epoch': 12.8}
{'loss': 0.1117, 'grad_norm': 18.57884407043457, 'learning_rate': 6.203988783468531e-05, 'epoch': 12.81}
{'loss': 0.1454, 'grad_norm': 16.830284118652344, 'learning_rate': 6.199444069686781e-05, 'epoch': 12.82}
{'loss': 0.1931, 'grad_norm': 15.590818405151367, 'learning_rate': 6.19489935590503e-05, 'epoch': 12.83}
{'loss': 0.0954, 'grad_norm': 6.390641689300537, 'learning_rate': 6.190354642123279e-05, 'epoch': 12.85}
{'loss': 0.2697, 'grad_norm': 8.972260475158691, 'learning_rate': 6.185809928341527e-05, 'epoch': 12.86}
{'loss': 0.212, 'grad_norm': 20.880481719970703, 'learning_rate': 6.181265214559776e-05, 'epoch': 12.87}
{'loss': 0.0994, 'grad_norm': 3.620703935623169, 'learning_rate': 6.176720500778025e-05, 'epoch': 12.88}
{'loss': 0.039, 'grad_norm': 3.2465856075286865, 'learning_rate': 6.172175786996274e-05, 'epoch': 12.9}
{'loss': 0.1681, 'grad_norm': 17.531641006469727, 'learning_rate': 6.167631073214523e-05, 'epoch': 12.91}
{'loss': 0.186, 'grad_norm': 9.069637298583984, 'learning_rate': 6.163086359432771e-05, 'epoch': 12.92}
{'loss': 0.1293, 'grad_norm': 5.082571506500244, 'learning_rate': 6.15854164565102e-05, 'epoch': 12.93}
{'loss': 0.1348, 'grad_norm': 15.269881248474121, 'learning_rate': 6.153996931869269e-05, 'epoch': 12.95}
{'loss': 0.1186, 'grad_norm': 14.367341041564941, 'learning_rate': 6.149452218087518e-05, 'epoch': 12.96}
{'loss': 0.0788, 'grad_norm': 5.920737266540527, 'learning_rate': 6.144907504305767e-05, 'epoch': 12.97}
{'loss': 0.2065, 'grad_norm': 12.28807258605957, 'learning_rate': 6.140362790524015e-05, 'epoch': 12.98}
{'loss': 0.1043, 'grad_norm': 19.89166831970215, 'learning_rate': 6.135818076742264e-05, 'epoch': 13.0}
{'eval_loss': 0.8432372212409973, 'eval_f1_macro': 0.824052119843771, 'eval_f1_weighted': 0.833255182907925, 'eval_precision_macro': 0.8259202556213736, 'eval_recall_macro': 0.8286797830682984, 'eval_accuracy': 0.8339761248852158, 'eval_runtime': 312.4191, 'eval_samples_per_second': 17.429, 'eval_steps_per_second': 0.275, 'epoch': 13.0}
{'loss': 0.0984, 'grad_norm': 15.63901138305664, 'learning_rate': 6.131273362960513e-05, 'epoch': 13.01}
{'loss': 0.1177, 'grad_norm': 0.7289785742759705, 'learning_rate': 6.126728649178762e-05, 'epoch': 13.02}
{'loss': 0.197, 'grad_norm': 12.416351318359375, 'learning_rate': 6.12218393539701e-05, 'epoch': 13.04}
{'loss': 0.0663, 'grad_norm': 18.58118438720703, 'learning_rate': 6.11763922161526e-05, 'epoch': 13.05}
{'loss': 0.107, 'grad_norm': 10.300111770629883, 'learning_rate': 6.113094507833508e-05, 'epoch': 13.06}
{'loss': 0.1209, 'grad_norm': 16.82476234436035, 'learning_rate': 6.108549794051757e-05, 'epoch': 13.07}
{'loss': 0.1081, 'grad_norm': 6.327155113220215, 'learning_rate': 6.104005080270006e-05, 'epoch': 13.09}
{'loss': 0.1132, 'grad_norm': 4.1670050621032715, 'learning_rate': 6.099460366488255e-05, 'epoch': 13.1}
{'loss': 0.041, 'grad_norm': 18.065357208251953, 'learning_rate': 6.094915652706504e-05, 'epoch': 13.11}
{'loss': 0.0927, 'grad_norm': 0.4234364926815033, 'learning_rate': 6.090370938924753e-05, 'epoch': 13.12}
{'loss': 0.291, 'grad_norm': 0.29689928889274597, 'learning_rate': 6.085826225143002e-05, 'epoch': 13.14}
{'loss': 0.1102, 'grad_norm': 18.486888885498047, 'learning_rate': 6.0812815113612505e-05, 'epoch': 13.15}
{'loss': 0.1263, 'grad_norm': 2.3317620754241943, 'learning_rate': 6.076736797579499e-05, 'epoch': 13.16}
{'loss': 0.1133, 'grad_norm': 30.55224609375, 'learning_rate': 6.072192083797748e-05, 'epoch': 13.17}
{'loss': 0.1301, 'grad_norm': 16.007492065429688, 'learning_rate': 6.067647370015997e-05, 'epoch': 13.19}
{'loss': 0.1511, 'grad_norm': 5.007873058319092, 'learning_rate': 6.063102656234245e-05, 'epoch': 13.2}
{'loss': 0.0639, 'grad_norm': 12.470142364501953, 'learning_rate': 6.058557942452494e-05, 'epoch': 13.21}
{'loss': 0.1284, 'grad_norm': 12.3150634765625, 'learning_rate': 6.0540132286707426e-05, 'epoch': 13.22}
{'loss': 0.2431, 'grad_norm': 12.217212677001953, 'learning_rate': 6.0494685148889914e-05, 'epoch': 13.24}
{'loss': 0.1074, 'grad_norm': 21.68060302734375, 'learning_rate': 6.04492380110724e-05, 'epoch': 13.25}
{'loss': 0.0505, 'grad_norm': 13.8101224899292, 'learning_rate': 6.040379087325489e-05, 'epoch': 13.26}
{'loss': 0.1149, 'grad_norm': 13.18461799621582, 'learning_rate': 6.035834373543738e-05, 'epoch': 13.27}
{'loss': 0.0945, 'grad_norm': 0.22505126893520355, 'learning_rate': 6.0312896597619866e-05, 'epoch': 13.29}
{'loss': 0.1808, 'grad_norm': 15.348661422729492, 'learning_rate': 6.0267449459802354e-05, 'epoch': 13.3}
{'loss': 0.1437, 'grad_norm': 7.717297554016113, 'learning_rate': 6.022200232198484e-05, 'epoch': 13.31}
{'loss': 0.0819, 'grad_norm': 5.239467620849609, 'learning_rate': 6.0176555184167344e-05, 'epoch': 13.32}
{'loss': 0.0703, 'grad_norm': 16.69668197631836, 'learning_rate': 6.0131108046349825e-05, 'epoch': 13.34}
{'loss': 0.1568, 'grad_norm': 23.59044075012207, 'learning_rate': 6.0085660908532313e-05, 'epoch': 13.35}
{'loss': 0.0856, 'grad_norm': 3.091179132461548, 'learning_rate': 6.00402137707148e-05, 'epoch': 13.36}
{'loss': 0.0583, 'grad_norm': 0.49809011816978455, 'learning_rate': 5.999476663289729e-05, 'epoch': 13.38}
{'loss': 0.0394, 'grad_norm': 0.05344223603606224, 'learning_rate': 5.994931949507978e-05, 'epoch': 13.39}
{'loss': 0.104, 'grad_norm': 7.176918029785156, 'learning_rate': 5.9903872357262266e-05, 'epoch': 13.4}
{'loss': 0.0476, 'grad_norm': 12.415934562683105, 'learning_rate': 5.9858425219444754e-05, 'epoch': 13.41}
{'loss': 0.129, 'grad_norm': 15.91370677947998, 'learning_rate': 5.981297808162724e-05, 'epoch': 13.43}
{'loss': 0.0811, 'grad_norm': 1.1215118169784546, 'learning_rate': 5.976753094380973e-05, 'epoch': 13.44}
{'loss': 0.0995, 'grad_norm': 11.194247245788574, 'learning_rate': 5.972208380599222e-05, 'epoch': 13.45}
{'loss': 0.09, 'grad_norm': 0.3322294056415558, 'learning_rate': 5.9676636668174706e-05, 'epoch': 13.46}
{'loss': 0.162, 'grad_norm': 17.154176712036133, 'learning_rate': 5.9631189530357194e-05, 'epoch': 13.48}
{'loss': 0.0601, 'grad_norm': 3.5287060737609863, 'learning_rate': 5.958574239253968e-05, 'epoch': 13.49}
{'loss': 0.0563, 'grad_norm': 14.008280754089355, 'learning_rate': 5.954029525472217e-05, 'epoch': 13.5}
{'loss': 0.1143, 'grad_norm': 3.1833977699279785, 'learning_rate': 5.949484811690466e-05, 'epoch': 13.51}
{'loss': 0.0608, 'grad_norm': 22.730695724487305, 'learning_rate': 5.9449400979087146e-05, 'epoch': 13.53}
{'loss': 0.0521, 'grad_norm': 4.108474254608154, 'learning_rate': 5.9403953841269634e-05, 'epoch': 13.54}
{'loss': 0.0809, 'grad_norm': 8.505935668945312, 'learning_rate': 5.935850670345212e-05, 'epoch': 13.55}
{'loss': 0.1026, 'grad_norm': 12.32366943359375, 'learning_rate': 5.931305956563461e-05, 'epoch': 13.56}
{'loss': 0.1547, 'grad_norm': 44.39455032348633, 'learning_rate': 5.92676124278171e-05, 'epoch': 13.58}
{'loss': 0.2064, 'grad_norm': 10.653945922851562, 'learning_rate': 5.922216528999959e-05, 'epoch': 13.59}
{'loss': 0.174, 'grad_norm': 1.5438158512115479, 'learning_rate': 5.917671815218208e-05, 'epoch': 13.6}
{'loss': 0.0992, 'grad_norm': 15.80671215057373, 'learning_rate': 5.913127101436457e-05, 'epoch': 13.61}
{'loss': 0.0771, 'grad_norm': 4.859890937805176, 'learning_rate': 5.908582387654706e-05, 'epoch': 13.63}
{'loss': 0.1287, 'grad_norm': 12.267705917358398, 'learning_rate': 5.9040376738729545e-05, 'epoch': 13.64}
{'loss': 0.0689, 'grad_norm': 26.28666114807129, 'learning_rate': 5.899492960091203e-05, 'epoch': 13.65}
{'loss': 0.1177, 'grad_norm': 11.0131196975708, 'learning_rate': 5.894948246309452e-05, 'epoch': 13.66}
{'loss': 0.096, 'grad_norm': 0.5821318626403809, 'learning_rate': 5.890403532527701e-05, 'epoch': 13.68}
{'loss': 0.0972, 'grad_norm': 36.864013671875, 'learning_rate': 5.88585881874595e-05, 'epoch': 13.69}
{'loss': 0.157, 'grad_norm': 15.109480857849121, 'learning_rate': 5.8813141049641985e-05, 'epoch': 13.7}
{'loss': 0.1394, 'grad_norm': 38.71379852294922, 'learning_rate': 5.876769391182447e-05, 'epoch': 13.72}
{'loss': 0.0888, 'grad_norm': 7.458882808685303, 'learning_rate': 5.872224677400696e-05, 'epoch': 13.73}
{'loss': 0.1161, 'grad_norm': 7.760653495788574, 'learning_rate': 5.867679963618944e-05, 'epoch': 13.74}
{'loss': 0.1932, 'grad_norm': 9.395339012145996, 'learning_rate': 5.863135249837193e-05, 'epoch': 13.75}
{'loss': 0.2512, 'grad_norm': 13.181452751159668, 'learning_rate': 5.858590536055442e-05, 'epoch': 13.77}
{'loss': 0.1267, 'grad_norm': 14.670707702636719, 'learning_rate': 5.854045822273691e-05, 'epoch': 13.78}
{'loss': 0.0953, 'grad_norm': 2.743802309036255, 'learning_rate': 5.8495011084919395e-05, 'epoch': 13.79}
{'loss': 0.0962, 'grad_norm': 6.958832263946533, 'learning_rate': 5.844956394710188e-05, 'epoch': 13.8}
{'loss': 0.1414, 'grad_norm': 9.89575481414795, 'learning_rate': 5.840411680928437e-05, 'epoch': 13.82}
{'loss': 0.1037, 'grad_norm': 13.669151306152344, 'learning_rate': 5.835866967146686e-05, 'epoch': 13.83}
{'loss': 0.1205, 'grad_norm': 21.841665267944336, 'learning_rate': 5.831322253364936e-05, 'epoch': 13.84}
{'loss': 0.1428, 'grad_norm': 19.855831146240234, 'learning_rate': 5.826777539583185e-05, 'epoch': 13.85}
{'loss': 0.1098, 'grad_norm': 0.6599386930465698, 'learning_rate': 5.8222328258014337e-05, 'epoch': 13.87}
{'loss': 0.104, 'grad_norm': 14.863666534423828, 'learning_rate': 5.817688112019682e-05, 'epoch': 13.88}
{'loss': 0.156, 'grad_norm': 8.39640998840332, 'learning_rate': 5.8131433982379306e-05, 'epoch': 13.89}
{'loss': 0.1323, 'grad_norm': 13.159342765808105, 'learning_rate': 5.8085986844561794e-05, 'epoch': 13.9}
{'loss': 0.1004, 'grad_norm': 11.245856285095215, 'learning_rate': 5.804053970674428e-05, 'epoch': 13.92}
{'loss': 0.1196, 'grad_norm': 1.0651522874832153, 'learning_rate': 5.799509256892677e-05, 'epoch': 13.93}
{'loss': 0.1149, 'grad_norm': 0.7412135004997253, 'learning_rate': 5.794964543110926e-05, 'epoch': 13.94}
{'loss': 0.1128, 'grad_norm': 16.070932388305664, 'learning_rate': 5.7904198293291746e-05, 'epoch': 13.95}
{'loss': 0.1071, 'grad_norm': 0.48794594407081604, 'learning_rate': 5.7858751155474234e-05, 'epoch': 13.97}
{'loss': 0.1395, 'grad_norm': 20.204599380493164, 'learning_rate': 5.781330401765672e-05, 'epoch': 13.98}
{'loss': 0.0869, 'grad_norm': 20.16953468322754, 'learning_rate': 5.776785687983921e-05, 'epoch': 13.99}
{'eval_loss': 0.8556714057922363, 'eval_f1_macro': 0.8222094354797199, 'eval_f1_weighted': 0.8296164492534941, 'eval_precision_macro': 0.8234228612004016, 'eval_recall_macro': 0.8254709669154856, 'eval_accuracy': 0.830119375573921, 'eval_runtime': 309.2876, 'eval_samples_per_second': 17.605, 'eval_steps_per_second': 0.278, 'epoch': 14.0}
{'loss': 0.0968, 'grad_norm': 25.771581649780273, 'learning_rate': 5.77224097420217e-05, 'epoch': 14.01}
{'loss': 0.1249, 'grad_norm': 5.769893169403076, 'learning_rate': 5.7676962604204186e-05, 'epoch': 14.02}
{'loss': 0.0791, 'grad_norm': 16.06644058227539, 'learning_rate': 5.7631515466386674e-05, 'epoch': 14.03}
{'loss': 0.0126, 'grad_norm': 0.25013500452041626, 'learning_rate': 5.758606832856916e-05, 'epoch': 14.04}
{'loss': 0.0779, 'grad_norm': 15.262375831604004, 'learning_rate': 5.754062119075165e-05, 'epoch': 14.06}
{'loss': 0.0642, 'grad_norm': 2.1822609901428223, 'learning_rate': 5.749517405293414e-05, 'epoch': 14.07}
{'loss': 0.127, 'grad_norm': 14.748842239379883, 'learning_rate': 5.7449726915116626e-05, 'epoch': 14.08}
{'loss': 0.054, 'grad_norm': 23.518407821655273, 'learning_rate': 5.740427977729912e-05, 'epoch': 14.09}
{'loss': 0.1484, 'grad_norm': 1.704764485359192, 'learning_rate': 5.735883263948161e-05, 'epoch': 14.11}
{'loss': 0.1198, 'grad_norm': 10.965362548828125, 'learning_rate': 5.73133855016641e-05, 'epoch': 14.12}
{'loss': 0.0749, 'grad_norm': 2.3527181148529053, 'learning_rate': 5.7267938363846585e-05, 'epoch': 14.13}
{'loss': 0.098, 'grad_norm': 23.00391387939453, 'learning_rate': 5.7222491226029073e-05, 'epoch': 14.14}
{'loss': 0.072, 'grad_norm': 0.7849997878074646, 'learning_rate': 5.717704408821156e-05, 'epoch': 14.16}
{'loss': 0.0704, 'grad_norm': 17.2219181060791, 'learning_rate': 5.713159695039405e-05, 'epoch': 14.17}
{'loss': 0.1272, 'grad_norm': 0.07547135651111603, 'learning_rate': 5.708614981257654e-05, 'epoch': 14.18}
{'loss': 0.0801, 'grad_norm': 12.674219131469727, 'learning_rate': 5.7040702674759026e-05, 'epoch': 14.19}
{'loss': 0.0143, 'grad_norm': 1.156520962715149, 'learning_rate': 5.6995255536941514e-05, 'epoch': 14.21}
{'loss': 0.0714, 'grad_norm': 33.31718826293945, 'learning_rate': 5.6949808399124e-05, 'epoch': 14.22}
{'loss': 0.1134, 'grad_norm': 13.20157241821289, 'learning_rate': 5.690436126130649e-05, 'epoch': 14.23}
{'loss': 0.1354, 'grad_norm': 13.991539001464844, 'learning_rate': 5.685891412348898e-05, 'epoch': 14.24}
{'loss': 0.1084, 'grad_norm': 24.86345863342285, 'learning_rate': 5.6813466985671466e-05, 'epoch': 14.26}
{'loss': 0.1421, 'grad_norm': 14.295487403869629, 'learning_rate': 5.6768019847853954e-05, 'epoch': 14.27}
{'loss': 0.1313, 'grad_norm': 18.061132431030273, 'learning_rate': 5.6722572710036435e-05, 'epoch': 14.28}
{'loss': 0.1322, 'grad_norm': 4.860281944274902, 'learning_rate': 5.667712557221892e-05, 'epoch': 14.29}
{'loss': 0.0867, 'grad_norm': 11.275647163391113, 'learning_rate': 5.663167843440141e-05, 'epoch': 14.31}
{'loss': 0.1034, 'grad_norm': 18.717126846313477, 'learning_rate': 5.65862312965839e-05, 'epoch': 14.32}
{'loss': 0.2323, 'grad_norm': 15.91631031036377, 'learning_rate': 5.654078415876639e-05, 'epoch': 14.33}
{'loss': 0.1251, 'grad_norm': 5.07478141784668, 'learning_rate': 5.649533702094889e-05, 'epoch': 14.35}
{'loss': 0.0597, 'grad_norm': 132.60848999023438, 'learning_rate': 5.644988988313138e-05, 'epoch': 14.36}
{'loss': 0.026, 'grad_norm': 6.458883762359619, 'learning_rate': 5.6404442745313865e-05, 'epoch': 14.37}
{'loss': 0.0824, 'grad_norm': 7.62012243270874, 'learning_rate': 5.635899560749635e-05, 'epoch': 14.38}
{'loss': 0.1813, 'grad_norm': 52.73435974121094, 'learning_rate': 5.631354846967884e-05, 'epoch': 14.4}
{'loss': 0.0725, 'grad_norm': 30.78435707092285, 'learning_rate': 5.626810133186133e-05, 'epoch': 14.41}
{'loss': 0.0422, 'grad_norm': 0.045660022646188736, 'learning_rate': 5.622265419404382e-05, 'epoch': 14.42}
{'loss': 0.1241, 'grad_norm': 6.707586288452148, 'learning_rate': 5.61772070562263e-05, 'epoch': 14.43}
{'loss': 0.0659, 'grad_norm': 0.13585031032562256, 'learning_rate': 5.6131759918408786e-05, 'epoch': 14.45}
{'loss': 0.0651, 'grad_norm': 6.498696804046631, 'learning_rate': 5.6086312780591274e-05, 'epoch': 14.46}
{'loss': 0.0853, 'grad_norm': 28.64198112487793, 'learning_rate': 5.604086564277376e-05, 'epoch': 14.47}
{'loss': 0.047, 'grad_norm': 14.46034049987793, 'learning_rate': 5.599541850495625e-05, 'epoch': 14.48}
{'loss': 0.047, 'grad_norm': 0.24690470099449158, 'learning_rate': 5.594997136713874e-05, 'epoch': 14.5}
{'loss': 0.1017, 'grad_norm': 1.6502083539962769, 'learning_rate': 5.5904524229321227e-05, 'epoch': 14.51}
{'loss': 0.0884, 'grad_norm': 21.661033630371094, 'learning_rate': 5.5859077091503715e-05, 'epoch': 14.52}
{'loss': 0.1578, 'grad_norm': 16.6612606048584, 'learning_rate': 5.58136299536862e-05, 'epoch': 14.53}
{'loss': 0.1055, 'grad_norm': 0.23468929529190063, 'learning_rate': 5.576818281586869e-05, 'epoch': 14.55}
{'loss': 0.1697, 'grad_norm': 24.9617919921875, 'learning_rate': 5.572273567805118e-05, 'epoch': 14.56}
{'loss': 0.1145, 'grad_norm': 26.5540714263916, 'learning_rate': 5.567728854023367e-05, 'epoch': 14.57}
{'loss': 0.1128, 'grad_norm': 13.703292846679688, 'learning_rate': 5.5631841402416155e-05, 'epoch': 14.58}
{'loss': 0.0519, 'grad_norm': 2.287767171859741, 'learning_rate': 5.558639426459865e-05, 'epoch': 14.6}
{'loss': 0.1045, 'grad_norm': 5.9131760597229, 'learning_rate': 5.554094712678114e-05, 'epoch': 14.61}
{'loss': 0.134, 'grad_norm': 20.043188095092773, 'learning_rate': 5.5495499988963626e-05, 'epoch': 14.62}
{'loss': 0.2087, 'grad_norm': 15.58282470703125, 'learning_rate': 5.5450052851146114e-05, 'epoch': 14.63}
{'loss': 0.1947, 'grad_norm': 19.943668365478516, 'learning_rate': 5.54046057133286e-05, 'epoch': 14.65}
{'loss': 0.0558, 'grad_norm': 43.03857421875, 'learning_rate': 5.535915857551109e-05, 'epoch': 14.66}
{'loss': 0.1002, 'grad_norm': 0.1156504675745964, 'learning_rate': 5.531371143769358e-05, 'epoch': 14.67}
{'loss': 0.068, 'grad_norm': 16.940006256103516, 'learning_rate': 5.5268264299876066e-05, 'epoch': 14.69}
{'loss': 0.1888, 'grad_norm': 27.134586334228516, 'learning_rate': 5.5222817162058554e-05, 'epoch': 14.7}
{'loss': 0.1767, 'grad_norm': 6.6082377433776855, 'learning_rate': 5.517737002424104e-05, 'epoch': 14.71}
{'loss': 0.1582, 'grad_norm': 13.558046340942383, 'learning_rate': 5.513192288642353e-05, 'epoch': 14.72}
{'loss': 0.0574, 'grad_norm': 7.800069808959961, 'learning_rate': 5.508647574860602e-05, 'epoch': 14.74}
{'loss': 0.0346, 'grad_norm': 0.7342570424079895, 'learning_rate': 5.5041028610788506e-05, 'epoch': 14.75}
{'loss': 0.121, 'grad_norm': 39.003482818603516, 'learning_rate': 5.4995581472970994e-05, 'epoch': 14.76}
{'loss': 0.1169, 'grad_norm': 3.6950254440307617, 'learning_rate': 5.495013433515348e-05, 'epoch': 14.77}
{'loss': 0.0789, 'grad_norm': 2.029440402984619, 'learning_rate': 5.490468719733597e-05, 'epoch': 14.79}
{'loss': 0.1056, 'grad_norm': 3.8491508960723877, 'learning_rate': 5.485924005951846e-05, 'epoch': 14.8}
{'loss': 0.0809, 'grad_norm': 10.03685188293457, 'learning_rate': 5.4813792921700946e-05, 'epoch': 14.81}
{'loss': 0.1236, 'grad_norm': 0.9031745195388794, 'learning_rate': 5.476834578388343e-05, 'epoch': 14.82}
{'loss': 0.0821, 'grad_norm': 0.8367754817008972, 'learning_rate': 5.4722898646065916e-05, 'epoch': 14.84}
{'loss': 0.0802, 'grad_norm': 3.2741332054138184, 'learning_rate': 5.4677451508248404e-05, 'epoch': 14.85}
{'loss': 0.0559, 'grad_norm': 0.17746753990650177, 'learning_rate': 5.4632004370430905e-05, 'epoch': 14.86}
{'loss': 0.1006, 'grad_norm': 0.06036116182804108, 'learning_rate': 5.458655723261339e-05, 'epoch': 14.87}
{'loss': 0.1325, 'grad_norm': 21.305084228515625, 'learning_rate': 5.454111009479588e-05, 'epoch': 14.89}
{'loss': 0.1179, 'grad_norm': 22.542367935180664, 'learning_rate': 5.449566295697837e-05, 'epoch': 14.9}
{'loss': 0.1521, 'grad_norm': 30.598041534423828, 'learning_rate': 5.445021581916086e-05, 'epoch': 14.91}
{'loss': 0.0985, 'grad_norm': 0.14472411572933197, 'learning_rate': 5.4404768681343345e-05, 'epoch': 14.92}
{'loss': 0.1131, 'grad_norm': 4.7551188468933105, 'learning_rate': 5.4359321543525833e-05, 'epoch': 14.94}
{'loss': 0.1637, 'grad_norm': 17.202159881591797, 'learning_rate': 5.431387440570832e-05, 'epoch': 14.95}
{'loss': 0.0928, 'grad_norm': 4.613929271697998, 'learning_rate': 5.426842726789081e-05, 'epoch': 14.96}
{'loss': 0.051, 'grad_norm': 1.961310625076294, 'learning_rate': 5.422298013007329e-05, 'epoch': 14.97}
{'loss': 0.0707, 'grad_norm': 28.27316665649414, 'learning_rate': 5.417753299225578e-05, 'epoch': 14.99}
{'loss': 0.0571, 'grad_norm': 2.9601504802703857, 'learning_rate': 5.413208585443827e-05, 'epoch': 15.0}
{'eval_loss': 0.9186556339263916, 'eval_f1_macro': 0.8326917387747655, 'eval_f1_weighted': 0.8390200192713081, 'eval_precision_macro': 0.8352360670102387, 'eval_recall_macro': 0.8314698766568166, 'eval_accuracy': 0.8394857667584941, 'eval_runtime': 307.2894, 'eval_samples_per_second': 17.719, 'eval_steps_per_second': 0.28, 'epoch': 15.0}
{'loss': 0.0259, 'grad_norm': 10.100927352905273, 'learning_rate': 5.4086638716620755e-05, 'epoch': 15.01}
{'loss': 0.0939, 'grad_norm': 17.623558044433594, 'learning_rate': 5.404119157880324e-05, 'epoch': 15.03}
{'loss': 0.1401, 'grad_norm': 11.77367115020752, 'learning_rate': 5.399574444098573e-05, 'epoch': 15.04}
{'loss': 0.0501, 'grad_norm': 2.8747506141662598, 'learning_rate': 5.395029730316822e-05, 'epoch': 15.05}
{'loss': 0.0222, 'grad_norm': 2.5811145305633545, 'learning_rate': 5.390485016535071e-05, 'epoch': 15.06}
{'loss': 0.0553, 'grad_norm': 0.4432961046695709, 'learning_rate': 5.3859403027533195e-05, 'epoch': 15.08}
{'loss': 0.1175, 'grad_norm': 29.374591827392578, 'learning_rate': 5.381395588971568e-05, 'epoch': 15.09}
{'loss': 0.0475, 'grad_norm': 3.684905767440796, 'learning_rate': 5.376850875189817e-05, 'epoch': 15.1}
{'loss': 0.0419, 'grad_norm': 0.09487323462963104, 'learning_rate': 5.3723061614080666e-05, 'epoch': 15.11}
{'loss': 0.1112, 'grad_norm': 29.224699020385742, 'learning_rate': 5.3677614476263154e-05, 'epoch': 15.13}
{'loss': 0.126, 'grad_norm': 31.167306900024414, 'learning_rate': 5.363216733844564e-05, 'epoch': 15.14}
{'loss': 0.1015, 'grad_norm': 21.874088287353516, 'learning_rate': 5.358672020062813e-05, 'epoch': 15.15}
{'loss': 0.0568, 'grad_norm': 25.391483306884766, 'learning_rate': 5.354127306281062e-05, 'epoch': 15.16}
{'loss': 0.0885, 'grad_norm': 16.13039779663086, 'learning_rate': 5.3495825924993106e-05, 'epoch': 15.18}
{'loss': 0.1682, 'grad_norm': 15.403607368469238, 'learning_rate': 5.3450378787175594e-05, 'epoch': 15.19}
{'loss': 0.0703, 'grad_norm': 11.541723251342773, 'learning_rate': 5.340493164935808e-05, 'epoch': 15.2}
{'loss': 0.1396, 'grad_norm': 13.69825553894043, 'learning_rate': 5.335948451154057e-05, 'epoch': 15.21}
{'loss': 0.0615, 'grad_norm': 6.005425930023193, 'learning_rate': 5.331403737372306e-05, 'epoch': 15.23}
{'loss': 0.0663, 'grad_norm': 0.23003239929676056, 'learning_rate': 5.3268590235905546e-05, 'epoch': 15.24}
{'loss': 0.0648, 'grad_norm': 13.66903305053711, 'learning_rate': 5.3223143098088034e-05, 'epoch': 15.25}
{'loss': 0.0547, 'grad_norm': 37.39827346801758, 'learning_rate': 5.317769596027052e-05, 'epoch': 15.26}
{'loss': 0.099, 'grad_norm': 7.0301642417907715, 'learning_rate': 5.313224882245301e-05, 'epoch': 15.28}
{'loss': 0.0613, 'grad_norm': 36.2586555480957, 'learning_rate': 5.30868016846355e-05, 'epoch': 15.29}
{'loss': 0.0446, 'grad_norm': 0.07039101421833038, 'learning_rate': 5.304135454681799e-05, 'epoch': 15.3}
{'loss': 0.0836, 'grad_norm': 1.292195439338684, 'learning_rate': 5.2995907409000475e-05, 'epoch': 15.31}
{'loss': 0.085, 'grad_norm': 8.958745002746582, 'learning_rate': 5.295046027118296e-05, 'epoch': 15.33}
{'loss': 0.0639, 'grad_norm': 22.023624420166016, 'learning_rate': 5.290501313336545e-05, 'epoch': 15.34}
{'loss': 0.1081, 'grad_norm': 34.917579650878906, 'learning_rate': 5.285956599554794e-05, 'epoch': 15.35}
{'loss': 0.107, 'grad_norm': 0.5723334550857544, 'learning_rate': 5.2814118857730434e-05, 'epoch': 15.37}
{'loss': 0.1472, 'grad_norm': 1.5187041759490967, 'learning_rate': 5.276867171991292e-05, 'epoch': 15.38}
{'loss': 0.162, 'grad_norm': 0.3004906177520752, 'learning_rate': 5.272322458209541e-05, 'epoch': 15.39}
{'loss': 0.0754, 'grad_norm': 3.213381052017212, 'learning_rate': 5.26777774442779e-05, 'epoch': 15.4}
{'loss': 0.1522, 'grad_norm': 16.270938873291016, 'learning_rate': 5.2632330306460386e-05, 'epoch': 15.42}
{'loss': 0.1102, 'grad_norm': 13.591877937316895, 'learning_rate': 5.2586883168642874e-05, 'epoch': 15.43}
{'loss': 0.0909, 'grad_norm': 14.199929237365723, 'learning_rate': 5.254143603082536e-05, 'epoch': 15.44}
{'loss': 0.1788, 'grad_norm': 13.905457496643066, 'learning_rate': 5.249598889300785e-05, 'epoch': 15.45}
{'loss': 0.0776, 'grad_norm': 9.30834674835205, 'learning_rate': 5.245054175519034e-05, 'epoch': 15.47}
{'loss': 0.0596, 'grad_norm': 32.546016693115234, 'learning_rate': 5.2405094617372826e-05, 'epoch': 15.48}
{'loss': 0.1181, 'grad_norm': 45.18737030029297, 'learning_rate': 5.2359647479555314e-05, 'epoch': 15.49}
{'loss': 0.061, 'grad_norm': 13.77291202545166, 'learning_rate': 5.23142003417378e-05, 'epoch': 15.5}
{'loss': 0.0299, 'grad_norm': 0.044025711715221405, 'learning_rate': 5.226875320392028e-05, 'epoch': 15.52}
{'loss': 0.1119, 'grad_norm': 15.356233596801758, 'learning_rate': 5.222330606610277e-05, 'epoch': 15.53}
{'loss': 0.1348, 'grad_norm': 20.05291748046875, 'learning_rate': 5.217785892828526e-05, 'epoch': 15.54}
{'loss': 0.0826, 'grad_norm': 0.1863669604063034, 'learning_rate': 5.213241179046775e-05, 'epoch': 15.55}
{'loss': 0.1129, 'grad_norm': 0.547267735004425, 'learning_rate': 5.2086964652650235e-05, 'epoch': 15.57}
{'loss': 0.0859, 'grad_norm': 5.858785152435303, 'learning_rate': 5.2041517514832724e-05, 'epoch': 15.58}
{'loss': 0.1303, 'grad_norm': 2.481997013092041, 'learning_rate': 5.199607037701521e-05, 'epoch': 15.59}
{'loss': 0.0768, 'grad_norm': 15.715814590454102, 'learning_rate': 5.19506232391977e-05, 'epoch': 15.6}
{'loss': 0.1037, 'grad_norm': 0.8532902598381042, 'learning_rate': 5.19051761013802e-05, 'epoch': 15.62}
{'loss': 0.1208, 'grad_norm': 26.025989532470703, 'learning_rate': 5.185972896356269e-05, 'epoch': 15.63}
{'loss': 0.1047, 'grad_norm': 29.91156768798828, 'learning_rate': 5.181428182574518e-05, 'epoch': 15.64}
{'loss': 0.085, 'grad_norm': 30.39169692993164, 'learning_rate': 5.176883468792766e-05, 'epoch': 15.65}
{'loss': 0.0952, 'grad_norm': 8.844878196716309, 'learning_rate': 5.1723387550110147e-05, 'epoch': 15.67}
{'loss': 0.1679, 'grad_norm': 21.44805145263672, 'learning_rate': 5.1677940412292635e-05, 'epoch': 15.68}
{'loss': 0.0907, 'grad_norm': 18.068790435791016, 'learning_rate': 5.163249327447512e-05, 'epoch': 15.69}
{'loss': 0.113, 'grad_norm': 35.945960998535156, 'learning_rate': 5.158704613665761e-05, 'epoch': 15.71}
{'loss': 0.0497, 'grad_norm': 0.5106333494186401, 'learning_rate': 5.15415989988401e-05, 'epoch': 15.72}
{'loss': 0.0744, 'grad_norm': 0.3010319471359253, 'learning_rate': 5.149615186102259e-05, 'epoch': 15.73}
{'loss': 0.0188, 'grad_norm': 7.615387439727783, 'learning_rate': 5.1450704723205075e-05, 'epoch': 15.74}
{'loss': 0.1312, 'grad_norm': 14.181758880615234, 'learning_rate': 5.140525758538756e-05, 'epoch': 15.76}
{'loss': 0.0647, 'grad_norm': 0.019838009029626846, 'learning_rate': 5.135981044757005e-05, 'epoch': 15.77}
{'loss': 0.1039, 'grad_norm': 5.182679653167725, 'learning_rate': 5.131436330975254e-05, 'epoch': 15.78}
{'loss': 0.1247, 'grad_norm': 14.798909187316895, 'learning_rate': 5.126891617193503e-05, 'epoch': 15.79}
{'loss': 0.0766, 'grad_norm': 0.5015133023262024, 'learning_rate': 5.1223469034117515e-05, 'epoch': 15.81}
{'loss': 0.11, 'grad_norm': 12.47747802734375, 'learning_rate': 5.11780218963e-05, 'epoch': 15.82}
{'loss': 0.1597, 'grad_norm': 12.623665809631348, 'learning_rate': 5.113257475848249e-05, 'epoch': 15.83}
{'loss': 0.0873, 'grad_norm': 28.61035919189453, 'learning_rate': 5.108712762066498e-05, 'epoch': 15.84}
{'loss': 0.1056, 'grad_norm': 21.848995208740234, 'learning_rate': 5.104168048284747e-05, 'epoch': 15.86}
{'loss': 0.0918, 'grad_norm': 17.110836029052734, 'learning_rate': 5.0996233345029955e-05, 'epoch': 15.87}
{'loss': 0.0821, 'grad_norm': 33.190155029296875, 'learning_rate': 5.095078620721245e-05, 'epoch': 15.88}
{'loss': 0.0993, 'grad_norm': 13.984694480895996, 'learning_rate': 5.090533906939494e-05, 'epoch': 15.89}
{'loss': 0.1142, 'grad_norm': 35.39225769042969, 'learning_rate': 5.0859891931577426e-05, 'epoch': 15.91}
{'loss': 0.0938, 'grad_norm': 11.92238712310791, 'learning_rate': 5.0814444793759914e-05, 'epoch': 15.92}
{'loss': 0.0924, 'grad_norm': 16.85332679748535, 'learning_rate': 5.07689976559424e-05, 'epoch': 15.93}
{'loss': 0.06, 'grad_norm': 0.07892835140228271, 'learning_rate': 5.072355051812489e-05, 'epoch': 15.94}
{'loss': 0.1626, 'grad_norm': 1.8399758338928223, 'learning_rate': 5.067810338030738e-05, 'epoch': 15.96}
{'loss': 0.0917, 'grad_norm': 12.083270072937012, 'learning_rate': 5.0632656242489866e-05, 'epoch': 15.97}
{'loss': 0.0659, 'grad_norm': 15.234366416931152, 'learning_rate': 5.0587209104672354e-05, 'epoch': 15.98}
{'loss': 0.0688, 'grad_norm': 7.118142604827881, 'learning_rate': 5.054176196685484e-05, 'epoch': 15.99}
{'eval_loss': 0.8717960119247437, 'eval_f1_macro': 0.8301990163664597, 'eval_f1_weighted': 0.8372074909650807, 'eval_precision_macro': 0.8338629759869685, 'eval_recall_macro': 0.8330112580103742, 'eval_accuracy': 0.8369146005509642, 'eval_runtime': 5.5232, 'eval_samples_per_second': 985.848, 'eval_steps_per_second': 15.571, 'epoch': 16.0}
{'loss': 0.0406, 'grad_norm': 0.07450203597545624, 'learning_rate': 5.049631482903733e-05, 'epoch': 16.01}
{'loss': 0.0396, 'grad_norm': 1.049149513244629, 'learning_rate': 5.045086769121982e-05, 'epoch': 16.02}
{'loss': 0.1273, 'grad_norm': 1.8605778217315674, 'learning_rate': 5.0405420553402306e-05, 'epoch': 16.03}
{'loss': 0.0371, 'grad_norm': 25.95449447631836, 'learning_rate': 5.0359973415584795e-05, 'epoch': 16.05}
{'loss': 0.065, 'grad_norm': 26.397218704223633, 'learning_rate': 5.0314526277767276e-05, 'epoch': 16.06}
{'loss': 0.0474, 'grad_norm': 0.2530357241630554, 'learning_rate': 5.0269079139949764e-05, 'epoch': 16.07}
{'loss': 0.0128, 'grad_norm': 0.07081042975187302, 'learning_rate': 5.022363200213225e-05, 'epoch': 16.08}
{'loss': 0.0747, 'grad_norm': 9.853575706481934, 'learning_rate': 5.017818486431474e-05, 'epoch': 16.1}
{'loss': 0.1019, 'grad_norm': 13.54452896118164, 'learning_rate': 5.013273772649723e-05, 'epoch': 16.11}
{'loss': 0.0368, 'grad_norm': 15.51492977142334, 'learning_rate': 5.0087290588679716e-05, 'epoch': 16.12}
{'loss': 0.0918, 'grad_norm': 17.925617218017578, 'learning_rate': 5.004184345086222e-05, 'epoch': 16.13}
{'loss': 0.0495, 'grad_norm': 6.219058036804199, 'learning_rate': 4.9996396313044706e-05, 'epoch': 16.15}
{'loss': 0.1054, 'grad_norm': 4.074088096618652, 'learning_rate': 4.9950949175227194e-05, 'epoch': 16.16}
{'loss': 0.0855, 'grad_norm': 1.6432589292526245, 'learning_rate': 4.990550203740968e-05, 'epoch': 16.17}
{'loss': 0.1204, 'grad_norm': 37.689239501953125, 'learning_rate': 4.986005489959217e-05, 'epoch': 16.18}
{'loss': 0.0655, 'grad_norm': 21.072542190551758, 'learning_rate': 4.981460776177465e-05, 'epoch': 16.2}
{'loss': 0.1129, 'grad_norm': 29.08148956298828, 'learning_rate': 4.976916062395714e-05, 'epoch': 16.21}
{'loss': 0.1626, 'grad_norm': 0.5070490837097168, 'learning_rate': 4.972371348613963e-05, 'epoch': 16.22}
{'loss': 0.0589, 'grad_norm': 16.572002410888672, 'learning_rate': 4.9678266348322115e-05, 'epoch': 16.23}
{'loss': 0.0533, 'grad_norm': 13.033228874206543, 'learning_rate': 4.96328192105046e-05, 'epoch': 16.25}
{'loss': 0.0535, 'grad_norm': 0.1437717080116272, 'learning_rate': 4.958737207268709e-05, 'epoch': 16.26}
{'loss': 0.0822, 'grad_norm': 15.893012046813965, 'learning_rate': 4.954192493486958e-05, 'epoch': 16.27}
{'loss': 0.0611, 'grad_norm': 20.363237380981445, 'learning_rate': 4.949647779705207e-05, 'epoch': 16.28}
{'loss': 0.055, 'grad_norm': 0.12864412367343903, 'learning_rate': 4.9451030659234555e-05, 'epoch': 16.3}
{'loss': 0.0562, 'grad_norm': 20.275070190429688, 'learning_rate': 4.940558352141704e-05, 'epoch': 16.31}
{'loss': 0.1297, 'grad_norm': 0.2829030156135559, 'learning_rate': 4.936013638359953e-05, 'epoch': 16.32}
{'loss': 0.098, 'grad_norm': 0.06896848231554031, 'learning_rate': 4.931468924578202e-05, 'epoch': 16.34}
{'loss': 0.0787, 'grad_norm': 0.06869901716709137, 'learning_rate': 4.926924210796451e-05, 'epoch': 16.35}
{'loss': 0.0994, 'grad_norm': 0.5199512839317322, 'learning_rate': 4.9223794970146996e-05, 'epoch': 16.36}
{'loss': 0.111, 'grad_norm': 5.827530860900879, 'learning_rate': 4.9178347832329484e-05, 'epoch': 16.37}
{'loss': 0.0205, 'grad_norm': 17.762184143066406, 'learning_rate': 4.913290069451198e-05, 'epoch': 16.39}
{'loss': 0.1528, 'grad_norm': 12.831259727478027, 'learning_rate': 4.9087453556694466e-05, 'epoch': 16.4}
{'loss': 0.0805, 'grad_norm': 5.677972316741943, 'learning_rate': 4.9042006418876954e-05, 'epoch': 16.41}
{'loss': 0.1147, 'grad_norm': 42.43739318847656, 'learning_rate': 4.899655928105944e-05, 'epoch': 16.42}
{'loss': 0.0928, 'grad_norm': 28.864864349365234, 'learning_rate': 4.895111214324193e-05, 'epoch': 16.44}
{'loss': 0.0584, 'grad_norm': 0.9976955652236938, 'learning_rate': 4.890566500542442e-05, 'epoch': 16.45}
{'loss': 0.0751, 'grad_norm': 7.629075050354004, 'learning_rate': 4.886021786760691e-05, 'epoch': 16.46}
{'loss': 0.0767, 'grad_norm': 1.2525372505187988, 'learning_rate': 4.8814770729789395e-05, 'epoch': 16.47}
{'loss': 0.0124, 'grad_norm': 2.6088039875030518, 'learning_rate': 4.876932359197188e-05, 'epoch': 16.49}
{'loss': 0.053, 'grad_norm': 21.73448944091797, 'learning_rate': 4.872387645415437e-05, 'epoch': 16.5}
{'loss': 0.0882, 'grad_norm': 0.24134549498558044, 'learning_rate': 4.867842931633686e-05, 'epoch': 16.51}
{'loss': 0.0869, 'grad_norm': 0.10452348738908768, 'learning_rate': 4.863298217851935e-05, 'epoch': 16.52}
{'loss': 0.0352, 'grad_norm': 9.051729202270508, 'learning_rate': 4.8587535040701835e-05, 'epoch': 16.54}
{'loss': 0.0962, 'grad_norm': 32.08353805541992, 'learning_rate': 4.854208790288432e-05, 'epoch': 16.55}
{'loss': 0.0337, 'grad_norm': 1.8662632703781128, 'learning_rate': 4.849664076506681e-05, 'epoch': 16.56}
{'loss': 0.0767, 'grad_norm': 0.02692984789609909, 'learning_rate': 4.84511936272493e-05, 'epoch': 16.57}
{'loss': 0.0681, 'grad_norm': 3.7378437519073486, 'learning_rate': 4.840574648943179e-05, 'epoch': 16.59}
{'loss': 0.1189, 'grad_norm': 9.860820770263672, 'learning_rate': 4.836029935161427e-05, 'epoch': 16.6}
{'loss': 0.1069, 'grad_norm': 10.106799125671387, 'learning_rate': 4.8314852213796756e-05, 'epoch': 16.61}
{'loss': 0.0941, 'grad_norm': 38.56381607055664, 'learning_rate': 4.8269405075979244e-05, 'epoch': 16.62}
{'loss': 0.0242, 'grad_norm': 2.0549795627593994, 'learning_rate': 4.8223957938161746e-05, 'epoch': 16.64}
{'loss': 0.0696, 'grad_norm': 32.979270935058594, 'learning_rate': 4.8178510800344234e-05, 'epoch': 16.65}
{'loss': 0.0883, 'grad_norm': 12.265890121459961, 'learning_rate': 4.813306366252672e-05, 'epoch': 16.66}
{'loss': 0.1845, 'grad_norm': 3.866291046142578, 'learning_rate': 4.808761652470921e-05, 'epoch': 16.68}
{'loss': 0.1012, 'grad_norm': 9.938366889953613, 'learning_rate': 4.80421693868917e-05, 'epoch': 16.69}
{'loss': 0.0559, 'grad_norm': 16.156400680541992, 'learning_rate': 4.7996722249074186e-05, 'epoch': 16.7}
{'loss': 0.0492, 'grad_norm': 0.1114017441868782, 'learning_rate': 4.7951275111256674e-05, 'epoch': 16.71}
{'loss': 0.1053, 'grad_norm': 12.249940872192383, 'learning_rate': 4.790582797343916e-05, 'epoch': 16.73}
{'loss': 0.0324, 'grad_norm': 3.384761333465576, 'learning_rate': 4.7860380835621643e-05, 'epoch': 16.74}
{'loss': 0.0481, 'grad_norm': 4.188672065734863, 'learning_rate': 4.781493369780413e-05, 'epoch': 16.75}
{'loss': 0.0664, 'grad_norm': 1.6391013860702515, 'learning_rate': 4.776948655998662e-05, 'epoch': 16.76}
{'loss': 0.0447, 'grad_norm': 43.86648941040039, 'learning_rate': 4.772403942216911e-05, 'epoch': 16.78}
{'loss': 0.0733, 'grad_norm': 119.11437225341797, 'learning_rate': 4.7678592284351596e-05, 'epoch': 16.79}
{'loss': 0.0738, 'grad_norm': 38.00621032714844, 'learning_rate': 4.7633145146534084e-05, 'epoch': 16.8}
{'loss': 0.0475, 'grad_norm': 0.006787297315895557, 'learning_rate': 4.758769800871657e-05, 'epoch': 16.81}
{'loss': 0.0515, 'grad_norm': 4.15293025970459, 'learning_rate': 4.7542250870899067e-05, 'epoch': 16.83}
{'loss': 0.0841, 'grad_norm': 42.90896987915039, 'learning_rate': 4.7496803733081555e-05, 'epoch': 16.84}
{'loss': 0.0847, 'grad_norm': 0.030469899997115135, 'learning_rate': 4.745135659526404e-05, 'epoch': 16.85}
{'loss': 0.0403, 'grad_norm': 0.41187506914138794, 'learning_rate': 4.740590945744653e-05, 'epoch': 16.86}
{'loss': 0.0959, 'grad_norm': 26.854095458984375, 'learning_rate': 4.736046231962902e-05, 'epoch': 16.88}
{'loss': 0.1351, 'grad_norm': 19.448110580444336, 'learning_rate': 4.731501518181151e-05, 'epoch': 16.89}
{'loss': 0.0272, 'grad_norm': 0.1759076565504074, 'learning_rate': 4.7269568043993995e-05, 'epoch': 16.9}
{'loss': 0.149, 'grad_norm': 25.779638290405273, 'learning_rate': 4.722412090617648e-05, 'epoch': 16.91}
{'loss': 0.0582, 'grad_norm': 13.832613945007324, 'learning_rate': 4.717867376835897e-05, 'epoch': 16.93}
{'loss': 0.0877, 'grad_norm': 19.834138870239258, 'learning_rate': 4.713322663054145e-05, 'epoch': 16.94}
{'loss': 0.0297, 'grad_norm': 0.13160407543182373, 'learning_rate': 4.708777949272395e-05, 'epoch': 16.95}
{'loss': 0.0539, 'grad_norm': 18.235166549682617, 'learning_rate': 4.7042332354906435e-05, 'epoch': 16.96}
{'loss': 0.0081, 'grad_norm': 0.26728513836860657, 'learning_rate': 4.699688521708892e-05, 'epoch': 16.98}
{'loss': 0.0528, 'grad_norm': 0.010726537555456161, 'learning_rate': 4.695143807927141e-05, 'epoch': 16.99}
{'eval_loss': 1.0680763721466064, 'eval_f1_macro': 0.8277288533506776, 'eval_f1_weighted': 0.8347262318641525, 'eval_precision_macro': 0.8323100974124136, 'eval_recall_macro': 0.8267912099359077, 'eval_accuracy': 0.8361799816345271, 'eval_runtime': 308.2466, 'eval_samples_per_second': 17.664, 'eval_steps_per_second': 0.279, 'epoch': 17.0}
{'loss': 0.0669, 'grad_norm': 38.04898452758789, 'learning_rate': 4.69059909414539e-05, 'epoch': 17.0}
{'loss': 0.0428, 'grad_norm': 9.594809532165527, 'learning_rate': 4.686054380363639e-05, 'epoch': 17.02}
{'loss': 0.0193, 'grad_norm': 0.014111633412539959, 'learning_rate': 4.6815096665818875e-05, 'epoch': 17.03}
{'loss': 0.01, 'grad_norm': 0.14298956096172333, 'learning_rate': 4.676964952800136e-05, 'epoch': 17.04}
{'loss': 0.0373, 'grad_norm': 8.175148963928223, 'learning_rate': 4.672420239018385e-05, 'epoch': 17.05}
{'loss': 0.05, 'grad_norm': 49.62968063354492, 'learning_rate': 4.667875525236634e-05, 'epoch': 17.07}
{'loss': 0.0627, 'grad_norm': 3.196107864379883, 'learning_rate': 4.663330811454883e-05, 'epoch': 17.08}
{'loss': 0.0233, 'grad_norm': 31.75566291809082, 'learning_rate': 4.6587860976731315e-05, 'epoch': 17.09}
{'loss': 0.175, 'grad_norm': 18.61001968383789, 'learning_rate': 4.6542413838913803e-05, 'epoch': 17.1}
{'loss': 0.1318, 'grad_norm': 0.03608967363834381, 'learning_rate': 4.649696670109629e-05, 'epoch': 17.12}
{'loss': 0.0463, 'grad_norm': 25.967456817626953, 'learning_rate': 4.645151956327878e-05, 'epoch': 17.13}
{'loss': 0.0503, 'grad_norm': 8.132944107055664, 'learning_rate': 4.640607242546127e-05, 'epoch': 17.14}
{'loss': 0.0252, 'grad_norm': 0.013984312303364277, 'learning_rate': 4.6360625287643756e-05, 'epoch': 17.15}
{'loss': 0.0529, 'grad_norm': 0.2786533534526825, 'learning_rate': 4.6315178149826244e-05, 'epoch': 17.17}
{'loss': 0.0678, 'grad_norm': 9.750195503234863, 'learning_rate': 4.626973101200873e-05, 'epoch': 17.18}
{'loss': 0.0828, 'grad_norm': 20.04777717590332, 'learning_rate': 4.622428387419122e-05, 'epoch': 17.19}
{'loss': 0.0094, 'grad_norm': 13.60169506072998, 'learning_rate': 4.617883673637371e-05, 'epoch': 17.2}
{'loss': 0.0651, 'grad_norm': 15.42728328704834, 'learning_rate': 4.61333895985562e-05, 'epoch': 17.22}
{'loss': 0.0541, 'grad_norm': 20.91512680053711, 'learning_rate': 4.608794246073869e-05, 'epoch': 17.23}
{'loss': 0.0704, 'grad_norm': 0.43333178758621216, 'learning_rate': 4.604249532292118e-05, 'epoch': 17.24}
{'loss': 0.1013, 'grad_norm': 0.09402942657470703, 'learning_rate': 4.599704818510367e-05, 'epoch': 17.25}
{'loss': 0.0894, 'grad_norm': 22.62700843811035, 'learning_rate': 4.5951601047286155e-05, 'epoch': 17.27}
{'loss': 0.0589, 'grad_norm': 0.037237901240587234, 'learning_rate': 4.5906153909468636e-05, 'epoch': 17.28}
{'loss': 0.1313, 'grad_norm': 0.1820301115512848, 'learning_rate': 4.5860706771651124e-05, 'epoch': 17.29}
{'loss': 0.0288, 'grad_norm': 5.3606696128845215, 'learning_rate': 4.581525963383361e-05, 'epoch': 17.3}
{'loss': 0.0603, 'grad_norm': 0.03281981498003006, 'learning_rate': 4.57698124960161e-05, 'epoch': 17.32}
{'loss': 0.025, 'grad_norm': 1.268153429031372, 'learning_rate': 4.572436535819859e-05, 'epoch': 17.33}
{'loss': 0.112, 'grad_norm': 21.828596115112305, 'learning_rate': 4.567891822038108e-05, 'epoch': 17.34}
{'loss': 0.0513, 'grad_norm': 19.21523666381836, 'learning_rate': 4.563347108256357e-05, 'epoch': 17.36}
{'loss': 0.0559, 'grad_norm': 0.5243846774101257, 'learning_rate': 4.558802394474606e-05, 'epoch': 17.37}
{'loss': 0.0835, 'grad_norm': 0.4476499557495117, 'learning_rate': 4.554257680692855e-05, 'epoch': 17.38}
{'loss': 0.0434, 'grad_norm': 10.37411880493164, 'learning_rate': 4.5497129669111035e-05, 'epoch': 17.39}
{'loss': 0.0561, 'grad_norm': 13.377472877502441, 'learning_rate': 4.545168253129352e-05, 'epoch': 17.41}
{'loss': 0.0664, 'grad_norm': 8.102136611938477, 'learning_rate': 4.540623539347601e-05, 'epoch': 17.42}
{'loss': 0.0777, 'grad_norm': 1.081905484199524, 'learning_rate': 4.53607882556585e-05, 'epoch': 17.43}
{'loss': 0.0349, 'grad_norm': 0.24763734638690948, 'learning_rate': 4.531534111784099e-05, 'epoch': 17.44}
{'loss': 0.0564, 'grad_norm': 0.47679537534713745, 'learning_rate': 4.5269893980023475e-05, 'epoch': 17.46}
{'loss': 0.0343, 'grad_norm': 0.5078173875808716, 'learning_rate': 4.522444684220596e-05, 'epoch': 17.47}
{'loss': 0.079, 'grad_norm': 19.08099365234375, 'learning_rate': 4.517899970438845e-05, 'epoch': 17.48}
{'loss': 0.048, 'grad_norm': 15.39563274383545, 'learning_rate': 4.513355256657094e-05, 'epoch': 17.49}
{'loss': 0.0815, 'grad_norm': 0.09183616191148758, 'learning_rate': 4.508810542875343e-05, 'epoch': 17.51}
{'loss': 0.1222, 'grad_norm': 0.10252168774604797, 'learning_rate': 4.5042658290935916e-05, 'epoch': 17.52}
{'loss': 0.0341, 'grad_norm': 1.5460387468338013, 'learning_rate': 4.4997211153118404e-05, 'epoch': 17.53}
{'loss': 0.0836, 'grad_norm': 0.19436155259609222, 'learning_rate': 4.495176401530089e-05, 'epoch': 17.54}
{'loss': 0.0649, 'grad_norm': 1.7617040872573853, 'learning_rate': 4.490631687748338e-05, 'epoch': 17.56}
{'loss': 0.0324, 'grad_norm': 9.512743949890137, 'learning_rate': 4.486086973966587e-05, 'epoch': 17.57}
{'loss': 0.0731, 'grad_norm': 7.975266933441162, 'learning_rate': 4.4815422601848356e-05, 'epoch': 17.58}
{'loss': 0.065, 'grad_norm': 12.573073387145996, 'learning_rate': 4.476997546403085e-05, 'epoch': 17.59}
{'loss': 0.0699, 'grad_norm': 6.365433216094971, 'learning_rate': 4.472452832621334e-05, 'epoch': 17.61}
{'loss': 0.0422, 'grad_norm': 3.6752777099609375, 'learning_rate': 4.4679081188395827e-05, 'epoch': 17.62}
{'loss': 0.0783, 'grad_norm': 10.073822975158691, 'learning_rate': 4.463363405057831e-05, 'epoch': 17.63}
{'loss': 0.0455, 'grad_norm': 3.893909454345703, 'learning_rate': 4.4588186912760796e-05, 'epoch': 17.64}
{'loss': 0.0111, 'grad_norm': 0.38963523507118225, 'learning_rate': 4.4542739774943284e-05, 'epoch': 17.66}
{'loss': 0.073, 'grad_norm': 0.03719624504446983, 'learning_rate': 4.449729263712577e-05, 'epoch': 17.67}
{'loss': 0.0494, 'grad_norm': 14.55880069732666, 'learning_rate': 4.445184549930826e-05, 'epoch': 17.68}
{'loss': 0.1214, 'grad_norm': 22.884716033935547, 'learning_rate': 4.440639836149075e-05, 'epoch': 17.7}
{'loss': 0.0377, 'grad_norm': 0.09080861508846283, 'learning_rate': 4.4360951223673236e-05, 'epoch': 17.71}
{'loss': 0.0724, 'grad_norm': 0.0308055579662323, 'learning_rate': 4.431550408585573e-05, 'epoch': 17.72}
{'loss': 0.0823, 'grad_norm': 0.20804767310619354, 'learning_rate': 4.427005694803822e-05, 'epoch': 17.73}
{'loss': 0.1132, 'grad_norm': 0.0907500684261322, 'learning_rate': 4.422460981022071e-05, 'epoch': 17.75}
{'loss': 0.0732, 'grad_norm': 0.024676930159330368, 'learning_rate': 4.4179162672403195e-05, 'epoch': 17.76}
{'loss': 0.0758, 'grad_norm': 14.503944396972656, 'learning_rate': 4.413371553458568e-05, 'epoch': 17.77}
{'loss': 0.0556, 'grad_norm': 15.102081298828125, 'learning_rate': 4.408826839676817e-05, 'epoch': 17.78}
{'loss': 0.0467, 'grad_norm': 1.1256787776947021, 'learning_rate': 4.404282125895066e-05, 'epoch': 17.8}
{'loss': 0.0306, 'grad_norm': 0.5566204786300659, 'learning_rate': 4.399737412113315e-05, 'epoch': 17.81}
{'loss': 0.0995, 'grad_norm': 14.833578109741211, 'learning_rate': 4.395192698331563e-05, 'epoch': 17.82}
{'loss': 0.084, 'grad_norm': 19.783296585083008, 'learning_rate': 4.3906479845498116e-05, 'epoch': 17.83}
{'loss': 0.0146, 'grad_norm': 8.203500747680664, 'learning_rate': 4.386103270768061e-05, 'epoch': 17.85}
{'loss': 0.1308, 'grad_norm': 11.992142677307129, 'learning_rate': 4.38155855698631e-05, 'epoch': 17.86}
{'loss': 0.1677, 'grad_norm': 20.042280197143555, 'learning_rate': 4.377013843204559e-05, 'epoch': 17.87}
{'loss': 0.0982, 'grad_norm': 0.12259318679571152, 'learning_rate': 4.3724691294228075e-05, 'epoch': 17.88}
{'loss': 0.0962, 'grad_norm': 1.2749841213226318, 'learning_rate': 4.3679244156410563e-05, 'epoch': 17.9}
{'loss': 0.0418, 'grad_norm': 14.06049919128418, 'learning_rate': 4.363379701859305e-05, 'epoch': 17.91}
{'loss': 0.0252, 'grad_norm': 6.223872184753418, 'learning_rate': 4.358834988077554e-05, 'epoch': 17.92}
{'loss': 0.0868, 'grad_norm': 0.056633979082107544, 'learning_rate': 4.354290274295803e-05, 'epoch': 17.93}
{'loss': 0.0439, 'grad_norm': 9.369373321533203, 'learning_rate': 4.3497455605140516e-05, 'epoch': 17.95}
{'loss': 0.1252, 'grad_norm': 0.22392182052135468, 'learning_rate': 4.3452008467323004e-05, 'epoch': 17.96}
{'loss': 0.0763, 'grad_norm': 18.781949996948242, 'learning_rate': 4.340656132950549e-05, 'epoch': 17.97}
{'loss': 0.0296, 'grad_norm': 0.6520020365715027, 'learning_rate': 4.336111419168798e-05, 'epoch': 17.98}
{'loss': 0.0476, 'grad_norm': 2.5889832973480225, 'learning_rate': 4.331566705387047e-05, 'epoch': 18.0}
{'eval_loss': 0.9612504839897156, 'eval_f1_macro': 0.8309986191620847, 'eval_f1_weighted': 0.8387806475939119, 'eval_precision_macro': 0.8400407047836635, 'eval_recall_macro': 0.826452337304983, 'eval_accuracy': 0.8396694214876033, 'eval_runtime': 5.5832, 'eval_samples_per_second': 975.255, 'eval_steps_per_second': 15.403, 'epoch': 18.0}
{'loss': 0.0752, 'grad_norm': 4.942492485046387, 'learning_rate': 4.3270219916052956e-05, 'epoch': 18.01}
{'loss': 0.0315, 'grad_norm': 17.006723403930664, 'learning_rate': 4.3224772778235444e-05, 'epoch': 18.02}
{'loss': 0.0507, 'grad_norm': 12.938310623168945, 'learning_rate': 4.317932564041793e-05, 'epoch': 18.04}
{'loss': 0.0402, 'grad_norm': 20.83293342590332, 'learning_rate': 4.313387850260042e-05, 'epoch': 18.05}
{'loss': 0.0571, 'grad_norm': 14.688374519348145, 'learning_rate': 4.308843136478291e-05, 'epoch': 18.06}
{'loss': 0.0344, 'grad_norm': 0.31473100185394287, 'learning_rate': 4.3042984226965396e-05, 'epoch': 18.07}
{'loss': 0.0806, 'grad_norm': 4.08056116104126, 'learning_rate': 4.2997537089147884e-05, 'epoch': 18.09}
{'loss': 0.0636, 'grad_norm': 5.181877136230469, 'learning_rate': 4.295208995133038e-05, 'epoch': 18.1}
{'loss': 0.071, 'grad_norm': 31.094467163085938, 'learning_rate': 4.290664281351287e-05, 'epoch': 18.11}
{'loss': 0.0624, 'grad_norm': 0.10877680033445358, 'learning_rate': 4.2861195675695355e-05, 'epoch': 18.12}
{'loss': 0.0993, 'grad_norm': 36.175262451171875, 'learning_rate': 4.281574853787784e-05, 'epoch': 18.14}
{'loss': 0.0326, 'grad_norm': 17.68406867980957, 'learning_rate': 4.277030140006033e-05, 'epoch': 18.15}
{'loss': 0.0904, 'grad_norm': 6.655466556549072, 'learning_rate': 4.272485426224282e-05, 'epoch': 18.16}
{'loss': 0.0604, 'grad_norm': 6.2607245445251465, 'learning_rate': 4.26794071244253e-05, 'epoch': 18.17}
{'loss': 0.0426, 'grad_norm': 1.1080303192138672, 'learning_rate': 4.263395998660779e-05, 'epoch': 18.19}
{'loss': 0.0713, 'grad_norm': 42.615867614746094, 'learning_rate': 4.2588512848790276e-05, 'epoch': 18.2}
{'loss': 0.1078, 'grad_norm': 8.350789070129395, 'learning_rate': 4.2543065710972764e-05, 'epoch': 18.21}
{'loss': 0.0685, 'grad_norm': 0.5024349093437195, 'learning_rate': 4.249761857315525e-05, 'epoch': 18.22}
{'loss': 0.0179, 'grad_norm': 6.219326496124268, 'learning_rate': 4.245217143533775e-05, 'epoch': 18.24}
{'loss': 0.0251, 'grad_norm': 3.3569750785827637, 'learning_rate': 4.2406724297520235e-05, 'epoch': 18.25}
{'loss': 0.1008, 'grad_norm': 37.99353790283203, 'learning_rate': 4.2361277159702723e-05, 'epoch': 18.26}
{'loss': 0.1007, 'grad_norm': 0.4836808145046234, 'learning_rate': 4.231583002188521e-05, 'epoch': 18.27}
{'loss': 0.0844, 'grad_norm': 26.03236961364746, 'learning_rate': 4.22703828840677e-05, 'epoch': 18.29}
{'loss': 0.0312, 'grad_norm': 0.16256271302700043, 'learning_rate': 4.222493574625019e-05, 'epoch': 18.3}
{'loss': 0.0865, 'grad_norm': 0.15252652764320374, 'learning_rate': 4.2179488608432676e-05, 'epoch': 18.31}
{'loss': 0.0626, 'grad_norm': 0.05765863135457039, 'learning_rate': 4.2134041470615164e-05, 'epoch': 18.32}
{'loss': 0.0686, 'grad_norm': 0.6835451126098633, 'learning_rate': 4.208859433279765e-05, 'epoch': 18.34}
{'loss': 0.0304, 'grad_norm': 2.7422726154327393, 'learning_rate': 4.204314719498014e-05, 'epoch': 18.35}
{'loss': 0.0868, 'grad_norm': 13.401389122009277, 'learning_rate': 4.199770005716263e-05, 'epoch': 18.36}
{'loss': 0.0868, 'grad_norm': 7.776443958282471, 'learning_rate': 4.1952252919345116e-05, 'epoch': 18.38}
{'loss': 0.0676, 'grad_norm': 44.95977020263672, 'learning_rate': 4.1906805781527604e-05, 'epoch': 18.39}
{'loss': 0.0469, 'grad_norm': 13.852405548095703, 'learning_rate': 4.186135864371009e-05, 'epoch': 18.4}
{'loss': 0.0081, 'grad_norm': 0.1551550030708313, 'learning_rate': 4.181591150589258e-05, 'epoch': 18.41}
{'loss': 0.0876, 'grad_norm': 30.94548797607422, 'learning_rate': 4.177046436807507e-05, 'epoch': 18.43}
{'loss': 0.0433, 'grad_norm': 32.3372688293457, 'learning_rate': 4.1725017230257556e-05, 'epoch': 18.44}
{'loss': 0.0807, 'grad_norm': 0.3866402208805084, 'learning_rate': 4.1679570092440044e-05, 'epoch': 18.45}
{'loss': 0.0883, 'grad_norm': 23.224519729614258, 'learning_rate': 4.163412295462253e-05, 'epoch': 18.46}
{'loss': 0.0395, 'grad_norm': 0.2069748342037201, 'learning_rate': 4.158867581680502e-05, 'epoch': 18.48}
{'loss': 0.0355, 'grad_norm': 23.794551849365234, 'learning_rate': 4.1543228678987515e-05, 'epoch': 18.49}
{'loss': 0.0493, 'grad_norm': 0.0200910996645689, 'learning_rate': 4.149778154117e-05, 'epoch': 18.5}
{'loss': 0.0503, 'grad_norm': 0.11407534778118134, 'learning_rate': 4.1452334403352484e-05, 'epoch': 18.51}
{'loss': 0.0569, 'grad_norm': 0.21784305572509766, 'learning_rate': 4.140688726553497e-05, 'epoch': 18.53}
{'loss': 0.0478, 'grad_norm': 21.17566680908203, 'learning_rate': 4.136144012771746e-05, 'epoch': 18.54}
{'loss': 0.0087, 'grad_norm': 0.06351952999830246, 'learning_rate': 4.131599298989995e-05, 'epoch': 18.55}
{'loss': 0.0701, 'grad_norm': 14.044461250305176, 'learning_rate': 4.1270545852082436e-05, 'epoch': 18.56}
{'loss': 0.0473, 'grad_norm': 17.28167724609375, 'learning_rate': 4.1225098714264924e-05, 'epoch': 18.58}
{'loss': 0.0483, 'grad_norm': 21.427553176879883, 'learning_rate': 4.117965157644741e-05, 'epoch': 18.59}
{'loss': 0.0305, 'grad_norm': 40.55821228027344, 'learning_rate': 4.11342044386299e-05, 'epoch': 18.6}
{'loss': 0.0879, 'grad_norm': 0.3698623478412628, 'learning_rate': 4.1088757300812395e-05, 'epoch': 18.61}
{'loss': 0.1383, 'grad_norm': 0.06263373792171478, 'learning_rate': 4.104331016299488e-05, 'epoch': 18.63}
{'loss': 0.0456, 'grad_norm': 34.9869499206543, 'learning_rate': 4.099786302517737e-05, 'epoch': 18.64}
{'loss': 0.0317, 'grad_norm': 0.13486602902412415, 'learning_rate': 4.095241588735986e-05, 'epoch': 18.65}
{'loss': 0.0655, 'grad_norm': 0.515481173992157, 'learning_rate': 4.090696874954235e-05, 'epoch': 18.66}
{'loss': 0.0788, 'grad_norm': 21.919397354125977, 'learning_rate': 4.0861521611724835e-05, 'epoch': 18.68}
{'loss': 0.0035, 'grad_norm': 0.013480667024850845, 'learning_rate': 4.0816074473907324e-05, 'epoch': 18.69}
{'loss': 0.0756, 'grad_norm': 15.132305145263672, 'learning_rate': 4.077062733608981e-05, 'epoch': 18.7}
{'loss': 0.0867, 'grad_norm': 16.545846939086914, 'learning_rate': 4.072518019827229e-05, 'epoch': 18.72}
{'loss': 0.1064, 'grad_norm': 0.06706438213586807, 'learning_rate': 4.067973306045478e-05, 'epoch': 18.73}
{'loss': 0.082, 'grad_norm': 0.050006281584501266, 'learning_rate': 4.0634285922637276e-05, 'epoch': 18.74}
{'loss': 0.0231, 'grad_norm': 5.917983531951904, 'learning_rate': 4.0588838784819764e-05, 'epoch': 18.75}
{'loss': 0.0231, 'grad_norm': 7.078006267547607, 'learning_rate': 4.054339164700225e-05, 'epoch': 18.77}
{'loss': 0.0554, 'grad_norm': 3.0334091186523438, 'learning_rate': 4.049794450918474e-05, 'epoch': 18.78}
{'loss': 0.0499, 'grad_norm': 24.17607879638672, 'learning_rate': 4.045249737136723e-05, 'epoch': 18.79}
{'loss': 0.0781, 'grad_norm': 30.57134246826172, 'learning_rate': 4.0407050233549716e-05, 'epoch': 18.8}
{'loss': 0.076, 'grad_norm': 0.14895635843276978, 'learning_rate': 4.0361603095732204e-05, 'epoch': 18.82}
{'loss': 0.0872, 'grad_norm': 0.32149118185043335, 'learning_rate': 4.031615595791469e-05, 'epoch': 18.83}
{'loss': 0.0535, 'grad_norm': 0.3702565133571625, 'learning_rate': 4.027070882009718e-05, 'epoch': 18.84}
{'loss': 0.0953, 'grad_norm': 14.77815055847168, 'learning_rate': 4.022526168227967e-05, 'epoch': 18.85}
{'loss': 0.0469, 'grad_norm': 0.011015118099749088, 'learning_rate': 4.0179814544462156e-05, 'epoch': 18.87}
{'loss': 0.0358, 'grad_norm': 0.1671435832977295, 'learning_rate': 4.0134367406644644e-05, 'epoch': 18.88}
{'loss': 0.0661, 'grad_norm': 0.0440114289522171, 'learning_rate': 4.008892026882713e-05, 'epoch': 18.89}
{'loss': 0.0947, 'grad_norm': 32.43581771850586, 'learning_rate': 4.004347313100962e-05, 'epoch': 18.9}
{'loss': 0.0615, 'grad_norm': 8.627838134765625, 'learning_rate': 3.999802599319211e-05, 'epoch': 18.92}
{'loss': 0.0488, 'grad_norm': 13.254003524780273, 'learning_rate': 3.9952578855374596e-05, 'epoch': 18.93}
{'loss': 0.047, 'grad_norm': 21.9273624420166, 'learning_rate': 3.9907131717557084e-05, 'epoch': 18.94}
{'loss': 0.134, 'grad_norm': 1.172071933746338, 'learning_rate': 3.986168457973957e-05, 'epoch': 18.95}
{'loss': 0.0636, 'grad_norm': 4.226592540740967, 'learning_rate': 3.981623744192206e-05, 'epoch': 18.97}
{'loss': 0.0625, 'grad_norm': 17.734277725219727, 'learning_rate': 3.977079030410455e-05, 'epoch': 18.98}
{'loss': 0.0519, 'grad_norm': 8.899857521057129, 'learning_rate': 3.972534316628704e-05, 'epoch': 18.99}
{'eval_loss': 0.9557926654815674, 'eval_f1_macro': 0.8330004730793626, 'eval_f1_weighted': 0.840072330972522, 'eval_precision_macro': 0.8358492093290447, 'eval_recall_macro': 0.835214370235641, 'eval_accuracy': 0.8402203856749312, 'eval_runtime': 313.0256, 'eval_samples_per_second': 17.395, 'eval_steps_per_second': 0.275, 'epoch': 19.0}
{'loss': 0.0684, 'grad_norm': 0.19964833557605743, 'learning_rate': 3.967989602846953e-05, 'epoch': 19.01}
{'loss': 0.0337, 'grad_norm': 19.888690948486328, 'learning_rate': 3.963444889065202e-05, 'epoch': 19.02}
{'loss': 0.0523, 'grad_norm': 0.25728535652160645, 'learning_rate': 3.958900175283451e-05, 'epoch': 19.03}
{'loss': 0.0463, 'grad_norm': 0.7410155534744263, 'learning_rate': 3.9543554615016995e-05, 'epoch': 19.04}
{'loss': 0.0653, 'grad_norm': 3.03157114982605, 'learning_rate': 3.949810747719948e-05, 'epoch': 19.06}
{'loss': 0.0308, 'grad_norm': 0.4182593822479248, 'learning_rate': 3.9452660339381965e-05, 'epoch': 19.07}
{'loss': 0.0433, 'grad_norm': 25.40424346923828, 'learning_rate': 3.940721320156445e-05, 'epoch': 19.08}
{'loss': 0.014, 'grad_norm': 16.758058547973633, 'learning_rate': 3.936176606374694e-05, 'epoch': 19.09}
{'loss': 0.099, 'grad_norm': 6.638158798217773, 'learning_rate': 3.931631892592943e-05, 'epoch': 19.11}
{'loss': 0.0619, 'grad_norm': 15.99266529083252, 'learning_rate': 3.9270871788111924e-05, 'epoch': 19.12}
{'loss': 0.0762, 'grad_norm': 20.11087417602539, 'learning_rate': 3.922542465029441e-05, 'epoch': 19.13}
{'loss': 0.041, 'grad_norm': 13.002389907836914, 'learning_rate': 3.91799775124769e-05, 'epoch': 19.14}
{'loss': 0.0505, 'grad_norm': 0.7384597063064575, 'learning_rate': 3.913453037465939e-05, 'epoch': 19.16}
{'loss': 0.0815, 'grad_norm': 21.409061431884766, 'learning_rate': 3.9089083236841876e-05, 'epoch': 19.17}
{'loss': 0.0031, 'grad_norm': 0.30180710554122925, 'learning_rate': 3.9043636099024364e-05, 'epoch': 19.18}
{'loss': 0.0233, 'grad_norm': 0.12094688415527344, 'learning_rate': 3.899818896120685e-05, 'epoch': 19.19}
{'loss': 0.0835, 'grad_norm': 2.5062990188598633, 'learning_rate': 3.895274182338934e-05, 'epoch': 19.21}
{'loss': 0.0115, 'grad_norm': 0.02780911698937416, 'learning_rate': 3.890729468557183e-05, 'epoch': 19.22}
{'loss': 0.017, 'grad_norm': 0.6404020190238953, 'learning_rate': 3.8861847547754316e-05, 'epoch': 19.23}
{'loss': 0.0641, 'grad_norm': 0.17067016661167145, 'learning_rate': 3.8816400409936804e-05, 'epoch': 19.24}
{'loss': 0.0116, 'grad_norm': 0.006111758295446634, 'learning_rate': 3.877095327211929e-05, 'epoch': 19.26}
{'loss': 0.0974, 'grad_norm': 25.404972076416016, 'learning_rate': 3.872550613430178e-05, 'epoch': 19.27}
{'loss': 0.0417, 'grad_norm': 27.041717529296875, 'learning_rate': 3.868005899648427e-05, 'epoch': 19.28}
{'loss': 0.0695, 'grad_norm': 0.6141729950904846, 'learning_rate': 3.8634611858666756e-05, 'epoch': 19.29}
{'loss': 0.0331, 'grad_norm': 15.054006576538086, 'learning_rate': 3.8589164720849244e-05, 'epoch': 19.31}
{'loss': 0.098, 'grad_norm': 22.382341384887695, 'learning_rate': 3.854371758303173e-05, 'epoch': 19.32}
{'loss': 0.0521, 'grad_norm': 0.022692253813147545, 'learning_rate': 3.849827044521422e-05, 'epoch': 19.33}
{'loss': 0.0234, 'grad_norm': 1.6512339115142822, 'learning_rate': 3.845282330739671e-05, 'epoch': 19.35}
{'loss': 0.0381, 'grad_norm': 0.01541114691644907, 'learning_rate': 3.8407376169579196e-05, 'epoch': 19.36}
{'loss': 0.0509, 'grad_norm': 20.956497192382812, 'learning_rate': 3.8361929031761684e-05, 'epoch': 19.37}
{'loss': 0.018, 'grad_norm': 0.050768546760082245, 'learning_rate': 3.831648189394418e-05, 'epoch': 19.38}
{'loss': 0.0748, 'grad_norm': 0.281856507062912, 'learning_rate': 3.827103475612666e-05, 'epoch': 19.4}
{'loss': 0.043, 'grad_norm': 1.5559076070785522, 'learning_rate': 3.822558761830915e-05, 'epoch': 19.41}
{'loss': 0.0361, 'grad_norm': 0.01866314187645912, 'learning_rate': 3.8180140480491637e-05, 'epoch': 19.42}
{'loss': 0.0094, 'grad_norm': 0.16486069560050964, 'learning_rate': 3.8134693342674125e-05, 'epoch': 19.43}
{'loss': 0.0646, 'grad_norm': 14.899397850036621, 'learning_rate': 3.808924620485661e-05, 'epoch': 19.45}
{'loss': 0.0519, 'grad_norm': 14.462028503417969, 'learning_rate': 3.80437990670391e-05, 'epoch': 19.46}
{'loss': 0.0248, 'grad_norm': 13.43365478515625, 'learning_rate': 3.799835192922159e-05, 'epoch': 19.47}
{'loss': 0.0319, 'grad_norm': 1.5171468257904053, 'learning_rate': 3.795290479140408e-05, 'epoch': 19.48}
{'loss': 0.0504, 'grad_norm': 21.2160701751709, 'learning_rate': 3.7907457653586565e-05, 'epoch': 19.5}
{'loss': 0.0022, 'grad_norm': 1.5646090507507324, 'learning_rate': 3.786201051576906e-05, 'epoch': 19.51}
{'loss': 0.1089, 'grad_norm': 2.103748083114624, 'learning_rate': 3.781656337795155e-05, 'epoch': 19.52}
{'loss': 0.0492, 'grad_norm': 0.15222923457622528, 'learning_rate': 3.7771116240134036e-05, 'epoch': 19.53}
{'loss': 0.0425, 'grad_norm': 31.631467819213867, 'learning_rate': 3.7725669102316524e-05, 'epoch': 19.55}
{'loss': 0.0298, 'grad_norm': 0.03907802700996399, 'learning_rate': 3.768022196449901e-05, 'epoch': 19.56}
{'loss': 0.0748, 'grad_norm': 0.21607819199562073, 'learning_rate': 3.76347748266815e-05, 'epoch': 19.57}
{'loss': 0.0191, 'grad_norm': 0.559802770614624, 'learning_rate': 3.758932768886399e-05, 'epoch': 19.58}
{'loss': 0.0014, 'grad_norm': 0.054747965186834335, 'learning_rate': 3.754388055104647e-05, 'epoch': 19.6}
{'loss': 0.0398, 'grad_norm': 1.2689745426177979, 'learning_rate': 3.749843341322896e-05, 'epoch': 19.61}
{'loss': 0.0788, 'grad_norm': 18.727590560913086, 'learning_rate': 3.7452986275411445e-05, 'epoch': 19.62}
{'loss': 0.0623, 'grad_norm': 2.3387043476104736, 'learning_rate': 3.740753913759394e-05, 'epoch': 19.63}
{'loss': 0.0142, 'grad_norm': 0.042801354080438614, 'learning_rate': 3.736209199977643e-05, 'epoch': 19.65}
{'loss': 0.0728, 'grad_norm': 0.1035185158252716, 'learning_rate': 3.7316644861958916e-05, 'epoch': 19.66}
{'loss': 0.0423, 'grad_norm': 3.804018259048462, 'learning_rate': 3.7271197724141404e-05, 'epoch': 19.67}
{'loss': 0.018, 'grad_norm': 4.724086761474609, 'learning_rate': 3.722575058632389e-05, 'epoch': 19.69}
{'loss': 0.0382, 'grad_norm': 20.613527297973633, 'learning_rate': 3.718030344850638e-05, 'epoch': 19.7}
{'loss': 0.0274, 'grad_norm': 0.02284855581820011, 'learning_rate': 3.713485631068887e-05, 'epoch': 19.71}
{'loss': 0.0842, 'grad_norm': 0.07449933141469955, 'learning_rate': 3.7089409172871356e-05, 'epoch': 19.72}
{'loss': 0.0979, 'grad_norm': 18.31177520751953, 'learning_rate': 3.7043962035053844e-05, 'epoch': 19.74}
{'loss': 0.0359, 'grad_norm': 6.069203853607178, 'learning_rate': 3.699851489723633e-05, 'epoch': 19.75}
{'loss': 0.0383, 'grad_norm': 21.42880630493164, 'learning_rate': 3.695306775941882e-05, 'epoch': 19.76}
{'loss': 0.0412, 'grad_norm': 7.06882905960083, 'learning_rate': 3.690762062160131e-05, 'epoch': 19.77}
{'loss': 0.0013, 'grad_norm': 0.04950002208352089, 'learning_rate': 3.6862173483783797e-05, 'epoch': 19.79}
{'loss': 0.1028, 'grad_norm': 0.027447916567325592, 'learning_rate': 3.6816726345966285e-05, 'epoch': 19.8}
{'loss': 0.0973, 'grad_norm': 0.061284907162189484, 'learning_rate': 3.677127920814877e-05, 'epoch': 19.81}
{'loss': 0.0102, 'grad_norm': 0.1310303509235382, 'learning_rate': 3.672583207033126e-05, 'epoch': 19.82}
{'loss': 0.0464, 'grad_norm': 4.352701187133789, 'learning_rate': 3.668038493251375e-05, 'epoch': 19.84}
{'loss': 0.0153, 'grad_norm': 0.1783556342124939, 'learning_rate': 3.663493779469624e-05, 'epoch': 19.85}
{'loss': 0.0878, 'grad_norm': 0.013316059485077858, 'learning_rate': 3.6589490656878725e-05, 'epoch': 19.86}
{'loss': 0.0659, 'grad_norm': 0.01873837038874626, 'learning_rate': 3.654404351906121e-05, 'epoch': 19.87}
{'loss': 0.0702, 'grad_norm': 0.6543353199958801, 'learning_rate': 3.649859638124371e-05, 'epoch': 19.89}
{'loss': 0.0578, 'grad_norm': 12.253094673156738, 'learning_rate': 3.6453149243426196e-05, 'epoch': 19.9}
{'loss': 0.0687, 'grad_norm': 13.223186492919922, 'learning_rate': 3.6407702105608684e-05, 'epoch': 19.91}
{'loss': 0.036, 'grad_norm': 5.612478733062744, 'learning_rate': 3.636225496779117e-05, 'epoch': 19.92}
{'loss': 0.0756, 'grad_norm': 17.75655746459961, 'learning_rate': 3.631680782997365e-05, 'epoch': 19.94}
{'loss': 0.0424, 'grad_norm': 0.026411425322294235, 'learning_rate': 3.627136069215614e-05, 'epoch': 19.95}
{'loss': 0.0443, 'grad_norm': 0.07087016105651855, 'learning_rate': 3.622591355433863e-05, 'epoch': 19.96}
{'loss': 0.0582, 'grad_norm': 0.020286882296204567, 'learning_rate': 3.618046641652112e-05, 'epoch': 19.97}
{'loss': 0.0692, 'grad_norm': 36.65364074707031, 'learning_rate': 3.6135019278703605e-05, 'epoch': 19.99}
{'loss': 0.0846, 'grad_norm': 11.85016918182373, 'learning_rate': 3.608957214088609e-05, 'epoch': 20.0}
{'eval_loss': 1.011572241783142, 'eval_f1_macro': 0.8344130991702555, 'eval_f1_weighted': 0.841757593379645, 'eval_precision_macro': 0.838426987566298, 'eval_recall_macro': 0.8376621901341748, 'eval_accuracy': 0.8415059687786961, 'eval_runtime': 311.5547, 'eval_samples_per_second': 17.477, 'eval_steps_per_second': 0.276, 'epoch': 20.0}
{'loss': 0.0348, 'grad_norm': 0.7268758416175842, 'learning_rate': 3.604412500306859e-05, 'epoch': 20.01}
{'loss': 0.0344, 'grad_norm': 2.406249523162842, 'learning_rate': 3.5998677865251076e-05, 'epoch': 20.03}
{'loss': 0.0519, 'grad_norm': 0.6407890915870667, 'learning_rate': 3.5953230727433564e-05, 'epoch': 20.04}
{'loss': 0.008, 'grad_norm': 2.2462081909179688, 'learning_rate': 3.590778358961605e-05, 'epoch': 20.05}
{'loss': 0.0312, 'grad_norm': 0.48571091890335083, 'learning_rate': 3.586233645179854e-05, 'epoch': 20.06}
{'loss': 0.0384, 'grad_norm': 2.0419976711273193, 'learning_rate': 3.581688931398103e-05, 'epoch': 20.08}
{'loss': 0.0501, 'grad_norm': 0.5109469294548035, 'learning_rate': 3.5771442176163516e-05, 'epoch': 20.09}
{'loss': 0.0366, 'grad_norm': 26.22637939453125, 'learning_rate': 3.5725995038346004e-05, 'epoch': 20.1}
{'loss': 0.0265, 'grad_norm': 0.0150559451431036, 'learning_rate': 3.568054790052849e-05, 'epoch': 20.11}
{'loss': 0.0484, 'grad_norm': 0.03536602854728699, 'learning_rate': 3.563510076271098e-05, 'epoch': 20.13}
{'loss': 0.0097, 'grad_norm': 12.936590194702148, 'learning_rate': 3.558965362489347e-05, 'epoch': 20.14}
{'loss': 0.0385, 'grad_norm': 7.596371173858643, 'learning_rate': 3.5544206487075956e-05, 'epoch': 20.15}
{'loss': 0.0235, 'grad_norm': 0.18732894957065582, 'learning_rate': 3.5498759349258444e-05, 'epoch': 20.16}
{'loss': 0.0356, 'grad_norm': 0.05344093218445778, 'learning_rate': 3.545331221144093e-05, 'epoch': 20.18}
{'loss': 0.0355, 'grad_norm': 0.13548362255096436, 'learning_rate': 3.540786507362342e-05, 'epoch': 20.19}
{'loss': 0.007, 'grad_norm': 1.2402757406234741, 'learning_rate': 3.536241793580591e-05, 'epoch': 20.2}
{'loss': 0.0537, 'grad_norm': 3.1220428943634033, 'learning_rate': 3.53169707979884e-05, 'epoch': 20.21}
{'loss': 0.0331, 'grad_norm': 35.360084533691406, 'learning_rate': 3.5271523660170885e-05, 'epoch': 20.23}
{'loss': 0.053, 'grad_norm': 34.225624084472656, 'learning_rate': 3.522607652235337e-05, 'epoch': 20.24}
{'loss': 0.0523, 'grad_norm': 9.99005126953125, 'learning_rate': 3.518062938453586e-05, 'epoch': 20.25}
{'loss': 0.0388, 'grad_norm': 0.005392585415393114, 'learning_rate': 3.5135182246718356e-05, 'epoch': 20.26}
{'loss': 0.0123, 'grad_norm': 0.055326398462057114, 'learning_rate': 3.5089735108900844e-05, 'epoch': 20.28}
{'loss': 0.0372, 'grad_norm': 5.260556697845459, 'learning_rate': 3.5044287971083325e-05, 'epoch': 20.29}
{'loss': 0.0884, 'grad_norm': 0.029749294742941856, 'learning_rate': 3.499884083326581e-05, 'epoch': 20.3}
{'loss': 0.0538, 'grad_norm': 0.11522486805915833, 'learning_rate': 3.49533936954483e-05, 'epoch': 20.31}
{'loss': 0.0142, 'grad_norm': 0.06151774525642395, 'learning_rate': 3.490794655763079e-05, 'epoch': 20.33}
{'loss': 0.0027, 'grad_norm': 0.06189323589205742, 'learning_rate': 3.486249941981328e-05, 'epoch': 20.34}
{'loss': 0.0363, 'grad_norm': 0.07165959477424622, 'learning_rate': 3.4817052281995765e-05, 'epoch': 20.35}
{'loss': 0.0244, 'grad_norm': 0.21244364976882935, 'learning_rate': 3.477160514417825e-05, 'epoch': 20.37}
{'loss': 0.0348, 'grad_norm': 0.04987957328557968, 'learning_rate': 3.472615800636074e-05, 'epoch': 20.38}
{'loss': 0.0124, 'grad_norm': 0.0485212579369545, 'learning_rate': 3.4680710868543236e-05, 'epoch': 20.39}
{'loss': 0.0771, 'grad_norm': 32.62647247314453, 'learning_rate': 3.4635263730725724e-05, 'epoch': 20.4}
{'loss': 0.0483, 'grad_norm': 0.3210238516330719, 'learning_rate': 3.458981659290821e-05, 'epoch': 20.42}
{'loss': 0.0497, 'grad_norm': 22.920730590820312, 'learning_rate': 3.45443694550907e-05, 'epoch': 20.43}
{'loss': 0.0491, 'grad_norm': 0.11132534593343735, 'learning_rate': 3.449892231727319e-05, 'epoch': 20.44}
{'loss': 0.0333, 'grad_norm': 0.07281363755464554, 'learning_rate': 3.4453475179455676e-05, 'epoch': 20.45}
{'loss': 0.015, 'grad_norm': 0.08235988020896912, 'learning_rate': 3.4408028041638164e-05, 'epoch': 20.47}
{'loss': 0.0424, 'grad_norm': 38.82036209106445, 'learning_rate': 3.4362580903820645e-05, 'epoch': 20.48}
{'loss': 0.0264, 'grad_norm': 33.846534729003906, 'learning_rate': 3.4317133766003134e-05, 'epoch': 20.49}
{'loss': 0.0699, 'grad_norm': 0.02121151052415371, 'learning_rate': 3.427168662818562e-05, 'epoch': 20.5}
{'loss': 0.0742, 'grad_norm': 29.554630279541016, 'learning_rate': 3.422623949036811e-05, 'epoch': 20.52}
{'loss': 0.0617, 'grad_norm': 21.136226654052734, 'learning_rate': 3.4180792352550604e-05, 'epoch': 20.53}
{'loss': 0.0301, 'grad_norm': 0.06156032532453537, 'learning_rate': 3.413534521473309e-05, 'epoch': 20.54}
{'loss': 0.0112, 'grad_norm': 6.304446220397949, 'learning_rate': 3.408989807691558e-05, 'epoch': 20.55}
{'loss': 0.0154, 'grad_norm': 0.026010358706116676, 'learning_rate': 3.404445093909807e-05, 'epoch': 20.57}
{'loss': 0.0409, 'grad_norm': 0.10490648448467255, 'learning_rate': 3.3999003801280557e-05, 'epoch': 20.58}
{'loss': 0.0067, 'grad_norm': 2.940112352371216, 'learning_rate': 3.3953556663463045e-05, 'epoch': 20.59}
{'loss': 0.0492, 'grad_norm': 17.457427978515625, 'learning_rate': 3.390810952564553e-05, 'epoch': 20.6}
{'loss': 0.0115, 'grad_norm': 0.11121093481779099, 'learning_rate': 3.386266238782802e-05, 'epoch': 20.62}
{'loss': 0.0227, 'grad_norm': 0.17819838225841522, 'learning_rate': 3.381721525001051e-05, 'epoch': 20.63}
{'loss': 0.0285, 'grad_norm': 8.371109008789062, 'learning_rate': 3.3771768112193e-05, 'epoch': 20.64}
{'loss': 0.0273, 'grad_norm': 0.1985034942626953, 'learning_rate': 3.3726320974375485e-05, 'epoch': 20.65}
{'loss': 0.0238, 'grad_norm': 3.3771188259124756, 'learning_rate': 3.368087383655797e-05, 'epoch': 20.67}
{'loss': 0.032, 'grad_norm': 0.1741855889558792, 'learning_rate': 3.363542669874046e-05, 'epoch': 20.68}
{'loss': 0.0255, 'grad_norm': 0.04004577547311783, 'learning_rate': 3.358997956092295e-05, 'epoch': 20.69}
{'loss': 0.0299, 'grad_norm': 0.0017026326386258006, 'learning_rate': 3.354453242310544e-05, 'epoch': 20.71}
{'loss': 0.0369, 'grad_norm': 0.0021721040830016136, 'learning_rate': 3.3499085285287925e-05, 'epoch': 20.72}
{'loss': 0.0018, 'grad_norm': 0.0021712426096200943, 'learning_rate': 3.345363814747041e-05, 'epoch': 20.73}
{'loss': 0.0396, 'grad_norm': 0.14256048202514648, 'learning_rate': 3.34081910096529e-05, 'epoch': 20.74}
{'loss': 0.001, 'grad_norm': 0.01825389452278614, 'learning_rate': 3.336274387183539e-05, 'epoch': 20.76}
{'loss': 0.0151, 'grad_norm': 2.4747538566589355, 'learning_rate': 3.331729673401788e-05, 'epoch': 20.77}
{'loss': 0.0162, 'grad_norm': 0.12574627995491028, 'learning_rate': 3.327184959620037e-05, 'epoch': 20.78}
{'loss': 0.0238, 'grad_norm': 0.22898562252521515, 'learning_rate': 3.322640245838286e-05, 'epoch': 20.79}
{'loss': 0.0401, 'grad_norm': 0.5108205676078796, 'learning_rate': 3.318095532056535e-05, 'epoch': 20.81}
{'loss': 0.0005, 'grad_norm': 0.006694788113236427, 'learning_rate': 3.3135508182747836e-05, 'epoch': 20.82}
{'loss': 0.0037, 'grad_norm': 0.008065951056778431, 'learning_rate': 3.309006104493032e-05, 'epoch': 20.83}
{'loss': 0.0846, 'grad_norm': 0.0023263157345354557, 'learning_rate': 3.3044613907112805e-05, 'epoch': 20.84}
{'loss': 0.0556, 'grad_norm': 0.11333197355270386, 'learning_rate': 3.2999166769295293e-05, 'epoch': 20.86}
{'loss': 0.0331, 'grad_norm': 0.0034843238536268473, 'learning_rate': 3.295371963147778e-05, 'epoch': 20.87}
{'loss': 0.0325, 'grad_norm': 0.02870245650410652, 'learning_rate': 3.290827249366027e-05, 'epoch': 20.88}
{'loss': 0.0052, 'grad_norm': 9.925342559814453, 'learning_rate': 3.286282535584276e-05, 'epoch': 20.89}
{'loss': 0.0661, 'grad_norm': 0.08005297183990479, 'learning_rate': 3.281737821802525e-05, 'epoch': 20.91}
{'loss': 0.0412, 'grad_norm': 0.032720696181058884, 'learning_rate': 3.277193108020774e-05, 'epoch': 20.92}
{'loss': 0.0919, 'grad_norm': 0.0017786594107747078, 'learning_rate': 3.272648394239023e-05, 'epoch': 20.93}
{'loss': 0.0016, 'grad_norm': 0.5383355021476746, 'learning_rate': 3.2681036804572717e-05, 'epoch': 20.94}
{'loss': 0.0003, 'grad_norm': 0.030866147950291634, 'learning_rate': 3.2635589666755205e-05, 'epoch': 20.96}
{'loss': 0.0232, 'grad_norm': 2.6323602199554443, 'learning_rate': 3.259014252893769e-05, 'epoch': 20.97}
{'loss': 0.0003, 'grad_norm': 0.0042551313526928425, 'learning_rate': 3.254469539112018e-05, 'epoch': 20.98}
{'loss': 0.0052, 'grad_norm': 0.0025684258434921503, 'learning_rate': 3.249924825330267e-05, 'epoch': 20.99}
{'eval_loss': 1.093692421913147, 'eval_f1_macro': 0.8453027516480383, 'eval_f1_weighted': 0.8526815986181682, 'eval_precision_macro': 0.8465453445200578, 'eval_recall_macro': 0.8446887619139825, 'eval_accuracy': 0.8527089072543618, 'eval_runtime': 5.5269, 'eval_samples_per_second': 985.179, 'eval_steps_per_second': 15.56, 'epoch': 21.0}
{'loss': 0.0137, 'grad_norm': 0.006118946708738804, 'learning_rate': 3.245380111548516e-05, 'epoch': 21.01}
{'loss': 0.0185, 'grad_norm': 0.013401324860751629, 'learning_rate': 3.2408353977667645e-05, 'epoch': 21.02}
{'loss': 0.0636, 'grad_norm': 42.518707275390625, 'learning_rate': 3.236290683985013e-05, 'epoch': 21.03}
{'loss': 0.0786, 'grad_norm': 0.9613664746284485, 'learning_rate': 3.231745970203262e-05, 'epoch': 21.05}
{'loss': 0.0408, 'grad_norm': 0.026512937620282173, 'learning_rate': 3.227201256421511e-05, 'epoch': 21.06}
{'loss': 0.0268, 'grad_norm': 4.0053324699401855, 'learning_rate': 3.22265654263976e-05, 'epoch': 21.07}
{'loss': 0.0542, 'grad_norm': 0.03769414871931076, 'learning_rate': 3.2181118288580085e-05, 'epoch': 21.08}
{'loss': 0.0124, 'grad_norm': 0.0236516073346138, 'learning_rate': 3.213567115076257e-05, 'epoch': 21.1}
{'loss': 0.0518, 'grad_norm': 17.9166316986084, 'learning_rate': 3.209022401294506e-05, 'epoch': 21.11}
{'loss': 0.0969, 'grad_norm': 20.085012435913086, 'learning_rate': 3.204477687512755e-05, 'epoch': 21.12}
{'loss': 0.0201, 'grad_norm': 0.01748223789036274, 'learning_rate': 3.199932973731004e-05, 'epoch': 21.13}
{'loss': 0.0624, 'grad_norm': 0.1860366314649582, 'learning_rate': 3.1953882599492525e-05, 'epoch': 21.15}
{'loss': 0.0026, 'grad_norm': 0.22284282743930817, 'learning_rate': 3.190843546167502e-05, 'epoch': 21.16}
{'loss': 0.0339, 'grad_norm': 0.06247247755527496, 'learning_rate': 3.18629883238575e-05, 'epoch': 21.17}
{'loss': 0.0524, 'grad_norm': 0.022670602425932884, 'learning_rate': 3.181754118603999e-05, 'epoch': 21.18}
{'loss': 0.057, 'grad_norm': 0.24920721352100372, 'learning_rate': 3.177209404822248e-05, 'epoch': 21.2}
{'loss': 0.0122, 'grad_norm': 0.037821751087903976, 'learning_rate': 3.1726646910404965e-05, 'epoch': 21.21}
{'loss': 0.0152, 'grad_norm': 5.05930757522583, 'learning_rate': 3.168119977258745e-05, 'epoch': 21.22}
{'loss': 0.0026, 'grad_norm': 0.0036001785192638636, 'learning_rate': 3.163575263476994e-05, 'epoch': 21.23}
{'loss': 0.0378, 'grad_norm': 0.00736819626763463, 'learning_rate': 3.159030549695243e-05, 'epoch': 21.25}
{'loss': 0.0371, 'grad_norm': 0.02586541324853897, 'learning_rate': 3.154485835913492e-05, 'epoch': 21.26}
{'loss': 0.1101, 'grad_norm': 56.43586349487305, 'learning_rate': 3.1499411221317406e-05, 'epoch': 21.27}
{'loss': 0.0321, 'grad_norm': 23.68734359741211, 'learning_rate': 3.14539640834999e-05, 'epoch': 21.28}
{'loss': 0.0486, 'grad_norm': 18.319873809814453, 'learning_rate': 3.140851694568239e-05, 'epoch': 21.3}
{'loss': 0.028, 'grad_norm': 0.02098429761826992, 'learning_rate': 3.1363069807864876e-05, 'epoch': 21.31}
{'loss': 0.0319, 'grad_norm': 20.082910537719727, 'learning_rate': 3.1317622670047364e-05, 'epoch': 21.32}
{'loss': 0.0906, 'grad_norm': 8.888947486877441, 'learning_rate': 3.127217553222985e-05, 'epoch': 21.34}
{'loss': 0.0709, 'grad_norm': 14.930252075195312, 'learning_rate': 3.122672839441234e-05, 'epoch': 21.35}
{'loss': 0.0283, 'grad_norm': 0.104222372174263, 'learning_rate': 3.118128125659483e-05, 'epoch': 21.36}
{'loss': 0.0067, 'grad_norm': 0.02904055453836918, 'learning_rate': 3.113583411877731e-05, 'epoch': 21.37}
{'loss': 0.0635, 'grad_norm': 0.015024659223854542, 'learning_rate': 3.10903869809598e-05, 'epoch': 21.39}
{'loss': 0.0784, 'grad_norm': 44.126068115234375, 'learning_rate': 3.1044939843142286e-05, 'epoch': 21.4}
{'loss': 0.0053, 'grad_norm': 8.5665283203125, 'learning_rate': 3.099949270532478e-05, 'epoch': 21.41}
{'loss': 0.039, 'grad_norm': 17.95270538330078, 'learning_rate': 3.095404556750727e-05, 'epoch': 21.42}
{'loss': 0.0156, 'grad_norm': 0.2765277028083801, 'learning_rate': 3.090859842968976e-05, 'epoch': 21.44}
{'loss': 0.0724, 'grad_norm': 28.905000686645508, 'learning_rate': 3.0863151291872245e-05, 'epoch': 21.45}
{'loss': 0.0545, 'grad_norm': 0.08734718710184097, 'learning_rate': 3.081770415405473e-05, 'epoch': 21.46}
{'loss': 0.0531, 'grad_norm': 9.386956214904785, 'learning_rate': 3.077225701623722e-05, 'epoch': 21.47}
{'loss': 0.0657, 'grad_norm': 0.00972225796431303, 'learning_rate': 3.072680987841971e-05, 'epoch': 21.49}
{'loss': 0.0444, 'grad_norm': 0.005553367082029581, 'learning_rate': 3.06813627406022e-05, 'epoch': 21.5}
{'loss': 0.0592, 'grad_norm': 0.012898893095552921, 'learning_rate': 3.0635915602784685e-05, 'epoch': 21.51}
{'loss': 0.0386, 'grad_norm': 1.1190053224563599, 'learning_rate': 3.059046846496717e-05, 'epoch': 21.52}
{'loss': 0.0112, 'grad_norm': 0.008742716163396835, 'learning_rate': 3.054502132714966e-05, 'epoch': 21.54}
{'loss': 0.0467, 'grad_norm': 0.1961013823747635, 'learning_rate': 3.0499574189332153e-05, 'epoch': 21.55}
{'loss': 0.055, 'grad_norm': 0.005357271526008844, 'learning_rate': 3.045412705151464e-05, 'epoch': 21.56}
{'loss': 0.0485, 'grad_norm': 0.020469559356570244, 'learning_rate': 3.0408679913697125e-05, 'epoch': 21.57}
{'loss': 0.0054, 'grad_norm': 0.015283722430467606, 'learning_rate': 3.0363232775879613e-05, 'epoch': 21.59}
{'loss': 0.0124, 'grad_norm': 0.019992871209979057, 'learning_rate': 3.03177856380621e-05, 'epoch': 21.6}
{'loss': 0.0511, 'grad_norm': 0.006624765228480101, 'learning_rate': 3.027233850024459e-05, 'epoch': 21.61}
{'loss': 0.0803, 'grad_norm': 12.895560264587402, 'learning_rate': 3.0226891362427077e-05, 'epoch': 21.62}
{'loss': 0.0364, 'grad_norm': 12.30122184753418, 'learning_rate': 3.0181444224609565e-05, 'epoch': 21.64}
{'loss': 0.005, 'grad_norm': 0.07775583118200302, 'learning_rate': 3.0135997086792054e-05, 'epoch': 21.65}
{'loss': 0.0121, 'grad_norm': 0.037001024931669235, 'learning_rate': 3.0090549948974545e-05, 'epoch': 21.66}
{'loss': 0.0689, 'grad_norm': 0.12390685081481934, 'learning_rate': 3.0045102811157033e-05, 'epoch': 21.68}
{'loss': 0.0106, 'grad_norm': 0.06450288742780685, 'learning_rate': 2.999965567333952e-05, 'epoch': 21.69}
{'loss': 0.0679, 'grad_norm': 1.8545160293579102, 'learning_rate': 2.995420853552201e-05, 'epoch': 21.7}
{'loss': 0.0017, 'grad_norm': 0.021812409162521362, 'learning_rate': 2.9908761397704497e-05, 'epoch': 21.71}
{'loss': 0.0663, 'grad_norm': 41.765438079833984, 'learning_rate': 2.9863314259886985e-05, 'epoch': 21.73}
{'loss': 0.0419, 'grad_norm': 0.05460002273321152, 'learning_rate': 2.9817867122069473e-05, 'epoch': 21.74}
{'loss': 0.0298, 'grad_norm': 0.009829958900809288, 'learning_rate': 2.977241998425196e-05, 'epoch': 21.75}
{'loss': 0.0593, 'grad_norm': 0.013922168873250484, 'learning_rate': 2.972697284643445e-05, 'epoch': 21.76}
{'loss': 0.0023, 'grad_norm': 0.4198194444179535, 'learning_rate': 2.9681525708616934e-05, 'epoch': 21.78}
{'loss': 0.0285, 'grad_norm': 19.28570556640625, 'learning_rate': 2.9636078570799422e-05, 'epoch': 21.79}
{'loss': 0.0144, 'grad_norm': 0.0037018696311861277, 'learning_rate': 2.9590631432981917e-05, 'epoch': 21.8}
{'loss': 0.0068, 'grad_norm': 0.005298499017953873, 'learning_rate': 2.9545184295164405e-05, 'epoch': 21.81}
{'loss': 0.0175, 'grad_norm': 0.23579232394695282, 'learning_rate': 2.9499737157346893e-05, 'epoch': 21.83}
{'loss': 0.0737, 'grad_norm': 0.568497359752655, 'learning_rate': 2.945429001952938e-05, 'epoch': 21.84}
{'loss': 0.0667, 'grad_norm': 35.069793701171875, 'learning_rate': 2.9408842881711866e-05, 'epoch': 21.85}
{'loss': 0.0126, 'grad_norm': 40.178855895996094, 'learning_rate': 2.9363395743894354e-05, 'epoch': 21.86}
{'loss': 0.055, 'grad_norm': 0.054889969527721405, 'learning_rate': 2.931794860607684e-05, 'epoch': 21.88}
{'loss': 0.0438, 'grad_norm': 0.12346351891756058, 'learning_rate': 2.927250146825933e-05, 'epoch': 21.89}
{'loss': 0.0528, 'grad_norm': 10.920426368713379, 'learning_rate': 2.9227054330441818e-05, 'epoch': 21.9}
{'loss': 0.0323, 'grad_norm': 2.1545283794403076, 'learning_rate': 2.9181607192624306e-05, 'epoch': 21.91}
{'loss': 0.0357, 'grad_norm': 19.831050872802734, 'learning_rate': 2.9136160054806797e-05, 'epoch': 21.93}
{'loss': 0.0524, 'grad_norm': 7.797388553619385, 'learning_rate': 2.9090712916989285e-05, 'epoch': 21.94}
{'loss': 0.0578, 'grad_norm': 27.304380416870117, 'learning_rate': 2.9045265779171773e-05, 'epoch': 21.95}
{'loss': 0.0144, 'grad_norm': 0.015764988958835602, 'learning_rate': 2.899981864135426e-05, 'epoch': 21.96}
{'loss': 0.0175, 'grad_norm': 1.0226308107376099, 'learning_rate': 2.895437150353675e-05, 'epoch': 21.98}
{'loss': 0.042, 'grad_norm': 0.006250885780900717, 'learning_rate': 2.8908924365719237e-05, 'epoch': 21.99}
{'eval_loss': 1.064964771270752, 'eval_f1_macro': 0.8451128501003973, 'eval_f1_weighted': 0.8530136466555822, 'eval_precision_macro': 0.8468801011871292, 'eval_recall_macro': 0.8495342120211538, 'eval_accuracy': 0.8538108356290175, 'eval_runtime': 330.0658, 'eval_samples_per_second': 16.497, 'eval_steps_per_second': 0.261, 'epoch': 22.0}
{'loss': 0.0437, 'grad_norm': 0.011525720357894897, 'learning_rate': 2.8863477227901725e-05, 'epoch': 22.0}
{'loss': 0.0142, 'grad_norm': 0.36722394824028015, 'learning_rate': 2.8818030090084213e-05, 'epoch': 22.02}
{'loss': 0.0271, 'grad_norm': 0.013011348433792591, 'learning_rate': 2.87725829522667e-05, 'epoch': 22.03}
{'loss': 0.0041, 'grad_norm': 0.01089370809495449, 'learning_rate': 2.872713581444919e-05, 'epoch': 22.04}
{'loss': 0.0019, 'grad_norm': 0.0030681744683533907, 'learning_rate': 2.868168867663168e-05, 'epoch': 22.05}
{'loss': 0.0105, 'grad_norm': 0.036403682082891464, 'learning_rate': 2.863624153881417e-05, 'epoch': 22.07}
{'loss': 0.0515, 'grad_norm': 24.457876205444336, 'learning_rate': 2.8590794400996657e-05, 'epoch': 22.08}
{'loss': 0.028, 'grad_norm': 12.530966758728027, 'learning_rate': 2.8545347263179145e-05, 'epoch': 22.09}
{'loss': 0.0158, 'grad_norm': 0.0057875365018844604, 'learning_rate': 2.8499900125361633e-05, 'epoch': 22.1}
{'loss': 0.0155, 'grad_norm': 0.1329980492591858, 'learning_rate': 2.8454452987544118e-05, 'epoch': 22.12}
{'loss': 0.0628, 'grad_norm': 14.360947608947754, 'learning_rate': 2.8409005849726606e-05, 'epoch': 22.13}
{'loss': 0.0111, 'grad_norm': 0.3866010010242462, 'learning_rate': 2.8363558711909094e-05, 'epoch': 22.14}
{'loss': 0.0262, 'grad_norm': 45.524662017822266, 'learning_rate': 2.8318111574091582e-05, 'epoch': 22.15}
{'loss': 0.0539, 'grad_norm': 15.671345710754395, 'learning_rate': 2.827266443627407e-05, 'epoch': 22.17}
{'loss': 0.038, 'grad_norm': 0.005247884895652533, 'learning_rate': 2.8227217298456565e-05, 'epoch': 22.18}
{'loss': 0.0408, 'grad_norm': 20.753013610839844, 'learning_rate': 2.818177016063905e-05, 'epoch': 22.19}
{'loss': 0.0282, 'grad_norm': 0.006342904642224312, 'learning_rate': 2.8136323022821537e-05, 'epoch': 22.2}
{'loss': 0.0114, 'grad_norm': 0.004101471044123173, 'learning_rate': 2.8090875885004025e-05, 'epoch': 22.22}
{'loss': 0.0126, 'grad_norm': 2.9111979007720947, 'learning_rate': 2.8045428747186513e-05, 'epoch': 22.23}
{'loss': 0.0017, 'grad_norm': 0.003226436208933592, 'learning_rate': 2.7999981609369e-05, 'epoch': 22.24}
{'loss': 0.0129, 'grad_norm': 0.004431263078004122, 'learning_rate': 2.795453447155149e-05, 'epoch': 22.25}
{'loss': 0.0376, 'grad_norm': 0.006109427195042372, 'learning_rate': 2.7909087333733978e-05, 'epoch': 22.27}
{'loss': 0.0223, 'grad_norm': 0.058168090879917145, 'learning_rate': 2.7863640195916466e-05, 'epoch': 22.28}
{'loss': 0.0013, 'grad_norm': 0.006711647380143404, 'learning_rate': 2.7818193058098954e-05, 'epoch': 22.29}
{'loss': 0.0359, 'grad_norm': 0.05750381574034691, 'learning_rate': 2.7772745920281445e-05, 'epoch': 22.3}
{'loss': 0.0357, 'grad_norm': 8.607834815979004, 'learning_rate': 2.7727298782463933e-05, 'epoch': 22.32}
{'loss': 0.0366, 'grad_norm': 8.827030181884766, 'learning_rate': 2.768185164464642e-05, 'epoch': 22.33}
{'loss': 0.0208, 'grad_norm': 0.0017231120727956295, 'learning_rate': 2.763640450682891e-05, 'epoch': 22.34}
{'loss': 0.0193, 'grad_norm': 0.0029766366351395845, 'learning_rate': 2.7590957369011397e-05, 'epoch': 22.36}
{'loss': 0.0035, 'grad_norm': 18.49143409729004, 'learning_rate': 2.7545510231193885e-05, 'epoch': 22.37}
{'loss': 0.0019, 'grad_norm': 9.808481216430664, 'learning_rate': 2.7500063093376373e-05, 'epoch': 22.38}
{'loss': 0.0097, 'grad_norm': 0.0038650534115731716, 'learning_rate': 2.7454615955558858e-05, 'epoch': 22.39}
{'loss': 0.1165, 'grad_norm': 26.88071632385254, 'learning_rate': 2.7409168817741346e-05, 'epoch': 22.41}
{'loss': 0.0513, 'grad_norm': 0.002388969762250781, 'learning_rate': 2.7363721679923834e-05, 'epoch': 22.42}
{'loss': 0.049, 'grad_norm': 0.013996117748320103, 'learning_rate': 2.731827454210633e-05, 'epoch': 22.43}
{'loss': 0.0308, 'grad_norm': 0.006361756473779678, 'learning_rate': 2.7272827404288817e-05, 'epoch': 22.44}
{'loss': 0.0286, 'grad_norm': 0.24321278929710388, 'learning_rate': 2.7227380266471305e-05, 'epoch': 22.46}
{'loss': 0.023, 'grad_norm': 0.05922795459628105, 'learning_rate': 2.718193312865379e-05, 'epoch': 22.47}
{'loss': 0.0362, 'grad_norm': 0.04468793049454689, 'learning_rate': 2.7136485990836278e-05, 'epoch': 22.48}
{'loss': 0.0036, 'grad_norm': 0.17272552847862244, 'learning_rate': 2.7091038853018766e-05, 'epoch': 22.49}
{'loss': 0.0312, 'grad_norm': 0.002748010912910104, 'learning_rate': 2.7045591715201254e-05, 'epoch': 22.51}
{'loss': 0.0388, 'grad_norm': 0.007507320959120989, 'learning_rate': 2.7000144577383742e-05, 'epoch': 22.52}
{'loss': 0.0473, 'grad_norm': 41.6261100769043, 'learning_rate': 2.695469743956623e-05, 'epoch': 22.53}
{'loss': 0.0325, 'grad_norm': 47.08639907836914, 'learning_rate': 2.6909250301748718e-05, 'epoch': 22.54}
{'loss': 0.0254, 'grad_norm': 19.405298233032227, 'learning_rate': 2.686380316393121e-05, 'epoch': 22.56}
{'loss': 0.0381, 'grad_norm': 4.647087574005127, 'learning_rate': 2.6818356026113697e-05, 'epoch': 22.57}
{'loss': 0.0769, 'grad_norm': 0.0035567295271903276, 'learning_rate': 2.6772908888296185e-05, 'epoch': 22.58}
{'loss': 0.0113, 'grad_norm': 0.04871857911348343, 'learning_rate': 2.6727461750478673e-05, 'epoch': 22.59}
{'loss': 0.0005, 'grad_norm': 0.017112629488110542, 'learning_rate': 2.668201461266116e-05, 'epoch': 22.61}
{'loss': 0.0134, 'grad_norm': 0.052556514739990234, 'learning_rate': 2.663656747484365e-05, 'epoch': 22.62}
{'loss': 0.0146, 'grad_norm': 0.13539037108421326, 'learning_rate': 2.6591120337026138e-05, 'epoch': 22.63}
{'loss': 0.0032, 'grad_norm': 0.1600048691034317, 'learning_rate': 2.6545673199208626e-05, 'epoch': 22.64}
{'loss': 0.029, 'grad_norm': 0.001455345074646175, 'learning_rate': 2.650022606139111e-05, 'epoch': 22.66}
{'loss': 0.0472, 'grad_norm': 0.1120566800236702, 'learning_rate': 2.6454778923573598e-05, 'epoch': 22.67}
{'loss': 0.0307, 'grad_norm': 0.008634040132164955, 'learning_rate': 2.6409331785756093e-05, 'epoch': 22.68}
{'loss': 0.004, 'grad_norm': 0.17690344154834747, 'learning_rate': 2.636388464793858e-05, 'epoch': 22.7}
{'loss': 0.0727, 'grad_norm': 0.3594004213809967, 'learning_rate': 2.631843751012107e-05, 'epoch': 22.71}
{'loss': 0.0165, 'grad_norm': 0.005917724221944809, 'learning_rate': 2.6272990372303557e-05, 'epoch': 22.72}
{'loss': 0.041, 'grad_norm': 0.11804632097482681, 'learning_rate': 2.6227543234486042e-05, 'epoch': 22.73}
{'loss': 0.0205, 'grad_norm': 0.041899971663951874, 'learning_rate': 2.618209609666853e-05, 'epoch': 22.75}
{'loss': 0.0023, 'grad_norm': 0.018201548606157303, 'learning_rate': 2.6136648958851018e-05, 'epoch': 22.76}
{'loss': 0.0021, 'grad_norm': 0.008954840712249279, 'learning_rate': 2.6091201821033506e-05, 'epoch': 22.77}
{'loss': 0.0321, 'grad_norm': 0.23663969337940216, 'learning_rate': 2.6045754683215994e-05, 'epoch': 22.78}
{'loss': 0.0063, 'grad_norm': 0.008728268556296825, 'learning_rate': 2.6000307545398482e-05, 'epoch': 22.8}
{'loss': 0.0205, 'grad_norm': 0.009479454718530178, 'learning_rate': 2.5954860407580973e-05, 'epoch': 22.81}
{'loss': 0.0089, 'grad_norm': 0.004985362756997347, 'learning_rate': 2.590941326976346e-05, 'epoch': 22.82}
{'loss': 0.0325, 'grad_norm': 1.7116659879684448, 'learning_rate': 2.586396613194595e-05, 'epoch': 22.83}
{'loss': 0.0472, 'grad_norm': 0.010996179655194283, 'learning_rate': 2.5818518994128438e-05, 'epoch': 22.85}
{'loss': 0.0114, 'grad_norm': 0.009827927686274052, 'learning_rate': 2.5773071856310926e-05, 'epoch': 22.86}
{'loss': 0.0182, 'grad_norm': 0.008888383395969868, 'learning_rate': 2.5727624718493414e-05, 'epoch': 22.87}
{'loss': 0.0604, 'grad_norm': 20.412439346313477, 'learning_rate': 2.5682177580675902e-05, 'epoch': 22.88}
{'loss': 0.044, 'grad_norm': 0.002591869095340371, 'learning_rate': 2.563673044285839e-05, 'epoch': 22.9}
{'loss': 0.031, 'grad_norm': 0.003393008140847087, 'learning_rate': 2.5591283305040878e-05, 'epoch': 22.91}
{'loss': 0.0219, 'grad_norm': 0.040716174989938736, 'learning_rate': 2.5545836167223366e-05, 'epoch': 22.92}
{'loss': 0.0338, 'grad_norm': 27.392745971679688, 'learning_rate': 2.550038902940585e-05, 'epoch': 22.93}
{'loss': 0.004, 'grad_norm': 0.006661917082965374, 'learning_rate': 2.5454941891588345e-05, 'epoch': 22.95}
{'loss': 0.0484, 'grad_norm': 0.5658829808235168, 'learning_rate': 2.5409494753770833e-05, 'epoch': 22.96}
{'loss': 0.031, 'grad_norm': 20.00345802307129, 'learning_rate': 2.536404761595332e-05, 'epoch': 22.97}
{'loss': 0.0485, 'grad_norm': 0.03275468572974205, 'learning_rate': 2.531860047813581e-05, 'epoch': 22.98}
{'loss': 0.0205, 'grad_norm': 2.0090839862823486, 'learning_rate': 2.5273153340318297e-05, 'epoch': 23.0}
{'eval_loss': 1.1279339790344238, 'eval_f1_macro': 0.8370474960632235, 'eval_f1_weighted': 0.8449365970397404, 'eval_precision_macro': 0.843947571312862, 'eval_recall_macro': 0.8335758890953663, 'eval_accuracy': 0.8462809917355372, 'eval_runtime': 5.5975, 'eval_samples_per_second': 972.764, 'eval_steps_per_second': 15.364, 'epoch': 23.0}
{'loss': 0.0007, 'grad_norm': 0.04325013607740402, 'learning_rate': 2.5227706202500782e-05, 'epoch': 23.01}
{'loss': 0.0224, 'grad_norm': 0.266300231218338, 'learning_rate': 2.518225906468327e-05, 'epoch': 23.02}
{'loss': 0.0129, 'grad_norm': 17.13224220275879, 'learning_rate': 2.5136811926865758e-05, 'epoch': 23.04}
{'loss': 0.0544, 'grad_norm': 0.0029477542266249657, 'learning_rate': 2.5091364789048246e-05, 'epoch': 23.05}
{'loss': 0.042, 'grad_norm': 0.0029959077946841717, 'learning_rate': 2.5045917651230734e-05, 'epoch': 23.06}
{'loss': 0.0315, 'grad_norm': 0.06089584901928902, 'learning_rate': 2.5000470513413226e-05, 'epoch': 23.07}
{'loss': 0.0125, 'grad_norm': 0.03081178292632103, 'learning_rate': 2.4955023375595714e-05, 'epoch': 23.09}
{'loss': 0.0003, 'grad_norm': 0.03390834107995033, 'learning_rate': 2.4909576237778202e-05, 'epoch': 23.1}
{'loss': 0.0102, 'grad_norm': 23.811920166015625, 'learning_rate': 2.486412909996069e-05, 'epoch': 23.11}
{'loss': 0.0054, 'grad_norm': 0.15589852631092072, 'learning_rate': 2.4818681962143178e-05, 'epoch': 23.12}
{'loss': 0.0268, 'grad_norm': 0.0037801822181791067, 'learning_rate': 2.4773234824325666e-05, 'epoch': 23.14}
{'loss': 0.0325, 'grad_norm': 0.1304691880941391, 'learning_rate': 2.4727787686508154e-05, 'epoch': 23.15}
{'loss': 0.0003, 'grad_norm': 0.007387256249785423, 'learning_rate': 2.4682340548690642e-05, 'epoch': 23.16}
{'loss': 0.0206, 'grad_norm': 15.018628120422363, 'learning_rate': 2.463689341087313e-05, 'epoch': 23.17}
{'loss': 0.0053, 'grad_norm': 0.17549815773963928, 'learning_rate': 2.4591446273055618e-05, 'epoch': 23.19}
{'loss': 0.0065, 'grad_norm': 0.015797074884176254, 'learning_rate': 2.454599913523811e-05, 'epoch': 23.2}
{'loss': 0.0334, 'grad_norm': 6.884949207305908, 'learning_rate': 2.4500551997420598e-05, 'epoch': 23.21}
{'loss': 0.0313, 'grad_norm': 0.08115768432617188, 'learning_rate': 2.4455104859603086e-05, 'epoch': 23.22}
{'loss': 0.0335, 'grad_norm': 19.108949661254883, 'learning_rate': 2.4409657721785574e-05, 'epoch': 23.24}
{'loss': 0.0003, 'grad_norm': 0.003584200283512473, 'learning_rate': 2.436421058396806e-05, 'epoch': 23.25}
{'loss': 0.0292, 'grad_norm': 34.13270950317383, 'learning_rate': 2.431876344615055e-05, 'epoch': 23.26}
{'loss': 0.0039, 'grad_norm': 0.020655512809753418, 'learning_rate': 2.4273316308333034e-05, 'epoch': 23.27}
{'loss': 0.0004, 'grad_norm': 0.0032394346781075, 'learning_rate': 2.4227869170515522e-05, 'epoch': 23.29}
{'loss': 0.0002, 'grad_norm': 0.06267017126083374, 'learning_rate': 2.418242203269801e-05, 'epoch': 23.3}
{'loss': 0.0182, 'grad_norm': 0.023922398686408997, 'learning_rate': 2.41369748948805e-05, 'epoch': 23.31}
{'loss': 0.0259, 'grad_norm': 0.7262927889823914, 'learning_rate': 2.4091527757062993e-05, 'epoch': 23.32}
{'loss': 0.0133, 'grad_norm': 0.8322373032569885, 'learning_rate': 2.404608061924548e-05, 'epoch': 23.34}
{'loss': 0.0495, 'grad_norm': 54.93225860595703, 'learning_rate': 2.4000633481427966e-05, 'epoch': 23.35}
{'loss': 0.0146, 'grad_norm': 0.014757802709937096, 'learning_rate': 2.3955186343610454e-05, 'epoch': 23.36}
{'loss': 0.0175, 'grad_norm': 0.0022457982413470745, 'learning_rate': 2.3909739205792942e-05, 'epoch': 23.38}
{'loss': 0.0179, 'grad_norm': 0.00128283875528723, 'learning_rate': 2.386429206797543e-05, 'epoch': 23.39}
{'loss': 0.0164, 'grad_norm': 6.48552131652832, 'learning_rate': 2.3818844930157918e-05, 'epoch': 23.4}
{'loss': 0.0393, 'grad_norm': 0.006004964001476765, 'learning_rate': 2.377339779234041e-05, 'epoch': 23.41}
{'loss': 0.0232, 'grad_norm': 0.020154481753706932, 'learning_rate': 2.3727950654522898e-05, 'epoch': 23.43}
{'loss': 0.0011, 'grad_norm': 0.007420517969876528, 'learning_rate': 2.3682503516705386e-05, 'epoch': 23.44}
{'loss': 0.0191, 'grad_norm': 0.015581473708152771, 'learning_rate': 2.363705637888787e-05, 'epoch': 23.45}
{'loss': 0.0144, 'grad_norm': 0.03101458214223385, 'learning_rate': 2.359160924107036e-05, 'epoch': 23.46}
{'loss': 0.0374, 'grad_norm': 0.0010932737495750189, 'learning_rate': 2.3546162103252846e-05, 'epoch': 23.48}
{'loss': 0.0711, 'grad_norm': 0.09976205974817276, 'learning_rate': 2.3500714965435338e-05, 'epoch': 23.49}
{'loss': 0.0049, 'grad_norm': 28.98379135131836, 'learning_rate': 2.3455267827617826e-05, 'epoch': 23.5}
{'loss': 0.0333, 'grad_norm': 0.19497179985046387, 'learning_rate': 2.3409820689800314e-05, 'epoch': 23.51}
{'loss': 0.0365, 'grad_norm': 0.4936177432537079, 'learning_rate': 2.3364373551982802e-05, 'epoch': 23.53}
{'loss': 0.0016, 'grad_norm': 1.4108885526657104, 'learning_rate': 2.331892641416529e-05, 'epoch': 23.54}
{'loss': 0.0045, 'grad_norm': 0.007049476262181997, 'learning_rate': 2.3273479276347778e-05, 'epoch': 23.55}
{'loss': 0.0389, 'grad_norm': 0.034168899059295654, 'learning_rate': 2.3228032138530266e-05, 'epoch': 23.56}
{'loss': 0.0288, 'grad_norm': 0.04772000014781952, 'learning_rate': 2.3182585000712754e-05, 'epoch': 23.58}
{'loss': 0.0321, 'grad_norm': 0.006201128475368023, 'learning_rate': 2.3137137862895242e-05, 'epoch': 23.59}
{'loss': 0.0343, 'grad_norm': 0.00615072762593627, 'learning_rate': 2.309169072507773e-05, 'epoch': 23.6}
{'loss': 0.0404, 'grad_norm': 26.528247833251953, 'learning_rate': 2.3046243587260218e-05, 'epoch': 23.61}
{'loss': 0.0005, 'grad_norm': 0.027447355911135674, 'learning_rate': 2.3000796449442706e-05, 'epoch': 23.63}
{'loss': 0.0227, 'grad_norm': 0.006170241627842188, 'learning_rate': 2.2955349311625194e-05, 'epoch': 23.64}
{'loss': 0.0108, 'grad_norm': 0.3180523216724396, 'learning_rate': 2.2909902173807682e-05, 'epoch': 23.65}
{'loss': 0.0179, 'grad_norm': 0.016653219237923622, 'learning_rate': 2.286445503599017e-05, 'epoch': 23.66}
{'loss': 0.0438, 'grad_norm': 0.015806181356310844, 'learning_rate': 2.2819007898172662e-05, 'epoch': 23.68}
{'loss': 0.002, 'grad_norm': 0.0036903605796396732, 'learning_rate': 2.277356076035515e-05, 'epoch': 23.69}
{'loss': 0.0332, 'grad_norm': 1.274237871170044, 'learning_rate': 2.2728113622537638e-05, 'epoch': 23.7}
{'loss': 0.0009, 'grad_norm': 0.002420723205432296, 'learning_rate': 2.2682666484720123e-05, 'epoch': 23.72}
{'loss': 0.0045, 'grad_norm': 0.0028570550493896008, 'learning_rate': 2.263721934690261e-05, 'epoch': 23.73}
{'loss': 0.0118, 'grad_norm': 0.02116646058857441, 'learning_rate': 2.2591772209085102e-05, 'epoch': 23.74}
{'loss': 0.0452, 'grad_norm': 0.24372321367263794, 'learning_rate': 2.254632507126759e-05, 'epoch': 23.75}
{'loss': 0.0182, 'grad_norm': 0.0021052644588053226, 'learning_rate': 2.2500877933450078e-05, 'epoch': 23.77}
{'loss': 0.0237, 'grad_norm': 6.313840866088867, 'learning_rate': 2.2455430795632566e-05, 'epoch': 23.78}
{'loss': 0.0647, 'grad_norm': 14.704681396484375, 'learning_rate': 2.2409983657815054e-05, 'epoch': 23.79}
{'loss': 0.0569, 'grad_norm': 0.10613306611776352, 'learning_rate': 2.2364536519997542e-05, 'epoch': 23.8}
{'loss': 0.0451, 'grad_norm': 0.010931427590548992, 'learning_rate': 2.231908938218003e-05, 'epoch': 23.82}
{'loss': 0.0264, 'grad_norm': 0.28636637330055237, 'learning_rate': 2.2273642244362518e-05, 'epoch': 23.83}
{'loss': 0.0173, 'grad_norm': 12.479580879211426, 'learning_rate': 2.2228195106545006e-05, 'epoch': 23.84}
{'loss': 0.0632, 'grad_norm': 0.006153082940727472, 'learning_rate': 2.2182747968727494e-05, 'epoch': 23.85}
{'loss': 0.0011, 'grad_norm': 0.0062711541540920734, 'learning_rate': 2.2137300830909986e-05, 'epoch': 23.87}
{'loss': 0.0495, 'grad_norm': 30.255590438842773, 'learning_rate': 2.2091853693092474e-05, 'epoch': 23.88}
{'loss': 0.0201, 'grad_norm': 0.011541222222149372, 'learning_rate': 2.204640655527496e-05, 'epoch': 23.89}
{'loss': 0.0263, 'grad_norm': 0.061286650598049164, 'learning_rate': 2.2000959417457446e-05, 'epoch': 23.9}
{'loss': 0.0237, 'grad_norm': 0.005710201803594828, 'learning_rate': 2.1955512279639935e-05, 'epoch': 23.92}
{'loss': 0.0308, 'grad_norm': 0.6507459878921509, 'learning_rate': 2.1910065141822426e-05, 'epoch': 23.93}
{'loss': 0.0312, 'grad_norm': 23.243968963623047, 'learning_rate': 2.1864618004004914e-05, 'epoch': 23.94}
{'loss': 0.0241, 'grad_norm': 0.00275789643637836, 'learning_rate': 2.1819170866187402e-05, 'epoch': 23.95}
{'loss': 0.0006, 'grad_norm': 0.0363190695643425, 'learning_rate': 2.177372372836989e-05, 'epoch': 23.97}
{'loss': 0.0767, 'grad_norm': 0.019437003880739212, 'learning_rate': 2.1728276590552378e-05, 'epoch': 23.98}
{'loss': 0.0254, 'grad_norm': 0.06260110437870026, 'learning_rate': 2.1682829452734866e-05, 'epoch': 23.99}
{'eval_loss': 1.0766408443450928, 'eval_f1_macro': 0.8424946560887131, 'eval_f1_weighted': 0.8507341540623427, 'eval_precision_macro': 0.8427988614464527, 'eval_recall_macro': 0.8452820050321581, 'eval_accuracy': 0.8512396694214877, 'eval_runtime': 5.4463, 'eval_samples_per_second': 999.755, 'eval_steps_per_second': 15.79, 'epoch': 24.0}
{'loss': 0.0332, 'grad_norm': 0.09887227416038513, 'learning_rate': 2.1637382314917354e-05, 'epoch': 24.01}
{'loss': 0.0038, 'grad_norm': 0.020463204011321068, 'learning_rate': 2.1591935177099842e-05, 'epoch': 24.02}
{'loss': 0.0359, 'grad_norm': 0.008183487690985203, 'learning_rate': 2.154648803928233e-05, 'epoch': 24.03}
{'loss': 0.0204, 'grad_norm': 0.006695728749036789, 'learning_rate': 2.150104090146482e-05, 'epoch': 24.04}
{'loss': 0.0337, 'grad_norm': 0.04157349094748497, 'learning_rate': 2.145559376364731e-05, 'epoch': 24.06}
{'loss': 0.0276, 'grad_norm': 21.982585906982422, 'learning_rate': 2.1410146625829794e-05, 'epoch': 24.07}
{'loss': 0.0011, 'grad_norm': 0.004133520647883415, 'learning_rate': 2.1364699488012282e-05, 'epoch': 24.08}
{'loss': 0.0005, 'grad_norm': 0.014261779375374317, 'learning_rate': 2.131925235019477e-05, 'epoch': 24.09}
{'loss': 0.0122, 'grad_norm': 0.020113065838813782, 'learning_rate': 2.127380521237726e-05, 'epoch': 24.11}
{'loss': 0.0444, 'grad_norm': 0.01790126971900463, 'learning_rate': 2.122835807455975e-05, 'epoch': 24.12}
{'loss': 0.0496, 'grad_norm': 0.02330171875655651, 'learning_rate': 2.1182910936742238e-05, 'epoch': 24.13}
{'loss': 0.0209, 'grad_norm': 45.30540466308594, 'learning_rate': 2.1137463798924726e-05, 'epoch': 24.14}
{'loss': 0.0627, 'grad_norm': 21.23340606689453, 'learning_rate': 2.1092016661107214e-05, 'epoch': 24.16}
{'loss': 0.0267, 'grad_norm': 0.4603763222694397, 'learning_rate': 2.10465695232897e-05, 'epoch': 24.17}
{'loss': 0.0435, 'grad_norm': 0.0621243454515934, 'learning_rate': 2.100112238547219e-05, 'epoch': 24.18}
{'loss': 0.0016, 'grad_norm': 0.004752923734486103, 'learning_rate': 2.0955675247654678e-05, 'epoch': 24.19}
{'loss': 0.0343, 'grad_norm': 0.012372532859444618, 'learning_rate': 2.0910228109837166e-05, 'epoch': 24.21}
{'loss': 0.0019, 'grad_norm': 0.05903957784175873, 'learning_rate': 2.0864780972019654e-05, 'epoch': 24.22}
{'loss': 0.0191, 'grad_norm': 9.758038520812988, 'learning_rate': 2.0819333834202142e-05, 'epoch': 24.23}
{'loss': 0.0034, 'grad_norm': 0.16706514358520508, 'learning_rate': 2.077388669638463e-05, 'epoch': 24.24}
{'loss': 0.0021, 'grad_norm': 0.009659877978265285, 'learning_rate': 2.072843955856712e-05, 'epoch': 24.26}
{'loss': 0.0546, 'grad_norm': 0.003294882597401738, 'learning_rate': 2.0682992420749606e-05, 'epoch': 24.27}
{'loss': 0.0077, 'grad_norm': 0.3024248480796814, 'learning_rate': 2.0637545282932094e-05, 'epoch': 24.28}
{'loss': 0.0004, 'grad_norm': 0.0034502483904361725, 'learning_rate': 2.0592098145114582e-05, 'epoch': 24.29}
{'loss': 0.0059, 'grad_norm': 0.25911393761634827, 'learning_rate': 2.0546651007297074e-05, 'epoch': 24.31}
{'loss': 0.0191, 'grad_norm': 0.008187818340957165, 'learning_rate': 2.0501203869479562e-05, 'epoch': 24.32}
{'loss': 0.0172, 'grad_norm': 33.29456329345703, 'learning_rate': 2.0455756731662047e-05, 'epoch': 24.33}
{'loss': 0.0321, 'grad_norm': 0.0018110129749402404, 'learning_rate': 2.0410309593844535e-05, 'epoch': 24.35}
{'loss': 0.0016, 'grad_norm': 0.01265413872897625, 'learning_rate': 2.0364862456027023e-05, 'epoch': 24.36}
{'loss': 0.0499, 'grad_norm': 0.08554845303297043, 'learning_rate': 2.0319415318209514e-05, 'epoch': 24.37}
{'loss': 0.0219, 'grad_norm': 0.4350041449069977, 'learning_rate': 2.0273968180392002e-05, 'epoch': 24.38}
{'loss': 0.0199, 'grad_norm': 0.008553657680749893, 'learning_rate': 2.022852104257449e-05, 'epoch': 24.4}
{'loss': 0.0213, 'grad_norm': 0.37219667434692383, 'learning_rate': 2.0183073904756978e-05, 'epoch': 24.41}
{'loss': 0.0071, 'grad_norm': 0.20183829963207245, 'learning_rate': 2.0137626766939466e-05, 'epoch': 24.42}
{'loss': 0.0325, 'grad_norm': 0.013785406947135925, 'learning_rate': 2.0092179629121954e-05, 'epoch': 24.43}
{'loss': 0.0011, 'grad_norm': 0.0018979237647727132, 'learning_rate': 2.0046732491304442e-05, 'epoch': 24.45}
{'loss': 0.009, 'grad_norm': 0.00364022352732718, 'learning_rate': 2.000128535348693e-05, 'epoch': 24.46}
{'loss': 0.0407, 'grad_norm': 0.029109951108694077, 'learning_rate': 1.995583821566942e-05, 'epoch': 24.47}
{'loss': 0.0002, 'grad_norm': 0.004385968204587698, 'learning_rate': 1.9910391077851906e-05, 'epoch': 24.48}
{'loss': 0.0086, 'grad_norm': 0.01915486715734005, 'learning_rate': 1.9864943940034398e-05, 'epoch': 24.5}
{'loss': 0.0152, 'grad_norm': 0.003952637314796448, 'learning_rate': 1.9819496802216883e-05, 'epoch': 24.51}
{'loss': 0.0005, 'grad_norm': 0.5898389220237732, 'learning_rate': 1.977404966439937e-05, 'epoch': 24.52}
{'loss': 0.0213, 'grad_norm': 0.013833747245371342, 'learning_rate': 1.972860252658186e-05, 'epoch': 24.53}
{'loss': 0.0409, 'grad_norm': 0.1306779533624649, 'learning_rate': 1.9683155388764347e-05, 'epoch': 24.55}
{'loss': 0.021, 'grad_norm': 2.577009677886963, 'learning_rate': 1.9637708250946838e-05, 'epoch': 24.56}
{'loss': 0.0418, 'grad_norm': 0.007031096611171961, 'learning_rate': 1.9592261113129326e-05, 'epoch': 24.57}
{'loss': 0.0019, 'grad_norm': 12.868488311767578, 'learning_rate': 1.9546813975311814e-05, 'epoch': 24.58}
{'loss': 0.0247, 'grad_norm': 17.44069480895996, 'learning_rate': 1.9501366837494302e-05, 'epoch': 24.6}
{'loss': 0.0259, 'grad_norm': 0.042439017444849014, 'learning_rate': 1.9455919699676787e-05, 'epoch': 24.61}
{'loss': 0.0031, 'grad_norm': 0.0023106117732822895, 'learning_rate': 1.9410472561859275e-05, 'epoch': 24.62}
{'loss': 0.0177, 'grad_norm': 0.008260957896709442, 'learning_rate': 1.9365025424041766e-05, 'epoch': 24.63}
{'loss': 0.0172, 'grad_norm': 0.023714004084467888, 'learning_rate': 1.9319578286224254e-05, 'epoch': 24.65}
{'loss': 0.0082, 'grad_norm': 58.19306182861328, 'learning_rate': 1.9274131148406742e-05, 'epoch': 24.66}
{'loss': 0.0002, 'grad_norm': 0.008268700912594795, 'learning_rate': 1.922868401058923e-05, 'epoch': 24.67}
{'loss': 0.0319, 'grad_norm': 0.008651183918118477, 'learning_rate': 1.918323687277172e-05, 'epoch': 24.69}
{'loss': 0.0009, 'grad_norm': 0.1921553909778595, 'learning_rate': 1.9137789734954207e-05, 'epoch': 24.7}
{'loss': 0.0208, 'grad_norm': 0.3370596170425415, 'learning_rate': 1.9092342597136695e-05, 'epoch': 24.71}
{'loss': 0.0006, 'grad_norm': 0.0015240091597661376, 'learning_rate': 1.9046895459319183e-05, 'epoch': 24.72}
{'loss': 0.0208, 'grad_norm': 10.264791488647461, 'learning_rate': 1.900144832150167e-05, 'epoch': 24.74}
{'loss': 0.0122, 'grad_norm': 4.335798263549805, 'learning_rate': 1.895600118368416e-05, 'epoch': 24.75}
{'loss': 0.0566, 'grad_norm': 0.033445220440626144, 'learning_rate': 1.891055404586665e-05, 'epoch': 24.76}
{'loss': 0.0159, 'grad_norm': 9.720501899719238, 'learning_rate': 1.8865106908049135e-05, 'epoch': 24.77}
{'loss': 0.0004, 'grad_norm': 0.005758744664490223, 'learning_rate': 1.8819659770231623e-05, 'epoch': 24.79}
{'loss': 0.01, 'grad_norm': 54.58250045776367, 'learning_rate': 1.877421263241411e-05, 'epoch': 24.8}
{'loss': 0.0094, 'grad_norm': 3.4164466857910156, 'learning_rate': 1.87287654945966e-05, 'epoch': 24.81}
{'loss': 0.0005, 'grad_norm': 0.017030980437994003, 'learning_rate': 1.868331835677909e-05, 'epoch': 24.82}
{'loss': 0.0004, 'grad_norm': 0.09404193609952927, 'learning_rate': 1.863787121896158e-05, 'epoch': 24.84}
{'loss': 0.0011, 'grad_norm': 1.2860347032546997, 'learning_rate': 1.8592424081144066e-05, 'epoch': 24.85}
{'loss': 0.0149, 'grad_norm': 0.003229268593713641, 'learning_rate': 1.8546976943326554e-05, 'epoch': 24.86}
{'loss': 0.0015, 'grad_norm': 0.06887766718864441, 'learning_rate': 1.850152980550904e-05, 'epoch': 24.87}
{'loss': 0.0429, 'grad_norm': 9.087808609008789, 'learning_rate': 1.845608266769153e-05, 'epoch': 24.89}
{'loss': 0.0007, 'grad_norm': 0.0012582590570673347, 'learning_rate': 1.841063552987402e-05, 'epoch': 24.9}
{'loss': 0.0006, 'grad_norm': 1.2418160438537598, 'learning_rate': 1.8365188392056507e-05, 'epoch': 24.91}
{'loss': 0.0098, 'grad_norm': 0.0024402590934187174, 'learning_rate': 1.8319741254238995e-05, 'epoch': 24.92}
{'loss': 0.0006, 'grad_norm': 0.17286188900470734, 'learning_rate': 1.8274294116421483e-05, 'epoch': 24.94}
{'loss': 0.0176, 'grad_norm': 0.010002919472754002, 'learning_rate': 1.822884697860397e-05, 'epoch': 24.95}
{'loss': 0.0005, 'grad_norm': 0.0017236643470823765, 'learning_rate': 1.818339984078646e-05, 'epoch': 24.96}
{'loss': 0.0439, 'grad_norm': 0.0062753488309681416, 'learning_rate': 1.8137952702968947e-05, 'epoch': 24.97}
{'loss': 0.0012, 'grad_norm': 0.022407962009310722, 'learning_rate': 1.8092505565151435e-05, 'epoch': 24.99}
{'loss': 0.0056, 'grad_norm': 0.004173878114670515, 'learning_rate': 1.8047058427333923e-05, 'epoch': 25.0}
{'eval_loss': 1.0841141939163208, 'eval_f1_macro': 0.8557538086815502, 'eval_f1_weighted': 0.8609112904453031, 'eval_precision_macro': 0.854675249146912, 'eval_recall_macro': 0.8581746314483087, 'eval_accuracy': 0.8606060606060606, 'eval_runtime': 5.5123, 'eval_samples_per_second': 987.794, 'eval_steps_per_second': 15.602, 'epoch': 25.0}
{'loss': 0.0174, 'grad_norm': 0.3182724118232727, 'learning_rate': 1.8001611289516414e-05, 'epoch': 25.01}
{'loss': 0.0116, 'grad_norm': 0.0029046842828392982, 'learning_rate': 1.7956164151698902e-05, 'epoch': 25.03}
{'loss': 0.0173, 'grad_norm': 0.0658913403749466, 'learning_rate': 1.791071701388139e-05, 'epoch': 25.04}
{'loss': 0.003, 'grad_norm': 11.322928428649902, 'learning_rate': 1.7865269876063875e-05, 'epoch': 25.05}
{'loss': 0.0008, 'grad_norm': 0.0014482976403087378, 'learning_rate': 1.7819822738246363e-05, 'epoch': 25.06}
{'loss': 0.0287, 'grad_norm': 0.0015391758643090725, 'learning_rate': 1.7774375600428855e-05, 'epoch': 25.08}
{'loss': 0.0004, 'grad_norm': 0.09049274772405624, 'learning_rate': 1.7728928462611343e-05, 'epoch': 25.09}
{'loss': 0.0002, 'grad_norm': 0.0011785415699705482, 'learning_rate': 1.768348132479383e-05, 'epoch': 25.1}
{'loss': 0.0003, 'grad_norm': 0.0012958269799128175, 'learning_rate': 1.763803418697632e-05, 'epoch': 25.11}
{'loss': 0.0191, 'grad_norm': 0.0007979111396707594, 'learning_rate': 1.7592587049158807e-05, 'epoch': 25.13}
{'loss': 0.0002, 'grad_norm': 0.006638328079134226, 'learning_rate': 1.7547139911341295e-05, 'epoch': 25.14}
{'loss': 0.0156, 'grad_norm': 0.001532609574496746, 'learning_rate': 1.7501692773523783e-05, 'epoch': 25.15}
{'loss': 0.0423, 'grad_norm': 0.16590364277362823, 'learning_rate': 1.745624563570627e-05, 'epoch': 25.16}
{'loss': 0.0497, 'grad_norm': 0.0030389423482120037, 'learning_rate': 1.741079849788876e-05, 'epoch': 25.18}
{'loss': 0.0003, 'grad_norm': 0.0010392976691946387, 'learning_rate': 1.7365351360071247e-05, 'epoch': 25.19}
{'loss': 0.0762, 'grad_norm': 22.20442008972168, 'learning_rate': 1.7319904222253738e-05, 'epoch': 25.2}
{'loss': 0.0457, 'grad_norm': 0.005636815447360277, 'learning_rate': 1.7274457084436223e-05, 'epoch': 25.21}
{'loss': 0.0003, 'grad_norm': 0.011346555314958096, 'learning_rate': 1.722900994661871e-05, 'epoch': 25.23}
{'loss': 0.0014, 'grad_norm': 0.003438415937125683, 'learning_rate': 1.71835628088012e-05, 'epoch': 25.24}
{'loss': 0.0084, 'grad_norm': 0.010258704423904419, 'learning_rate': 1.7138115670983687e-05, 'epoch': 25.25}
{'loss': 0.0205, 'grad_norm': 26.311832427978516, 'learning_rate': 1.709266853316618e-05, 'epoch': 25.26}
{'loss': 0.0351, 'grad_norm': 0.02165905013680458, 'learning_rate': 1.7047221395348667e-05, 'epoch': 25.28}
{'loss': 0.0002, 'grad_norm': 0.003743870882317424, 'learning_rate': 1.7001774257531155e-05, 'epoch': 25.29}
{'loss': 0.0109, 'grad_norm': 0.004018569365143776, 'learning_rate': 1.6956327119713643e-05, 'epoch': 25.3}
{'loss': 0.0049, 'grad_norm': 0.006258196197450161, 'learning_rate': 1.6910879981896127e-05, 'epoch': 25.31}
{'loss': 0.0001, 'grad_norm': 0.012284466996788979, 'learning_rate': 1.686543284407862e-05, 'epoch': 25.33}
{'loss': 0.0238, 'grad_norm': 0.0025085678789764643, 'learning_rate': 1.6819985706261107e-05, 'epoch': 25.34}
{'loss': 0.0175, 'grad_norm': 0.008766727522015572, 'learning_rate': 1.6774538568443595e-05, 'epoch': 25.35}
{'loss': 0.006, 'grad_norm': 81.87968444824219, 'learning_rate': 1.6729091430626083e-05, 'epoch': 25.37}
{'loss': 0.0002, 'grad_norm': 0.1409170776605606, 'learning_rate': 1.668364429280857e-05, 'epoch': 25.38}
{'loss': 0.0261, 'grad_norm': 0.01151502225548029, 'learning_rate': 1.663819715499106e-05, 'epoch': 25.39}
{'loss': 0.0072, 'grad_norm': 0.00828159973025322, 'learning_rate': 1.6592750017173547e-05, 'epoch': 25.4}
{'loss': 0.0279, 'grad_norm': 0.09787164628505707, 'learning_rate': 1.6547302879356035e-05, 'epoch': 25.42}
{'loss': 0.0555, 'grad_norm': 0.16319653391838074, 'learning_rate': 1.6501855741538523e-05, 'epoch': 25.43}
{'loss': 0.0129, 'grad_norm': 0.005225722212344408, 'learning_rate': 1.645640860372101e-05, 'epoch': 25.44}
{'loss': 0.0114, 'grad_norm': 0.0008631903328932822, 'learning_rate': 1.6410961465903502e-05, 'epoch': 25.45}
{'loss': 0.0436, 'grad_norm': 0.0022654798813164234, 'learning_rate': 1.636551432808599e-05, 'epoch': 25.47}
{'loss': 0.0008, 'grad_norm': 0.14316311478614807, 'learning_rate': 1.632006719026848e-05, 'epoch': 25.48}
{'loss': 0.0156, 'grad_norm': 0.0012312878388911486, 'learning_rate': 1.6274620052450963e-05, 'epoch': 25.49}
{'loss': 0.0278, 'grad_norm': 72.42292785644531, 'learning_rate': 1.622917291463345e-05, 'epoch': 25.5}
{'loss': 0.0047, 'grad_norm': 0.5300756692886353, 'learning_rate': 1.6183725776815943e-05, 'epoch': 25.52}
{'loss': 0.0004, 'grad_norm': 0.33967068791389465, 'learning_rate': 1.613827863899843e-05, 'epoch': 25.53}
{'loss': 0.0131, 'grad_norm': 0.002559649059548974, 'learning_rate': 1.609283150118092e-05, 'epoch': 25.54}
{'loss': 0.0083, 'grad_norm': 0.0009824741864576936, 'learning_rate': 1.6047384363363407e-05, 'epoch': 25.55}
{'loss': 0.0285, 'grad_norm': 0.031668372452259064, 'learning_rate': 1.6001937225545895e-05, 'epoch': 25.57}
{'loss': 0.0002, 'grad_norm': 0.01755463145673275, 'learning_rate': 1.5956490087728383e-05, 'epoch': 25.58}
{'loss': 0.0163, 'grad_norm': 0.0011103677097707987, 'learning_rate': 1.591104294991087e-05, 'epoch': 25.59}
{'loss': 0.0002, 'grad_norm': 0.0021906422916799784, 'learning_rate': 1.586559581209336e-05, 'epoch': 25.6}
{'loss': 0.008, 'grad_norm': 20.339174270629883, 'learning_rate': 1.5820148674275847e-05, 'epoch': 25.62}
{'loss': 0.0419, 'grad_norm': 0.08899170905351639, 'learning_rate': 1.5774701536458335e-05, 'epoch': 25.63}
{'loss': 0.0068, 'grad_norm': 0.0029679962899535894, 'learning_rate': 1.5729254398640826e-05, 'epoch': 25.64}
{'loss': 0.056, 'grad_norm': 0.00236519449390471, 'learning_rate': 1.5683807260823314e-05, 'epoch': 25.65}
{'loss': 0.039, 'grad_norm': 0.016288606449961662, 'learning_rate': 1.56383601230058e-05, 'epoch': 25.67}
{'loss': 0.0197, 'grad_norm': 0.005061567295342684, 'learning_rate': 1.5592912985188287e-05, 'epoch': 25.68}
{'loss': 0.048, 'grad_norm': 26.636592864990234, 'learning_rate': 1.5547465847370775e-05, 'epoch': 25.69}
{'loss': 0.0009, 'grad_norm': 0.01610550843179226, 'learning_rate': 1.5502018709553267e-05, 'epoch': 25.71}
{'loss': 0.0209, 'grad_norm': 0.006395467557013035, 'learning_rate': 1.5456571571735755e-05, 'epoch': 25.72}
{'loss': 0.0002, 'grad_norm': 0.009272037073969841, 'learning_rate': 1.5411124433918243e-05, 'epoch': 25.73}
{'loss': 0.0137, 'grad_norm': 39.08152770996094, 'learning_rate': 1.536567729610073e-05, 'epoch': 25.74}
{'loss': 0.0005, 'grad_norm': 0.0019099764758720994, 'learning_rate': 1.532023015828322e-05, 'epoch': 25.76}
{'loss': 0.0001, 'grad_norm': 0.005320545751601458, 'learning_rate': 1.5274783020465707e-05, 'epoch': 25.77}
{'loss': 0.0217, 'grad_norm': 0.003357417182996869, 'learning_rate': 1.5229335882648195e-05, 'epoch': 25.78}
{'loss': 0.0002, 'grad_norm': 0.040312547236680984, 'learning_rate': 1.5183888744830683e-05, 'epoch': 25.79}
{'loss': 0.0057, 'grad_norm': 2.0264782905578613, 'learning_rate': 1.5138441607013171e-05, 'epoch': 25.81}
{'loss': 0.0001, 'grad_norm': 0.0481417141854763, 'learning_rate': 1.5092994469195659e-05, 'epoch': 25.82}
{'loss': 0.0002, 'grad_norm': 0.0030522700399160385, 'learning_rate': 1.5047547331378145e-05, 'epoch': 25.83}
{'loss': 0.0027, 'grad_norm': 0.0014941929839551449, 'learning_rate': 1.5002100193560637e-05, 'epoch': 25.84}
{'loss': 0.0048, 'grad_norm': 0.00307253934442997, 'learning_rate': 1.4956653055743125e-05, 'epoch': 25.86}
{'loss': 0.0048, 'grad_norm': 0.016817357391119003, 'learning_rate': 1.4911205917925611e-05, 'epoch': 25.87}
{'loss': 0.0008, 'grad_norm': 6.469188213348389, 'learning_rate': 1.48657587801081e-05, 'epoch': 25.88}
{'loss': 0.0339, 'grad_norm': 3.459365129470825, 'learning_rate': 1.4820311642290587e-05, 'epoch': 25.89}
{'loss': 0.0011, 'grad_norm': 0.0036771486047655344, 'learning_rate': 1.4774864504473077e-05, 'epoch': 25.91}
{'loss': 0.038, 'grad_norm': 18.40272331237793, 'learning_rate': 1.4729417366655565e-05, 'epoch': 25.92}
{'loss': 0.0146, 'grad_norm': 0.000873190350830555, 'learning_rate': 1.4683970228838053e-05, 'epoch': 25.93}
{'loss': 0.0167, 'grad_norm': 0.0011523301945999265, 'learning_rate': 1.4638523091020541e-05, 'epoch': 25.94}
{'loss': 0.0121, 'grad_norm': 0.0022917219903320074, 'learning_rate': 1.4593075953203029e-05, 'epoch': 25.96}
{'loss': 0.0001, 'grad_norm': 0.005866189021617174, 'learning_rate': 1.4547628815385519e-05, 'epoch': 25.97}
{'loss': 0.0025, 'grad_norm': 0.43070241808891296, 'learning_rate': 1.4502181677568007e-05, 'epoch': 25.98}
{'loss': 0.003, 'grad_norm': 0.009300845675170422, 'learning_rate': 1.4456734539750495e-05, 'epoch': 25.99}
{'eval_loss': 1.1471444368362427, 'eval_f1_macro': 0.849223772238445, 'eval_f1_weighted': 0.8563577694474129, 'eval_precision_macro': 0.8496025282694138, 'eval_recall_macro': 0.8512863934017597, 'eval_accuracy': 0.8571166207529843, 'eval_runtime': 5.5316, 'eval_samples_per_second': 984.34, 'eval_steps_per_second': 15.547, 'epoch': 26.0}
{'loss': 0.0176, 'grad_norm': 0.002162603195756674, 'learning_rate': 1.4411287401932981e-05, 'epoch': 26.01}
{'loss': 0.0224, 'grad_norm': 0.008732732385396957, 'learning_rate': 1.436584026411547e-05, 'epoch': 26.02}
{'loss': 0.0128, 'grad_norm': 0.0024227879475802183, 'learning_rate': 1.4320393126297959e-05, 'epoch': 26.03}
{'loss': 0.0009, 'grad_norm': 0.01349574513733387, 'learning_rate': 1.4274945988480447e-05, 'epoch': 26.05}
{'loss': 0.0001, 'grad_norm': 0.0007698017288930714, 'learning_rate': 1.4229498850662935e-05, 'epoch': 26.06}
{'loss': 0.0238, 'grad_norm': 0.002015196718275547, 'learning_rate': 1.4184051712845423e-05, 'epoch': 26.07}
{'loss': 0.0001, 'grad_norm': 0.045485157519578934, 'learning_rate': 1.4138604575027911e-05, 'epoch': 26.08}
{'loss': 0.0001, 'grad_norm': 0.00357969943434, 'learning_rate': 1.4093157437210401e-05, 'epoch': 26.1}
{'loss': 0.0003, 'grad_norm': 0.001072603277862072, 'learning_rate': 1.4047710299392889e-05, 'epoch': 26.11}
{'loss': 0.0001, 'grad_norm': 0.14140906929969788, 'learning_rate': 1.4002263161575377e-05, 'epoch': 26.12}
{'loss': 0.0008, 'grad_norm': 1.7486824989318848, 'learning_rate': 1.3956816023757863e-05, 'epoch': 26.13}
{'loss': 0.0365, 'grad_norm': 0.001511049922555685, 'learning_rate': 1.3911368885940351e-05, 'epoch': 26.15}
{'loss': 0.0313, 'grad_norm': 0.002959273988381028, 'learning_rate': 1.3865921748122843e-05, 'epoch': 26.16}
{'loss': 0.0069, 'grad_norm': 0.015759194269776344, 'learning_rate': 1.382047461030533e-05, 'epoch': 26.17}
{'loss': 0.0792, 'grad_norm': 1.3744527101516724, 'learning_rate': 1.3775027472487817e-05, 'epoch': 26.18}
{'loss': 0.005, 'grad_norm': 0.00292862462811172, 'learning_rate': 1.3729580334670305e-05, 'epoch': 26.2}
{'loss': 0.0617, 'grad_norm': 4.027973175048828, 'learning_rate': 1.3684133196852793e-05, 'epoch': 26.21}
{'loss': 0.0088, 'grad_norm': 0.0031989593990147114, 'learning_rate': 1.3638686059035283e-05, 'epoch': 26.22}
{'loss': 0.023, 'grad_norm': 0.004467656835913658, 'learning_rate': 1.3593238921217771e-05, 'epoch': 26.23}
{'loss': 0.0237, 'grad_norm': 0.11585480719804764, 'learning_rate': 1.3547791783400259e-05, 'epoch': 26.25}
{'loss': 0.0004, 'grad_norm': 0.006563258357346058, 'learning_rate': 1.3502344645582747e-05, 'epoch': 26.26}
{'loss': 0.0049, 'grad_norm': 0.015853382647037506, 'learning_rate': 1.3456897507765234e-05, 'epoch': 26.27}
{'loss': 0.0249, 'grad_norm': 0.004742355085909367, 'learning_rate': 1.3411450369947725e-05, 'epoch': 26.28}
{'loss': 0.0074, 'grad_norm': 3.1567883491516113, 'learning_rate': 1.3366003232130213e-05, 'epoch': 26.3}
{'loss': 0.0001, 'grad_norm': 0.002438426949083805, 'learning_rate': 1.33205560943127e-05, 'epoch': 26.31}
{'loss': 0.0002, 'grad_norm': 0.00773767102509737, 'learning_rate': 1.3275108956495187e-05, 'epoch': 26.32}
{'loss': 0.0162, 'grad_norm': 0.0025525924284011126, 'learning_rate': 1.3229661818677675e-05, 'epoch': 26.34}
{'loss': 0.0004, 'grad_norm': 0.0021912145894020796, 'learning_rate': 1.3184214680860165e-05, 'epoch': 26.35}
{'loss': 0.0499, 'grad_norm': 10.967127799987793, 'learning_rate': 1.3138767543042653e-05, 'epoch': 26.36}
{'loss': 0.0324, 'grad_norm': 0.008685169741511345, 'learning_rate': 1.3093320405225141e-05, 'epoch': 26.37}
{'loss': 0.0137, 'grad_norm': 0.0031825341284275055, 'learning_rate': 1.304787326740763e-05, 'epoch': 26.39}
{'loss': 0.0022, 'grad_norm': 0.006715293508023024, 'learning_rate': 1.3002426129590117e-05, 'epoch': 26.4}
{'loss': 0.0069, 'grad_norm': 0.5687256455421448, 'learning_rate': 1.2956978991772607e-05, 'epoch': 26.41}
{'loss': 0.0044, 'grad_norm': 0.0037660577800124884, 'learning_rate': 1.2911531853955095e-05, 'epoch': 26.42}
{'loss': 0.0126, 'grad_norm': 31.55844497680664, 'learning_rate': 1.2866084716137583e-05, 'epoch': 26.44}
{'loss': 0.0303, 'grad_norm': 0.0020643959287554026, 'learning_rate': 1.282063757832007e-05, 'epoch': 26.45}
{'loss': 0.0097, 'grad_norm': 20.572193145751953, 'learning_rate': 1.2775190440502558e-05, 'epoch': 26.46}
{'loss': 0.0189, 'grad_norm': 0.0011560384882614017, 'learning_rate': 1.2729743302685049e-05, 'epoch': 26.47}
{'loss': 0.0326, 'grad_norm': 8.31344985961914, 'learning_rate': 1.2684296164867535e-05, 'epoch': 26.49}
{'loss': 0.0497, 'grad_norm': 0.13167016208171844, 'learning_rate': 1.2638849027050023e-05, 'epoch': 26.5}
{'loss': 0.0006, 'grad_norm': 0.07837089151144028, 'learning_rate': 1.2593401889232511e-05, 'epoch': 26.51}
{'loss': 0.0161, 'grad_norm': 0.024894535541534424, 'learning_rate': 1.2547954751415e-05, 'epoch': 26.52}
{'loss': 0.0004, 'grad_norm': 0.000890356779564172, 'learning_rate': 1.2502507613597489e-05, 'epoch': 26.54}
{'loss': 0.005, 'grad_norm': 0.018787860870361328, 'learning_rate': 1.2457060475779977e-05, 'epoch': 26.55}
{'loss': 0.0001, 'grad_norm': 0.0027089931536465883, 'learning_rate': 1.2411613337962465e-05, 'epoch': 26.56}
{'loss': 0.0053, 'grad_norm': 0.0017120317788794637, 'learning_rate': 1.2366166200144953e-05, 'epoch': 26.57}
{'loss': 0.0132, 'grad_norm': 0.05899639427661896, 'learning_rate': 1.232071906232744e-05, 'epoch': 26.59}
{'loss': 0.0656, 'grad_norm': 21.54241180419922, 'learning_rate': 1.2275271924509931e-05, 'epoch': 26.6}
{'loss': 0.0045, 'grad_norm': 0.002921479055657983, 'learning_rate': 1.2229824786692417e-05, 'epoch': 26.61}
{'loss': 0.0001, 'grad_norm': 0.0015905383042991161, 'learning_rate': 1.2184377648874905e-05, 'epoch': 26.62}
{'loss': 0.0505, 'grad_norm': 40.84675979614258, 'learning_rate': 1.2138930511057393e-05, 'epoch': 26.64}
{'loss': 0.0677, 'grad_norm': 0.006060988642275333, 'learning_rate': 1.2093483373239881e-05, 'epoch': 26.65}
{'loss': 0.0001, 'grad_norm': 0.0036474131047725677, 'learning_rate': 1.2048036235422371e-05, 'epoch': 26.66}
{'loss': 0.0358, 'grad_norm': 21.870264053344727, 'learning_rate': 1.200258909760486e-05, 'epoch': 26.68}
{'loss': 0.0017, 'grad_norm': 0.004536513704806566, 'learning_rate': 1.1957141959787347e-05, 'epoch': 26.69}
{'loss': 0.0023, 'grad_norm': 0.0019539748318493366, 'learning_rate': 1.1911694821969835e-05, 'epoch': 26.7}
{'loss': 0.0245, 'grad_norm': 0.044912051409482956, 'learning_rate': 1.1866247684152323e-05, 'epoch': 26.71}
{'loss': 0.0039, 'grad_norm': 0.0028564550448209047, 'learning_rate': 1.1820800546334811e-05, 'epoch': 26.73}
{'loss': 0.0002, 'grad_norm': 0.0118077602237463, 'learning_rate': 1.17753534085173e-05, 'epoch': 26.74}
{'loss': 0.0001, 'grad_norm': 0.0028903172351419926, 'learning_rate': 1.1729906270699787e-05, 'epoch': 26.75}
{'loss': 0.0002, 'grad_norm': 0.0017407756531611085, 'learning_rate': 1.1684459132882276e-05, 'epoch': 26.76}
{'loss': 0.0066, 'grad_norm': 0.003102890681475401, 'learning_rate': 1.1639011995064765e-05, 'epoch': 26.78}
{'loss': 0.0004, 'grad_norm': 0.0011042741825804114, 'learning_rate': 1.1593564857247253e-05, 'epoch': 26.79}
{'loss': 0.0182, 'grad_norm': 0.002629634691402316, 'learning_rate': 1.154811771942974e-05, 'epoch': 26.8}
{'loss': 0.0005, 'grad_norm': 0.006293802056461573, 'learning_rate': 1.150267058161223e-05, 'epoch': 26.81}
{'loss': 0.0182, 'grad_norm': 0.0008080959087237716, 'learning_rate': 1.1457223443794717e-05, 'epoch': 26.83}
{'loss': 0.005, 'grad_norm': 0.000706565857399255, 'learning_rate': 1.1411776305977205e-05, 'epoch': 26.84}
{'loss': 0.008, 'grad_norm': 2.721071481704712, 'learning_rate': 1.1366329168159694e-05, 'epoch': 26.85}
{'loss': 0.0005, 'grad_norm': 0.21617445349693298, 'learning_rate': 1.1320882030342182e-05, 'epoch': 26.86}
{'loss': 0.0001, 'grad_norm': 0.0009938381845131516, 'learning_rate': 1.1275434892524671e-05, 'epoch': 26.88}
{'loss': 0.0529, 'grad_norm': 25.585529327392578, 'learning_rate': 1.1229987754707158e-05, 'epoch': 26.89}
{'loss': 0.0001, 'grad_norm': 0.0013907455140724778, 'learning_rate': 1.1184540616889647e-05, 'epoch': 26.9}
{'loss': 0.0324, 'grad_norm': 0.0025077955797314644, 'learning_rate': 1.1139093479072135e-05, 'epoch': 26.91}
{'loss': 0.0158, 'grad_norm': 0.0017867435235530138, 'learning_rate': 1.1093646341254623e-05, 'epoch': 26.93}
{'loss': 0.0021, 'grad_norm': 0.0726921409368515, 'learning_rate': 1.1048199203437111e-05, 'epoch': 26.94}
{'loss': 0.002, 'grad_norm': 0.0008237693691626191, 'learning_rate': 1.10027520656196e-05, 'epoch': 26.95}
{'loss': 0.0001, 'grad_norm': 0.0011240793392062187, 'learning_rate': 1.095730492780209e-05, 'epoch': 26.96}
{'loss': 0.0433, 'grad_norm': 0.038699351251125336, 'learning_rate': 1.0911857789984576e-05, 'epoch': 26.98}
{'loss': 0.0041, 'grad_norm': 0.0007707425975240767, 'learning_rate': 1.0866410652167064e-05, 'epoch': 26.99}
{'eval_loss': 1.0446873903274536, 'eval_f1_macro': 0.8600252612185448, 'eval_f1_weighted': 0.866041952936223, 'eval_precision_macro': 0.8590901389999412, 'eval_recall_macro': 0.8620885983869849, 'eval_accuracy': 0.8659320477502296, 'eval_runtime': 107.4247, 'eval_samples_per_second': 50.687, 'eval_steps_per_second': 0.801, 'epoch': 27.0}
{'loss': 0.0249, 'grad_norm': 0.0008156300173141062, 'learning_rate': 1.0820963514349553e-05, 'epoch': 27.0}
{'loss': 0.0008, 'grad_norm': 0.0008594518294557929, 'learning_rate': 1.0775516376532041e-05, 'epoch': 27.02}
{'loss': 0.0001, 'grad_norm': 0.11939419060945511, 'learning_rate': 1.073006923871453e-05, 'epoch': 27.03}
{'loss': 0.0001, 'grad_norm': 0.0012398144463077188, 'learning_rate': 1.0684622100897017e-05, 'epoch': 27.04}
{'loss': 0.0175, 'grad_norm': 0.0013697746908292174, 'learning_rate': 1.0639174963079506e-05, 'epoch': 27.05}
{'loss': 0.0001, 'grad_norm': 0.0018455162644386292, 'learning_rate': 1.0593727825261994e-05, 'epoch': 27.07}
{'loss': 0.0001, 'grad_norm': 0.014501991681754589, 'learning_rate': 1.0548280687444482e-05, 'epoch': 27.08}
{'loss': 0.0001, 'grad_norm': 0.0008515550289303064, 'learning_rate': 1.0502833549626971e-05, 'epoch': 27.09}
{'loss': 0.0326, 'grad_norm': 0.025734571740031242, 'learning_rate': 1.045738641180946e-05, 'epoch': 27.1}
{'loss': 0.0289, 'grad_norm': 0.007676220033317804, 'learning_rate': 1.0411939273991946e-05, 'epoch': 27.12}
{'loss': 0.0062, 'grad_norm': 9.312679290771484, 'learning_rate': 1.0366492136174435e-05, 'epoch': 27.13}
{'loss': 0.0018, 'grad_norm': 0.0007209137547761202, 'learning_rate': 1.0321044998356924e-05, 'epoch': 27.14}
{'loss': 0.0025, 'grad_norm': 4.299192905426025, 'learning_rate': 1.0275597860539412e-05, 'epoch': 27.15}
{'loss': 0.0001, 'grad_norm': 0.0032793860882520676, 'learning_rate': 1.02301507227219e-05, 'epoch': 27.17}
{'loss': 0.0067, 'grad_norm': 0.06503697484731674, 'learning_rate': 1.0184703584904388e-05, 'epoch': 27.18}
{'loss': 0.0013, 'grad_norm': 0.0016207470325753093, 'learning_rate': 1.0139256447086876e-05, 'epoch': 27.19}
{'loss': 0.0001, 'grad_norm': 0.11797136813402176, 'learning_rate': 1.0093809309269364e-05, 'epoch': 27.2}
{'loss': 0.0001, 'grad_norm': 0.0014833667082712054, 'learning_rate': 1.0048362171451853e-05, 'epoch': 27.22}
{'loss': 0.0326, 'grad_norm': 0.004242815542966127, 'learning_rate': 1.0002915033634341e-05, 'epoch': 27.23}
{'loss': 0.0001, 'grad_norm': 0.004032397177070379, 'learning_rate': 9.957467895816828e-06, 'epoch': 27.24}
{'loss': 0.0001, 'grad_norm': 0.0024066141340881586, 'learning_rate': 9.912020757999318e-06, 'epoch': 27.25}
{'loss': 0.0001, 'grad_norm': 0.005370657425373793, 'learning_rate': 9.866573620181806e-06, 'epoch': 27.27}
{'loss': 0.0128, 'grad_norm': 0.26917779445648193, 'learning_rate': 9.821126482364294e-06, 'epoch': 27.28}
{'loss': 0.0045, 'grad_norm': 0.004290882032364607, 'learning_rate': 9.775679344546782e-06, 'epoch': 27.29}
{'loss': 0.0001, 'grad_norm': 0.0012939233565703034, 'learning_rate': 9.73023220672927e-06, 'epoch': 27.3}
{'loss': 0.0031, 'grad_norm': 0.5194027423858643, 'learning_rate': 9.68478506891176e-06, 'epoch': 27.32}
{'loss': 0.0001, 'grad_norm': 0.0012818864779546857, 'learning_rate': 9.639337931094246e-06, 'epoch': 27.33}
{'loss': 0.0182, 'grad_norm': 0.020881839096546173, 'learning_rate': 9.593890793276734e-06, 'epoch': 27.34}
{'loss': 0.0001, 'grad_norm': 0.0017496960936114192, 'learning_rate': 9.548443655459224e-06, 'epoch': 27.36}
{'loss': 0.0001, 'grad_norm': 0.04219653829932213, 'learning_rate': 9.502996517641712e-06, 'epoch': 27.37}
{'loss': 0.0001, 'grad_norm': 0.0009692913154140115, 'learning_rate': 9.4575493798242e-06, 'epoch': 27.38}
{'loss': 0.0056, 'grad_norm': 0.0009651423315517604, 'learning_rate': 9.412102242006688e-06, 'epoch': 27.39}
{'loss': 0.0078, 'grad_norm': 0.00345750548876822, 'learning_rate': 9.366655104189176e-06, 'epoch': 27.41}
{'loss': 0.0001, 'grad_norm': 0.0007356859860010445, 'learning_rate': 9.321207966371664e-06, 'epoch': 27.42}
{'loss': 0.0001, 'grad_norm': 0.0007960455841384828, 'learning_rate': 9.275760828554152e-06, 'epoch': 27.43}
{'loss': 0.0011, 'grad_norm': 0.0008479366661049426, 'learning_rate': 9.230313690736642e-06, 'epoch': 27.44}
{'loss': 0.0139, 'grad_norm': 0.0013411579420790076, 'learning_rate': 9.18486655291913e-06, 'epoch': 27.46}
{'loss': 0.0014, 'grad_norm': 0.08730664849281311, 'learning_rate': 9.139419415101616e-06, 'epoch': 27.47}
{'loss': 0.0206, 'grad_norm': 0.0008571690996177495, 'learning_rate': 9.093972277284106e-06, 'epoch': 27.48}
{'loss': 0.0001, 'grad_norm': 0.001456263242289424, 'learning_rate': 9.048525139466594e-06, 'epoch': 27.49}
{'loss': 0.0299, 'grad_norm': 0.0011451138416305184, 'learning_rate': 9.003078001649082e-06, 'epoch': 27.51}
{'loss': 0.0299, 'grad_norm': 0.03080608882009983, 'learning_rate': 8.95763086383157e-06, 'epoch': 27.52}
{'loss': 0.0007, 'grad_norm': 0.0027452597860246897, 'learning_rate': 8.912183726014058e-06, 'epoch': 27.53}
{'loss': 0.0001, 'grad_norm': 0.001442014123313129, 'learning_rate': 8.866736588196548e-06, 'epoch': 27.54}
{'loss': 0.0105, 'grad_norm': 0.014149881899356842, 'learning_rate': 8.821289450379034e-06, 'epoch': 27.56}
{'loss': 0.0001, 'grad_norm': 0.0011626830091699958, 'learning_rate': 8.775842312561524e-06, 'epoch': 27.57}
{'loss': 0.0046, 'grad_norm': 0.0011586545733734965, 'learning_rate': 8.730395174744012e-06, 'epoch': 27.58}
{'loss': 0.0425, 'grad_norm': 0.006275798659771681, 'learning_rate': 8.6849480369265e-06, 'epoch': 27.59}
{'loss': 0.0022, 'grad_norm': 14.677581787109375, 'learning_rate': 8.639500899108988e-06, 'epoch': 27.61}
{'loss': 0.0465, 'grad_norm': 0.0186544731259346, 'learning_rate': 8.594053761291476e-06, 'epoch': 27.62}
{'loss': 0.0002, 'grad_norm': 0.008958922699093819, 'learning_rate': 8.548606623473964e-06, 'epoch': 27.63}
{'loss': 0.0006, 'grad_norm': 0.002139696851372719, 'learning_rate': 8.503159485656452e-06, 'epoch': 27.64}
{'loss': 0.019, 'grad_norm': 25.29172134399414, 'learning_rate': 8.45771234783894e-06, 'epoch': 27.66}
{'loss': 0.0001, 'grad_norm': 0.8320673108100891, 'learning_rate': 8.41226521002143e-06, 'epoch': 27.67}
{'loss': 0.0038, 'grad_norm': 0.021442953497171402, 'learning_rate': 8.366818072203916e-06, 'epoch': 27.68}
{'loss': 0.0064, 'grad_norm': 0.0008499046671204269, 'learning_rate': 8.321370934386406e-06, 'epoch': 27.7}
{'loss': 0.0012, 'grad_norm': 0.1504860669374466, 'learning_rate': 8.275923796568894e-06, 'epoch': 27.71}
{'loss': 0.0065, 'grad_norm': 0.0008199433796107769, 'learning_rate': 8.230476658751382e-06, 'epoch': 27.72}
{'loss': 0.0067, 'grad_norm': 0.034258369356393814, 'learning_rate': 8.18502952093387e-06, 'epoch': 27.73}
{'loss': 0.0002, 'grad_norm': 0.0017760632326826453, 'learning_rate': 8.139582383116358e-06, 'epoch': 27.75}
{'loss': 0.0101, 'grad_norm': 0.006986619438976049, 'learning_rate': 8.094135245298848e-06, 'epoch': 27.76}
{'loss': 0.0005, 'grad_norm': 0.0014343743678182364, 'learning_rate': 8.048688107481334e-06, 'epoch': 27.77}
{'loss': 0.0001, 'grad_norm': 0.002268378157168627, 'learning_rate': 8.003240969663822e-06, 'epoch': 27.78}
{'loss': 0.0149, 'grad_norm': 0.0009791302727535367, 'learning_rate': 7.957793831846312e-06, 'epoch': 27.8}
{'loss': 0.0155, 'grad_norm': 0.0025072209537029266, 'learning_rate': 7.9123466940288e-06, 'epoch': 27.81}
{'loss': 0.0188, 'grad_norm': 0.03793390467762947, 'learning_rate': 7.866899556211288e-06, 'epoch': 27.82}
{'loss': 0.0001, 'grad_norm': 0.0012674002209678292, 'learning_rate': 7.821452418393776e-06, 'epoch': 27.83}
{'loss': 0.0001, 'grad_norm': 0.0028720423579216003, 'learning_rate': 7.776005280576264e-06, 'epoch': 27.85}
{'loss': 0.0237, 'grad_norm': 0.0010386771755293012, 'learning_rate': 7.730558142758752e-06, 'epoch': 27.86}
{'loss': 0.0001, 'grad_norm': 0.013302070088684559, 'learning_rate': 7.68511100494124e-06, 'epoch': 27.87}
{'loss': 0.0001, 'grad_norm': 0.002149090403690934, 'learning_rate': 7.639663867123728e-06, 'epoch': 27.88}
{'loss': 0.0372, 'grad_norm': 0.0008008786244317889, 'learning_rate': 7.594216729306217e-06, 'epoch': 27.9}
{'loss': 0.0116, 'grad_norm': 0.015496104024350643, 'learning_rate': 7.548769591488705e-06, 'epoch': 27.91}
{'loss': 0.0311, 'grad_norm': 10.540067672729492, 'learning_rate': 7.503322453671194e-06, 'epoch': 27.92}
{'loss': 0.0002, 'grad_norm': 0.0005519530968740582, 'learning_rate': 7.457875315853682e-06, 'epoch': 27.93}
{'loss': 0.0002, 'grad_norm': 0.0036032318603247404, 'learning_rate': 7.412428178036169e-06, 'epoch': 27.95}
{'loss': 0.0043, 'grad_norm': 0.5658881068229675, 'learning_rate': 7.366981040218658e-06, 'epoch': 27.96}
{'loss': 0.0405, 'grad_norm': 28.286706924438477, 'learning_rate': 7.321533902401146e-06, 'epoch': 27.97}
{'loss': 0.0085, 'grad_norm': 38.18933868408203, 'learning_rate': 7.276086764583635e-06, 'epoch': 27.98}
{'loss': 0.0002, 'grad_norm': 0.0024634958244860172, 'learning_rate': 7.230639626766123e-06, 'epoch': 28.0}
{'eval_loss': 1.078859567642212, 'eval_f1_macro': 0.8605731795051949, 'eval_f1_weighted': 0.8666527873275129, 'eval_precision_macro': 0.8607974540769677, 'eval_recall_macro': 0.8627535058427386, 'eval_accuracy': 0.8668503213957759, 'eval_runtime': 250.0342, 'eval_samples_per_second': 21.777, 'eval_steps_per_second': 0.344, 'epoch': 28.0}

ERROR in wav2vec2-base_cameo:
Traceback (most recent call last):
  File "/home/tu/tu_tu/tu_zxord71/asp-project/experiments/run_all.py", line 314, in main
    metrics = run_experiment(
              ^^^^^^^^^^^^^^^
  File "/home/tu/tu_tu/tu_zxord71/asp-project/experiments/run_all.py", line 200, in run_experiment
    trainer = train_model(
              ^^^^^^^^^^^^
  File "/home/tu/tu_tu/tu_zxord71/asp-project/experiments/pipeline/trainer_utils.py", line 165, in train_model
    result = trainer.train()
             ^^^^^^^^^^^^^^^
  File "/pfs/data6/home/tu/tu_tu/tu_zxord71/asp-project/.venv/lib64/python3.11/site-packages/transformers/trainer.py", line 2325, in train
    return inner_training_loop(
           ^^^^^^^^^^^^^^^^^^^^
  File "/pfs/data6/home/tu/tu_tu/tu_zxord71/asp-project/.venv/lib64/python3.11/site-packages/transformers/trainer.py", line 2790, in _inner_training_loop
    self._maybe_log_save_evaluate(
  File "/pfs/data6/home/tu/tu_tu/tu_zxord71/asp-project/.venv/lib64/python3.11/site-packages/transformers/trainer.py", line 3228, in _maybe_log_save_evaluate
    self._save_checkpoint(model, trial)
  File "/pfs/data6/home/tu/tu_tu/tu_zxord71/asp-project/.venv/lib64/python3.11/site-packages/transformers/trainer.py", line 3325, in _save_checkpoint
    self.save_model(output_dir, _internal_call=True)
  File "/pfs/data6/home/tu/tu_tu/tu_zxord71/asp-project/.venv/lib64/python3.11/site-packages/transformers/trainer.py", line 4227, in save_model
    self._save(output_dir)
  File "/pfs/data6/home/tu/tu_tu/tu_zxord71/asp-project/.venv/lib64/python3.11/site-packages/transformers/trainer.py", line 4331, in _save
    self.model.save_pretrained(
  File "/pfs/data6/home/tu/tu_tu/tu_zxord71/asp-project/.venv/lib64/python3.11/site-packages/transformers/modeling_utils.py", line 4173, in save_pretrained
    safe_save_file(shard, os.path.join(save_directory, shard_file), metadata=metadata)
  File "/pfs/data6/home/tu/tu_tu/tu_zxord71/asp-project/.venv/lib64/python3.11/site-packages/safetensors/torch.py", line 323, in save_file
    serialize_file(
safetensors._safetensors_rust.SafetensorError: Error while serializing: I/O error: Disk quota exceeded (os error 122)


Report saved -> /home/tu/tu_tu/tu_zxord71/asp-project/outputs/report.md
# Emotion Recognition — Results Summary

Experiments: 1 models × 3 datasets
F1 (macro) is reported as mean ± 95% CI across 5-fold stratified cross-validation.

## Dataset: `cameo`

| Model | Accuracy | Precision (macro) | Recall (macro) | F1 (macro) [95% CI] | F1 (weighted) |
|-------|:--------:|:-----------------:|:--------------:|:--------------------:|:-------------:|
| `wav2vec2-base` | ❌ `safetensors._safetensors_rust.SafetensorError: Error while serializing: I/O erro` | — | — | — | — |

## Dataset: `emodb`

| Model | Accuracy | Precision (macro) | Recall (macro) | F1 (macro) [95% CI] | F1 (weighted) |
|-------|:--------:|:-----------------:|:--------------:|:--------------------:|:-------------:|
| `wav2vec2-base` | 0.7813 | 0.7673 | 0.7862 | 0.7517 ± 0.3061 | 0.7567 |

## Dataset: `ravdess`

| Model | Accuracy | Precision (macro) | Recall (macro) | F1 (macro) [95% CI] | F1 (weighted) |
|-------|:--------:|:-----------------:|:--------------:|:--------------------:|:-------------:|
| `wav2vec2-base` | 0.8674 | 0.8667 | 0.8675 | 0.8618 ± 0.0342 | 0.8677 |

## Cross-Dataset Comparison — F1-Macro [95% CI]

| Model | `cameo` | `emodb` | `ravdess` |
|-------|:------:|:------:|:------:|
| `wav2vec2-base` | ❌ | 0.7517 ± 0.3061 | 0.8618 ± 0.0342 |


All experiments complete.

============================================
Job finished
============================================
Stage 1 exit : 0
Stage 2 exit : 0
End time     : Sun Aug  9 10:39:01 AM CEST 2026

Success. Outputs:
total 28K
drwxr-xr-x 4 tu_zxord71 tu_tu 4.0K Aug  9 10:35 hubert-xlarge_cameo
drwxr-xr-x 4 tu_zxord71 tu_tu 4.0K Aug  9 10:34 hubert-xlarge_emodb
drwxr-xr-x 7 tu_zxord71 tu_tu 4.0K Aug  9 10:31 hubert-xlarge_ravdess
-rw-r--r-- 1 tu_zxord71 tu_tu 1.3K Aug  9 10:38 report.md
drwxr-xr-x 7 tu_zxord71 tu_tu 4.0K Aug  9 03:17 wav2vec2-base_cameo
drwxr-xr-x 8 tu_zxord71 tu_tu 4.0K Aug  8 16:25 wav2vec2-base_emodb
drwxr-xr-x 8 tu_zxord71 tu_tu 4.0K Aug  8 16:19 wav2vec2-base_ravdess

=== report.md (partial — this task's model (wav2vec2-base) only;
    every array task overwrites this file, so it does NOT
    accumulate across tasks. Once ALL array tasks finish,
    run this once (no --models filter) to regenerate the
    full report from every completed cv_metrics.json:
      uv run "/home/tu/tu_tu/tu_zxord71/asp-project/experiments/run_all.py" --output_dir "/home/tu/tu_tu/tu_zxord71/asp-project/outputs" --skip_done
    ===

============================= JOB FEEDBACK =============================

NodeName=uc2n909
Job ID: 6221474
Array Job ID: 6221124_0
Cluster: uc3
User/Group: tu_zxord71/tu_tu
State: COMPLETED (exit code 0)
Nodes: 1
Cores per node: 32
CPU Utilized: 09:02:36
CPU Efficiency: 1.45% of 26-00:09:36 core-walltime
Job Wall-clock time: 19:30:18
Memory Utilized: 78.85 GB
Memory Efficiency: 15.83% of 498.05 GB (498.05 GB/node)
