============================================
Emotion Recognition Pipeline
============================================
Job ID    : 6134335
Node      : uc2n913
Start time: Tue Aug  4 06:27:46 AM CEST 2026

Loading modules...
CUDA Home : /opt/bwhpc/common/devel/cuda/12.8
Python    : /opt/bwhpc/common/devel/python/3.13.3_llvm_19.1/bin/python

Setting up project environment...
Python isolation enforced:
  PYTHONNOUSERSITE=1
  VIRTUAL_ENV=/home/tu/tu_tu/tu_zxord71/asp-project/.venv
  Python used: /home/tu/tu_tu/tu_zxord71/asp-project/.venv/bin/python

GPU info:
0, NVIDIA A100 80GB PCIe, 81920 MiB, 81127 MiB
1, NVIDIA A100 80GB PCIe, 81920 MiB, 81127 MiB
2, NVIDIA A100 80GB PCIe, 81920 MiB, 81127 MiB
3, NVIDIA A100 80GB PCIe, 81920 MiB, 81127 MiB

============================================
Stage 1: Optuna HPO (1 GPU, 20 trials each)
============================================

======================================================================
Emotion Recognition Pipeline  [Stage 1 — HPO only]
======================================================================
Device    : cuda  (1 GPU(s))
Models    : ['wav2vec2-base', 'hubert-xlarge', 'wavlm-large', 'distilhubert', 'hubert-base', 'wavlm-base', 'wav2vec2-large']
Datasets  : ['ravdess', 'emodb', 'cameo']
HPO trials: 20  |  Seed: 42
Output    : /home/tu/tu_tu/tu_zxord71/asp-project/outputs
======================================================================

======================================================================
[1/21]  wav2vec2-base_ravdess
  Model  : facebook/wav2vec2-base
  Dataset: xbgoose/ravdess
  Output : /home/tu/tu_tu/tu_zxord71/asp-project/outputs/wav2vec2-base_ravdess

  Loading: xbgoose/ravdess
  Label col : emotion
  Samples   : 1,440  |  Classes: 8
    angry: 192
    calm: 192
    disgust: 192
    fearful: 192
    happy: 192
    neutral: 96
    sad: 192
    surprised: 192
  Classes   : ['angry', 'calm', 'disgust', 'fearful', 'happy', 'neutral', 'sad', 'surprised']
  Feature extractor : Wav2Vec2FeatureExtractor  (sr=16000)
  Split     : 1,008 train / 216 val / 216 test  (of 1,440)
  Model             : Wav2Vec2ForSequenceClassification  (94,570,632 params, 94,570,632 trainable)
  HPO: 20 trials × 3 epochs ...
  Model             : Wav2Vec2ForSequenceClassification  (94,570,632 params, 94,570,632 trainable)
{'eval_loss': 1.7876700162887573, 'eval_f1_macro': 0.1366087494376968, 'eval_f1_weighted': 0.14387891321370855, 'eval_precision_macro': 0.1142943519704083, 'eval_recall_macro': 0.25862068965517243, 'eval_accuracy': 0.27314814814814814, 'eval_runtime': 0.6701, 'eval_samples_per_second': 322.35, 'eval_steps_per_second': 40.294, 'epoch': 1.0}
{'eval_loss': 1.5506998300552368, 'eval_f1_macro': 0.2812376871637169, 'eval_f1_weighted': 0.2982864553040606, 'eval_precision_macro': 0.28991623963386015, 'eval_recall_macro': 0.3796182266009852, 'eval_accuracy': 0.4027777777777778, 'eval_runtime': 0.5726, 'eval_samples_per_second': 377.207, 'eval_steps_per_second': 47.151, 'epoch': 2.0}
{'eval_loss': 1.3316740989685059, 'eval_f1_macro': 0.42635447666810805, 'eval_f1_weighted': 0.45341252576443336, 'eval_precision_macro': 0.4009732350022731, 'eval_recall_macro': 0.49676724137931033, 'eval_accuracy': 0.5277777777777778, 'eval_runtime': 0.5465, 'eval_samples_per_second': 395.21, 'eval_steps_per_second': 49.401, 'epoch': 3.0}
{'train_runtime': 35.0153, 'train_samples_per_second': 86.362, 'train_steps_per_second': 5.398, 'train_loss': 1.6933493639426256, 'epoch': 3.0}
  Model             : Wav2Vec2ForSequenceClassification  (94,570,632 params, 94,570,632 trainable)
{'eval_loss': 1.9372739791870117, 'eval_f1_macro': 0.14998433003160477, 'eval_f1_weighted': 0.1584761450275602, 'eval_precision_macro': 0.21338763340619776, 'eval_recall_macro': 0.25877463054187194, 'eval_accuracy': 0.27314814814814814, 'eval_runtime': 0.5606, 'eval_samples_per_second': 385.32, 'eval_steps_per_second': 48.165, 'epoch': 1.0}
{'eval_loss': 1.7235695123672485, 'eval_f1_macro': 0.2616204668034593, 'eval_f1_weighted': 0.2777704297415187, 'eval_precision_macro': 0.4040813305468478, 'eval_recall_macro': 0.37546182266009853, 'eval_accuracy': 0.39814814814814814, 'eval_runtime': 0.5574, 'eval_samples_per_second': 387.481, 'eval_steps_per_second': 48.435, 'epoch': 2.0}
{'eval_loss': 1.6200629472732544, 'eval_f1_macro': 0.45669343494973746, 'eval_f1_weighted': 0.4860987099665905, 'eval_precision_macro': 0.48779836583239417, 'eval_recall_macro': 0.5098522167487685, 'eval_accuracy': 0.5416666666666666, 'eval_runtime': 0.5582, 'eval_samples_per_second': 386.993, 'eval_steps_per_second': 48.374, 'epoch': 3.0}
{'train_runtime': 25.3672, 'train_samples_per_second': 119.209, 'train_steps_per_second': 14.901, 'train_loss': 1.8428328579695767, 'epoch': 3.0}
  Model             : Wav2Vec2ForSequenceClassification  (94,570,632 params, 94,570,632 trainable)
{'eval_loss': 2.066582679748535, 'eval_f1_macro': 0.02959183673469388, 'eval_f1_weighted': 0.031783824640967503, 'eval_precision_macro': 0.01678240740740741, 'eval_recall_macro': 0.125, 'eval_accuracy': 0.13425925925925927, 'eval_runtime': 0.5595, 'eval_samples_per_second': 386.039, 'eval_steps_per_second': 48.255, 'epoch': 1.0}
{'eval_loss': 2.0681874752044678, 'eval_f1_macro': 0.028688524590163935, 'eval_f1_weighted': 0.029751062537947785, 'eval_precision_macro': 0.016203703703703703, 'eval_recall_macro': 0.125, 'eval_accuracy': 0.12962962962962962, 'eval_runtime': 0.5601, 'eval_samples_per_second': 385.663, 'eval_steps_per_second': 48.208, 'epoch': 2.0}
{'eval_loss': 2.063340902328491, 'eval_f1_macro': 0.02959183673469388, 'eval_f1_weighted': 0.031783824640967503, 'eval_precision_macro': 0.01678240740740741, 'eval_recall_macro': 0.125, 'eval_accuracy': 0.13425925925925927, 'eval_runtime': 0.5616, 'eval_samples_per_second': 384.583, 'eval_steps_per_second': 48.073, 'epoch': 3.0}
{'train_runtime': 25.3397, 'train_samples_per_second': 119.339, 'train_steps_per_second': 14.917, 'train_loss': 2.0738557684358465, 'epoch': 3.0}
  Model             : Wav2Vec2ForSequenceClassification  (94,570,632 params, 94,570,632 trainable)
{'eval_loss': 1.7852286100387573, 'eval_f1_macro': 0.25024331361890906, 'eval_f1_weighted': 0.26481554520259726, 'eval_precision_macro': 0.2994977534769377, 'eval_recall_macro': 0.3497536945812808, 'eval_accuracy': 0.37037037037037035, 'eval_runtime': 0.556, 'eval_samples_per_second': 388.475, 'eval_steps_per_second': 48.559, 'epoch': 1.0}
{'loss': 1.8329, 'grad_norm': 6.144597053527832, 'learning_rate': 4.6476335572585744e-06, 'epoch': 1.98}
{'eval_loss': 1.55328369140625, 'eval_f1_macro': 0.41340497137402676, 'eval_f1_weighted': 0.4397054028750616, 'eval_precision_macro': 0.509350613154961, 'eval_recall_macro': 0.4667487684729064, 'eval_accuracy': 0.49537037037037035, 'eval_runtime': 0.5594, 'eval_samples_per_second': 386.161, 'eval_steps_per_second': 48.27, 'epoch': 2.0}
{'eval_loss': 1.4302504062652588, 'eval_f1_macro': 0.4833920301575396, 'eval_f1_weighted': 0.5140248308502829, 'eval_precision_macro': 0.5182282686278247, 'eval_recall_macro': 0.5278633004926109, 'eval_accuracy': 0.5601851851851852, 'eval_runtime': 0.5441, 'eval_samples_per_second': 396.984, 'eval_steps_per_second': 49.623, 'epoch': 3.0}
{'train_runtime': 40.3773, 'train_samples_per_second': 74.894, 'train_steps_per_second': 18.723, 'train_loss': 1.691996417979084, 'epoch': 3.0}
  Model             : Wav2Vec2ForSequenceClassification  (94,570,632 params, 94,570,632 trainable)
{'eval_loss': 1.8933511972427368, 'eval_f1_macro': 0.17263539870247188, 'eval_f1_weighted': 0.18234925664352042, 'eval_precision_macro': 0.18358138118776415, 'eval_recall_macro': 0.2764778325123153, 'eval_accuracy': 0.2916666666666667, 'eval_runtime': 0.5722, 'eval_samples_per_second': 377.474, 'eval_steps_per_second': 47.184, 'epoch': 1.0}
{'eval_loss': 1.6608796119689941, 'eval_f1_macro': 0.32981894769516895, 'eval_f1_weighted': 0.3502279708397613, 'eval_precision_macro': 0.37541027280477407, 'eval_recall_macro': 0.4227216748768473, 'eval_accuracy': 0.44907407407407407, 'eval_runtime': 0.554, 'eval_samples_per_second': 389.876, 'eval_steps_per_second': 48.735, 'epoch': 2.0}
{'eval_loss': 1.5603253841400146, 'eval_f1_macro': 0.3829176682357334, 'eval_f1_weighted': 0.4066466186262247, 'eval_precision_macro': 0.3689843551056786, 'eval_recall_macro': 0.4538177339901478, 'eval_accuracy': 0.48148148148148145, 'eval_runtime': 0.5703, 'eval_samples_per_second': 378.774, 'eval_steps_per_second': 47.347, 'epoch': 3.0}
{'train_runtime': 16.8941, 'train_samples_per_second': 178.998, 'train_steps_per_second': 11.187, 'train_loss': 1.8016199182581019, 'epoch': 3.0}
  Model             : Wav2Vec2ForSequenceClassification  (94,570,632 params, 94,570,632 trainable)
{'eval_loss': 2.0663340091705322, 'eval_f1_macro': 0.028688524590163935, 'eval_f1_weighted': 0.029751062537947785, 'eval_precision_macro': 0.016203703703703703, 'eval_recall_macro': 0.125, 'eval_accuracy': 0.12962962962962962, 'eval_runtime': 0.5624, 'eval_samples_per_second': 384.035, 'eval_steps_per_second': 48.004, 'epoch': 1.0}
  Model             : Wav2Vec2ForSequenceClassification  (94,570,632 params, 94,570,632 trainable)
{'eval_loss': 1.7290672063827515, 'eval_f1_macro': 0.2596145789899615, 'eval_f1_weighted': 0.27657108451618345, 'eval_precision_macro': 0.2674577870658141, 'eval_recall_macro': 0.34913793103448276, 'eval_accuracy': 0.37037037037037035, 'eval_runtime': 0.5505, 'eval_samples_per_second': 392.35, 'eval_steps_per_second': 49.044, 'epoch': 1.0}
{'eval_loss': 1.3688693046569824, 'eval_f1_macro': 0.5034277598232192, 'eval_f1_weighted': 0.536553152112836, 'eval_precision_macro': 0.5277983354254541, 'eval_recall_macro': 0.5438731527093597, 'eval_accuracy': 0.5787037037037037, 'eval_runtime': 0.5496, 'eval_samples_per_second': 393.017, 'eval_steps_per_second': 49.127, 'epoch': 2.0}
{'eval_loss': 1.1919171810150146, 'eval_f1_macro': 0.6011211183772165, 'eval_f1_weighted': 0.632181833028252, 'eval_precision_macro': 0.7176860844510572, 'eval_recall_macro': 0.6265599343185551, 'eval_accuracy': 0.6620370370370371, 'eval_runtime': 0.5693, 'eval_samples_per_second': 379.397, 'eval_steps_per_second': 47.425, 'epoch': 3.0}
{'train_runtime': 25.4485, 'train_samples_per_second': 118.828, 'train_steps_per_second': 14.854, 'train_loss': 1.5744632135623347, 'epoch': 3.0}
  Model             : Wav2Vec2ForSequenceClassification  (94,570,632 params, 94,570,632 trainable)
{'eval_loss': 1.7692780494689941, 'eval_f1_macro': 0.27678834191010154, 'eval_f1_weighted': 0.2934450282054367, 'eval_precision_macro': 0.2554274892320805, 'eval_recall_macro': 0.322814039408867, 'eval_accuracy': 0.3425925925925926, 'eval_runtime': 0.564, 'eval_samples_per_second': 382.964, 'eval_steps_per_second': 47.87, 'epoch': 1.0}
  Model             : Wav2Vec2ForSequenceClassification  (94,570,632 params, 94,570,632 trainable)
{'eval_loss': 1.846431016921997, 'eval_f1_macro': 0.18120941223614273, 'eval_f1_weighted': 0.1912169246691976, 'eval_precision_macro': 0.2706307321315623, 'eval_recall_macro': 0.28048029556650245, 'eval_accuracy': 0.2962962962962963, 'eval_runtime': 0.5896, 'eval_samples_per_second': 366.348, 'eval_steps_per_second': 45.793, 'epoch': 1.0}
  Model             : Wav2Vec2ForSequenceClassification  (94,570,632 params, 94,570,632 trainable)
{'eval_loss': 1.9413429498672485, 'eval_f1_macro': 0.1296875, 'eval_f1_weighted': 0.13726851851851854, 'eval_precision_macro': 0.10374145006839947, 'eval_recall_macro': 0.24137931034482757, 'eval_accuracy': 0.25462962962962965, 'eval_runtime': 0.5792, 'eval_samples_per_second': 372.952, 'eval_steps_per_second': 46.619, 'epoch': 1.0}
  Model             : Wav2Vec2ForSequenceClassification  (94,570,632 params, 94,570,632 trainable)
{'eval_loss': 2.0652804374694824, 'eval_f1_macro': 0.02959183673469388, 'eval_f1_weighted': 0.031783824640967503, 'eval_precision_macro': 0.01678240740740741, 'eval_recall_macro': 0.125, 'eval_accuracy': 0.13425925925925927, 'eval_runtime': 0.5786, 'eval_samples_per_second': 373.29, 'eval_steps_per_second': 46.661, 'epoch': 1.0}
  Model             : Wav2Vec2ForSequenceClassification  (94,570,632 params, 94,570,632 trainable)
{'eval_loss': 1.817961573600769, 'eval_f1_macro': 0.13424675819984744, 'eval_f1_weighted': 0.1408237986270023, 'eval_precision_macro': 0.09683525844257623, 'eval_recall_macro': 0.25046182266009853, 'eval_accuracy': 0.2638888888888889, 'eval_runtime': 0.5629, 'eval_samples_per_second': 383.706, 'eval_steps_per_second': 47.963, 'epoch': 1.0}
  Model             : Wav2Vec2ForSequenceClassification  (94,570,632 params, 94,570,632 trainable)
{'eval_loss': 1.8156241178512573, 'eval_f1_macro': 0.196980587858318, 'eval_f1_weighted': 0.20854025903532555, 'eval_precision_macro': 0.3041554054054054, 'eval_recall_macro': 0.29341133004926107, 'eval_accuracy': 0.3101851851851852, 'eval_runtime': 0.5566, 'eval_samples_per_second': 388.064, 'eval_steps_per_second': 48.508, 'epoch': 1.0}
  Model             : Wav2Vec2ForSequenceClassification  (94,570,632 params, 94,570,632 trainable)
{'eval_loss': 2.0655109882354736, 'eval_f1_macro': 0.02959183673469388, 'eval_f1_weighted': 0.031783824640967503, 'eval_precision_macro': 0.01678240740740741, 'eval_recall_macro': 0.125, 'eval_accuracy': 0.13425925925925927, 'eval_runtime': 0.561, 'eval_samples_per_second': 385.035, 'eval_steps_per_second': 48.129, 'epoch': 1.0}
  Model             : Wav2Vec2ForSequenceClassification  (94,570,632 params, 94,570,632 trainable)
{'eval_loss': 2.065687417984009, 'eval_f1_macro': 0.02959183673469388, 'eval_f1_weighted': 0.031783824640967503, 'eval_precision_macro': 0.01678240740740741, 'eval_recall_macro': 0.125, 'eval_accuracy': 0.13425925925925927, 'eval_runtime': 0.552, 'eval_samples_per_second': 391.273, 'eval_steps_per_second': 48.909, 'epoch': 1.0}
  Model             : Wav2Vec2ForSequenceClassification  (94,570,632 params, 94,570,632 trainable)
{'eval_loss': 1.8559479713439941, 'eval_f1_macro': 0.13308995301877002, 'eval_f1_weighted': 0.13997352545961333, 'eval_precision_macro': 0.17075001501231007, 'eval_recall_macro': 0.2546182266009852, 'eval_accuracy': 0.26851851851851855, 'eval_runtime': 0.5666, 'eval_samples_per_second': 381.229, 'eval_steps_per_second': 47.654, 'epoch': 1.0}
  Model             : Wav2Vec2ForSequenceClassification  (94,570,632 params, 94,570,632 trainable)
{'eval_loss': 1.7869759798049927, 'eval_f1_macro': 0.1662765106042417, 'eval_f1_weighted': 0.17623308582692337, 'eval_precision_macro': 0.1419481981981982, 'eval_recall_macro': 0.2755541871921182, 'eval_accuracy': 0.2916666666666667, 'eval_runtime': 0.5756, 'eval_samples_per_second': 375.288, 'eval_steps_per_second': 46.911, 'epoch': 1.0}
  Model             : Wav2Vec2ForSequenceClassification  (94,570,632 params, 94,570,632 trainable)
{'eval_loss': 2.065804958343506, 'eval_f1_macro': 0.02959183673469388, 'eval_f1_weighted': 0.031783824640967503, 'eval_precision_macro': 0.01678240740740741, 'eval_recall_macro': 0.125, 'eval_accuracy': 0.13425925925925927, 'eval_runtime': 0.5783, 'eval_samples_per_second': 373.513, 'eval_steps_per_second': 46.689, 'epoch': 1.0}
  Model             : Wav2Vec2ForSequenceClassification  (94,570,632 params, 94,570,632 trainable)
{'eval_loss': 1.7185081243515015, 'eval_f1_macro': 0.24043248364814476, 'eval_f1_weighted': 0.25439456062619664, 'eval_precision_macro': 0.286245727832868, 'eval_recall_macro': 0.3148091133004926, 'eval_accuracy': 0.3333333333333333, 'eval_runtime': 0.5924, 'eval_samples_per_second': 364.636, 'eval_steps_per_second': 45.579, 'epoch': 1.0}
  Model             : Wav2Vec2ForSequenceClassification  (94,570,632 params, 94,570,632 trainable)
{'eval_loss': 1.857661485671997, 'eval_f1_macro': 0.18601608088719374, 'eval_f1_weighted': 0.19756005622749667, 'eval_precision_macro': 0.30287888716787803, 'eval_recall_macro': 0.2887931034482758, 'eval_accuracy': 0.3055555555555556, 'eval_runtime': 0.5644, 'eval_samples_per_second': 382.686, 'eval_steps_per_second': 47.836, 'epoch': 1.0}
{'eval_loss': 1.5576375722885132, 'eval_f1_macro': 0.415541705368979, 'eval_f1_weighted': 0.44279352659164056, 'eval_precision_macro': 0.42422178159361634, 'eval_recall_macro': 0.48306650246305416, 'eval_accuracy': 0.5138888888888888, 'eval_runtime': 0.5731, 'eval_samples_per_second': 376.904, 'eval_steps_per_second': 47.113, 'epoch': 2.0}
{'eval_loss': 1.44390869140625, 'eval_f1_macro': 0.5410673971090638, 'eval_f1_weighted': 0.5681772134472752, 'eval_precision_macro': 0.6612177564366859, 'eval_recall_macro': 0.5700636288998358, 'eval_accuracy': 0.6018518518518519, 'eval_runtime': 0.5599, 'eval_samples_per_second': 385.749, 'eval_steps_per_second': 48.219, 'epoch': 3.0}
{'train_runtime': 16.9694, 'train_samples_per_second': 178.203, 'train_steps_per_second': 11.138, 'train_loss': 1.7355831085689484, 'epoch': 3.0}
  Best f1_macro: 3.2396  |  params: {'learning_rate': 3.307913469447343e-05, 'per_device_train_batch_size': 8, 'warmup_ratio': 0.06722431533547411, 'weight_decay': 0.08989607547391792}
  HPO complete. Skipping training (--hpo_only mode).

======================================================================
[2/21]  wav2vec2-base_emodb
  Model  : facebook/wav2vec2-base
  Dataset: renumics/emodb
  Output : /home/tu/tu_tu/tu_zxord71/asp-project/outputs/wav2vec2-base_emodb

  Loading: renumics/emodb
  Label col : emotion
  Samples   : 535  |  Classes: 7
    0: 127
    1: 81
    2: 46
    3: 69
    4: 71
    5: 79
    6: 62
  Classes   : ['anger', 'boredom', 'disgust', 'fear', 'happiness', 'neutral', 'sadness']
  Feature extractor : Wav2Vec2FeatureExtractor  (sr=16000)
  Split     : 374 train / 80 val / 81 test  (of 535)
  Model             : Wav2Vec2ForSequenceClassification  (94,570,375 params, 94,570,375 trainable)
  HPO: 20 trials × 3 epochs ...
  Model             : Wav2Vec2ForSequenceClassification  (94,570,375 params, 94,570,375 trainable)
{'eval_loss': 1.527777075767517, 'eval_f1_macro': 0.20438607675634324, 'eval_f1_weighted': 0.27172000510008926, 'eval_precision_macro': 0.1598112929382279, 'eval_recall_macro': 0.3139097744360902, 'eval_accuracy': 0.3875, 'eval_runtime': 0.3308, 'eval_samples_per_second': 241.837, 'eval_steps_per_second': 30.23, 'epoch': 1.0}
{'eval_loss': 1.1085846424102783, 'eval_f1_macro': 0.5487811791383219, 'eval_f1_weighted': 0.5742757936507937, 'eval_precision_macro': 0.6441391941391943, 'eval_recall_macro': 0.5904403866809881, 'eval_accuracy': 0.6375, 'eval_runtime': 0.3123, 'eval_samples_per_second': 256.132, 'eval_steps_per_second': 32.016, 'epoch': 2.0}
{'eval_loss': 0.8518432378768921, 'eval_f1_macro': 0.8004947433518862, 'eval_f1_weighted': 0.7875432900432899, 'eval_precision_macro': 0.8947325965959506, 'eval_recall_macro': 0.8139097744360902, 'eval_accuracy': 0.8125, 'eval_runtime': 0.3124, 'eval_samples_per_second': 256.054, 'eval_steps_per_second': 32.007, 'epoch': 3.0}
{'train_runtime': 10.1756, 'train_samples_per_second': 110.264, 'train_steps_per_second': 13.857, 'train_loss': 1.3766056358391512, 'epoch': 3.0}
  Model             : Wav2Vec2ForSequenceClassification  (94,570,375 params, 94,570,375 trainable)
{'eval_loss': 1.8677246570587158, 'eval_f1_macro': 0.05483405483405483, 'eval_f1_weighted': 0.09116161616161615, 'eval_precision_macro': 0.033928571428571426, 'eval_recall_macro': 0.14285714285714285, 'eval_accuracy': 0.2375, 'eval_runtime': 0.3203, 'eval_samples_per_second': 249.785, 'eval_steps_per_second': 31.223, 'epoch': 1.0}
{'eval_loss': 1.6712157726287842, 'eval_f1_macro': 0.15737093095583662, 'eval_f1_weighted': 0.2183599419448476, 'eval_precision_macro': 0.11384553821528612, 'eval_recall_macro': 0.2857142857142857, 'eval_accuracy': 0.3625, 'eval_runtime': 0.3096, 'eval_samples_per_second': 258.376, 'eval_steps_per_second': 32.297, 'epoch': 2.0}
{'eval_loss': 1.615087866783142, 'eval_f1_macro': 0.15783251231527093, 'eval_f1_weighted': 0.22360344827586207, 'eval_precision_macro': 0.11731950844854071, 'eval_recall_macro': 0.2857142857142857, 'eval_accuracy': 0.3625, 'eval_runtime': 0.3063, 'eval_samples_per_second': 261.194, 'eval_steps_per_second': 32.649, 'epoch': 3.0}
{'train_runtime': 15.7896, 'train_samples_per_second': 71.059, 'train_steps_per_second': 17.86, 'train_loss': 1.7779337565104167, 'epoch': 3.0}
  Model             : Wav2Vec2ForSequenceClassification  (94,570,375 params, 94,570,375 trainable)
{'eval_loss': 1.745849609375, 'eval_f1_macro': 0.1072463768115942, 'eval_f1_weighted': 0.15579710144927536, 'eval_precision_macro': 0.07333333333333333, 'eval_recall_macro': 0.19999999999999998, 'eval_accuracy': 0.2875, 'eval_runtime': 0.3071, 'eval_samples_per_second': 260.518, 'eval_steps_per_second': 32.565, 'epoch': 1.0}
{'eval_loss': 1.4127929210662842, 'eval_f1_macro': 0.30769230769230765, 'eval_f1_weighted': 0.3697209653092006, 'eval_precision_macro': 0.3030753968253968, 'eval_recall_macro': 0.40714285714285714, 'eval_accuracy': 0.4875, 'eval_runtime': 0.3169, 'eval_samples_per_second': 252.484, 'eval_steps_per_second': 31.561, 'epoch': 2.0}
{'eval_loss': 1.2156982421875, 'eval_f1_macro': 0.5734148559310447, 'eval_f1_weighted': 0.5902578158105447, 'eval_precision_macro': 0.7611145996860281, 'eval_recall_macro': 0.6017006802721089, 'eval_accuracy': 0.65, 'eval_runtime': 0.3041, 'eval_samples_per_second': 263.113, 'eval_steps_per_second': 32.889, 'epoch': 3.0}
{'train_runtime': 7.0263, 'train_samples_per_second': 159.685, 'train_steps_per_second': 10.247, 'train_loss': 1.5904993481106229, 'epoch': 3.0}
  Model             : Wav2Vec2ForSequenceClassification  (94,570,375 params, 94,570,375 trainable)
{'eval_loss': 1.3964935541152954, 'eval_f1_macro': 0.2899680964197093, 'eval_f1_weighted': 0.335620347394541, 'eval_precision_macro': 0.22943227634303145, 'eval_recall_macro': 0.40476190476190477, 'eval_accuracy': 0.4875, 'eval_runtime': 0.309, 'eval_samples_per_second': 258.913, 'eval_steps_per_second': 32.364, 'epoch': 1.0}
{'eval_loss': 0.9605346918106079, 'eval_f1_macro': 0.5938250739466545, 'eval_f1_weighted': 0.6221004858026135, 'eval_precision_macro': 0.6469066647638078, 'eval_recall_macro': 0.6261546723952739, 'eval_accuracy': 0.675, 'eval_runtime': 0.3651, 'eval_samples_per_second': 219.113, 'eval_steps_per_second': 27.389, 'epoch': 2.0}
{'eval_loss': 0.7062011957168579, 'eval_f1_macro': 0.8384948384948385, 'eval_f1_weighted': 0.8339701964701964, 'eval_precision_macro': 0.9112987012987013, 'eval_recall_macro': 0.8363587540279269, 'eval_accuracy': 0.85, 'eval_runtime': 0.3221, 'eval_samples_per_second': 248.385, 'eval_steps_per_second': 31.048, 'epoch': 3.0}
{'train_runtime': 15.7736, 'train_samples_per_second': 71.131, 'train_steps_per_second': 17.878, 'train_loss': 1.269164281533965, 'epoch': 3.0}
  Model             : Wav2Vec2ForSequenceClassification  (94,570,375 params, 94,570,375 trainable)
{'eval_loss': 1.5986328125, 'eval_f1_macro': 0.24773921325645465, 'eval_f1_weighted': 0.3039402466126604, 'eval_precision_macro': 0.19393569393569393, 'eval_recall_macro': 0.36904761904761907, 'eval_accuracy': 0.45, 'eval_runtime': 0.3169, 'eval_samples_per_second': 252.411, 'eval_steps_per_second': 31.551, 'epoch': 1.0}
{'eval_loss': 1.1715819835662842, 'eval_f1_macro': 0.4686681945505475, 'eval_f1_weighted': 0.5262664884135472, 'eval_precision_macro': 0.5086460390607856, 'eval_recall_macro': 0.5190476190476191, 'eval_accuracy': 0.6, 'eval_runtime': 0.3132, 'eval_samples_per_second': 255.458, 'eval_steps_per_second': 31.932, 'epoch': 2.0}
{'eval_loss': 0.9954498410224915, 'eval_f1_macro': 0.7449869261899337, 'eval_f1_weighted': 0.7620522898154476, 'eval_precision_macro': 0.8310884353741496, 'eval_recall_macro': 0.7513247404224848, 'eval_accuracy': 0.7875, 'eval_runtime': 0.308, 'eval_samples_per_second': 259.782, 'eval_steps_per_second': 32.473, 'epoch': 3.0}
{'train_runtime': 10.139, 'train_samples_per_second': 110.662, 'train_steps_per_second': 13.907, 'train_loss': 1.4353370395958, 'epoch': 3.0}
  Model             : Wav2Vec2ForSequenceClassification  (94,570,375 params, 94,570,375 trainable)
{'eval_loss': 1.8154418468475342, 'eval_f1_macro': 0.05483405483405483, 'eval_f1_weighted': 0.09116161616161615, 'eval_precision_macro': 0.033928571428571426, 'eval_recall_macro': 0.14285714285714285, 'eval_accuracy': 0.2375, 'eval_runtime': 0.3226, 'eval_samples_per_second': 248.01, 'eval_steps_per_second': 31.001, 'epoch': 1.0}
  Model             : Wav2Vec2ForSequenceClassification  (94,570,375 params, 94,570,375 trainable)
{'eval_loss': 2.0448851585388184, 'eval_f1_macro': 0.031746031746031744, 'eval_f1_weighted': 0.02777777777777778, 'eval_precision_macro': 0.017857142857142856, 'eval_recall_macro': 0.14285714285714285, 'eval_accuracy': 0.125, 'eval_runtime': 0.313, 'eval_samples_per_second': 255.559, 'eval_steps_per_second': 31.945, 'epoch': 1.0}
  Model             : Wav2Vec2ForSequenceClassification  (94,570,375 params, 94,570,375 trainable)
{'eval_loss': 1.598852515220642, 'eval_f1_macro': 0.15892857142857145, 'eval_f1_weighted': 0.22906250000000003, 'eval_precision_macro': 0.12535612535612534, 'eval_recall_macro': 0.2781954887218045, 'eval_accuracy': 0.35, 'eval_runtime': 0.3241, 'eval_samples_per_second': 246.842, 'eval_steps_per_second': 30.855, 'epoch': 1.0}
  Model             : Wav2Vec2ForSequenceClassification  (94,570,375 params, 94,570,375 trainable)
{'eval_loss': 1.44512939453125, 'eval_f1_macro': 0.24653196266099492, 'eval_f1_weighted': 0.29966708023159633, 'eval_precision_macro': 0.21952686447473937, 'eval_recall_macro': 0.35714285714285715, 'eval_accuracy': 0.4375, 'eval_runtime': 0.3155, 'eval_samples_per_second': 253.569, 'eval_steps_per_second': 31.696, 'epoch': 1.0}
{'eval_loss': 1.21734619140625, 'eval_f1_macro': 0.3243982208267923, 'eval_f1_weighted': 0.39646749084249083, 'eval_precision_macro': 0.33374113808896416, 'eval_recall_macro': 0.38571428571428573, 'eval_accuracy': 0.4625, 'eval_runtime': 0.312, 'eval_samples_per_second': 256.435, 'eval_steps_per_second': 32.054, 'epoch': 2.0}
{'eval_loss': 0.9053924679756165, 'eval_f1_macro': 0.7098114601620914, 'eval_f1_weighted': 0.7442860201976611, 'eval_precision_macro': 0.80075669944091, 'eval_recall_macro': 0.7190118152524168, 'eval_accuracy': 0.7625, 'eval_runtime': 0.3187, 'eval_samples_per_second': 251.002, 'eval_steps_per_second': 31.375, 'epoch': 3.0}
{'train_runtime': 7.0522, 'train_samples_per_second': 159.1, 'train_steps_per_second': 10.21, 'train_loss': 1.407674577501085, 'epoch': 3.0}
  Model             : Wav2Vec2ForSequenceClassification  (94,570,375 params, 94,570,375 trainable)
{'eval_loss': 1.9707520008087158, 'eval_f1_macro': 0.031746031746031744, 'eval_f1_weighted': 0.02777777777777778, 'eval_precision_macro': 0.017857142857142856, 'eval_recall_macro': 0.14285714285714285, 'eval_accuracy': 0.125, 'eval_runtime': 0.3102, 'eval_samples_per_second': 257.93, 'eval_steps_per_second': 32.241, 'epoch': 1.0}
  Model             : Wav2Vec2ForSequenceClassification  (94,570,375 params, 94,570,375 trainable)
{'eval_loss': 1.698754906654358, 'eval_f1_macro': 0.19823232323232323, 'eval_f1_weighted': 0.24494949494949497, 'eval_precision_macro': 0.17706327814144524, 'eval_recall_macro': 0.28095238095238095, 'eval_accuracy': 0.375, 'eval_runtime': 0.3096, 'eval_samples_per_second': 258.383, 'eval_steps_per_second': 32.298, 'epoch': 1.0}
  Model             : Wav2Vec2ForSequenceClassification  (94,570,375 params, 94,570,375 trainable)
{'eval_loss': 1.81207275390625, 'eval_f1_macro': 0.05483405483405483, 'eval_f1_weighted': 0.09116161616161615, 'eval_precision_macro': 0.033928571428571426, 'eval_recall_macro': 0.14285714285714285, 'eval_accuracy': 0.2375, 'eval_runtime': 0.3394, 'eval_samples_per_second': 235.683, 'eval_steps_per_second': 29.46, 'epoch': 1.0}
  Model             : Wav2Vec2ForSequenceClassification  (94,570,375 params, 94,570,375 trainable)
{'eval_loss': 1.5677368640899658, 'eval_f1_macro': 0.14905066504213624, 'eval_f1_weighted': 0.19422530206112296, 'eval_precision_macro': 0.10119047619047618, 'eval_recall_macro': 0.2857142857142857, 'eval_accuracy': 0.3625, 'eval_runtime': 0.3136, 'eval_samples_per_second': 255.076, 'eval_steps_per_second': 31.885, 'epoch': 1.0}
  Model             : Wav2Vec2ForSequenceClassification  (94,570,375 params, 94,570,375 trainable)
{'eval_loss': 1.7288818359375, 'eval_f1_macro': 0.17706992706992705, 'eval_f1_weighted': 0.22377064564564564, 'eval_precision_macro': 0.2340700808625337, 'eval_recall_macro': 0.2547619047619048, 'eval_accuracy': 0.35, 'eval_runtime': 0.3215, 'eval_samples_per_second': 248.804, 'eval_steps_per_second': 31.101, 'epoch': 1.0}
  Model             : Wav2Vec2ForSequenceClassification  (94,570,375 params, 94,570,375 trainable)
{'eval_loss': 1.3583037853240967, 'eval_f1_macro': 0.2914027781200457, 'eval_f1_weighted': 0.33422316140532465, 'eval_precision_macro': 0.3534754282262588, 'eval_recall_macro': 0.38333333333333336, 'eval_accuracy': 0.4625, 'eval_runtime': 0.3322, 'eval_samples_per_second': 240.787, 'eval_steps_per_second': 30.098, 'epoch': 1.0}
  Model             : Wav2Vec2ForSequenceClassification  (94,570,375 params, 94,570,375 trainable)
{'eval_loss': 1.631591796875, 'eval_f1_macro': 0.1961866436715531, 'eval_f1_weighted': 0.23854124748490949, 'eval_precision_macro': 0.20457875457875455, 'eval_recall_macro': 0.3095238095238096, 'eval_accuracy': 0.3875, 'eval_runtime': 0.3099, 'eval_samples_per_second': 258.107, 'eval_steps_per_second': 32.263, 'epoch': 1.0}
  Model             : Wav2Vec2ForSequenceClassification  (94,570,375 params, 94,570,375 trainable)
{'eval_loss': 1.4927856922149658, 'eval_f1_macro': 0.15437392795883362, 'eval_f1_weighted': 0.21573756432247, 'eval_precision_macro': 0.111577964519141, 'eval_recall_macro': 0.2857142857142857, 'eval_accuracy': 0.3625, 'eval_runtime': 0.3124, 'eval_samples_per_second': 256.057, 'eval_steps_per_second': 32.007, 'epoch': 1.0}
  Model             : Wav2Vec2ForSequenceClassification  (94,570,375 params, 94,570,375 trainable)
{'eval_loss': 1.5740966796875, 'eval_f1_macro': 0.1497564935064935, 'eval_f1_weighted': 0.1978338068181818, 'eval_precision_macro': 0.10233426704014939, 'eval_recall_macro': 0.2857142857142857, 'eval_accuracy': 0.3625, 'eval_runtime': 0.3187, 'eval_samples_per_second': 251.024, 'eval_steps_per_second': 31.378, 'epoch': 1.0}
  Model             : Wav2Vec2ForSequenceClassification  (94,570,375 params, 94,570,375 trainable)
{'eval_loss': 1.545739769935608, 'eval_f1_macro': 0.15746298519407764, 'eval_f1_weighted': 0.22160364145658265, 'eval_precision_macro': 0.11587732919254658, 'eval_recall_macro': 0.2857142857142857, 'eval_accuracy': 0.3625, 'eval_runtime': 0.3136, 'eval_samples_per_second': 255.108, 'eval_steps_per_second': 31.889, 'epoch': 1.0}
  Model             : Wav2Vec2ForSequenceClassification  (94,570,375 params, 94,570,375 trainable)
{'eval_loss': 1.7665526866912842, 'eval_f1_macro': 0.16483516483516483, 'eval_f1_weighted': 0.2157051282051282, 'eval_precision_macro': 0.12083477458780122, 'eval_recall_macro': 0.2738095238095238, 'eval_accuracy': 0.375, 'eval_runtime': 0.3261, 'eval_samples_per_second': 245.336, 'eval_steps_per_second': 30.667, 'epoch': 1.0}
  Best f1_macro: 4.2701  |  params: {'learning_rate': 6.354953232756206e-05, 'per_device_train_batch_size': 4, 'warmup_ratio': 0.17218720795946393, 'weight_decay': 0.03436070627478947}
  HPO complete. Skipping training (--hpo_only mode).

======================================================================
[3/21]  wav2vec2-base_cameo
  Model  : facebook/wav2vec2-base
  Dataset: amu-cai/CAMEO
  Output : /home/tu/tu_tu/tu_zxord71/asp-project/outputs/wav2vec2-base_cameo

  Loading: amu-cai/CAMEO
  Multiple splits found (['crema_d', 'cafe', 'emns', 'emozionalmente', 'enterface', 'jl_corpus', 'mesd', 'nemo', 'oreau', 'pavoque', 'ravdess', 'resd', 'subesco']) — concatenating into one.
  Label col : emotion
  Samples   : 41,265  |  Classes: 17
    anger: 5961
    anxiety: 240
    apology: 240
    assertiveness: 240
    calm: 192
    concern: 240
    disgust: 4368
    encouragement: 240
    enthusiasm: 198
    excitement: 395
    fear: 4977
    happiness: 5965
    neutral: 7970
    poker: 575
    sadness: 5896
    sarcasm: 142
    surprise: 3426
  Filtered to core emotions: 41,265 -> 38,563 samples (2,702 dropped)
  Classes   : ['anger', 'disgust', 'fear', 'happiness', 'neutral', 'sadness', 'surprise']
  Feature extractor : Wav2Vec2FeatureExtractor  (sr=16000)

ERROR in wav2vec2-base_cameo:
Traceback (most recent call last):
  File "/home/tu/tu_tu/tu_zxord71/asp-project/experiments/run_all.py", line 353, in main
    metrics = run_experiment(
              ^^^^^^^^^^^^^^^
  File "/home/tu/tu_tu/tu_zxord71/asp-project/experiments/run_all.py", line 137, in run_experiment
    full_ds = featurise_split(
              ^^^^^^^^^^^^^^^^
  File "/home/tu/tu_tu/tu_zxord71/asp-project/experiments/pipeline/data.py", line 283, in featurise_split
    d = raw_split.map(fn, batched=True, num_proc=1, remove_columns=raw_split.column_names, desc=desc)
        ^^^^^^^^^^^^^^^^^^^^^^^^^^^^^^^^^^^^^^^^^^^^^^^^^^^^^^^^^^^^^^^^^^^^^^^^^^^^^^^^^^^^^^^^^^^^^
  File "/home/tu/tu_tu/tu_zxord71/asp-project/.venv/lib64/python3.11/site-packages/datasets/arrow_dataset.py", line 576, in wrapper
    out: Union["Dataset", "DatasetDict"] = func(self, *args, **kwargs)
                                           ^^^^^^^^^^^^^^^^^^^^^^^^^^^
  File "/home/tu/tu_tu/tu_zxord71/asp-project/.venv/lib64/python3.11/site-packages/datasets/arrow_dataset.py", line 3624, in map
    for rank, done, content in iflatmap_unordered(
  File "/home/tu/tu_tu/tu_zxord71/asp-project/.venv/lib64/python3.11/site-packages/datasets/utils/py_utils.py", line 617, in iflatmap_unordered
    raise RuntimeError(
RuntimeError: One of the subprocesses has abruptly died during map operation.To debug the error, disable multiprocessing.


======================================================================
[4/21]  hubert-xlarge_ravdess
  Model  : facebook/hubert-xlarge-ls960-ft
  Dataset: xbgoose/ravdess
  Output : /home/tu/tu_tu/tu_zxord71/asp-project/outputs/hubert-xlarge_ravdess

  Loading: xbgoose/ravdess
  Label col : emotion
  Samples   : 1,440  |  Classes: 8
    angry: 192
    calm: 192
    disgust: 192
    fearful: 192
    happy: 192
    neutral: 96
    sad: 192
    surprised: 192
  Classes   : ['angry', 'calm', 'disgust', 'fearful', 'happy', 'neutral', 'sad', 'surprised']
  Feature extractor : Wav2Vec2FeatureExtractor  (sr=16000)
  Split     : 1,008 train / 216 val / 216 test  (of 1,440)
  Model             : HubertForSequenceClassification  (962,827,400 params, 962,827,400 trainable)
  HPO: 20 trials × 3 epochs ...
  Model             : HubertForSequenceClassification  (962,827,400 params, 962,827,400 trainable)
{'eval_loss': 2.0395326614379883, 'eval_f1_macro': 0.09535353535353536, 'eval_f1_weighted': 0.10110736999625888, 'eval_precision_macro': 0.06950127877237852, 'eval_recall_macro': 0.2025862068965517, 'eval_accuracy': 0.21296296296296297, 'eval_runtime': 1.6021, 'eval_samples_per_second': 134.827, 'eval_steps_per_second': 16.853, 'epoch': 1.0}
{'eval_loss': 1.8771611452102661, 'eval_f1_macro': 0.11515251989389921, 'eval_f1_weighted': 0.12144734256803222, 'eval_precision_macro': 0.19331603435934144, 'eval_recall_macro': 0.2543103448275862, 'eval_accuracy': 0.26851851851851855, 'eval_runtime': 1.5522, 'eval_samples_per_second': 139.161, 'eval_steps_per_second': 17.395, 'epoch': 2.0}
{'eval_loss': 1.823029637336731, 'eval_f1_macro': 0.10997712978845053, 'eval_f1_weighted': 0.11567774177837072, 'eval_precision_macro': 0.07152620663650075, 'eval_recall_macro': 0.25, 'eval_accuracy': 0.2638888888888889, 'eval_runtime': 1.5451, 'eval_samples_per_second': 139.799, 'eval_steps_per_second': 17.475, 'epoch': 3.0}
{'train_runtime': 71.2651, 'train_samples_per_second': 42.433, 'train_steps_per_second': 5.304, 'train_loss': 1.969075843770668, 'epoch': 3.0}
  Model             : HubertForSequenceClassification  (962,827,400 params, 962,827,400 trainable)
{'eval_loss': 2.027890920639038, 'eval_f1_macro': 0.09616434616434616, 'eval_f1_weighted': 0.10197824086712977, 'eval_precision_macro': 0.07058823529411765, 'eval_recall_macro': 0.2025862068965517, 'eval_accuracy': 0.21296296296296297, 'eval_runtime': 1.54, 'eval_samples_per_second': 140.262, 'eval_steps_per_second': 17.533, 'epoch': 1.0}
{'eval_loss': 1.8140733242034912, 'eval_f1_macro': 0.12003792484511609, 'eval_f1_weighted': 0.1263626996227888, 'eval_precision_macro': 0.19847337449353655, 'eval_recall_macro': 0.2543103448275862, 'eval_accuracy': 0.26851851851851855, 'eval_runtime': 1.5484, 'eval_samples_per_second': 139.495, 'eval_steps_per_second': 17.437, 'epoch': 2.0}
{'eval_loss': 1.7717782258987427, 'eval_f1_macro': 0.1156612669245648, 'eval_f1_weighted': 0.12147069095207391, 'eval_precision_macro': 0.07769016697588127, 'eval_recall_macro': 0.25, 'eval_accuracy': 0.2638888888888889, 'eval_runtime': 1.5724, 'eval_samples_per_second': 137.369, 'eval_steps_per_second': 17.171, 'epoch': 3.0}
{'train_runtime': 56.3239, 'train_samples_per_second': 53.689, 'train_steps_per_second': 3.356, 'train_loss': 1.9376479052992726, 'epoch': 3.0}
  Model             : HubertForSequenceClassification  (962,827,400 params, 962,827,400 trainable)
{'eval_loss': 1.4001017808914185, 'eval_f1_macro': 0.4635814550741, 'eval_f1_weighted': 0.49268618406948783, 'eval_precision_macro': 0.5563988095238095, 'eval_recall_macro': 0.5223214285714286, 'eval_accuracy': 0.5555555555555556, 'eval_runtime': 1.5558, 'eval_samples_per_second': 138.832, 'eval_steps_per_second': 17.354, 'epoch': 1.0}
{'loss': 1.3932, 'grad_norm': 4.113485336303711, 'learning_rate': 4.7805362010552354e-05, 'epoch': 1.98}
{'eval_loss': 0.7789665460586548, 'eval_f1_macro': 0.7070070073520711, 'eval_f1_weighted': 0.7209852460136271, 'eval_precision_macro': 0.7405833297137645, 'eval_recall_macro': 0.7326354679802956, 'eval_accuracy': 0.7407407407407407, 'eval_runtime': 1.5917, 'eval_samples_per_second': 135.706, 'eval_steps_per_second': 16.963, 'epoch': 2.0}
{'eval_loss': 0.6157509684562683, 'eval_f1_macro': 0.7899070782413874, 'eval_f1_weighted': 0.8056124458604075, 'eval_precision_macro': 0.8041141842273307, 'eval_recall_macro': 0.800584975369458, 'eval_accuracy': 0.8009259259259259, 'eval_runtime': 1.5804, 'eval_samples_per_second': 136.673, 'eval_steps_per_second': 17.084, 'epoch': 3.0}
{'train_runtime': 100.4384, 'train_samples_per_second': 30.108, 'train_steps_per_second': 7.527, 'train_loss': 1.114622085813492, 'epoch': 3.0}
  Model             : HubertForSequenceClassification  (962,827,400 params, 962,827,400 trainable)
{'eval_loss': 2.0621564388275146, 'eval_f1_macro': 0.06781316427527567, 'eval_f1_weighted': 0.07283636162899981, 'eval_precision_macro': 0.08162746806039489, 'eval_recall_macro': 0.15948275862068967, 'eval_accuracy': 0.1712962962962963, 'eval_runtime': 1.5965, 'eval_samples_per_second': 135.295, 'eval_steps_per_second': 16.912, 'epoch': 1.0}
{'eval_loss': 2.0472140312194824, 'eval_f1_macro': 0.12012393998695368, 'eval_f1_weighted': 0.1290220096156169, 'eval_precision_macro': 0.15120710113179991, 'eval_recall_macro': 0.2025862068965517, 'eval_accuracy': 0.2175925925925926, 'eval_runtime': 1.5496, 'eval_samples_per_second': 139.391, 'eval_steps_per_second': 17.424, 'epoch': 2.0}
{'eval_loss': 2.0377919673919678, 'eval_f1_macro': 0.24827179991714998, 'eval_f1_weighted': 0.2648618920920829, 'eval_precision_macro': 0.3769736647760841, 'eval_recall_macro': 0.30711206896551724, 'eval_accuracy': 0.3287037037037037, 'eval_runtime': 1.5392, 'eval_samples_per_second': 140.335, 'eval_steps_per_second': 17.542, 'epoch': 3.0}
{'train_runtime': 56.5568, 'train_samples_per_second': 53.468, 'train_steps_per_second': 3.342, 'train_loss': 2.0614045965608465, 'epoch': 3.0}
  Model             : HubertForSequenceClassification  (962,827,400 params, 962,827,400 trainable)
{'eval_loss': 2.014291286468506, 'eval_f1_macro': 0.09367366878358574, 'eval_f1_weighted': 0.09915594637138359, 'eval_precision_macro': 0.06301587301587301, 'eval_recall_macro': 0.21120689655172414, 'eval_accuracy': 0.2222222222222222, 'eval_runtime': 1.5377, 'eval_samples_per_second': 140.473, 'eval_steps_per_second': 17.559, 'epoch': 1.0}
{'eval_loss': 1.807499647140503, 'eval_f1_macro': 0.10945090950175121, 'eval_f1_weighted': 0.11511254221117513, 'eval_precision_macro': 0.07113991081382386, 'eval_recall_macro': 0.25, 'eval_accuracy': 0.2638888888888889, 'eval_runtime': 1.5718, 'eval_samples_per_second': 137.421, 'eval_steps_per_second': 17.178, 'epoch': 2.0}
{'eval_loss': 1.769929051399231, 'eval_f1_macro': 0.11111592695330559, 'eval_f1_weighted': 0.11682965617027105, 'eval_precision_macro': 0.07274580335731415, 'eval_recall_macro': 0.25, 'eval_accuracy': 0.2638888888888889, 'eval_runtime': 1.5592, 'eval_samples_per_second': 138.529, 'eval_steps_per_second': 17.316, 'epoch': 3.0}
{'train_runtime': 68.0839, 'train_samples_per_second': 44.416, 'train_steps_per_second': 5.552, 'train_loss': 1.9255603608630953, 'epoch': 3.0}
  Model             : HubertForSequenceClassification  (962,827,400 params, 962,827,400 trainable)
{'eval_loss': 2.0227322578430176, 'eval_f1_macro': 0.22054220115372603, 'eval_f1_weighted': 0.23513866546986084, 'eval_precision_macro': 0.20030292673833341, 'eval_recall_macro': 0.30603448275862066, 'eval_accuracy': 0.32407407407407407, 'eval_runtime': 1.5608, 'eval_samples_per_second': 138.394, 'eval_steps_per_second': 17.299, 'epoch': 1.0}
{'eval_loss': 1.8731237649917603, 'eval_f1_macro': 0.14623082149446914, 'eval_f1_weighted': 0.15436211691381255, 'eval_precision_macro': 0.24403011204481792, 'eval_recall_macro': 0.2672413793103448, 'eval_accuracy': 0.2824074074074074, 'eval_runtime': 1.5534, 'eval_samples_per_second': 139.049, 'eval_steps_per_second': 17.381, 'epoch': 2.0}
{'eval_loss': 1.8306297063827515, 'eval_f1_macro': 0.15682243582685657, 'eval_f1_weighted': 0.16592183236778876, 'eval_precision_macro': 0.14790364583333335, 'eval_recall_macro': 0.2801724137931034, 'eval_accuracy': 0.2962962962962963, 'eval_runtime': 1.5469, 'eval_samples_per_second': 139.634, 'eval_steps_per_second': 17.454, 'epoch': 3.0}
{'train_runtime': 56.4441, 'train_samples_per_second': 53.575, 'train_steps_per_second': 3.348, 'train_loss': 1.9715382409474207, 'epoch': 3.0}
  Model             : HubertForSequenceClassification  (962,827,400 params, 962,827,400 trainable)
{'eval_loss': 1.7496699094772339, 'eval_f1_macro': 0.1499599251936949, 'eval_f1_weighted': 0.1568770346622337, 'eval_precision_macro': 0.14032738095238095, 'eval_recall_macro': 0.24107142857142858, 'eval_accuracy': 0.25462962962962965, 'eval_runtime': 1.5426, 'eval_samples_per_second': 140.021, 'eval_steps_per_second': 17.503, 'epoch': 1.0}
{'eval_loss': 1.124237060546875, 'eval_f1_macro': 0.5413936665068544, 'eval_f1_weighted': 0.5758293042423527, 'eval_precision_macro': 0.6158854166666667, 'eval_recall_macro': 0.6011391625615763, 'eval_accuracy': 0.6388888888888888, 'eval_runtime': 1.7021, 'eval_samples_per_second': 126.899, 'eval_steps_per_second': 15.862, 'epoch': 2.0}
{'eval_loss': 1.0122449398040771, 'eval_f1_macro': 0.5534633482740029, 'eval_f1_weighted': 0.5884587981628348, 'eval_precision_macro': 0.6400698007361271, 'eval_recall_macro': 0.6145320197044335, 'eval_accuracy': 0.6527777777777778, 'eval_runtime': 1.5577, 'eval_samples_per_second': 138.666, 'eval_steps_per_second': 17.333, 'epoch': 3.0}
{'train_runtime': 56.5201, 'train_samples_per_second': 53.503, 'train_steps_per_second': 3.344, 'train_loss': 1.454699158037781, 'epoch': 3.0}
  Model             : HubertForSequenceClassification  (962,827,400 params, 962,827,400 trainable)
{'eval_loss': 2.1239736080169678, 'eval_f1_macro': 0.032805429864253395, 'eval_f1_weighted': 0.03523546170604994, 'eval_precision_macro': 0.018880208333333332, 'eval_recall_macro': 0.125, 'eval_accuracy': 0.13425925925925927, 'eval_runtime': 1.5722, 'eval_samples_per_second': 137.391, 'eval_steps_per_second': 17.174, 'epoch': 1.0}
  Model             : HubertForSequenceClassification  (962,827,400 params, 962,827,400 trainable)
{'eval_loss': 1.930964708328247, 'eval_f1_macro': 0.157944876063633, 'eval_f1_weighted': 0.1664998424247407, 'eval_precision_macro': 0.1788961038961039, 'eval_recall_macro': 0.2312192118226601, 'eval_accuracy': 0.24537037037037038, 'eval_runtime': 17.5681, 'eval_samples_per_second': 12.295, 'eval_steps_per_second': 1.537, 'epoch': 1.0}
{'loss': 1.7013, 'grad_norm': 24.668607711791992, 'learning_rate': 1.5505143026202936e-05, 'epoch': 1.98}
{'eval_loss': 1.2778173685073853, 'eval_f1_macro': 0.4902041357370095, 'eval_f1_weighted': 0.5213966131207206, 'eval_precision_macro': 0.4716837696617109, 'eval_recall_macro': 0.5660406403940886, 'eval_accuracy': 0.6018518518518519, 'eval_runtime': 1.6156, 'eval_samples_per_second': 133.694, 'eval_steps_per_second': 16.712, 'epoch': 2.0}
  Model             : HubertForSequenceClassification  (962,827,400 params, 962,827,400 trainable)
{'eval_loss': 1.8206063508987427, 'eval_f1_macro': 0.1591895983953234, 'eval_f1_weighted': 0.1673021547226407, 'eval_precision_macro': 0.37414003173523747, 'eval_recall_macro': 0.23614532019704434, 'eval_accuracy': 0.25, 'eval_runtime': 1.5422, 'eval_samples_per_second': 140.059, 'eval_steps_per_second': 17.507, 'epoch': 1.0}
{'eval_loss': 1.4338853359222412, 'eval_f1_macro': 0.43890847261960864, 'eval_f1_weighted': 0.4664720956116988, 'eval_precision_macro': 0.45816012024516917, 'eval_recall_macro': 0.509698275862069, 'eval_accuracy': 0.5416666666666666, 'eval_runtime': 1.552, 'eval_samples_per_second': 139.177, 'eval_steps_per_second': 17.397, 'epoch': 2.0}
{'eval_loss': 1.2811776399612427, 'eval_f1_macro': 0.49803769107251694, 'eval_f1_weighted': 0.5296938894967271, 'eval_precision_macro': 0.46875235893761674, 'eval_recall_macro': 0.5703509852216748, 'eval_accuracy': 0.6064814814814815, 'eval_runtime': 1.5382, 'eval_samples_per_second': 140.426, 'eval_steps_per_second': 17.553, 'epoch': 3.0}
{'train_runtime': 56.3402, 'train_samples_per_second': 53.674, 'train_steps_per_second': 3.355, 'train_loss': 1.609423763537533, 'epoch': 3.0}
  Model             : HubertForSequenceClassification  (962,827,400 params, 962,827,400 trainable)
{'eval_loss': 2.0648646354675293, 'eval_f1_macro': 0.02959183673469388, 'eval_f1_weighted': 0.031783824640967503, 'eval_precision_macro': 0.01678240740740741, 'eval_recall_macro': 0.125, 'eval_accuracy': 0.13425925925925927, 'eval_runtime': 1.5194, 'eval_samples_per_second': 142.162, 'eval_steps_per_second': 17.77, 'epoch': 1.0}
  Model             : HubertForSequenceClassification  (962,827,400 params, 962,827,400 trainable)
{'eval_loss': 1.4234404563903809, 'eval_f1_macro': 0.40399661267378706, 'eval_f1_weighted': 0.43087995964433223, 'eval_precision_macro': 0.3423424956333852, 'eval_recall_macro': 0.49923029556650245, 'eval_accuracy': 0.5324074074074074, 'eval_runtime': 1.569, 'eval_samples_per_second': 137.665, 'eval_steps_per_second': 17.208, 'epoch': 1.0}
{'loss': 1.4397, 'grad_norm': 36.418575286865234, 'learning_rate': 4.4842415873399975e-05, 'epoch': 1.98}
{'eval_loss': 0.8420876264572144, 'eval_f1_macro': 0.6883210101203531, 'eval_f1_weighted': 0.694210266384968, 'eval_precision_macro': 0.746813859058155, 'eval_recall_macro': 0.7379720853858784, 'eval_accuracy': 0.7268518518518519, 'eval_runtime': 1.5479, 'eval_samples_per_second': 139.543, 'eval_steps_per_second': 17.443, 'epoch': 2.0}
  Model             : HubertForSequenceClassification  (962,827,400 params, 962,827,400 trainable)
{'eval_loss': 1.7670671939849854, 'eval_f1_macro': 0.1430454210737716, 'eval_f1_weighted': 0.1510640586027184, 'eval_precision_macro': 0.19999218016890835, 'eval_recall_macro': 0.2627770935960591, 'eval_accuracy': 0.2777777777777778, 'eval_runtime': 1.5802, 'eval_samples_per_second': 136.688, 'eval_steps_per_second': 17.086, 'epoch': 1.0}
{'eval_loss': 1.4576890468597412, 'eval_f1_macro': 0.32849929314552473, 'eval_f1_weighted': 0.34974615436618095, 'eval_precision_macro': 0.3603801169590643, 'eval_recall_macro': 0.4181034482758621, 'eval_accuracy': 0.4444444444444444, 'eval_runtime': 1.5765, 'eval_samples_per_second': 137.01, 'eval_steps_per_second': 17.126, 'epoch': 2.0}
{'eval_loss': 1.2966082096099854, 'eval_f1_macro': 0.4609814249954007, 'eval_f1_weighted': 0.4910984433780771, 'eval_precision_macro': 0.48910894858674464, 'eval_recall_macro': 0.5478756157635467, 'eval_accuracy': 0.5833333333333334, 'eval_runtime': 1.5543, 'eval_samples_per_second': 138.967, 'eval_steps_per_second': 17.371, 'epoch': 3.0}
{'train_runtime': 56.4623, 'train_samples_per_second': 53.558, 'train_steps_per_second': 3.347, 'train_loss': 1.6714731044870206, 'epoch': 3.0}
  Model             : HubertForSequenceClassification  (962,827,400 params, 962,827,400 trainable)
{'eval_loss': 1.3556965589523315, 'eval_f1_macro': 0.43584983367021785, 'eval_f1_weighted': 0.46388245081153445, 'eval_precision_macro': 0.44901197534349707, 'eval_recall_macro': 0.4872229064039409, 'eval_accuracy': 0.5185185185185185, 'eval_runtime': 1.5678, 'eval_samples_per_second': 137.771, 'eval_steps_per_second': 17.221, 'epoch': 1.0}
{'loss': 1.4837, 'grad_norm': 29.57444953918457, 'learning_rate': 8.482909842882334e-05, 'epoch': 1.98}
{'eval_loss': 0.9490814208984375, 'eval_f1_macro': 0.6738415522438631, 'eval_f1_weighted': 0.6847354564744254, 'eval_precision_macro': 0.712053164956829, 'eval_recall_macro': 0.7094519704433498, 'eval_accuracy': 0.7037037037037037, 'eval_runtime': 1.5495, 'eval_samples_per_second': 139.403, 'eval_steps_per_second': 17.425, 'epoch': 2.0}
  Model             : HubertForSequenceClassification  (962,827,400 params, 962,827,400 trainable)
{'eval_loss': 1.7742241621017456, 'eval_f1_macro': 0.13825173675340155, 'eval_f1_weighted': 0.14609205744569742, 'eval_precision_macro': 0.17067307692307693, 'eval_recall_macro': 0.2629310344827586, 'eval_accuracy': 0.2777777777777778, 'eval_runtime': 1.5452, 'eval_samples_per_second': 139.785, 'eval_steps_per_second': 17.473, 'epoch': 1.0}
  Model             : HubertForSequenceClassification  (962,827,400 params, 962,827,400 trainable)
{'eval_loss': 1.846409559249878, 'eval_f1_macro': 0.20992079815609227, 'eval_f1_weighted': 0.22216360860151707, 'eval_precision_macro': 0.20233294930875578, 'eval_recall_macro': 0.30480295566502463, 'eval_accuracy': 0.32407407407407407, 'eval_runtime': 1.5823, 'eval_samples_per_second': 136.514, 'eval_steps_per_second': 17.064, 'epoch': 1.0}
{'eval_loss': 1.1563512086868286, 'eval_f1_macro': 0.46909926366259963, 'eval_f1_weighted': 0.49937407535493034, 'eval_precision_macro': 0.4460850140197966, 'eval_recall_macro': 0.5481834975369458, 'eval_accuracy': 0.5833333333333334, 'eval_runtime': 1.5376, 'eval_samples_per_second': 140.481, 'eval_steps_per_second': 17.56, 'epoch': 2.0}
{'eval_loss': 0.9439971446990967, 'eval_f1_macro': 0.5852668189414848, 'eval_f1_weighted': 0.6221404094150782, 'eval_precision_macro': 0.6043682925261873, 'eval_recall_macro': 0.645320197044335, 'eval_accuracy': 0.6851851851851852, 'eval_runtime': 1.5422, 'eval_samples_per_second': 140.06, 'eval_steps_per_second': 17.507, 'epoch': 3.0}
{'train_runtime': 56.2944, 'train_samples_per_second': 53.718, 'train_steps_per_second': 3.357, 'train_loss': 1.4411850379257607, 'epoch': 3.0}
  Model             : HubertForSequenceClassification  (962,827,400 params, 962,827,400 trainable)
{'eval_loss': 2.1107358932495117, 'eval_f1_macro': 0.02959183673469388, 'eval_f1_weighted': 0.031783824640967503, 'eval_precision_macro': 0.01678240740740741, 'eval_recall_macro': 0.125, 'eval_accuracy': 0.13425925925925927, 'eval_runtime': 1.5262, 'eval_samples_per_second': 141.524, 'eval_steps_per_second': 17.69, 'epoch': 1.0}
  Model             : HubertForSequenceClassification  (962,827,400 params, 962,827,400 trainable)
{'eval_loss': 1.812102198600769, 'eval_f1_macro': 0.24986523338406896, 'eval_f1_weighted': 0.2664533302328203, 'eval_precision_macro': 0.3367524881660396, 'eval_recall_macro': 0.3362068965517241, 'eval_accuracy': 0.35648148148148145, 'eval_runtime': 1.5449, 'eval_samples_per_second': 139.815, 'eval_steps_per_second': 17.477, 'epoch': 1.0}
{'eval_loss': 1.2174140214920044, 'eval_f1_macro': 0.5131678764677123, 'eval_f1_weighted': 0.5460031781062225, 'eval_precision_macro': 0.5982484165559834, 'eval_recall_macro': 0.5786637931034483, 'eval_accuracy': 0.6157407407407407, 'eval_runtime': 1.5554, 'eval_samples_per_second': 138.874, 'eval_steps_per_second': 17.359, 'epoch': 2.0}
{'eval_loss': 1.0202970504760742, 'eval_f1_macro': 0.5448900958035288, 'eval_f1_weighted': 0.5795244419836252, 'eval_precision_macro': 0.5008512321012322, 'eval_recall_macro': 0.6096059113300493, 'eval_accuracy': 0.6481481481481481, 'eval_runtime': 1.5506, 'eval_samples_per_second': 139.3, 'eval_steps_per_second': 17.413, 'epoch': 3.0}
{'train_runtime': 56.192, 'train_samples_per_second': 53.816, 'train_steps_per_second': 3.363, 'train_loss': 1.4637780567956349, 'epoch': 3.0}
  Model             : HubertForSequenceClassification  (962,827,400 params, 962,827,400 trainable)
{'eval_loss': 1.7723320722579956, 'eval_f1_macro': 0.22228025990230008, 'eval_f1_weighted': 0.2352525212685593, 'eval_precision_macro': 0.34726719247267185, 'eval_recall_macro': 0.3043411330049261, 'eval_accuracy': 0.32407407407407407, 'eval_runtime': 1.6039, 'eval_samples_per_second': 134.668, 'eval_steps_per_second': 16.834, 'epoch': 1.0}
{'loss': 1.6026, 'grad_norm': 24.028343200683594, 'learning_rate': 2.3353685788631237e-05, 'epoch': 1.98}
{'eval_loss': 1.1857423782348633, 'eval_f1_macro': 0.519219183977008, 'eval_f1_weighted': 0.5520461715071067, 'eval_precision_macro': 0.5454587232620322, 'eval_recall_macro': 0.5835899014778325, 'eval_accuracy': 0.6203703703703703, 'eval_runtime': 1.6459, 'eval_samples_per_second': 131.232, 'eval_steps_per_second': 16.404, 'epoch': 2.0}
  Model             : HubertForSequenceClassification  (962,827,400 params, 962,827,400 trainable)
{'eval_loss': 1.5322141647338867, 'eval_f1_macro': 0.37608470539505023, 'eval_f1_weighted': 0.4000110674440176, 'eval_precision_macro': 0.4436138246794339, 'eval_recall_macro': 0.44442733990147787, 'eval_accuracy': 0.4722222222222222, 'eval_runtime': 1.5504, 'eval_samples_per_second': 139.318, 'eval_steps_per_second': 17.415, 'epoch': 1.0}
{'eval_loss': 0.9770100712776184, 'eval_f1_macro': 0.5916387646646444, 'eval_f1_weighted': 0.6158449185208319, 'eval_precision_macro': 0.6998786888492771, 'eval_recall_macro': 0.6305829228243021, 'eval_accuracy': 0.6620370370370371, 'eval_runtime': 20.4698, 'eval_samples_per_second': 10.552, 'eval_steps_per_second': 1.319, 'epoch': 2.0}
{'eval_loss': 0.789219319820404, 'eval_f1_macro': 0.7129256059349582, 'eval_f1_weighted': 0.7246701084514231, 'eval_precision_macro': 0.7179801337245098, 'eval_recall_macro': 0.7280172413793103, 'eval_accuracy': 0.7361111111111112, 'eval_runtime': 1.5406, 'eval_samples_per_second': 140.205, 'eval_steps_per_second': 17.526, 'epoch': 3.0}
{'train_runtime': 148.7487, 'train_samples_per_second': 20.33, 'train_steps_per_second': 2.541, 'train_loss': 1.3313991001674108, 'epoch': 3.0}
  Best f1_macro: 4.0011  |  params: {'learning_rate': 0.00012983713106367917, 'per_device_train_batch_size': 4, 'warmup_ratio': 0.07606496033363036, 'weight_decay': 0.04445092971694253}
  HPO complete. Skipping training (--hpo_only mode).

======================================================================
[5/21]  hubert-xlarge_emodb
  Model  : facebook/hubert-xlarge-ls960-ft
  Dataset: renumics/emodb
  Output : /home/tu/tu_tu/tu_zxord71/asp-project/outputs/hubert-xlarge_emodb

  Loading: renumics/emodb
  Label col : emotion
  Samples   : 535  |  Classes: 7
    0: 127
    1: 81
    2: 46
    3: 69
    4: 71
    5: 79
    6: 62
  Classes   : ['anger', 'boredom', 'disgust', 'fear', 'happiness', 'neutral', 'sadness']
  Feature extractor : Wav2Vec2FeatureExtractor  (sr=16000)
  Split     : 374 train / 80 val / 81 test  (of 535)
  Model             : HubertForSequenceClassification  (962,827,143 params, 962,827,143 trainable)
  HPO: 20 trials × 3 epochs ...
  Model             : HubertForSequenceClassification  (962,827,143 params, 962,827,143 trainable)
{'eval_loss': 1.8729736804962158, 'eval_f1_macro': 0.05483405483405483, 'eval_f1_weighted': 0.09116161616161615, 'eval_precision_macro': 0.033928571428571426, 'eval_recall_macro': 0.14285714285714285, 'eval_accuracy': 0.2375, 'eval_runtime': 0.6899, 'eval_samples_per_second': 115.965, 'eval_steps_per_second': 14.496, 'epoch': 1.0}
{'eval_loss': 1.749292016029358, 'eval_f1_macro': 0.15759637188208617, 'eval_f1_weighted': 0.21825396825396828, 'eval_precision_macro': 0.10930735930735931, 'eval_recall_macro': 0.2857142857142857, 'eval_accuracy': 0.3875, 'eval_runtime': 0.6759, 'eval_samples_per_second': 118.366, 'eval_steps_per_second': 14.796, 'epoch': 2.0}
{'eval_loss': 1.66412353515625, 'eval_f1_macro': 0.15759637188208617, 'eval_f1_weighted': 0.21825396825396828, 'eval_precision_macro': 0.10930735930735931, 'eval_recall_macro': 0.2857142857142857, 'eval_accuracy': 0.3875, 'eval_runtime': 0.6823, 'eval_samples_per_second': 117.258, 'eval_steps_per_second': 14.657, 'epoch': 3.0}
{'train_runtime': 22.6737, 'train_samples_per_second': 49.485, 'train_steps_per_second': 3.175, 'train_loss': 1.836249245537652, 'epoch': 3.0}
  Model             : HubertForSequenceClassification  (962,827,143 params, 962,827,143 trainable)
{'eval_loss': 1.3375427722930908, 'eval_f1_macro': 0.322711886687042, 'eval_f1_weighted': 0.3786824246606855, 'eval_precision_macro': 0.26197529178895634, 'eval_recall_macro': 0.42857142857142855, 'eval_accuracy': 0.5125, 'eval_runtime': 0.7022, 'eval_samples_per_second': 113.928, 'eval_steps_per_second': 14.241, 'epoch': 1.0}
{'eval_loss': 0.6772224307060242, 'eval_f1_macro': 0.6608378361015586, 'eval_f1_weighted': 0.6658148849481765, 'eval_precision_macro': 0.804730983302412, 'eval_recall_macro': 0.691156462585034, 'eval_accuracy': 0.725, 'eval_runtime': 0.6992, 'eval_samples_per_second': 114.413, 'eval_steps_per_second': 14.302, 'epoch': 2.0}
{'eval_loss': 0.40819090604782104, 'eval_f1_macro': 0.8473781857240503, 'eval_f1_weighted': 0.8455912508544087, 'eval_precision_macro': 0.902644456992283, 'eval_recall_macro': 0.8547619047619047, 'eval_accuracy': 0.8625, 'eval_runtime': 0.6922, 'eval_samples_per_second': 115.581, 'eval_steps_per_second': 14.448, 'epoch': 3.0}
{'train_runtime': 37.7729, 'train_samples_per_second': 29.704, 'train_steps_per_second': 7.466, 'train_loss': 1.0893916136829565, 'epoch': 3.0}
  Model             : HubertForSequenceClassification  (962,827,143 params, 962,827,143 trainable)
{'eval_loss': 1.713525414466858, 'eval_f1_macro': 0.14412792544742134, 'eval_f1_weighted': 0.1863232023721275, 'eval_precision_macro': 0.09811616954474098, 'eval_recall_macro': 0.2714285714285714, 'eval_accuracy': 0.35, 'eval_runtime': 0.6868, 'eval_samples_per_second': 116.487, 'eval_steps_per_second': 14.561, 'epoch': 1.0}
{'eval_loss': 1.14178466796875, 'eval_f1_macro': 0.42544813342685683, 'eval_f1_weighted': 0.4717706628477905, 'eval_precision_macro': 0.4390228818800247, 'eval_recall_macro': 0.4924812030075188, 'eval_accuracy': 0.5625, 'eval_runtime': 0.698, 'eval_samples_per_second': 114.619, 'eval_steps_per_second': 14.327, 'epoch': 2.0}
{'eval_loss': 0.7697639465332031, 'eval_f1_macro': 0.6464884599874765, 'eval_f1_weighted': 0.6640813733617237, 'eval_precision_macro': 0.7512987012987012, 'eval_recall_macro': 0.665986394557823, 'eval_accuracy': 0.7125, 'eval_runtime': 0.7054, 'eval_samples_per_second': 113.415, 'eval_steps_per_second': 14.177, 'epoch': 3.0}
{'train_runtime': 26.0116, 'train_samples_per_second': 43.135, 'train_steps_per_second': 5.421, 'train_loss': 1.3784014113405918, 'epoch': 3.0}
  Model             : HubertForSequenceClassification  (962,827,143 params, 962,827,143 trainable)
{'eval_loss': 1.889318823814392, 'eval_f1_macro': 0.05483405483405483, 'eval_f1_weighted': 0.09116161616161615, 'eval_precision_macro': 0.033928571428571426, 'eval_recall_macro': 0.14285714285714285, 'eval_accuracy': 0.2375, 'eval_runtime': 0.6924, 'eval_samples_per_second': 115.537, 'eval_steps_per_second': 14.442, 'epoch': 1.0}
{'eval_loss': 1.8499267101287842, 'eval_f1_macro': 0.05483405483405483, 'eval_f1_weighted': 0.09116161616161615, 'eval_precision_macro': 0.033928571428571426, 'eval_recall_macro': 0.14285714285714285, 'eval_accuracy': 0.2375, 'eval_runtime': 0.6788, 'eval_samples_per_second': 117.862, 'eval_steps_per_second': 14.733, 'epoch': 2.0}
{'eval_loss': 1.8235352039337158, 'eval_f1_macro': 0.05483405483405483, 'eval_f1_weighted': 0.09116161616161615, 'eval_precision_macro': 0.033928571428571426, 'eval_recall_macro': 0.14285714285714285, 'eval_accuracy': 0.2375, 'eval_runtime': 0.6946, 'eval_samples_per_second': 115.174, 'eval_steps_per_second': 14.397, 'epoch': 3.0}
{'train_runtime': 37.7875, 'train_samples_per_second': 29.692, 'train_steps_per_second': 7.463, 'train_loss': 1.8927218389849292, 'epoch': 3.0}
  Model             : HubertForSequenceClassification  (962,827,143 params, 962,827,143 trainable)
{'eval_loss': 1.904748558998108, 'eval_f1_macro': 0.05483405483405483, 'eval_f1_weighted': 0.09116161616161615, 'eval_precision_macro': 0.033928571428571426, 'eval_recall_macro': 0.14285714285714285, 'eval_accuracy': 0.2375, 'eval_runtime': 0.6845, 'eval_samples_per_second': 116.873, 'eval_steps_per_second': 14.609, 'epoch': 1.0}
{'eval_loss': 1.8719360828399658, 'eval_f1_macro': 0.05483405483405483, 'eval_f1_weighted': 0.09116161616161615, 'eval_precision_macro': 0.033928571428571426, 'eval_recall_macro': 0.14285714285714285, 'eval_accuracy': 0.2375, 'eval_runtime': 0.708, 'eval_samples_per_second': 112.993, 'eval_steps_per_second': 14.124, 'epoch': 2.0}
{'eval_loss': 1.8583862781524658, 'eval_f1_macro': 0.05483405483405483, 'eval_f1_weighted': 0.09116161616161615, 'eval_precision_macro': 0.033928571428571426, 'eval_recall_macro': 0.14285714285714285, 'eval_accuracy': 0.2375, 'eval_runtime': 0.6778, 'eval_samples_per_second': 118.025, 'eval_steps_per_second': 14.753, 'epoch': 3.0}
{'train_runtime': 21.9535, 'train_samples_per_second': 51.108, 'train_steps_per_second': 3.28, 'train_loss': 1.9078795115152996, 'epoch': 3.0}
  Model             : HubertForSequenceClassification  (962,827,143 params, 962,827,143 trainable)
{'eval_loss': 1.6092345714569092, 'eval_f1_macro': 0.22340866680489319, 'eval_f1_weighted': 0.28439767779390424, 'eval_precision_macro': 0.25250100040016005, 'eval_recall_macro': 0.3258145363408521, 'eval_accuracy': 0.4, 'eval_runtime': 0.6927, 'eval_samples_per_second': 115.486, 'eval_steps_per_second': 14.436, 'epoch': 1.0}
{'eval_loss': 1.19915771484375, 'eval_f1_macro': 0.303396565563553, 'eval_f1_weighted': 0.3518831103588459, 'eval_precision_macro': 0.3680546412113233, 'eval_recall_macro': 0.38571428571428573, 'eval_accuracy': 0.475, 'eval_runtime': 0.7093, 'eval_samples_per_second': 112.792, 'eval_steps_per_second': 14.099, 'epoch': 2.0}
  Model             : HubertForSequenceClassification  (962,827,143 params, 962,827,143 trainable)
{'eval_loss': 1.7556030750274658, 'eval_f1_macro': 0.27443468009859606, 'eval_f1_weighted': 0.32303544636159043, 'eval_precision_macro': 0.26127960561568964, 'eval_recall_macro': 0.37142857142857144, 'eval_accuracy': 0.4625, 'eval_runtime': 0.7092, 'eval_samples_per_second': 112.804, 'eval_steps_per_second': 14.1, 'epoch': 1.0}
  Model             : HubertForSequenceClassification  (962,827,143 params, 962,827,143 trainable)
{'eval_loss': 1.5055053234100342, 'eval_f1_macro': 0.15010351966873706, 'eval_f1_weighted': 0.19329710144927537, 'eval_precision_macro': 0.10190476190476191, 'eval_recall_macro': 0.2857142857142857, 'eval_accuracy': 0.3625, 'eval_runtime': 0.7082, 'eval_samples_per_second': 112.966, 'eval_steps_per_second': 14.121, 'epoch': 1.0}
{'eval_loss': 1.0700652599334717, 'eval_f1_macro': 0.3516447271549312, 'eval_f1_weighted': 0.4149340342197485, 'eval_precision_macro': 0.33168003168003174, 'eval_recall_macro': 0.4428571428571429, 'eval_accuracy': 0.525, 'eval_runtime': 0.699, 'eval_samples_per_second': 114.457, 'eval_steps_per_second': 14.307, 'epoch': 2.0}
{'eval_loss': 0.8863052129745483, 'eval_f1_macro': 0.43692022263450836, 'eval_f1_weighted': 0.49660714285714286, 'eval_precision_macro': 0.36643892339544515, 'eval_recall_macro': 0.5571428571428572, 'eval_accuracy': 0.625, 'eval_runtime': 0.6893, 'eval_samples_per_second': 116.052, 'eval_steps_per_second': 14.507, 'epoch': 3.0}
{'train_runtime': 21.7886, 'train_samples_per_second': 51.495, 'train_steps_per_second': 3.304, 'train_loss': 1.387839953104655, 'epoch': 3.0}
  Model             : HubertForSequenceClassification  (962,827,143 params, 962,827,143 trainable)
{'eval_loss': 1.689324975013733, 'eval_f1_macro': 0.1615391765033925, 'eval_f1_weighted': 0.23235198438516588, 'eval_precision_macro': 0.11709901351845087, 'eval_recall_macro': 0.2857142857142857, 'eval_accuracy': 0.3875, 'eval_runtime': 0.695, 'eval_samples_per_second': 115.114, 'eval_steps_per_second': 14.389, 'epoch': 1.0}
{'eval_loss': 1.5353271961212158, 'eval_f1_macro': 0.16257625195063127, 'eval_f1_weighted': 0.23344091360476665, 'eval_precision_macro': 0.11792717086834734, 'eval_recall_macro': 0.2857142857142857, 'eval_accuracy': 0.3875, 'eval_runtime': 0.6805, 'eval_samples_per_second': 117.569, 'eval_steps_per_second': 14.696, 'epoch': 2.0}
{'eval_loss': 1.2447326183319092, 'eval_f1_macro': 0.2602627257799672, 'eval_f1_weighted': 0.3139367816091954, 'eval_precision_macro': 0.2600732600732601, 'eval_recall_macro': 0.35714285714285715, 'eval_accuracy': 0.45, 'eval_runtime': 0.6842, 'eval_samples_per_second': 116.931, 'eval_steps_per_second': 14.616, 'epoch': 3.0}
{'train_runtime': 21.8384, 'train_samples_per_second': 51.377, 'train_steps_per_second': 3.297, 'train_loss': 1.5998207728068035, 'epoch': 3.0}
  Model             : HubertForSequenceClassification  (962,827,143 params, 962,827,143 trainable)
{'eval_loss': 1.9144775867462158, 'eval_f1_macro': 0.08625782819331206, 'eval_f1_weighted': 0.1216294458229942, 'eval_precision_macro': 0.05914908336215842, 'eval_recall_macro': 0.1631578947368421, 'eval_accuracy': 0.2375, 'eval_runtime': 0.6853, 'eval_samples_per_second': 116.732, 'eval_steps_per_second': 14.592, 'epoch': 1.0}
  Model             : HubertForSequenceClassification  (962,827,143 params, 962,827,143 trainable)
{'eval_loss': 1.572052001953125, 'eval_f1_macro': 0.1557036607746547, 'eval_f1_weighted': 0.22006423258958754, 'eval_precision_macro': 0.11458333333333334, 'eval_recall_macro': 0.2857142857142857, 'eval_accuracy': 0.3625, 'eval_runtime': 0.7034, 'eval_samples_per_second': 113.739, 'eval_steps_per_second': 14.217, 'epoch': 1.0}
  Model             : HubertForSequenceClassification  (962,827,143 params, 962,827,143 trainable)
{'eval_loss': 1.1403290033340454, 'eval_f1_macro': 0.34563980252670057, 'eval_f1_weighted': 0.40655016875621575, 'eval_precision_macro': 0.4068441479155765, 'eval_recall_macro': 0.4333333333333334, 'eval_accuracy': 0.5125, 'eval_runtime': 0.6967, 'eval_samples_per_second': 114.825, 'eval_steps_per_second': 14.353, 'epoch': 1.0}
{'eval_loss': 0.9834358096122742, 'eval_f1_macro': 0.4361035685931777, 'eval_f1_weighted': 0.4492703030869098, 'eval_precision_macro': 0.4008294008294008, 'eval_recall_macro': 0.5285714285714286, 'eval_accuracy': 0.5625, 'eval_runtime': 0.7085, 'eval_samples_per_second': 112.915, 'eval_steps_per_second': 14.114, 'epoch': 2.0}
{'eval_loss': 0.6532241702079773, 'eval_f1_macro': 0.7679686928534855, 'eval_f1_weighted': 0.7686885560675882, 'eval_precision_macro': 0.8069386127656805, 'eval_recall_macro': 0.7829573934837092, 'eval_accuracy': 0.7875, 'eval_runtime': 0.6924, 'eval_samples_per_second': 115.538, 'eval_steps_per_second': 14.442, 'epoch': 3.0}
{'train_runtime': 25.9033, 'train_samples_per_second': 43.315, 'train_steps_per_second': 5.443, 'train_loss': 1.281152387037345, 'epoch': 3.0}
  Model             : HubertForSequenceClassification  (962,827,143 params, 962,827,143 trainable)
{'eval_loss': 1.4757003784179688, 'eval_f1_macro': 0.1497564935064935, 'eval_f1_weighted': 0.1978338068181818, 'eval_precision_macro': 0.10233426704014939, 'eval_recall_macro': 0.2857142857142857, 'eval_accuracy': 0.3625, 'eval_runtime': 0.684, 'eval_samples_per_second': 116.951, 'eval_steps_per_second': 14.619, 'epoch': 1.0}
  Model             : HubertForSequenceClassification  (962,827,143 params, 962,827,143 trainable)
{'eval_loss': 1.9742431640625, 'eval_f1_macro': 0.05483405483405483, 'eval_f1_weighted': 0.09116161616161615, 'eval_precision_macro': 0.033928571428571426, 'eval_recall_macro': 0.14285714285714285, 'eval_accuracy': 0.2375, 'eval_runtime': 0.7075, 'eval_samples_per_second': 113.076, 'eval_steps_per_second': 14.134, 'epoch': 1.0}
  Model             : HubertForSequenceClassification  (962,827,143 params, 962,827,143 trainable)
{'eval_loss': 1.5441436767578125, 'eval_f1_macro': 0.14951834392293503, 'eval_f1_weighted': 0.19369619799139168, 'eval_precision_macro': 0.10147653531458665, 'eval_recall_macro': 0.2857142857142857, 'eval_accuracy': 0.3625, 'eval_runtime': 0.6806, 'eval_samples_per_second': 117.543, 'eval_steps_per_second': 14.693, 'epoch': 1.0}
  Model             : HubertForSequenceClassification  (962,827,143 params, 962,827,143 trainable)
{'eval_loss': 1.470037817955017, 'eval_f1_macro': 0.15010351966873706, 'eval_f1_weighted': 0.19329710144927537, 'eval_precision_macro': 0.10190476190476191, 'eval_recall_macro': 0.2857142857142857, 'eval_accuracy': 0.3625, 'eval_runtime': 0.6937, 'eval_samples_per_second': 115.323, 'eval_steps_per_second': 14.415, 'epoch': 1.0}
  Model             : HubertForSequenceClassification  (962,827,143 params, 962,827,143 trainable)
{'eval_loss': 1.3209381103515625, 'eval_f1_macro': 0.18358529630063675, 'eval_f1_weighted': 0.24129751162154772, 'eval_precision_macro': 0.14808590102707747, 'eval_recall_macro': 0.3, 'eval_accuracy': 0.375, 'eval_runtime': 0.6996, 'eval_samples_per_second': 114.345, 'eval_steps_per_second': 14.293, 'epoch': 1.0}
  Model             : HubertForSequenceClassification  (962,827,143 params, 962,827,143 trainable)
{'eval_loss': 1.2332473993301392, 'eval_f1_macro': 0.25483114194294315, 'eval_f1_weighted': 0.3102283314511575, 'eval_precision_macro': 0.21481296481296483, 'eval_recall_macro': 0.34761904761904766, 'eval_accuracy': 0.425, 'eval_runtime': 0.8156, 'eval_samples_per_second': 98.085, 'eval_steps_per_second': 12.261, 'epoch': 1.0}
  Model             : HubertForSequenceClassification  (962,827,143 params, 962,827,143 trainable)
{'eval_loss': 1.819189429283142, 'eval_f1_macro': 0.05483405483405483, 'eval_f1_weighted': 0.09116161616161615, 'eval_precision_macro': 0.033928571428571426, 'eval_recall_macro': 0.14285714285714285, 'eval_accuracy': 0.2375, 'eval_runtime': 0.6828, 'eval_samples_per_second': 117.157, 'eval_steps_per_second': 14.645, 'epoch': 1.0}
  Model             : HubertForSequenceClassification  (962,827,143 params, 962,827,143 trainable)
{'eval_loss': 1.9027099609375, 'eval_f1_macro': 0.05483405483405483, 'eval_f1_weighted': 0.09116161616161615, 'eval_precision_macro': 0.033928571428571426, 'eval_recall_macro': 0.14285714285714285, 'eval_accuracy': 0.2375, 'eval_runtime': 0.6824, 'eval_samples_per_second': 117.23, 'eval_steps_per_second': 14.654, 'epoch': 1.0}
  Best f1_macro: 4.3129  |  params: {'learning_rate': 0.00014413156961330008, 'per_device_train_batch_size': 4, 'warmup_ratio': 0.056991342447645456, 'weight_decay': 0.09305711152455397}
  HPO complete. Skipping training (--hpo_only mode).

======================================================================
[6/21]  hubert-xlarge_cameo
  Model  : facebook/hubert-xlarge-ls960-ft
  Dataset: amu-cai/CAMEO
  Output : /home/tu/tu_tu/tu_zxord71/asp-project/outputs/hubert-xlarge_cameo

  Loading: amu-cai/CAMEO
  Multiple splits found (['crema_d', 'cafe', 'emns', 'emozionalmente', 'enterface', 'jl_corpus', 'mesd', 'nemo', 'oreau', 'pavoque', 'ravdess', 'resd', 'subesco']) — concatenating into one.
  Label col : emotion
  Samples   : 41,265  |  Classes: 17
    anger: 5961
    anxiety: 240
    apology: 240
    assertiveness: 240
    calm: 192
    concern: 240
    disgust: 4368
    encouragement: 240
    enthusiasm: 198
    excitement: 395
    fear: 4977
    happiness: 5965
    neutral: 7970
    poker: 575
    sadness: 5896
    sarcasm: 142
    surprise: 3426
  Filtered to core emotions: 41,265 -> 38,563 samples (2,702 dropped)
  Classes   : ['anger', 'disgust', 'fear', 'happiness', 'neutral', 'sadness', 'surprise']
  Feature extractor : Wav2Vec2FeatureExtractor  (sr=16000)

ERROR in hubert-xlarge_cameo:
Traceback (most recent call last):
  File "/home/tu/tu_tu/tu_zxord71/asp-project/experiments/run_all.py", line 353, in main
    metrics = run_experiment(
              ^^^^^^^^^^^^^^^
  File "/home/tu/tu_tu/tu_zxord71/asp-project/experiments/run_all.py", line 137, in run_experiment
    full_ds = featurise_split(
              ^^^^^^^^^^^^^^^^
  File "/home/tu/tu_tu/tu_zxord71/asp-project/experiments/pipeline/data.py", line 283, in featurise_split
    d = raw_split.map(fn, batched=True, num_proc=1, remove_columns=raw_split.column_names, desc=desc)
        ^^^^^^^^^^^^^^^^^^^^^^^^^^^^^^^^^^^^^^^^^^^^^^^^^^^^^^^^^^^^^^^^^^^^^^^^^^^^^^^^^^^^^^^^^^^^^
  File "/home/tu/tu_tu/tu_zxord71/asp-project/.venv/lib64/python3.11/site-packages/datasets/arrow_dataset.py", line 576, in wrapper
    out: Union["Dataset", "DatasetDict"] = func(self, *args, **kwargs)
                                           ^^^^^^^^^^^^^^^^^^^^^^^^^^^
  File "/home/tu/tu_tu/tu_zxord71/asp-project/.venv/lib64/python3.11/site-packages/datasets/arrow_dataset.py", line 3624, in map
    for rank, done, content in iflatmap_unordered(
  File "/home/tu/tu_tu/tu_zxord71/asp-project/.venv/lib64/python3.11/site-packages/datasets/utils/py_utils.py", line 617, in iflatmap_unordered
    raise RuntimeError(
RuntimeError: One of the subprocesses has abruptly died during map operation.To debug the error, disable multiprocessing.


======================================================================
[7/21]  wavlm-large_ravdess
  Model  : microsoft/wavlm-large
  Dataset: xbgoose/ravdess
  Output : /home/tu/tu_tu/tu_zxord71/asp-project/outputs/wavlm-large_ravdess

  Loading: xbgoose/ravdess
  Label col : emotion
  Samples   : 1,440  |  Classes: 8
    angry: 192
    calm: 192
    disgust: 192
    fearful: 192
    happy: 192
    neutral: 96
    sad: 192
    surprised: 192
  Classes   : ['angry', 'calm', 'disgust', 'fearful', 'happy', 'neutral', 'sad', 'surprised']
  Feature extractor : Wav2Vec2FeatureExtractor  (sr=16000)
  Split     : 1,008 train / 216 val / 216 test  (of 1,440)
  Model             : WavLMForSequenceClassification  (315,717,576 params, 315,717,576 trainable)
  HPO: 20 trials × 3 epochs ...
  Model             : WavLMForSequenceClassification  (315,717,576 params, 315,717,576 trainable)
{'eval_loss': 1.4975608587265015, 'eval_f1_macro': 0.30359617267500955, 'eval_f1_weighted': 0.3230701355088173, 'eval_precision_macro': 0.3434040381125227, 'eval_recall_macro': 0.39655172413793105, 'eval_accuracy': 0.4212962962962963, 'eval_runtime': 1.3223, 'eval_samples_per_second': 163.347, 'eval_steps_per_second': 20.418, 'epoch': 1.0}
{'loss': 1.5716, 'grad_norm': 6.236208438873291, 'learning_rate': 3.872791691257489e-05, 'epoch': 1.98}
{'eval_loss': 0.9044449329376221, 'eval_f1_macro': 0.6365324507161674, 'eval_f1_weighted': 0.6461325914261848, 'eval_precision_macro': 0.6425613897596656, 'eval_recall_macro': 0.6813115763546798, 'eval_accuracy': 0.6990740740740741, 'eval_runtime': 1.2497, 'eval_samples_per_second': 172.84, 'eval_steps_per_second': 21.605, 'epoch': 2.0}
{'eval_loss': 0.7474311590194702, 'eval_f1_macro': 0.7384129016950485, 'eval_f1_weighted': 0.752808168680932, 'eval_precision_macro': 0.7640530279958399, 'eval_recall_macro': 0.7540332512315271, 'eval_accuracy': 0.7638888888888888, 'eval_runtime': 1.2741, 'eval_samples_per_second': 169.526, 'eval_steps_per_second': 21.191, 'epoch': 3.0}
{'train_runtime': 82.0245, 'train_samples_per_second': 36.867, 'train_steps_per_second': 9.217, 'train_loss': 1.2993490632879672, 'epoch': 3.0}
  Model             : WavLMForSequenceClassification  (315,717,576 params, 315,717,576 trainable)
{'eval_loss': 2.0171802043914795, 'eval_f1_macro': 0.1850858692590368, 'eval_f1_weighted': 0.1971937394311121, 'eval_precision_macro': 0.3294631093544137, 'eval_recall_macro': 0.24507389162561577, 'eval_accuracy': 0.25925925925925924, 'eval_runtime': 1.2956, 'eval_samples_per_second': 166.721, 'eval_steps_per_second': 20.84, 'epoch': 1.0}
{'eval_loss': 1.8347755670547485, 'eval_f1_macro': 0.1703794451079816, 'eval_f1_weighted': 0.17997482086560504, 'eval_precision_macro': 0.239390756302521, 'eval_recall_macro': 0.2720135467980296, 'eval_accuracy': 0.28703703703703703, 'eval_runtime': 1.2555, 'eval_samples_per_second': 172.045, 'eval_steps_per_second': 21.506, 'epoch': 2.0}
{'eval_loss': 1.7913591861724854, 'eval_f1_macro': 0.19247499554486325, 'eval_f1_weighted': 0.20391870530425282, 'eval_precision_macro': 0.3667816558441559, 'eval_recall_macro': 0.2891009852216749, 'eval_accuracy': 0.3055555555555556, 'eval_runtime': 1.2648, 'eval_samples_per_second': 170.779, 'eval_steps_per_second': 21.347, 'epoch': 3.0}
{'train_runtime': 38.2403, 'train_samples_per_second': 79.079, 'train_steps_per_second': 4.942, 'train_loss': 1.9453196046213623, 'epoch': 3.0}
  Model             : WavLMForSequenceClassification  (315,717,576 params, 315,717,576 trainable)
{'eval_loss': 2.057852268218994, 'eval_f1_macro': 0.17727992969928452, 'eval_f1_weighted': 0.18903539996729962, 'eval_precision_macro': 0.3205357142857143, 'eval_recall_macro': 0.24476600985221675, 'eval_accuracy': 0.25925925925925924, 'eval_runtime': 1.2931, 'eval_samples_per_second': 167.04, 'eval_steps_per_second': 20.88, 'epoch': 1.0}
{'eval_loss': 2.0270543098449707, 'eval_f1_macro': 0.22407897957549405, 'eval_f1_weighted': 0.2383024556943213, 'eval_precision_macro': 0.42194357366771157, 'eval_recall_macro': 0.2798645320197044, 'eval_accuracy': 0.2962962962962963, 'eval_runtime': 1.2908, 'eval_samples_per_second': 167.344, 'eval_steps_per_second': 20.918, 'epoch': 2.0}
{'eval_loss': 2.008287191390991, 'eval_f1_macro': 0.23171422226185917, 'eval_f1_weighted': 0.24521458971321433, 'eval_precision_macro': 0.3837996665806846, 'eval_recall_macro': 0.2720135467980296, 'eval_accuracy': 0.28703703703703703, 'eval_runtime': 1.2812, 'eval_samples_per_second': 168.594, 'eval_steps_per_second': 21.074, 'epoch': 3.0}
{'train_runtime': 38.3414, 'train_samples_per_second': 78.87, 'train_steps_per_second': 4.929, 'train_loss': 2.045744396391369, 'epoch': 3.0}
  Model             : WavLMForSequenceClassification  (315,717,576 params, 315,717,576 trainable)
{'eval_loss': 1.8332428932189941, 'eval_f1_macro': 0.1542388586566983, 'eval_f1_weighted': 0.16259729614355276, 'eval_precision_macro': 0.20377020210220936, 'eval_recall_macro': 0.26770320197044334, 'eval_accuracy': 0.2824074074074074, 'eval_runtime': 1.2942, 'eval_samples_per_second': 166.893, 'eval_steps_per_second': 20.862, 'epoch': 1.0}
{'eval_loss': 1.6227281093597412, 'eval_f1_macro': 0.23174569507290096, 'eval_f1_weighted': 0.24577368815522416, 'eval_precision_macro': 0.29931656056706846, 'eval_recall_macro': 0.3277401477832513, 'eval_accuracy': 0.3472222222222222, 'eval_runtime': 1.2692, 'eval_samples_per_second': 170.187, 'eval_steps_per_second': 21.273, 'epoch': 2.0}
{'eval_loss': 1.5568643808364868, 'eval_f1_macro': 0.3048908375629176, 'eval_f1_weighted': 0.3239608173386567, 'eval_precision_macro': 0.40773677976792844, 'eval_recall_macro': 0.39270320197044334, 'eval_accuracy': 0.4166666666666667, 'eval_runtime': 1.2496, 'eval_samples_per_second': 172.852, 'eval_steps_per_second': 21.606, 'epoch': 3.0}
{'train_runtime': 38.3785, 'train_samples_per_second': 78.794, 'train_steps_per_second': 4.925, 'train_loss': 1.7918783520895338, 'epoch': 3.0}
  Model             : WavLMForSequenceClassification  (315,717,576 params, 315,717,576 trainable)
{'eval_loss': 1.6859673261642456, 'eval_f1_macro': 0.25985396085325957, 'eval_f1_weighted': 0.2752555603868523, 'eval_precision_macro': 0.2816872486173957, 'eval_recall_macro': 0.3628386699507389, 'eval_accuracy': 0.38425925925925924, 'eval_runtime': 1.2653, 'eval_samples_per_second': 170.707, 'eval_steps_per_second': 21.338, 'epoch': 1.0}
{'eval_loss': 1.2929823398590088, 'eval_f1_macro': 0.4509491787276262, 'eval_f1_weighted': 0.4800167044334247, 'eval_precision_macro': 0.44323553039389946, 'eval_recall_macro': 0.530942118226601, 'eval_accuracy': 0.5648148148148148, 'eval_runtime': 1.2647, 'eval_samples_per_second': 170.793, 'eval_steps_per_second': 21.349, 'epoch': 2.0}
{'eval_loss': 1.088103175163269, 'eval_f1_macro': 0.5604779668343711, 'eval_f1_weighted': 0.5968184533960144, 'eval_precision_macro': 0.64918167307667, 'eval_recall_macro': 0.6266933497536946, 'eval_accuracy': 0.6666666666666666, 'eval_runtime': 1.2698, 'eval_samples_per_second': 170.112, 'eval_steps_per_second': 21.264, 'epoch': 3.0}
{'train_runtime': 38.3241, 'train_samples_per_second': 78.906, 'train_steps_per_second': 4.932, 'train_loss': 1.5762380771536044, 'epoch': 3.0}
  Model             : WavLMForSequenceClassification  (315,717,576 params, 315,717,576 trainable)
{'eval_loss': 2.043027639389038, 'eval_f1_macro': 0.1855477088195982, 'eval_f1_weighted': 0.19672092145210426, 'eval_precision_macro': 0.4760068298574491, 'eval_recall_macro': 0.2541564039408867, 'eval_accuracy': 0.26851851851851855, 'eval_runtime': 1.284, 'eval_samples_per_second': 168.228, 'eval_steps_per_second': 21.029, 'epoch': 1.0}
{'eval_loss': 1.9034966230392456, 'eval_f1_macro': 0.2191596579096579, 'eval_f1_weighted': 0.23178971803971804, 'eval_precision_macro': 0.2655258666771825, 'eval_recall_macro': 0.3069581280788177, 'eval_accuracy': 0.32407407407407407, 'eval_runtime': 1.2632, 'eval_samples_per_second': 170.99, 'eval_steps_per_second': 21.374, 'epoch': 2.0}
  Model             : WavLMForSequenceClassification  (315,717,576 params, 315,717,576 trainable)
{'eval_loss': 1.5102471113204956, 'eval_f1_macro': 0.3122188535071905, 'eval_f1_weighted': 0.33171736335303903, 'eval_precision_macro': 0.43474740278114643, 'eval_recall_macro': 0.4141009852216749, 'eval_accuracy': 0.4398148148148148, 'eval_runtime': 1.2358, 'eval_samples_per_second': 174.781, 'eval_steps_per_second': 21.848, 'epoch': 1.0}
{'loss': 1.5889, 'grad_norm': 5.839995384216309, 'learning_rate': 3.745975686658786e-05, 'epoch': 1.98}
{'eval_loss': 0.9588504433631897, 'eval_f1_macro': 0.6131738536694757, 'eval_f1_weighted': 0.6236133371109454, 'eval_precision_macro': 0.6143997986294498, 'eval_recall_macro': 0.6561986863711001, 'eval_accuracy': 0.6759259259259259, 'eval_runtime': 1.291, 'eval_samples_per_second': 167.314, 'eval_steps_per_second': 20.914, 'epoch': 2.0}
  Model             : WavLMForSequenceClassification  (315,717,576 params, 315,717,576 trainable)
{'eval_loss': 1.5666142702102661, 'eval_f1_macro': 0.30280543180561625, 'eval_f1_weighted': 0.3213736380903114, 'eval_precision_macro': 0.4778594488642915, 'eval_recall_macro': 0.38854679802955666, 'eval_accuracy': 0.41203703703703703, 'eval_runtime': 1.2534, 'eval_samples_per_second': 172.328, 'eval_steps_per_second': 21.541, 'epoch': 1.0}
{'loss': 1.4907, 'grad_norm': 6.478177070617676, 'learning_rate': 7.738683578092656e-05, 'epoch': 1.98}
{'eval_loss': 0.7950384616851807, 'eval_f1_macro': 0.7079573580369898, 'eval_f1_weighted': 0.7260498093939577, 'eval_precision_macro': 0.7326875905703898, 'eval_recall_macro': 0.7122331691297209, 'eval_accuracy': 0.7361111111111112, 'eval_runtime': 1.2783, 'eval_samples_per_second': 168.97, 'eval_steps_per_second': 21.121, 'epoch': 2.0}
{'eval_loss': 0.6082116365432739, 'eval_f1_macro': 0.7842138367514367, 'eval_f1_weighted': 0.7895805100500707, 'eval_precision_macro': 0.7884509485958853, 'eval_recall_macro': 0.7961206896551725, 'eval_accuracy': 0.7962962962962963, 'eval_runtime': 1.2686, 'eval_samples_per_second': 170.26, 'eval_steps_per_second': 21.283, 'epoch': 3.0}
{'train_runtime': 77.5707, 'train_samples_per_second': 38.984, 'train_steps_per_second': 9.746, 'train_loss': 1.201281431490782, 'epoch': 3.0}
  Model             : WavLMForSequenceClassification  (315,717,576 params, 315,717,576 trainable)
{'eval_loss': 1.8721336126327515, 'eval_f1_macro': 0.2187749964762677, 'eval_f1_weighted': 0.23278343940420212, 'eval_precision_macro': 0.28227209083187343, 'eval_recall_macro': 0.32327586206896547, 'eval_accuracy': 0.3425925925925926, 'eval_runtime': 1.2662, 'eval_samples_per_second': 170.588, 'eval_steps_per_second': 21.324, 'epoch': 1.0}
  Model             : WavLMForSequenceClassification  (315,717,576 params, 315,717,576 trainable)
{'eval_loss': 2.017144203186035, 'eval_f1_macro': 0.2796194546194546, 'eval_f1_weighted': 0.2963931473190733, 'eval_precision_macro': 0.4246387984474187, 'eval_recall_macro': 0.32820197044334976, 'eval_accuracy': 0.3472222222222222, 'eval_runtime': 1.2653, 'eval_samples_per_second': 170.706, 'eval_steps_per_second': 21.338, 'epoch': 1.0}
  Model             : WavLMForSequenceClassification  (315,717,576 params, 315,717,576 trainable)
{'eval_loss': 1.5019192695617676, 'eval_f1_macro': 0.3440466375811203, 'eval_f1_weighted': 0.3534478064650478, 'eval_precision_macro': 0.5691185598295407, 'eval_recall_macro': 0.41706691297208537, 'eval_accuracy': 0.4351851851851852, 'eval_runtime': 1.3051, 'eval_samples_per_second': 165.499, 'eval_steps_per_second': 20.687, 'epoch': 1.0}
{'eval_loss': 1.0627365112304688, 'eval_f1_macro': 0.5675980752746591, 'eval_f1_weighted': 0.5933596201233583, 'eval_precision_macro': 0.5914240719597863, 'eval_recall_macro': 0.586555829228243, 'eval_accuracy': 0.6157407407407407, 'eval_runtime': 1.2779, 'eval_samples_per_second': 169.029, 'eval_steps_per_second': 21.129, 'epoch': 2.0}
{'eval_loss': 0.6267147660255432, 'eval_f1_macro': 0.7897834022780966, 'eval_f1_weighted': 0.8006649917472562, 'eval_precision_macro': 0.8028329425204426, 'eval_recall_macro': 0.8086309523809524, 'eval_accuracy': 0.8009259259259259, 'eval_runtime': 1.3002, 'eval_samples_per_second': 166.125, 'eval_steps_per_second': 20.766, 'epoch': 3.0}
{'train_runtime': 47.7767, 'train_samples_per_second': 63.294, 'train_steps_per_second': 7.912, 'train_loss': 1.2731407205894512, 'epoch': 3.0}
  Model             : WavLMForSequenceClassification  (315,717,576 params, 315,717,576 trainable)
{'eval_loss': 2.1540493965148926, 'eval_f1_macro': 0.2496789944464397, 'eval_f1_weighted': 0.2670163273683982, 'eval_precision_macro': 0.4622294372294372, 'eval_recall_macro': 0.3066502463054187, 'eval_accuracy': 0.3287037037037037, 'eval_runtime': 20.7131, 'eval_samples_per_second': 10.428, 'eval_steps_per_second': 1.304, 'epoch': 1.0}
{'eval_loss': 1.0433341264724731, 'eval_f1_macro': 0.5577329070930146, 'eval_f1_weighted': 0.5879684472166526, 'eval_precision_macro': 0.6266004019616501, 'eval_recall_macro': 0.5874589490968801, 'eval_accuracy': 0.6203703703703703, 'eval_runtime': 1.2814, 'eval_samples_per_second': 168.561, 'eval_steps_per_second': 21.07, 'epoch': 2.0}
{'eval_loss': 0.6380793452262878, 'eval_f1_macro': 0.77887994773588, 'eval_f1_weighted': 0.7926634231012762, 'eval_precision_macro': 0.7914178271300697, 'eval_recall_macro': 0.7804905582922824, 'eval_accuracy': 0.7962962962962963, 'eval_runtime': 1.2939, 'eval_samples_per_second': 166.933, 'eval_steps_per_second': 20.867, 'epoch': 3.0}
  Model             : WavLMForSequenceClassification  (315,717,576 params, 315,717,576 trainable)
{'eval_loss': 1.6467013359069824, 'eval_f1_macro': 0.3184589370067896, 'eval_f1_weighted': 0.33940298525067875, 'eval_precision_macro': 0.3932130853763981, 'eval_recall_macro': 0.3922413793103448, 'eval_accuracy': 0.4166666666666667, 'eval_runtime': 1.2822, 'eval_samples_per_second': 168.456, 'eval_steps_per_second': 21.057, 'epoch': 1.0}
{'eval_loss': 1.0740511417388916, 'eval_f1_macro': 0.5393612126635339, 'eval_f1_weighted': 0.5585236949450287, 'eval_precision_macro': 0.5799283470347636, 'eval_recall_macro': 0.5821120689655173, 'eval_accuracy': 0.6064814814814815, 'eval_runtime': 1.2719, 'eval_samples_per_second': 169.825, 'eval_steps_per_second': 21.228, 'epoch': 2.0}
{'eval_loss': 0.6842959523200989, 'eval_f1_macro': 0.7390820309021054, 'eval_f1_weighted': 0.748128302499218, 'eval_precision_macro': 0.7609409782567551, 'eval_recall_macro': 0.7611761083743842, 'eval_accuracy': 0.7592592592592593, 'eval_runtime': 1.2606, 'eval_samples_per_second': 171.346, 'eval_steps_per_second': 21.418, 'epoch': 3.0}
  Model             : WavLMForSequenceClassification  (315,717,576 params, 315,717,576 trainable)
{'eval_loss': 1.8073956966400146, 'eval_f1_macro': 0.23751292313154607, 'eval_f1_weighted': 0.2517740342742299, 'eval_precision_macro': 0.24881234102836536, 'eval_recall_macro': 0.29125615763546797, 'eval_accuracy': 0.3101851851851852, 'eval_runtime': 1.2832, 'eval_samples_per_second': 168.331, 'eval_steps_per_second': 21.041, 'epoch': 1.0}
  Model             : WavLMForSequenceClassification  (315,717,576 params, 315,717,576 trainable)
{'eval_loss': 1.736393690109253, 'eval_f1_macro': 0.16441274184092242, 'eval_f1_weighted': 0.1734121555598984, 'eval_precision_macro': 0.1357412921752703, 'eval_recall_macro': 0.27586206896551724, 'eval_accuracy': 0.2916666666666667, 'eval_runtime': 1.26, 'eval_samples_per_second': 171.422, 'eval_steps_per_second': 21.428, 'epoch': 1.0}
  Model             : WavLMForSequenceClassification  (315,717,576 params, 315,717,576 trainable)
{'eval_loss': 1.3546617031097412, 'eval_f1_macro': 0.4333604029471221, 'eval_f1_weighted': 0.46165194150965405, 'eval_precision_macro': 0.506016604010025, 'eval_recall_macro': 0.4830665024630542, 'eval_accuracy': 0.5138888888888888, 'eval_runtime': 1.2742, 'eval_samples_per_second': 169.52, 'eval_steps_per_second': 21.19, 'epoch': 1.0}
{'eval_loss': 0.852713406085968, 'eval_f1_macro': 0.6433138856102384, 'eval_f1_weighted': 0.6782592455728638, 'eval_precision_macro': 0.7040496674378254, 'eval_recall_macro': 0.6655069786535304, 'eval_accuracy': 0.7037037037037037, 'eval_runtime': 1.2932, 'eval_samples_per_second': 167.032, 'eval_steps_per_second': 20.879, 'epoch': 2.0}
{'eval_loss': 0.6312079429626465, 'eval_f1_macro': 0.79485421651993, 'eval_f1_weighted': 0.808932387091271, 'eval_precision_macro': 0.7991362351752369, 'eval_recall_macro': 0.7975985221674877, 'eval_accuracy': 0.8101851851851852, 'eval_runtime': 1.257, 'eval_samples_per_second': 171.835, 'eval_steps_per_second': 21.479, 'epoch': 3.0}
{'train_runtime': 47.7099, 'train_samples_per_second': 63.383, 'train_steps_per_second': 7.923, 'train_loss': 1.2068550069496113, 'epoch': 3.0}
  Model             : WavLMForSequenceClassification  (315,717,576 params, 315,717,576 trainable)
{'eval_loss': 1.4414831399917603, 'eval_f1_macro': 0.4289669748821323, 'eval_f1_weighted': 0.4565540609060442, 'eval_precision_macro': 0.48266180727874275, 'eval_recall_macro': 0.47367610837438423, 'eval_accuracy': 0.5046296296296297, 'eval_runtime': 1.2487, 'eval_samples_per_second': 172.985, 'eval_steps_per_second': 21.623, 'epoch': 1.0}
{'eval_loss': 0.9507160782814026, 'eval_f1_macro': 0.615741019313804, 'eval_f1_weighted': 0.6447373536573484, 'eval_precision_macro': 0.6715643808509053, 'eval_recall_macro': 0.6356629720853859, 'eval_accuracy': 0.6666666666666666, 'eval_runtime': 1.2386, 'eval_samples_per_second': 174.394, 'eval_steps_per_second': 21.799, 'epoch': 2.0}
{'eval_loss': 0.6439841985702515, 'eval_f1_macro': 0.7829348832135159, 'eval_f1_weighted': 0.7930124068545431, 'eval_precision_macro': 0.7885141882840092, 'eval_recall_macro': 0.7925595238095238, 'eval_accuracy': 0.7962962962962963, 'eval_runtime': 1.2937, 'eval_samples_per_second': 166.957, 'eval_steps_per_second': 20.87, 'epoch': 3.0}
  Model             : WavLMForSequenceClassification  (315,717,576 params, 315,717,576 trainable)
{'eval_loss': 1.362248182296753, 'eval_f1_macro': 0.4335339233821207, 'eval_f1_weighted': 0.46270141939022386, 'eval_precision_macro': 0.4611394493187972, 'eval_recall_macro': 0.5129310344827586, 'eval_accuracy': 0.5462962962962963, 'eval_runtime': 1.2905, 'eval_samples_per_second': 167.381, 'eval_steps_per_second': 20.923, 'epoch': 1.0}
{'eval_loss': 0.9642619490623474, 'eval_f1_macro': 0.6050157512976602, 'eval_f1_weighted': 0.6367105095431645, 'eval_precision_macro': 0.7104394830478422, 'eval_recall_macro': 0.6354885057471265, 'eval_accuracy': 0.6712962962962963, 'eval_runtime': 1.2573, 'eval_samples_per_second': 171.792, 'eval_steps_per_second': 21.474, 'epoch': 2.0}
{'eval_loss': 0.7008280158042908, 'eval_f1_macro': 0.7607505952089574, 'eval_f1_weighted': 0.7767568507786388, 'eval_precision_macro': 0.7790611000906889, 'eval_recall_macro': 0.7633825944170772, 'eval_accuracy': 0.7824074074074074, 'eval_runtime': 1.259, 'eval_samples_per_second': 171.566, 'eval_steps_per_second': 21.446, 'epoch': 3.0}
  Model             : WavLMForSequenceClassification  (315,717,576 params, 315,717,576 trainable)
{'eval_loss': 1.417842149734497, 'eval_f1_macro': 0.36491797055522546, 'eval_f1_weighted': 0.388439557765992, 'eval_precision_macro': 0.38082264876048044, 'eval_recall_macro': 0.46136083743842365, 'eval_accuracy': 0.49074074074074076, 'eval_runtime': 1.28, 'eval_samples_per_second': 168.755, 'eval_steps_per_second': 21.094, 'epoch': 1.0}
{'eval_loss': 1.0166982412338257, 'eval_f1_macro': 0.5818808933650134, 'eval_f1_weighted': 0.6002134312312875, 'eval_precision_macro': 0.7191495380922197, 'eval_recall_macro': 0.6250615763546798, 'eval_accuracy': 0.6527777777777778, 'eval_runtime': 1.2898, 'eval_samples_per_second': 167.47, 'eval_steps_per_second': 20.934, 'epoch': 2.0}
{'eval_loss': 0.7800982594490051, 'eval_f1_macro': 0.7320449784620043, 'eval_f1_weighted': 0.7462786887266054, 'eval_precision_macro': 0.7624340948465651, 'eval_recall_macro': 0.7415229885057472, 'eval_accuracy': 0.7592592592592593, 'eval_runtime': 1.3108, 'eval_samples_per_second': 164.786, 'eval_steps_per_second': 20.598, 'epoch': 3.0}
  Model             : WavLMForSequenceClassification  (315,717,576 params, 315,717,576 trainable)
{'eval_loss': 1.346770167350769, 'eval_f1_macro': 0.5318937765160949, 'eval_f1_weighted': 0.5596011450564599, 'eval_precision_macro': 0.5451700281425891, 'eval_recall_macro': 0.5565168308702791, 'eval_accuracy': 0.5879629629629629, 'eval_runtime': 1.2647, 'eval_samples_per_second': 170.791, 'eval_steps_per_second': 21.349, 'epoch': 1.0}
{'eval_loss': 0.8268347978591919, 'eval_f1_macro': 0.6667478457348017, 'eval_f1_weighted': 0.6826938464711866, 'eval_precision_macro': 0.6957535231387455, 'eval_recall_macro': 0.685026683087028, 'eval_accuracy': 0.6990740740740741, 'eval_runtime': 1.2722, 'eval_samples_per_second': 169.787, 'eval_steps_per_second': 21.223, 'epoch': 2.0}
{'eval_loss': 0.5992856621742249, 'eval_f1_macro': 0.7741214299484975, 'eval_f1_weighted': 0.7873866850683894, 'eval_precision_macro': 0.7834403390066083, 'eval_recall_macro': 0.7834770114942529, 'eval_accuracy': 0.7870370370370371, 'eval_runtime': 1.2479, 'eval_samples_per_second': 173.092, 'eval_steps_per_second': 21.636, 'epoch': 3.0}
  Best f1_macro: 4.0107  |  params: {'learning_rate': 0.00022670080277265912, 'per_device_train_batch_size': 8, 'warmup_ratio': 0.01756683237831909, 'weight_decay': 0.019788888476187233}
  HPO complete. Skipping training (--hpo_only mode).

======================================================================
[8/21]  wavlm-large_emodb
  Model  : microsoft/wavlm-large
  Dataset: renumics/emodb
  Output : /home/tu/tu_tu/tu_zxord71/asp-project/outputs/wavlm-large_emodb

  Loading: renumics/emodb
  Label col : emotion
  Samples   : 535  |  Classes: 7
    0: 127
    1: 81
    2: 46
    3: 69
    4: 71
    5: 79
    6: 62
  Classes   : ['anger', 'boredom', 'disgust', 'fear', 'happiness', 'neutral', 'sadness']
  Feature extractor : Wav2Vec2FeatureExtractor  (sr=16000)
  Split     : 374 train / 80 val / 81 test  (of 535)
  Model             : WavLMForSequenceClassification  (315,717,319 params, 315,717,319 trainable)
  HPO: 20 trials × 3 epochs ...
  Model             : WavLMForSequenceClassification  (315,717,319 params, 315,717,319 trainable)
{'eval_loss': 1.5437500476837158, 'eval_f1_macro': 0.1557036607746547, 'eval_f1_weighted': 0.22006423258958754, 'eval_precision_macro': 0.11458333333333334, 'eval_recall_macro': 0.2857142857142857, 'eval_accuracy': 0.3625, 'eval_runtime': 0.5884, 'eval_samples_per_second': 135.961, 'eval_steps_per_second': 16.995, 'epoch': 1.0}
{'eval_loss': 1.0736236572265625, 'eval_f1_macro': 0.4446400062594579, 'eval_f1_weighted': 0.48236263007935865, 'eval_precision_macro': 0.5769704433497537, 'eval_recall_macro': 0.512889366272825, 'eval_accuracy': 0.575, 'eval_runtime': 0.6012, 'eval_samples_per_second': 133.059, 'eval_steps_per_second': 16.632, 'epoch': 2.0}
{'eval_loss': 0.7221511602401733, 'eval_f1_macro': 0.6586265942691439, 'eval_f1_weighted': 0.6623686737567656, 'eval_precision_macro': 0.7074102368220015, 'eval_recall_macro': 0.7305764411027569, 'eval_accuracy': 0.7375, 'eval_runtime': 0.6035, 'eval_samples_per_second': 132.557, 'eval_steps_per_second': 16.57, 'epoch': 3.0}
{'train_runtime': 19.2584, 'train_samples_per_second': 58.26, 'train_steps_per_second': 7.321, 'train_loss': 1.3584505987505542, 'epoch': 3.0}
  Model             : WavLMForSequenceClassification  (315,717,319 params, 315,717,319 trainable)
{'eval_loss': 2.02667236328125, 'eval_f1_macro': 0.031746031746031744, 'eval_f1_weighted': 0.02777777777777778, 'eval_precision_macro': 0.017857142857142856, 'eval_recall_macro': 0.14285714285714285, 'eval_accuracy': 0.125, 'eval_runtime': 0.5925, 'eval_samples_per_second': 135.021, 'eval_steps_per_second': 16.878, 'epoch': 1.0}
{'eval_loss': 1.664215087890625, 'eval_f1_macro': 0.1547126708417031, 'eval_f1_weighted': 0.20432519988971604, 'eval_precision_macro': 0.11546282506587238, 'eval_recall_macro': 0.2571428571428572, 'eval_accuracy': 0.3375, 'eval_runtime': 0.5967, 'eval_samples_per_second': 134.071, 'eval_steps_per_second': 16.759, 'epoch': 2.0}
{'eval_loss': 1.437829613685608, 'eval_f1_macro': 0.16286676286676285, 'eval_f1_weighted': 0.23258417508417512, 'eval_precision_macro': 0.11741813004271474, 'eval_recall_macro': 0.2857142857142857, 'eval_accuracy': 0.3875, 'eval_runtime': 0.5899, 'eval_samples_per_second': 135.616, 'eval_steps_per_second': 16.952, 'epoch': 3.0}
{'train_runtime': 29.6061, 'train_samples_per_second': 37.898, 'train_steps_per_second': 9.525, 'train_loss': 1.7965144164173315, 'epoch': 3.0}
  Model             : WavLMForSequenceClassification  (315,717,319 params, 315,717,319 trainable)
{'eval_loss': 1.9036376476287842, 'eval_f1_macro': 0.05483405483405483, 'eval_f1_weighted': 0.09116161616161615, 'eval_precision_macro': 0.033928571428571426, 'eval_recall_macro': 0.14285714285714285, 'eval_accuracy': 0.2375, 'eval_runtime': 0.6273, 'eval_samples_per_second': 127.54, 'eval_steps_per_second': 15.943, 'epoch': 1.0}
{'eval_loss': 1.86749267578125, 'eval_f1_macro': 0.05483405483405483, 'eval_f1_weighted': 0.09116161616161615, 'eval_precision_macro': 0.033928571428571426, 'eval_recall_macro': 0.14285714285714285, 'eval_accuracy': 0.2375, 'eval_runtime': 0.5768, 'eval_samples_per_second': 138.698, 'eval_steps_per_second': 17.337, 'epoch': 2.0}
{'eval_loss': 1.847631812095642, 'eval_f1_macro': 0.05483405483405483, 'eval_f1_weighted': 0.09116161616161615, 'eval_precision_macro': 0.033928571428571426, 'eval_recall_macro': 0.14285714285714285, 'eval_accuracy': 0.2375, 'eval_runtime': 0.5965, 'eval_samples_per_second': 134.123, 'eval_steps_per_second': 16.765, 'epoch': 3.0}
{'train_runtime': 18.5046, 'train_samples_per_second': 60.634, 'train_steps_per_second': 7.62, 'train_loss': 1.9016799385666001, 'epoch': 3.0}
  Model             : WavLMForSequenceClassification  (315,717,319 params, 315,717,319 trainable)
{'eval_loss': 1.9061157703399658, 'eval_f1_macro': 0.05483405483405483, 'eval_f1_weighted': 0.09116161616161615, 'eval_precision_macro': 0.033928571428571426, 'eval_recall_macro': 0.14285714285714285, 'eval_accuracy': 0.2375, 'eval_runtime': 0.5818, 'eval_samples_per_second': 137.498, 'eval_steps_per_second': 17.187, 'epoch': 1.0}
{'eval_loss': 1.878442406654358, 'eval_f1_macro': 0.05483405483405483, 'eval_f1_weighted': 0.09116161616161615, 'eval_precision_macro': 0.033928571428571426, 'eval_recall_macro': 0.14285714285714285, 'eval_accuracy': 0.2375, 'eval_runtime': 9.0659, 'eval_samples_per_second': 8.824, 'eval_steps_per_second': 1.103, 'epoch': 2.0}
{'eval_loss': 1.8676879405975342, 'eval_f1_macro': 0.05483405483405483, 'eval_f1_weighted': 0.09116161616161615, 'eval_precision_macro': 0.033928571428571426, 'eval_recall_macro': 0.14285714285714285, 'eval_accuracy': 0.2375, 'eval_runtime': 0.5992, 'eval_samples_per_second': 133.507, 'eval_steps_per_second': 16.688, 'epoch': 3.0}
{'train_runtime': 63.0446, 'train_samples_per_second': 17.797, 'train_steps_per_second': 4.473, 'train_loss': 1.9090645431626774, 'epoch': 3.0}
  Model             : WavLMForSequenceClassification  (315,717,319 params, 315,717,319 trainable)
{'eval_loss': 1.893151879310608, 'eval_f1_macro': 0.05483405483405483, 'eval_f1_weighted': 0.09116161616161615, 'eval_precision_macro': 0.033928571428571426, 'eval_recall_macro': 0.14285714285714285, 'eval_accuracy': 0.2375, 'eval_runtime': 0.5878, 'eval_samples_per_second': 136.112, 'eval_steps_per_second': 17.014, 'epoch': 1.0}
{'eval_loss': 1.847326636314392, 'eval_f1_macro': 0.05483405483405483, 'eval_f1_weighted': 0.09116161616161615, 'eval_precision_macro': 0.033928571428571426, 'eval_recall_macro': 0.14285714285714285, 'eval_accuracy': 0.2375, 'eval_runtime': 0.6043, 'eval_samples_per_second': 132.379, 'eval_steps_per_second': 16.547, 'epoch': 2.0}
{'eval_loss': 1.81988525390625, 'eval_f1_macro': 0.05483405483405483, 'eval_f1_weighted': 0.09116161616161615, 'eval_precision_macro': 0.033928571428571426, 'eval_recall_macro': 0.14285714285714285, 'eval_accuracy': 0.2375, 'eval_runtime': 0.5977, 'eval_samples_per_second': 133.845, 'eval_steps_per_second': 16.731, 'epoch': 3.0}
{'train_runtime': 18.5095, 'train_samples_per_second': 60.617, 'train_steps_per_second': 7.618, 'train_loss': 1.889668566115359, 'epoch': 3.0}
  Model             : WavLMForSequenceClassification  (315,717,319 params, 315,717,319 trainable)
{'eval_loss': 1.4482147693634033, 'eval_f1_macro': 0.149961666240736, 'eval_f1_weighted': 0.1969856887298748, 'eval_precision_macro': 0.10229625447016752, 'eval_recall_macro': 0.2857142857142857, 'eval_accuracy': 0.3625, 'eval_runtime': 0.5964, 'eval_samples_per_second': 134.143, 'eval_steps_per_second': 16.768, 'epoch': 1.0}
{'eval_loss': 0.7649596929550171, 'eval_f1_macro': 0.5419433827042522, 'eval_f1_weighted': 0.5832629598662209, 'eval_precision_macro': 0.6615598687027259, 'eval_recall_macro': 0.6152703186537772, 'eval_accuracy': 0.6625, 'eval_runtime': 0.6017, 'eval_samples_per_second': 132.965, 'eval_steps_per_second': 16.621, 'epoch': 2.0}
{'eval_loss': 0.5912857055664062, 'eval_f1_macro': 0.8486995629852773, 'eval_f1_weighted': 0.8584904959904961, 'eval_precision_macro': 0.880952380952381, 'eval_recall_macro': 0.8706766917293233, 'eval_accuracy': 0.875, 'eval_runtime': 0.5971, 'eval_samples_per_second': 133.971, 'eval_steps_per_second': 16.746, 'epoch': 3.0}
{'train_runtime': 18.5231, 'train_samples_per_second': 60.573, 'train_steps_per_second': 7.612, 'train_loss': 1.2015255326074912, 'epoch': 3.0}
  Model             : WavLMForSequenceClassification  (315,717,319 params, 315,717,319 trainable)
{'eval_loss': 1.1823272705078125, 'eval_f1_macro': 0.3782764854193426, 'eval_f1_weighted': 0.43536463536463543, 'eval_precision_macro': 0.4400252525252525, 'eval_recall_macro': 0.45914786967418547, 'eval_accuracy': 0.5375, 'eval_runtime': 0.8255, 'eval_samples_per_second': 96.914, 'eval_steps_per_second': 12.114, 'epoch': 1.0}
{'eval_loss': 0.7076416015625, 'eval_f1_macro': 0.7763238628784846, 'eval_f1_weighted': 0.7729178338001867, 'eval_precision_macro': 0.8130178827383796, 'eval_recall_macro': 0.7853383458646616, 'eval_accuracy': 0.7875, 'eval_runtime': 0.6372, 'eval_samples_per_second': 125.551, 'eval_steps_per_second': 15.694, 'epoch': 2.0}
{'eval_loss': 0.5234352350234985, 'eval_f1_macro': 0.8505924510272337, 'eval_f1_weighted': 0.8574350613154962, 'eval_precision_macro': 0.8948848770277342, 'eval_recall_macro': 0.8662907268170426, 'eval_accuracy': 0.875, 'eval_runtime': 0.6195, 'eval_samples_per_second': 129.134, 'eval_steps_per_second': 16.142, 'epoch': 3.0}
{'train_runtime': 21.2237, 'train_samples_per_second': 52.865, 'train_steps_per_second': 6.644, 'train_loss': 1.1672093817528257, 'epoch': 3.0}
  Model             : WavLMForSequenceClassification  (315,717,319 params, 315,717,319 trainable)
{'eval_loss': 1.2387878894805908, 'eval_f1_macro': 0.34814429691249404, 'eval_f1_weighted': 0.40642147256438965, 'eval_precision_macro': 0.29169243454957744, 'eval_recall_macro': 0.45438596491228067, 'eval_accuracy': 0.525, 'eval_runtime': 0.6264, 'eval_samples_per_second': 127.721, 'eval_steps_per_second': 15.965, 'epoch': 1.0}
{'eval_loss': 0.741594672203064, 'eval_f1_macro': 0.8105508360806132, 'eval_f1_weighted': 0.8098512326493464, 'eval_precision_macro': 0.8349983349983351, 'eval_recall_macro': 0.8369674185463659, 'eval_accuracy': 0.825, 'eval_runtime': 0.5906, 'eval_samples_per_second': 135.45, 'eval_steps_per_second': 16.931, 'epoch': 2.0}
{'eval_loss': 0.5116375088691711, 'eval_f1_macro': 0.7655161194912747, 'eval_f1_weighted': 0.7659516045548654, 'eval_precision_macro': 0.7836211407639979, 'eval_recall_macro': 0.78734335839599, 'eval_accuracy': 0.7875, 'eval_runtime': 0.5793, 'eval_samples_per_second': 138.107, 'eval_steps_per_second': 17.263, 'epoch': 3.0}
{'train_runtime': 29.6992, 'train_samples_per_second': 37.779, 'train_steps_per_second': 9.495, 'train_loss': 1.1805825740733045, 'epoch': 3.0}
  Model             : WavLMForSequenceClassification  (315,717,319 params, 315,717,319 trainable)
{'eval_loss': 1.71575927734375, 'eval_f1_macro': 0.24791589363017932, 'eval_f1_weighted': 0.3034935064935065, 'eval_precision_macro': 0.23971622247484317, 'eval_recall_macro': 0.3095238095238095, 'eval_accuracy': 0.4125, 'eval_runtime': 0.6132, 'eval_samples_per_second': 130.455, 'eval_steps_per_second': 16.307, 'epoch': 1.0}
{'eval_loss': 1.3758544921875, 'eval_f1_macro': 0.21911132345914955, 'eval_f1_weighted': 0.2946571906354515, 'eval_precision_macro': 0.23148148148148145, 'eval_recall_macro': 0.31428571428571433, 'eval_accuracy': 0.4125, 'eval_runtime': 0.5745, 'eval_samples_per_second': 139.245, 'eval_steps_per_second': 17.406, 'epoch': 2.0}
{'eval_loss': 1.2471832036972046, 'eval_f1_macro': 0.6723621102759365, 'eval_f1_weighted': 0.7047562824373875, 'eval_precision_macro': 0.7762478749320855, 'eval_recall_macro': 0.683297529538131, 'eval_accuracy': 0.7375, 'eval_runtime': 0.5718, 'eval_samples_per_second': 139.911, 'eval_steps_per_second': 17.489, 'epoch': 3.0}
{'train_runtime': 18.4242, 'train_samples_per_second': 60.898, 'train_steps_per_second': 7.653, 'train_loss': 1.5910602326088763, 'epoch': 3.0}
  Model             : WavLMForSequenceClassification  (315,717,319 params, 315,717,319 trainable)
{'eval_loss': 1.5828857421875, 'eval_f1_macro': 0.2946458583433373, 'eval_f1_weighted': 0.3615924369747899, 'eval_precision_macro': 0.2810640971931294, 'eval_recall_macro': 0.41666666666666663, 'eval_accuracy': 0.5, 'eval_runtime': 0.5888, 'eval_samples_per_second': 135.864, 'eval_steps_per_second': 16.983, 'epoch': 1.0}
{'eval_loss': 1.1754058599472046, 'eval_f1_macro': 0.6104719743375205, 'eval_f1_weighted': 0.6473024606112842, 'eval_precision_macro': 0.7757792207792207, 'eval_recall_macro': 0.6265306122448979, 'eval_accuracy': 0.6875, 'eval_runtime': 0.5885, 'eval_samples_per_second': 135.941, 'eval_steps_per_second': 16.993, 'epoch': 2.0}
{'eval_loss': 0.9745254516601562, 'eval_f1_macro': 0.6507792886530428, 'eval_f1_weighted': 0.6423341402992566, 'eval_precision_macro': 0.6605627705627706, 'eval_recall_macro': 0.7067669172932332, 'eval_accuracy': 0.7125, 'eval_runtime': 0.587, 'eval_samples_per_second': 136.281, 'eval_steps_per_second': 17.035, 'epoch': 3.0}
{'train_runtime': 29.7208, 'train_samples_per_second': 37.751, 'train_steps_per_second': 9.488, 'train_loss': 1.4602505298371011, 'epoch': 3.0}
  Model             : WavLMForSequenceClassification  (315,717,319 params, 315,717,319 trainable)
{'eval_loss': 1.845312476158142, 'eval_f1_macro': 0.05483405483405483, 'eval_f1_weighted': 0.09116161616161615, 'eval_precision_macro': 0.033928571428571426, 'eval_recall_macro': 0.14285714285714285, 'eval_accuracy': 0.2375, 'eval_runtime': 0.6078, 'eval_samples_per_second': 131.631, 'eval_steps_per_second': 16.454, 'epoch': 1.0}
{'eval_loss': 1.660736083984375, 'eval_f1_macro': 0.18772761629904489, 'eval_f1_weighted': 0.25414261664261667, 'eval_precision_macro': 0.2593692022263451, 'eval_recall_macro': 0.3, 'eval_accuracy': 0.4, 'eval_runtime': 0.626, 'eval_samples_per_second': 127.797, 'eval_steps_per_second': 15.975, 'epoch': 2.0}
{'eval_loss': 1.5727112293243408, 'eval_f1_macro': 0.30769230769230776, 'eval_f1_weighted': 0.3695769230769231, 'eval_precision_macro': 0.38605384428813977, 'eval_recall_macro': 0.39999999999999997, 'eval_accuracy': 0.4875, 'eval_runtime': 0.6285, 'eval_samples_per_second': 127.283, 'eval_steps_per_second': 15.91, 'epoch': 3.0}
{'train_runtime': 15.1495, 'train_samples_per_second': 74.062, 'train_steps_per_second': 4.753, 'train_loss': 1.7857348124186199, 'epoch': 3.0}
  Model             : WavLMForSequenceClassification  (315,717,319 params, 315,717,319 trainable)
{'eval_loss': 1.5342254638671875, 'eval_f1_macro': 0.15963718820861678, 'eval_f1_weighted': 0.2296825396825397, 'eval_precision_macro': 0.125855276798673, 'eval_recall_macro': 0.2781954887218045, 'eval_accuracy': 0.35, 'eval_runtime': 0.5795, 'eval_samples_per_second': 138.046, 'eval_steps_per_second': 17.256, 'epoch': 1.0}
{'eval_loss': 1.0215880870819092, 'eval_f1_macro': 0.5352472089314194, 'eval_f1_weighted': 0.5541307814992027, 'eval_precision_macro': 0.6700156985871272, 'eval_recall_macro': 0.5659505907626209, 'eval_accuracy': 0.6, 'eval_runtime': 0.5961, 'eval_samples_per_second': 134.205, 'eval_steps_per_second': 16.776, 'epoch': 2.0}
{'eval_loss': 0.8337570428848267, 'eval_f1_macro': 0.545578231292517, 'eval_f1_weighted': 0.5957738095238094, 'eval_precision_macro': 0.5398402839396629, 'eval_recall_macro': 0.6210526315789473, 'eval_accuracy': 0.675, 'eval_runtime': 0.5871, 'eval_samples_per_second': 136.268, 'eval_steps_per_second': 17.034, 'epoch': 3.0}
  Model             : WavLMForSequenceClassification  (315,717,319 params, 315,717,319 trainable)
{'eval_loss': 1.5744140148162842, 'eval_f1_macro': 0.15715271615892737, 'eval_f1_weighted': 0.225552104899931, 'eval_precision_macro': 0.12219227313566937, 'eval_recall_macro': 0.2781954887218045, 'eval_accuracy': 0.35, 'eval_runtime': 0.603, 'eval_samples_per_second': 132.672, 'eval_steps_per_second': 16.584, 'epoch': 1.0}
{'eval_loss': 1.3917114734649658, 'eval_f1_macro': 0.24101382488479262, 'eval_f1_weighted': 0.31056451612903224, 'eval_precision_macro': 0.34747252747252755, 'eval_recall_macro': 0.32105263157894737, 'eval_accuracy': 0.4125, 'eval_runtime': 0.5851, 'eval_samples_per_second': 136.718, 'eval_steps_per_second': 17.09, 'epoch': 2.0}
{'eval_loss': 1.202966332435608, 'eval_f1_macro': 0.37083664634685043, 'eval_f1_weighted': 0.4295841063698207, 'eval_precision_macro': 0.337111801242236, 'eval_recall_macro': 0.46190476190476193, 'eval_accuracy': 0.5375, 'eval_runtime': 0.6022, 'eval_samples_per_second': 132.836, 'eval_steps_per_second': 16.604, 'epoch': 3.0}
{'train_runtime': 15.1517, 'train_samples_per_second': 74.051, 'train_steps_per_second': 4.752, 'train_loss': 1.567960845099555, 'epoch': 3.0}
  Model             : WavLMForSequenceClassification  (315,717,319 params, 315,717,319 trainable)
{'eval_loss': 1.510198950767517, 'eval_f1_macro': 0.15869674185463659, 'eval_f1_weighted': 0.22435964912280698, 'eval_precision_macro': 0.11795274046475145, 'eval_recall_macro': 0.2857142857142857, 'eval_accuracy': 0.3625, 'eval_runtime': 0.6082, 'eval_samples_per_second': 131.53, 'eval_steps_per_second': 16.441, 'epoch': 1.0}
{'eval_loss': 1.2154662609100342, 'eval_f1_macro': 0.48505402160864347, 'eval_f1_weighted': 0.5248091736694678, 'eval_precision_macro': 0.594361539082036, 'eval_recall_macro': 0.5271750805585392, 'eval_accuracy': 0.5875, 'eval_runtime': 0.5988, 'eval_samples_per_second': 133.611, 'eval_steps_per_second': 16.701, 'epoch': 2.0}
{'eval_loss': 0.9620513916015625, 'eval_f1_macro': 0.620140761494145, 'eval_f1_weighted': 0.6202258268047742, 'eval_precision_macro': 0.7015448319796145, 'eval_recall_macro': 0.6863587540279269, 'eval_accuracy': 0.7, 'eval_runtime': 0.5812, 'eval_samples_per_second': 137.647, 'eval_steps_per_second': 17.206, 'epoch': 3.0}
  Model             : WavLMForSequenceClassification  (315,717,319 params, 315,717,319 trainable)
{'eval_loss': 1.508581519126892, 'eval_f1_macro': 0.15869674185463659, 'eval_f1_weighted': 0.22435964912280698, 'eval_precision_macro': 0.11795274046475145, 'eval_recall_macro': 0.2857142857142857, 'eval_accuracy': 0.3625, 'eval_runtime': 0.5963, 'eval_samples_per_second': 134.161, 'eval_steps_per_second': 16.77, 'epoch': 1.0}
{'eval_loss': 1.1408507823944092, 'eval_f1_macro': 0.6385452267031215, 'eval_f1_weighted': 0.6530332934609251, 'eval_precision_macro': 0.6716195250029836, 'eval_recall_macro': 0.6741138560687433, 'eval_accuracy': 0.7, 'eval_runtime': 0.5804, 'eval_samples_per_second': 137.832, 'eval_steps_per_second': 17.229, 'epoch': 2.0}
{'eval_loss': 0.8887923955917358, 'eval_f1_macro': 0.5294652744818857, 'eval_f1_weighted': 0.5647598283499446, 'eval_precision_macro': 0.611344537815126, 'eval_recall_macro': 0.5986036519871106, 'eval_accuracy': 0.65, 'eval_runtime': 0.6163, 'eval_samples_per_second': 129.798, 'eval_steps_per_second': 16.225, 'epoch': 3.0}
  Model             : WavLMForSequenceClassification  (315,717,319 params, 315,717,319 trainable)
{'eval_loss': 1.315008521080017, 'eval_f1_macro': 0.2785714285714286, 'eval_f1_weighted': 0.32999999999999996, 'eval_precision_macro': 0.2193877551020408, 'eval_recall_macro': 0.39285714285714285, 'eval_accuracy': 0.475, 'eval_runtime': 0.5989, 'eval_samples_per_second': 133.572, 'eval_steps_per_second': 16.697, 'epoch': 1.0}
{'eval_loss': 0.9596336483955383, 'eval_f1_macro': 0.47849091327352195, 'eval_f1_weighted': 0.537910318345101, 'eval_precision_macro': 0.49587732528908995, 'eval_recall_macro': 0.5639097744360902, 'eval_accuracy': 0.625, 'eval_runtime': 0.5848, 'eval_samples_per_second': 136.806, 'eval_steps_per_second': 17.101, 'epoch': 2.0}
{'eval_loss': 0.5735939145088196, 'eval_f1_macro': 0.8188438429251459, 'eval_f1_weighted': 0.8180673099279238, 'eval_precision_macro': 0.8676774353466082, 'eval_recall_macro': 0.8401002506265665, 'eval_accuracy': 0.8375, 'eval_runtime': 0.5816, 'eval_samples_per_second': 137.554, 'eval_steps_per_second': 17.194, 'epoch': 3.0}
{'train_runtime': 18.483, 'train_samples_per_second': 60.704, 'train_steps_per_second': 7.629, 'train_loss': 1.2128525321365249, 'epoch': 3.0}
  Model             : WavLMForSequenceClassification  (315,717,319 params, 315,717,319 trainable)
{'eval_loss': 1.678277611732483, 'eval_f1_macro': 0.150278293135436, 'eval_f1_weighted': 0.19626623376623376, 'eval_precision_macro': 0.1023936170212766, 'eval_recall_macro': 0.2857142857142857, 'eval_accuracy': 0.3625, 'eval_runtime': 0.6155, 'eval_samples_per_second': 129.969, 'eval_steps_per_second': 16.246, 'epoch': 1.0}
{'eval_loss': 1.221710205078125, 'eval_f1_macro': 0.3470028011204481, 'eval_f1_weighted': 0.3998921568627451, 'eval_precision_macro': 0.3747831116252169, 'eval_recall_macro': 0.4087003222341568, 'eval_accuracy': 0.45, 'eval_runtime': 0.5798, 'eval_samples_per_second': 137.985, 'eval_steps_per_second': 17.248, 'epoch': 2.0}
{'eval_loss': 0.8195457458496094, 'eval_f1_macro': 0.6628880271918902, 'eval_f1_weighted': 0.6690310723759001, 'eval_precision_macro': 0.7842040999935737, 'eval_recall_macro': 0.7278195488721806, 'eval_accuracy': 0.725, 'eval_runtime': 0.5933, 'eval_samples_per_second': 134.843, 'eval_steps_per_second': 16.855, 'epoch': 3.0}
{'train_runtime': 15.0957, 'train_samples_per_second': 74.326, 'train_steps_per_second': 4.77, 'train_loss': 1.3297676510281033, 'epoch': 3.0}
  Model             : WavLMForSequenceClassification  (315,717,319 params, 315,717,319 trainable)
{'eval_loss': 1.453704833984375, 'eval_f1_macro': 0.28262362637362637, 'eval_f1_weighted': 0.3281951121794872, 'eval_precision_macro': 0.308994708994709, 'eval_recall_macro': 0.3595238095238095, 'eval_accuracy': 0.45, 'eval_runtime': 0.5905, 'eval_samples_per_second': 135.474, 'eval_steps_per_second': 16.934, 'epoch': 1.0}
{'eval_loss': 0.8158935308456421, 'eval_f1_macro': 0.6064805745709421, 'eval_f1_weighted': 0.6334486864069869, 'eval_precision_macro': 0.7435232466192219, 'eval_recall_macro': 0.6632295023272466, 'eval_accuracy': 0.7, 'eval_runtime': 0.5939, 'eval_samples_per_second': 134.701, 'eval_steps_per_second': 16.838, 'epoch': 2.0}
{'eval_loss': 0.668200671672821, 'eval_f1_macro': 0.7486594637855142, 'eval_f1_weighted': 0.7564175285498816, 'eval_precision_macro': 0.8177952999381571, 'eval_recall_macro': 0.774453992123165, 'eval_accuracy': 0.7875, 'eval_runtime': 0.6319, 'eval_samples_per_second': 126.61, 'eval_steps_per_second': 15.826, 'epoch': 3.0}
{'train_runtime': 18.4861, 'train_samples_per_second': 60.694, 'train_steps_per_second': 7.627, 'train_loss': 1.248718911028923, 'epoch': 3.0}
  Model             : WavLMForSequenceClassification  (315,717,319 params, 315,717,319 trainable)
{'eval_loss': 1.566827416419983, 'eval_f1_macro': 0.16608671118216872, 'eval_f1_weighted': 0.24224818959842, 'eval_precision_macro': 0.12476190476190475, 'eval_recall_macro': 0.2857142857142857, 'eval_accuracy': 0.3875, 'eval_runtime': 0.6003, 'eval_samples_per_second': 133.268, 'eval_steps_per_second': 16.659, 'epoch': 1.0}
  Model             : WavLMForSequenceClassification  (315,717,319 params, 315,717,319 trainable)
{'eval_loss': 1.81512451171875, 'eval_f1_macro': 0.05483405483405483, 'eval_f1_weighted': 0.09116161616161615, 'eval_precision_macro': 0.033928571428571426, 'eval_recall_macro': 0.14285714285714285, 'eval_accuracy': 0.2375, 'eval_runtime': 0.593, 'eval_samples_per_second': 134.911, 'eval_steps_per_second': 16.864, 'epoch': 1.0}
  Best f1_macro: 4.3442  |  params: {'learning_rate': 0.0004103014794424752, 'per_device_train_batch_size': 8, 'warmup_ratio': 0.09348386457066145, 'weight_decay': 0.023569318640135728}
  HPO complete. Skipping training (--hpo_only mode).

======================================================================
[9/21]  wavlm-large_cameo
  Model  : microsoft/wavlm-large
  Dataset: amu-cai/CAMEO
  Output : /home/tu/tu_tu/tu_zxord71/asp-project/outputs/wavlm-large_cameo

  Loading: amu-cai/CAMEO
  Multiple splits found (['crema_d', 'cafe', 'emns', 'emozionalmente', 'enterface', 'jl_corpus', 'mesd', 'nemo', 'oreau', 'pavoque', 'ravdess', 'resd', 'subesco']) — concatenating into one.
  Label col : emotion
  Samples   : 41,265  |  Classes: 17
    anger: 5961
    anxiety: 240
    apology: 240
    assertiveness: 240
    calm: 192
    concern: 240
    disgust: 4368
    encouragement: 240
    enthusiasm: 198
    excitement: 395
    fear: 4977
    happiness: 5965
    neutral: 7970
    poker: 575
    sadness: 5896
    sarcasm: 142
    surprise: 3426
  Filtered to core emotions: 41,265 -> 38,563 samples (2,702 dropped)
  Classes   : ['anger', 'disgust', 'fear', 'happiness', 'neutral', 'sadness', 'surprise']
  Feature extractor : Wav2Vec2FeatureExtractor  (sr=16000)

ERROR in wavlm-large_cameo:
Traceback (most recent call last):
  File "/home/tu/tu_tu/tu_zxord71/asp-project/experiments/run_all.py", line 353, in main
    metrics = run_experiment(
              ^^^^^^^^^^^^^^^
  File "/home/tu/tu_tu/tu_zxord71/asp-project/experiments/run_all.py", line 137, in run_experiment
    full_ds = featurise_split(
              ^^^^^^^^^^^^^^^^
  File "/home/tu/tu_tu/tu_zxord71/asp-project/experiments/pipeline/data.py", line 283, in featurise_split
    d = raw_split.map(fn, batched=True, num_proc=1, remove_columns=raw_split.column_names, desc=desc)
        ^^^^^^^^^^^^^^^^^^^^^^^^^^^^^^^^^^^^^^^^^^^^^^^^^^^^^^^^^^^^^^^^^^^^^^^^^^^^^^^^^^^^^^^^^^^^^
  File "/home/tu/tu_tu/tu_zxord71/asp-project/.venv/lib64/python3.11/site-packages/datasets/arrow_dataset.py", line 576, in wrapper
    out: Union["Dataset", "DatasetDict"] = func(self, *args, **kwargs)
                                           ^^^^^^^^^^^^^^^^^^^^^^^^^^^
  File "/home/tu/tu_tu/tu_zxord71/asp-project/.venv/lib64/python3.11/site-packages/datasets/arrow_dataset.py", line 3624, in map
    for rank, done, content in iflatmap_unordered(
  File "/home/tu/tu_tu/tu_zxord71/asp-project/.venv/lib64/python3.11/site-packages/datasets/utils/py_utils.py", line 617, in iflatmap_unordered
    raise RuntimeError(
RuntimeError: One of the subprocesses has abruptly died during map operation.To debug the error, disable multiprocessing.


======================================================================
[10/21]  distilhubert_ravdess
  Model  : ntu-spml/distilhubert
  Dataset: xbgoose/ravdess
  Output : /home/tu/tu_tu/tu_zxord71/asp-project/outputs/distilhubert_ravdess

  Loading: xbgoose/ravdess
  Label col : emotion
  Samples   : 1,440  |  Classes: 8
    angry: 192
    calm: 192
    disgust: 192
    fearful: 192
    happy: 192
    neutral: 96
    sad: 192
    surprised: 192
  Classes   : ['angry', 'calm', 'disgust', 'fearful', 'happy', 'neutral', 'sad', 'surprised']
  Feature extractor : Wav2Vec2FeatureExtractor  (sr=16000)
  Split     : 1,008 train / 216 val / 216 test  (of 1,440)
  Model             : HubertForSequenceClassification  (23,690,888 params, 23,690,888 trainable)
  HPO: 20 trials × 3 epochs ...
  Model             : HubertForSequenceClassification  (23,690,888 params, 23,690,888 trainable)
{'eval_loss': 1.7679827213287354, 'eval_f1_macro': 0.19054478508911724, 'eval_f1_weighted': 0.201654865560384, 'eval_precision_macro': 0.3168465877139708, 'eval_recall_macro': 0.29325738916256155, 'eval_accuracy': 0.3101851851851852, 'eval_runtime': 0.5047, 'eval_samples_per_second': 427.964, 'eval_steps_per_second': 53.496, 'epoch': 1.0}
{'eval_loss': 1.6040061712265015, 'eval_f1_macro': 0.3435120894392161, 'eval_f1_weighted': 0.366038867560986, 'eval_precision_macro': 0.42716672202514866, 'eval_recall_macro': 0.4093288177339902, 'eval_accuracy': 0.4351851851851852, 'eval_runtime': 0.511, 'eval_samples_per_second': 422.711, 'eval_steps_per_second': 52.839, 'epoch': 2.0}
{'eval_loss': 1.5145987272262573, 'eval_f1_macro': 0.3934359217092413, 'eval_f1_weighted': 0.41954104681053717, 'eval_precision_macro': 0.39779711029711023, 'eval_recall_macro': 0.44365763546798026, 'eval_accuracy': 0.4722222222222222, 'eval_runtime': 0.4471, 'eval_samples_per_second': 483.067, 'eval_steps_per_second': 60.383, 'epoch': 3.0}
{'train_runtime': 13.9409, 'train_samples_per_second': 216.916, 'train_steps_per_second': 27.115, 'train_loss': 1.7489848464885085, 'epoch': 3.0}
  Model             : HubertForSequenceClassification  (23,690,888 params, 23,690,888 trainable)
{'eval_loss': 1.7762247323989868, 'eval_f1_macro': 0.21344309462915603, 'eval_f1_weighted': 0.22544697830823152, 'eval_precision_macro': 0.29647875954627134, 'eval_recall_macro': 0.3064963054187192, 'eval_accuracy': 0.32407407407407407, 'eval_runtime': 0.4759, 'eval_samples_per_second': 453.911, 'eval_steps_per_second': 56.739, 'epoch': 1.0}
{'loss': 1.8469, 'grad_norm': 6.316455841064453, 'learning_rate': 6.684352903038924e-06, 'epoch': 1.98}
{'eval_loss': 1.6206732988357544, 'eval_f1_macro': 0.3344971941932025, 'eval_f1_weighted': 0.3561403558571875, 'eval_precision_macro': 0.42800319198345516, 'eval_recall_macro': 0.39670566502463056, 'eval_accuracy': 0.4212962962962963, 'eval_runtime': 0.4804, 'eval_samples_per_second': 449.582, 'eval_steps_per_second': 56.198, 'epoch': 2.0}
{'eval_loss': 1.5362548828125, 'eval_f1_macro': 0.3837239536419864, 'eval_f1_weighted': 0.40907622769189256, 'eval_precision_macro': 0.39897208883553426, 'eval_recall_macro': 0.43519088669950734, 'eval_accuracy': 0.46296296296296297, 'eval_runtime': 0.4666, 'eval_samples_per_second': 462.878, 'eval_steps_per_second': 57.86, 'epoch': 3.0}
{'train_runtime': 15.6171, 'train_samples_per_second': 193.634, 'train_steps_per_second': 48.408, 'train_loss': 1.7579156784784227, 'epoch': 3.0}
  Model             : HubertForSequenceClassification  (23,690,888 params, 23,690,888 trainable)
{'eval_loss': 1.9107033014297485, 'eval_f1_macro': 0.16376035986837206, 'eval_f1_weighted': 0.17316762593976928, 'eval_precision_macro': 0.35249805153126723, 'eval_recall_macro': 0.27155172413793105, 'eval_accuracy': 0.28703703703703703, 'eval_runtime': 0.4342, 'eval_samples_per_second': 497.444, 'eval_steps_per_second': 62.18, 'epoch': 1.0}
{'loss': 1.9409, 'grad_norm': 5.906229019165039, 'learning_rate': 3.817750124402517e-06, 'epoch': 1.98}
{'eval_loss': 1.7714934349060059, 'eval_f1_macro': 0.2307891045747593, 'eval_f1_weighted': 0.24443023102759898, 'eval_precision_macro': 0.22290637290637288, 'eval_recall_macro': 0.3151169950738916, 'eval_accuracy': 0.3333333333333333, 'eval_runtime': 0.4618, 'eval_samples_per_second': 467.699, 'eval_steps_per_second': 58.462, 'epoch': 2.0}
{'eval_loss': 1.7384169101715088, 'eval_f1_macro': 0.260013054112433, 'eval_f1_weighted': 0.27572125893381927, 'eval_precision_macro': 0.36592643467643465, 'eval_recall_macro': 0.34097906403940886, 'eval_accuracy': 0.3611111111111111, 'eval_runtime': 0.4612, 'eval_samples_per_second': 468.357, 'eval_steps_per_second': 58.545, 'epoch': 3.0}
{'train_runtime': 15.6099, 'train_samples_per_second': 193.724, 'train_steps_per_second': 48.431, 'train_loss': 1.884492420014881, 'epoch': 3.0}
  Model             : HubertForSequenceClassification  (23,690,888 params, 23,690,888 trainable)
{'eval_loss': 1.8195371627807617, 'eval_f1_macro': 0.1984718083382398, 'eval_f1_weighted': 0.2100612206584989, 'eval_precision_macro': 0.1963305213305213, 'eval_recall_macro': 0.2570812807881773, 'eval_accuracy': 0.27314814814814814, 'eval_runtime': 0.4361, 'eval_samples_per_second': 495.305, 'eval_steps_per_second': 61.913, 'epoch': 1.0}
{'eval_loss': 1.2374061346054077, 'eval_f1_macro': 0.49656217050550955, 'eval_f1_weighted': 0.5003423672919259, 'eval_precision_macro': 0.5122135227351678, 'eval_recall_macro': 0.5198481116584566, 'eval_accuracy': 0.5231481481481481, 'eval_runtime': 0.455, 'eval_samples_per_second': 474.701, 'eval_steps_per_second': 59.338, 'epoch': 2.0}
{'eval_loss': 0.9399306774139404, 'eval_f1_macro': 0.7036661006954075, 'eval_f1_weighted': 0.7057215097027677, 'eval_precision_macro': 0.7225376270235141, 'eval_recall_macro': 0.702175697865353, 'eval_accuracy': 0.7037037037037037, 'eval_runtime': 0.4903, 'eval_samples_per_second': 440.548, 'eval_steps_per_second': 55.068, 'epoch': 3.0}
{'train_runtime': 9.1615, 'train_samples_per_second': 330.078, 'train_steps_per_second': 20.63, 'train_loss': 1.4199688623821924, 'epoch': 3.0}
  Model             : HubertForSequenceClassification  (23,690,888 params, 23,690,888 trainable)
{'eval_loss': 1.8008354902267456, 'eval_f1_macro': 0.16452458136236786, 'eval_f1_weighted': 0.17445933513695766, 'eval_precision_macro': 0.2979207151185387, 'eval_recall_macro': 0.27139778325123154, 'eval_accuracy': 0.28703703703703703, 'eval_runtime': 0.4826, 'eval_samples_per_second': 447.565, 'eval_steps_per_second': 55.946, 'epoch': 1.0}
{'eval_loss': 1.6644490957260132, 'eval_f1_macro': 0.29215853640760403, 'eval_f1_weighted': 0.31036873006847726, 'eval_precision_macro': 0.44750929324298894, 'eval_recall_macro': 0.36668719211822653, 'eval_accuracy': 0.3888888888888889, 'eval_runtime': 0.4844, 'eval_samples_per_second': 445.888, 'eval_steps_per_second': 55.736, 'epoch': 2.0}
{'eval_loss': 1.6032805442810059, 'eval_f1_macro': 0.3451223921576886, 'eval_f1_weighted': 0.36763431123649243, 'eval_precision_macro': 0.37334152517981944, 'eval_recall_macro': 0.4050184729064039, 'eval_accuracy': 0.4305555555555556, 'eval_runtime': 0.4775, 'eval_samples_per_second': 452.312, 'eval_steps_per_second': 56.539, 'epoch': 3.0}
{'train_runtime': 11.1833, 'train_samples_per_second': 270.403, 'train_steps_per_second': 33.8, 'train_loss': 1.7948259626116072, 'epoch': 3.0}
  Model             : HubertForSequenceClassification  (23,690,888 params, 23,690,888 trainable)
{'eval_loss': 1.7058897018432617, 'eval_f1_macro': 0.2818118233023657, 'eval_f1_weighted': 0.29913821570648896, 'eval_precision_macro': 0.37706234737484734, 'eval_recall_macro': 0.3357450738916256, 'eval_accuracy': 0.35648148148148145, 'eval_runtime': 0.4981, 'eval_samples_per_second': 433.623, 'eval_steps_per_second': 54.203, 'epoch': 1.0}
{'eval_loss': 1.2776963710784912, 'eval_f1_macro': 0.4835550589668937, 'eval_f1_weighted': 0.5149650627041257, 'eval_precision_macro': 0.5111339731077857, 'eval_recall_macro': 0.509698275862069, 'eval_accuracy': 0.5416666666666666, 'eval_runtime': 0.4977, 'eval_samples_per_second': 433.989, 'eval_steps_per_second': 54.249, 'epoch': 2.0}
{'eval_loss': 1.0167129039764404, 'eval_f1_macro': 0.6500220861102868, 'eval_f1_weighted': 0.6710189832994485, 'eval_precision_macro': 0.6587319624819625, 'eval_recall_macro': 0.6560242200328408, 'eval_accuracy': 0.6805555555555556, 'eval_runtime': 0.4646, 'eval_samples_per_second': 464.878, 'eval_steps_per_second': 58.11, 'epoch': 3.0}
{'train_runtime': 11.0979, 'train_samples_per_second': 272.484, 'train_steps_per_second': 34.06, 'train_loss': 1.480028263475529, 'epoch': 3.0}
  Model             : HubertForSequenceClassification  (23,690,888 params, 23,690,888 trainable)
{'eval_loss': 1.6008164882659912, 'eval_f1_macro': 0.43333781518042724, 'eval_f1_weighted': 0.4603354105289206, 'eval_precision_macro': 0.44109679434764515, 'eval_recall_macro': 0.4579741379310345, 'eval_accuracy': 0.4861111111111111, 'eval_runtime': 0.4387, 'eval_samples_per_second': 492.372, 'eval_steps_per_second': 61.547, 'epoch': 1.0}
{'loss': 1.605, 'grad_norm': 4.404612064361572, 'learning_rate': 8.292655102460634e-05, 'epoch': 1.98}
{'eval_loss': 1.112073302268982, 'eval_f1_macro': 0.5931782829361532, 'eval_f1_weighted': 0.6167888636172052, 'eval_precision_macro': 0.638977810688337, 'eval_recall_macro': 0.5961206896551725, 'eval_accuracy': 0.6203703703703703, 'eval_runtime': 0.4687, 'eval_samples_per_second': 460.801, 'eval_steps_per_second': 57.6, 'epoch': 2.0}
{'eval_loss': 0.787950873374939, 'eval_f1_macro': 0.703875432868099, 'eval_f1_weighted': 0.7140614814086489, 'eval_precision_macro': 0.7105700491999989, 'eval_recall_macro': 0.7189552545155993, 'eval_accuracy': 0.7222222222222222, 'eval_runtime': 0.463, 'eval_samples_per_second': 466.476, 'eval_steps_per_second': 58.309, 'epoch': 3.0}
{'train_runtime': 15.8238, 'train_samples_per_second': 191.105, 'train_steps_per_second': 47.776, 'train_loss': 1.310236935893064, 'epoch': 3.0}
  Model             : HubertForSequenceClassification  (23,690,888 params, 23,690,888 trainable)
{'eval_loss': 1.6462922096252441, 'eval_f1_macro': 0.3735822701013922, 'eval_f1_weighted': 0.3972823081269208, 'eval_precision_macro': 0.369432794599018, 'eval_recall_macro': 0.4130233990147783, 'eval_accuracy': 0.4398148148148148, 'eval_runtime': 0.4877, 'eval_samples_per_second': 442.876, 'eval_steps_per_second': 55.36, 'epoch': 1.0}
{'eval_loss': 1.1246286630630493, 'eval_f1_macro': 0.546515331522452, 'eval_f1_weighted': 0.5757888254768386, 'eval_precision_macro': 0.5641303480204342, 'eval_recall_macro': 0.5696018062397372, 'eval_accuracy': 0.6018518518518519, 'eval_runtime': 0.48, 'eval_samples_per_second': 450.031, 'eval_steps_per_second': 56.254, 'epoch': 2.0}
{'eval_loss': 0.8574625849723816, 'eval_f1_macro': 0.7021167240025565, 'eval_f1_weighted': 0.7196106831240742, 'eval_precision_macro': 0.7080754494547598, 'eval_recall_macro': 0.707481527093596, 'eval_accuracy': 0.7268518518518519, 'eval_runtime': 0.4704, 'eval_samples_per_second': 459.178, 'eval_steps_per_second': 57.397, 'epoch': 3.0}
{'train_runtime': 11.1831, 'train_samples_per_second': 270.409, 'train_steps_per_second': 33.801, 'train_loss': 1.3658187301070601, 'epoch': 3.0}
  Model             : HubertForSequenceClassification  (23,690,888 params, 23,690,888 trainable)
{'eval_loss': 1.7717421054840088, 'eval_f1_macro': 0.3119771354720987, 'eval_f1_weighted': 0.3327115363885164, 'eval_precision_macro': 0.3796256282211338, 'eval_recall_macro': 0.3206588669950739, 'eval_accuracy': 0.3425925925925926, 'eval_runtime': 0.4512, 'eval_samples_per_second': 478.671, 'eval_steps_per_second': 59.834, 'epoch': 1.0}
{'eval_loss': 1.1340715885162354, 'eval_f1_macro': 0.5464651479723274, 'eval_f1_weighted': 0.557632841681655, 'eval_precision_macro': 0.558618930014811, 'eval_recall_macro': 0.5723009031198687, 'eval_accuracy': 0.5879629629629629, 'eval_runtime': 0.4674, 'eval_samples_per_second': 462.151, 'eval_steps_per_second': 57.769, 'epoch': 2.0}
{'eval_loss': 0.8859264254570007, 'eval_f1_macro': 0.6539107789562897, 'eval_f1_weighted': 0.6762222747824438, 'eval_precision_macro': 0.6693230818694548, 'eval_recall_macro': 0.6644909688013136, 'eval_accuracy': 0.6898148148148148, 'eval_runtime': 0.4609, 'eval_samples_per_second': 468.677, 'eval_steps_per_second': 58.585, 'epoch': 3.0}
  Model             : HubertForSequenceClassification  (23,690,888 params, 23,690,888 trainable)
{'eval_loss': 2.0245134830474854, 'eval_f1_macro': 0.1714412648335177, 'eval_f1_weighted': 0.1817804144435531, 'eval_precision_macro': 0.20630277490033586, 'eval_recall_macro': 0.2798645320197044, 'eval_accuracy': 0.2962962962962963, 'eval_runtime': 0.4687, 'eval_samples_per_second': 460.82, 'eval_steps_per_second': 57.603, 'epoch': 1.0}
{'eval_loss': 1.9264503717422485, 'eval_f1_macro': 0.19812309850430854, 'eval_f1_weighted': 0.20943362839620877, 'eval_precision_macro': 0.2784227050561749, 'eval_recall_macro': 0.29802955665024633, 'eval_accuracy': 0.3148148148148148, 'eval_runtime': 0.4401, 'eval_samples_per_second': 490.746, 'eval_steps_per_second': 61.343, 'epoch': 2.0}
  Model             : HubertForSequenceClassification  (23,690,888 params, 23,690,888 trainable)
{'eval_loss': 1.5326809883117676, 'eval_f1_macro': 0.3769634761929528, 'eval_f1_weighted': 0.4012785667414767, 'eval_precision_macro': 0.39171521445457613, 'eval_recall_macro': 0.4304187192118227, 'eval_accuracy': 0.4583333333333333, 'eval_runtime': 0.4488, 'eval_samples_per_second': 481.321, 'eval_steps_per_second': 60.165, 'epoch': 1.0}
{'loss': 1.5665, 'grad_norm': 6.62550163269043, 'learning_rate': 2.980028836151205e-05, 'epoch': 1.98}
{'eval_loss': 1.0958635807037354, 'eval_f1_macro': 0.5456394147697393, 'eval_f1_weighted': 0.5808953782307588, 'eval_precision_macro': 0.5555243487766031, 'eval_recall_macro': 0.5748152709359605, 'eval_accuracy': 0.6111111111111112, 'eval_runtime': 0.4908, 'eval_samples_per_second': 440.068, 'eval_steps_per_second': 55.009, 'epoch': 2.0}
{'eval_loss': 0.8740745782852173, 'eval_f1_macro': 0.7046852474466556, 'eval_f1_weighted': 0.7196705388054773, 'eval_precision_macro': 0.7134501436920792, 'eval_recall_macro': 0.7116584564860426, 'eval_accuracy': 0.7268518518518519, 'eval_runtime': 0.4854, 'eval_samples_per_second': 444.996, 'eval_steps_per_second': 55.625, 'epoch': 3.0}
{'train_runtime': 15.5491, 'train_samples_per_second': 194.481, 'train_steps_per_second': 48.62, 'train_loss': 1.321790543813554, 'epoch': 3.0}
  Model             : HubertForSequenceClassification  (23,690,888 params, 23,690,888 trainable)
{'eval_loss': 1.4897912740707397, 'eval_f1_macro': 0.4078483709844032, 'eval_f1_weighted': 0.4345477228541342, 'eval_precision_macro': 0.4015813454837845, 'eval_recall_macro': 0.447814039408867, 'eval_accuracy': 0.47685185185185186, 'eval_runtime': 0.4334, 'eval_samples_per_second': 498.358, 'eval_steps_per_second': 62.295, 'epoch': 1.0}
{'loss': 1.5574, 'grad_norm': 6.235358238220215, 'learning_rate': 3.909140044341989e-05, 'epoch': 1.98}
{'eval_loss': 1.0610425472259521, 'eval_f1_macro': 0.5612019558298562, 'eval_f1_weighted': 0.5913062025480967, 'eval_precision_macro': 0.5886593263708008, 'eval_recall_macro': 0.5876128899835796, 'eval_accuracy': 0.6203703703703703, 'eval_runtime': 0.4682, 'eval_samples_per_second': 461.376, 'eval_steps_per_second': 57.672, 'epoch': 2.0}
{'eval_loss': 0.8053188920021057, 'eval_f1_macro': 0.7110051118065358, 'eval_f1_weighted': 0.7213834389364487, 'eval_precision_macro': 0.7122089947089947, 'eval_recall_macro': 0.7152196223316912, 'eval_accuracy': 0.7268518518518519, 'eval_runtime': 0.4699, 'eval_samples_per_second': 459.647, 'eval_steps_per_second': 57.456, 'epoch': 3.0}
{'train_runtime': 15.6689, 'train_samples_per_second': 192.994, 'train_steps_per_second': 48.249, 'train_loss': 1.2870743161156064, 'epoch': 3.0}
  Model             : HubertForSequenceClassification  (23,690,888 params, 23,690,888 trainable)
{'eval_loss': 1.5786019563674927, 'eval_f1_macro': 0.39130434370170347, 'eval_f1_weighted': 0.41603883849682144, 'eval_precision_macro': 0.44548527373775937, 'eval_recall_macro': 0.4395012315270935, 'eval_accuracy': 0.4675925925925926, 'eval_runtime': 0.4732, 'eval_samples_per_second': 456.473, 'eval_steps_per_second': 57.059, 'epoch': 1.0}
{'loss': 1.6114, 'grad_norm': 8.618054389953613, 'learning_rate': 2.2353693803527522e-05, 'epoch': 1.98}
{'eval_loss': 1.1606913805007935, 'eval_f1_macro': 0.511556573419222, 'eval_f1_weighted': 0.5446674493445217, 'eval_precision_macro': 0.5245884966097731, 'eval_recall_macro': 0.5484913793103449, 'eval_accuracy': 0.5833333333333334, 'eval_runtime': 0.4669, 'eval_samples_per_second': 462.594, 'eval_steps_per_second': 57.824, 'epoch': 2.0}
  Model             : HubertForSequenceClassification  (23,690,888 params, 23,690,888 trainable)
{'eval_loss': 1.554777979850769, 'eval_f1_macro': 0.3809605245879756, 'eval_f1_weighted': 0.4056228858153332, 'eval_precision_macro': 0.4235073707237573, 'eval_recall_macro': 0.4347290640394088, 'eval_accuracy': 0.46296296296296297, 'eval_runtime': 0.4835, 'eval_samples_per_second': 446.767, 'eval_steps_per_second': 55.846, 'epoch': 1.0}
{'loss': 1.5795, 'grad_norm': 8.469626426696777, 'learning_rate': 2.6047786557361103e-05, 'epoch': 1.98}
{'eval_loss': 1.112648844718933, 'eval_f1_macro': 0.5383614055750191, 'eval_f1_weighted': 0.5729548004537137, 'eval_precision_macro': 0.5473830763116805, 'eval_recall_macro': 0.5706588669950738, 'eval_accuracy': 0.6064814814814815, 'eval_runtime': 0.4458, 'eval_samples_per_second': 484.506, 'eval_steps_per_second': 60.563, 'epoch': 2.0}
  Model             : HubertForSequenceClassification  (23,690,888 params, 23,690,888 trainable)
{'eval_loss': 1.4741798639297485, 'eval_f1_macro': 0.43407502313558405, 'eval_f1_weighted': 0.454927451156986, 'eval_precision_macro': 0.4861491170072867, 'eval_recall_macro': 0.4733887520525451, 'eval_accuracy': 0.5, 'eval_runtime': 0.4248, 'eval_samples_per_second': 508.496, 'eval_steps_per_second': 63.562, 'epoch': 1.0}
{'loss': 1.5316, 'grad_norm': 10.816466331481934, 'learning_rate': 5.493980683660448e-05, 'epoch': 1.98}
{'eval_loss': 1.0475825071334839, 'eval_f1_macro': 0.5909248583569731, 'eval_f1_weighted': 0.6187088090436463, 'eval_precision_macro': 0.6434926888731237, 'eval_recall_macro': 0.5919437602627258, 'eval_accuracy': 0.6203703703703703, 'eval_runtime': 0.4375, 'eval_samples_per_second': 493.736, 'eval_steps_per_second': 61.717, 'epoch': 2.0}
{'eval_loss': 0.713760495185852, 'eval_f1_macro': 0.7404963461521186, 'eval_f1_weighted': 0.7548986818067336, 'eval_precision_macro': 0.7506130392619363, 'eval_recall_macro': 0.7498768472906404, 'eval_accuracy': 0.7592592592592593, 'eval_runtime': 0.4632, 'eval_samples_per_second': 466.283, 'eval_steps_per_second': 58.285, 'epoch': 3.0}
{'train_runtime': 15.4325, 'train_samples_per_second': 195.95, 'train_steps_per_second': 48.988, 'train_loss': 1.2287177837714947, 'epoch': 3.0}
  Model             : HubertForSequenceClassification  (23,690,888 params, 23,690,888 trainable)
{'eval_loss': 1.6386085748672485, 'eval_f1_macro': 0.4205178827549094, 'eval_f1_weighted': 0.4361630714638351, 'eval_precision_macro': 0.46766196117296843, 'eval_recall_macro': 0.42786330049261084, 'eval_accuracy': 0.4444444444444444, 'eval_runtime': 0.4347, 'eval_samples_per_second': 496.901, 'eval_steps_per_second': 62.113, 'epoch': 1.0}
{'loss': 1.5608, 'grad_norm': 7.805383205413818, 'learning_rate': 5.9411784947156974e-05, 'epoch': 1.98}
{'eval_loss': 1.030914306640625, 'eval_f1_macro': 0.6214753558123017, 'eval_f1_weighted': 0.645803146711155, 'eval_precision_macro': 0.6572635067483679, 'eval_recall_macro': 0.6219827586206896, 'eval_accuracy': 0.6481481481481481, 'eval_runtime': 0.4762, 'eval_samples_per_second': 453.625, 'eval_steps_per_second': 56.703, 'epoch': 2.0}
{'eval_loss': 0.7225589156150818, 'eval_f1_macro': 0.757535827639943, 'eval_f1_weighted': 0.7699219285827328, 'eval_precision_macro': 0.7598956502249274, 'eval_recall_macro': 0.763115763546798, 'eval_accuracy': 0.7731481481481481, 'eval_runtime': 0.4757, 'eval_samples_per_second': 454.076, 'eval_steps_per_second': 56.76, 'epoch': 3.0}
{'train_runtime': 15.6045, 'train_samples_per_second': 193.79, 'train_steps_per_second': 48.448, 'train_loss': 1.2627585072996754, 'epoch': 3.0}
  Model             : HubertForSequenceClassification  (23,690,888 params, 23,690,888 trainable)
{'eval_loss': 1.8562531471252441, 'eval_f1_macro': 0.1623983171882762, 'eval_f1_weighted': 0.17298106290592632, 'eval_precision_macro': 0.22001502213788743, 'eval_recall_macro': 0.2436884236453202, 'eval_accuracy': 0.25925925925925924, 'eval_runtime': 0.4724, 'eval_samples_per_second': 457.265, 'eval_steps_per_second': 57.158, 'epoch': 1.0}
  Model             : HubertForSequenceClassification  (23,690,888 params, 23,690,888 trainable)
{'eval_loss': 1.700312852859497, 'eval_f1_macro': 0.3362571933817776, 'eval_f1_weighted': 0.3574622782345091, 'eval_precision_macro': 0.3384742429391943, 'eval_recall_macro': 0.37423029556650245, 'eval_accuracy': 0.39814814814814814, 'eval_runtime': 0.4704, 'eval_samples_per_second': 459.209, 'eval_steps_per_second': 57.401, 'epoch': 1.0}
  Model             : HubertForSequenceClassification  (23,690,888 params, 23,690,888 trainable)
{'eval_loss': 1.629914402961731, 'eval_f1_macro': 0.334276484846599, 'eval_f1_weighted': 0.35567895503857655, 'eval_precision_macro': 0.391880017653633, 'eval_recall_macro': 0.3916256157635468, 'eval_accuracy': 0.4166666666666667, 'eval_runtime': 0.4637, 'eval_samples_per_second': 465.787, 'eval_steps_per_second': 58.223, 'epoch': 1.0}
  Model             : HubertForSequenceClassification  (23,690,888 params, 23,690,888 trainable)
{'eval_loss': 1.6790410280227661, 'eval_f1_macro': 0.26740579240579243, 'eval_f1_weighted': 0.28373840040506704, 'eval_precision_macro': 0.29669367312671113, 'eval_recall_macro': 0.3354371921182266, 'eval_accuracy': 0.35648148148148145, 'eval_runtime': 0.4599, 'eval_samples_per_second': 469.693, 'eval_steps_per_second': 58.712, 'epoch': 1.0}
{'eval_loss': 1.241273045539856, 'eval_f1_macro': 0.4727021974009926, 'eval_f1_weighted': 0.5037143913649937, 'eval_precision_macro': 0.472275866025866, 'eval_recall_macro': 0.5220135467980296, 'eval_accuracy': 0.5555555555555556, 'eval_runtime': 0.467, 'eval_samples_per_second': 462.55, 'eval_steps_per_second': 57.819, 'epoch': 2.0}
{'eval_loss': 1.0298264026641846, 'eval_f1_macro': 0.6223092362383591, 'eval_f1_weighted': 0.6498916693859468, 'eval_precision_macro': 0.6330889908476116, 'eval_recall_macro': 0.6352011494252874, 'eval_accuracy': 0.6666666666666666, 'eval_runtime': 0.5031, 'eval_samples_per_second': 429.355, 'eval_steps_per_second': 53.669, 'epoch': 3.0}
  Best f1_macro: 3.8236  |  params: {'learning_rate': 0.00015650497435496213, 'per_device_train_batch_size': 4, 'warmup_ratio': 0.1035725445136298, 'weight_decay': 0.07562425405355909}
  HPO complete. Skipping training (--hpo_only mode).

======================================================================
[11/21]  distilhubert_emodb
  Model  : ntu-spml/distilhubert
  Dataset: renumics/emodb
  Output : /home/tu/tu_tu/tu_zxord71/asp-project/outputs/distilhubert_emodb

  Loading: renumics/emodb
  Label col : emotion
  Samples   : 535  |  Classes: 7
    0: 127
    1: 81
    2: 46
    3: 69
    4: 71
    5: 79
    6: 62
  Classes   : ['anger', 'boredom', 'disgust', 'fear', 'happiness', 'neutral', 'sadness']
  Feature extractor : Wav2Vec2FeatureExtractor  (sr=16000)
  Split     : 374 train / 80 val / 81 test  (of 535)
  Model             : HubertForSequenceClassification  (23,690,631 params, 23,690,631 trainable)
  HPO: 20 trials × 3 epochs ...
  Model             : HubertForSequenceClassification  (23,690,631 params, 23,690,631 trainable)
{'eval_loss': 1.855188012123108, 'eval_f1_macro': 0.059006211180124224, 'eval_f1_weighted': 0.09809782608695652, 'eval_precision_macro': 0.03718199608610567, 'eval_recall_macro': 0.14285714285714285, 'eval_accuracy': 0.2375, 'eval_runtime': 0.2895, 'eval_samples_per_second': 276.374, 'eval_steps_per_second': 34.547, 'epoch': 1.0}
{'eval_loss': 1.7893187999725342, 'eval_f1_macro': 0.11418009491845768, 'eval_f1_weighted': 0.15270319568072377, 'eval_precision_macro': 0.21337868480725625, 'eval_recall_macro': 0.18095238095238098, 'eval_accuracy': 0.275, 'eval_runtime': 0.2823, 'eval_samples_per_second': 283.374, 'eval_steps_per_second': 35.422, 'epoch': 2.0}
{'eval_loss': 1.7608764171600342, 'eval_f1_macro': 0.23778602350030922, 'eval_f1_weighted': 0.2725919913419913, 'eval_precision_macro': 0.2703296703296703, 'eval_recall_macro': 0.2857142857142857, 'eval_accuracy': 0.375, 'eval_runtime': 0.3095, 'eval_samples_per_second': 258.468, 'eval_steps_per_second': 32.308, 'epoch': 3.0}
{'train_runtime': 4.8709, 'train_samples_per_second': 230.348, 'train_steps_per_second': 28.947, 'train_loss': 1.8528466190852173, 'epoch': 3.0}
  Model             : HubertForSequenceClassification  (23,690,631 params, 23,690,631 trainable)
{'eval_loss': 1.338653564453125, 'eval_f1_macro': 0.21357738497697928, 'eval_f1_weighted': 0.2690838404327248, 'eval_precision_macro': 0.19340659340659339, 'eval_recall_macro': 0.32142857142857145, 'eval_accuracy': 0.4, 'eval_runtime': 0.2742, 'eval_samples_per_second': 291.795, 'eval_steps_per_second': 36.474, 'epoch': 1.0}
{'eval_loss': 0.8597549200057983, 'eval_f1_macro': 0.61923045080101, 'eval_f1_weighted': 0.6258363847106241, 'eval_precision_macro': 0.733033774913474, 'eval_recall_macro': 0.6458825635517365, 'eval_accuracy': 0.6625, 'eval_runtime': 0.282, 'eval_samples_per_second': 283.717, 'eval_steps_per_second': 35.465, 'epoch': 2.0}
{'eval_loss': 0.6365402340888977, 'eval_f1_macro': 0.7530918770670325, 'eval_f1_weighted': 0.7597399774138904, 'eval_precision_macro': 0.7156193806193806, 'eval_recall_macro': 0.7996240601503759, 'eval_accuracy': 0.8125, 'eval_runtime': 0.2817, 'eval_samples_per_second': 283.985, 'eval_steps_per_second': 35.498, 'epoch': 3.0}
{'train_runtime': 4.2021, 'train_samples_per_second': 267.008, 'train_steps_per_second': 17.134, 'train_loss': 1.136427879333496, 'epoch': 3.0}
  Model             : HubertForSequenceClassification  (23,690,631 params, 23,690,631 trainable)
{'eval_loss': 1.3701705932617188, 'eval_f1_macro': 0.27930065512968977, 'eval_f1_weighted': 0.332230315741738, 'eval_precision_macro': 0.21926129426129423, 'eval_recall_macro': 0.39999999999999997, 'eval_accuracy': 0.4875, 'eval_runtime': 0.28, 'eval_samples_per_second': 285.701, 'eval_steps_per_second': 35.713, 'epoch': 1.0}
{'eval_loss': 1.3432594537734985, 'eval_f1_macro': 0.35275598151964843, 'eval_f1_weighted': 0.39735646560709637, 'eval_precision_macro': 0.3899027949737888, 'eval_recall_macro': 0.4233977801646974, 'eval_accuracy': 0.475, 'eval_runtime': 0.3402, 'eval_samples_per_second': 235.124, 'eval_steps_per_second': 29.39, 'epoch': 2.0}
{'eval_loss': 1.0387710332870483, 'eval_f1_macro': 0.4134884867804122, 'eval_f1_weighted': 0.47158487321530806, 'eval_precision_macro': 0.5054435419652811, 'eval_recall_macro': 0.4849624060150376, 'eval_accuracy': 0.55, 'eval_runtime': 0.2861, 'eval_samples_per_second': 279.648, 'eval_steps_per_second': 34.956, 'epoch': 3.0}
{'train_runtime': 6.4551, 'train_samples_per_second': 173.815, 'train_steps_per_second': 43.686, 'train_loss': 1.409337469872008, 'epoch': 3.0}
  Model             : HubertForSequenceClassification  (23,690,631 params, 23,690,631 trainable)
{'eval_loss': 1.351220726966858, 'eval_f1_macro': 0.3275511505124809, 'eval_f1_weighted': 0.3712731553159323, 'eval_precision_macro': 0.3841931577017522, 'eval_recall_macro': 0.4309523809523809, 'eval_accuracy': 0.5125, 'eval_runtime': 0.2864, 'eval_samples_per_second': 279.366, 'eval_steps_per_second': 34.921, 'epoch': 1.0}
{'eval_loss': 0.8602188229560852, 'eval_f1_macro': 0.6111364269259006, 'eval_f1_weighted': 0.6197025075314548, 'eval_precision_macro': 0.6067171696264712, 'eval_recall_macro': 0.6577873254564983, 'eval_accuracy': 0.675, 'eval_runtime': 0.2781, 'eval_samples_per_second': 287.69, 'eval_steps_per_second': 35.961, 'epoch': 2.0}
{'eval_loss': 0.62408447265625, 'eval_f1_macro': 0.7024216563082109, 'eval_f1_weighted': 0.7039557705366529, 'eval_precision_macro': 0.8297202797202797, 'eval_recall_macro': 0.7295918367346939, 'eval_accuracy': 0.75, 'eval_runtime': 0.3281, 'eval_samples_per_second': 243.862, 'eval_steps_per_second': 30.483, 'epoch': 3.0}
{'train_runtime': 4.9194, 'train_samples_per_second': 228.078, 'train_steps_per_second': 28.662, 'train_loss': 1.162501666562777, 'epoch': 3.0}
  Model             : HubertForSequenceClassification  (23,690,631 params, 23,690,631 trainable)
{'eval_loss': 1.7241332530975342, 'eval_f1_macro': 0.21760955094288428, 'eval_f1_weighted': 0.25800094966761633, 'eval_precision_macro': 0.26282642089093705, 'eval_recall_macro': 0.28095238095238095, 'eval_accuracy': 0.375, 'eval_runtime': 0.284, 'eval_samples_per_second': 281.709, 'eval_steps_per_second': 35.214, 'epoch': 1.0}
{'eval_loss': 1.403875708580017, 'eval_f1_macro': 0.36428571428571427, 'eval_f1_weighted': 0.4052083333333333, 'eval_precision_macro': 0.43809523809523804, 'eval_recall_macro': 0.4370748299319728, 'eval_accuracy': 0.5125, 'eval_runtime': 0.306, 'eval_samples_per_second': 261.397, 'eval_steps_per_second': 32.675, 'epoch': 2.0}
{'eval_loss': 1.3136475086212158, 'eval_f1_macro': 0.4056654985226414, 'eval_f1_weighted': 0.44771434583934583, 'eval_precision_macro': 0.5870098039215685, 'eval_recall_macro': 0.463265306122449, 'eval_accuracy': 0.5375, 'eval_runtime': 0.3006, 'eval_samples_per_second': 266.118, 'eval_steps_per_second': 33.265, 'epoch': 3.0}
{'train_runtime': 4.891, 'train_samples_per_second': 229.401, 'train_steps_per_second': 28.829, 'train_loss': 1.6168035412511081, 'epoch': 3.0}
  Model             : HubertForSequenceClassification  (23,690,631 params, 23,690,631 trainable)
{'eval_loss': 1.72100830078125, 'eval_f1_macro': 0.28842431281455677, 'eval_f1_weighted': 0.3211720867208672, 'eval_precision_macro': 0.2970521541950113, 'eval_recall_macro': 0.34047619047619054, 'eval_accuracy': 0.425, 'eval_runtime': 0.2845, 'eval_samples_per_second': 281.223, 'eval_steps_per_second': 35.153, 'epoch': 1.0}
{'eval_loss': 1.3543701171875, 'eval_f1_macro': 0.31523574947220273, 'eval_f1_weighted': 0.37251539408866996, 'eval_precision_macro': 0.274572892219951, 'eval_recall_macro': 0.4047619047619047, 'eval_accuracy': 0.4875, 'eval_runtime': 0.2777, 'eval_samples_per_second': 288.061, 'eval_steps_per_second': 36.008, 'epoch': 2.0}
  Model             : HubertForSequenceClassification  (23,690,631 params, 23,690,631 trainable)
{'eval_loss': 1.848876953125, 'eval_f1_macro': 0.059006211180124224, 'eval_f1_weighted': 0.09809782608695652, 'eval_precision_macro': 0.03718199608610567, 'eval_recall_macro': 0.14285714285714285, 'eval_accuracy': 0.2375, 'eval_runtime': 0.2852, 'eval_samples_per_second': 280.506, 'eval_steps_per_second': 35.063, 'epoch': 1.0}
  Model             : HubertForSequenceClassification  (23,690,631 params, 23,690,631 trainable)
{'eval_loss': 1.842626929283142, 'eval_f1_macro': 0.059006211180124224, 'eval_f1_weighted': 0.09809782608695652, 'eval_precision_macro': 0.03718199608610567, 'eval_recall_macro': 0.14285714285714285, 'eval_accuracy': 0.2375, 'eval_runtime': 0.3018, 'eval_samples_per_second': 265.034, 'eval_steps_per_second': 33.129, 'epoch': 1.0}
  Model             : HubertForSequenceClassification  (23,690,631 params, 23,690,631 trainable)
{'eval_loss': 1.4792312383651733, 'eval_f1_macro': 0.3056983832494037, 'eval_f1_weighted': 0.3470628478664193, 'eval_precision_macro': 0.4035821535821536, 'eval_recall_macro': 0.3799319727891156, 'eval_accuracy': 0.4625, 'eval_runtime': 0.303, 'eval_samples_per_second': 264.063, 'eval_steps_per_second': 33.008, 'epoch': 1.0}
  Model             : HubertForSequenceClassification  (23,690,631 params, 23,690,631 trainable)
{'eval_loss': 1.430302381515503, 'eval_f1_macro': 0.2287557163333561, 'eval_f1_weighted': 0.2882047300525562, 'eval_precision_macro': 0.2691511387163561, 'eval_recall_macro': 0.32105263157894737, 'eval_accuracy': 0.3875, 'eval_runtime': 0.3326, 'eval_samples_per_second': 240.562, 'eval_steps_per_second': 30.07, 'epoch': 1.0}
{'eval_loss': 0.8195877075195312, 'eval_f1_macro': 0.7732383558470515, 'eval_f1_weighted': 0.7748239079760819, 'eval_precision_macro': 0.8610114752971896, 'eval_recall_macro': 0.7795918367346939, 'eval_accuracy': 0.8, 'eval_runtime': 0.2794, 'eval_samples_per_second': 286.288, 'eval_steps_per_second': 35.786, 'epoch': 2.0}
{'eval_loss': 0.5881660580635071, 'eval_f1_macro': 0.7309014044894443, 'eval_f1_weighted': 0.7356427648578812, 'eval_precision_macro': 0.7034528963100392, 'eval_recall_macro': 0.7758145363408521, 'eval_accuracy': 0.7875, 'eval_runtime': 0.3049, 'eval_samples_per_second': 262.364, 'eval_steps_per_second': 32.795, 'epoch': 3.0}
{'train_runtime': 4.9245, 'train_samples_per_second': 227.842, 'train_steps_per_second': 28.633, 'train_loss': 1.1854355183053524, 'epoch': 3.0}
  Model             : HubertForSequenceClassification  (23,690,631 params, 23,690,631 trainable)
{'eval_loss': 1.5777587890625, 'eval_f1_macro': 0.2589795918367347, 'eval_f1_weighted': 0.3101785714285714, 'eval_precision_macro': 0.201130722559294, 'eval_recall_macro': 0.37105263157894736, 'eval_accuracy': 0.45, 'eval_runtime': 0.2988, 'eval_samples_per_second': 267.761, 'eval_steps_per_second': 33.47, 'epoch': 1.0}
{'eval_loss': 1.2466857433319092, 'eval_f1_macro': 0.45701536558679423, 'eval_f1_weighted': 0.49823734598734604, 'eval_precision_macro': 0.630658916373202, 'eval_recall_macro': 0.5108843537414965, 'eval_accuracy': 0.5875, 'eval_runtime': 0.3085, 'eval_samples_per_second': 259.308, 'eval_steps_per_second': 32.413, 'epoch': 2.0}
  Model             : HubertForSequenceClassification  (23,690,631 params, 23,690,631 trainable)
{'eval_loss': 1.5045654773712158, 'eval_f1_macro': 0.14741484930164178, 'eval_f1_weighted': 0.20262435677530016, 'eval_precision_macro': 0.10465116279069767, 'eval_recall_macro': 0.2781954887218045, 'eval_accuracy': 0.35, 'eval_runtime': 0.2905, 'eval_samples_per_second': 275.399, 'eval_steps_per_second': 34.425, 'epoch': 1.0}
  Model             : HubertForSequenceClassification  (23,690,631 params, 23,690,631 trainable)
{'eval_loss': 1.4532897472381592, 'eval_f1_macro': 0.17224347552667435, 'eval_f1_weighted': 0.22754493763756417, 'eval_precision_macro': 0.14392139392139391, 'eval_recall_macro': 0.29761904761904756, 'eval_accuracy': 0.375, 'eval_runtime': 0.2926, 'eval_samples_per_second': 273.405, 'eval_steps_per_second': 34.176, 'epoch': 1.0}
  Model             : HubertForSequenceClassification  (23,690,631 params, 23,690,631 trainable)
{'eval_loss': 1.4391815662384033, 'eval_f1_macro': 0.15190509701417512, 'eval_f1_weighted': 0.20662385643912734, 'eval_precision_macro': 0.10622710622710622, 'eval_recall_macro': 0.2857142857142857, 'eval_accuracy': 0.3625, 'eval_runtime': 0.2964, 'eval_samples_per_second': 269.9, 'eval_steps_per_second': 33.738, 'epoch': 1.0}
  Model             : HubertForSequenceClassification  (23,690,631 params, 23,690,631 trainable)
{'eval_loss': 1.741796851158142, 'eval_f1_macro': 0.0739403453689168, 'eval_f1_weighted': 0.11417582417582417, 'eval_precision_macro': 0.05555555555555556, 'eval_recall_macro': 0.15476190476190474, 'eval_accuracy': 0.25, 'eval_runtime': 0.325, 'eval_samples_per_second': 246.19, 'eval_steps_per_second': 30.774, 'epoch': 1.0}
  Model             : HubertForSequenceClassification  (23,690,631 params, 23,690,631 trainable)
{'eval_loss': 1.1145721673965454, 'eval_f1_macro': 0.3815958440074953, 'eval_f1_weighted': 0.4318127462242905, 'eval_precision_macro': 0.4385725385725386, 'eval_recall_macro': 0.44523809523809527, 'eval_accuracy': 0.525, 'eval_runtime': 0.3043, 'eval_samples_per_second': 262.936, 'eval_steps_per_second': 32.867, 'epoch': 1.0}
{'eval_loss': 0.6526718139648438, 'eval_f1_macro': 0.8014559162375511, 'eval_f1_weighted': 0.7985250798100741, 'eval_precision_macro': 0.8846938775510205, 'eval_recall_macro': 0.7938775510204081, 'eval_accuracy': 0.8125, 'eval_runtime': 0.3209, 'eval_samples_per_second': 249.308, 'eval_steps_per_second': 31.163, 'epoch': 2.0}
{'eval_loss': 0.502947986125946, 'eval_f1_macro': 0.8399374110409789, 'eval_f1_weighted': 0.8384609913174119, 'eval_precision_macro': 0.867965367965368, 'eval_recall_macro': 0.8543859649122807, 'eval_accuracy': 0.8625, 'eval_runtime': 0.2829, 'eval_samples_per_second': 282.789, 'eval_steps_per_second': 35.349, 'epoch': 3.0}
{'train_runtime': 4.8664, 'train_samples_per_second': 230.56, 'train_steps_per_second': 28.974, 'train_loss': 0.986954168225011, 'epoch': 3.0}
  Model             : HubertForSequenceClassification  (23,690,631 params, 23,690,631 trainable)
{'eval_loss': 1.3831055164337158, 'eval_f1_macro': 0.17517006802721088, 'eval_f1_weighted': 0.2318452380952381, 'eval_precision_macro': 0.18045112781954886, 'eval_recall_macro': 0.29761904761904756, 'eval_accuracy': 0.375, 'eval_runtime': 0.2876, 'eval_samples_per_second': 278.137, 'eval_steps_per_second': 34.767, 'epoch': 1.0}
  Model             : HubertForSequenceClassification  (23,690,631 params, 23,690,631 trainable)
{'eval_loss': 1.441992163658142, 'eval_f1_macro': 0.19089853236194698, 'eval_f1_weighted': 0.24658167036215817, 'eval_precision_macro': 0.14608294930875573, 'eval_recall_macro': 0.3095238095238096, 'eval_accuracy': 0.3875, 'eval_runtime': 0.2835, 'eval_samples_per_second': 282.155, 'eval_steps_per_second': 35.269, 'epoch': 1.0}
  Model             : HubertForSequenceClassification  (23,690,631 params, 23,690,631 trainable)
{'eval_loss': 1.7867553234100342, 'eval_f1_macro': 0.059006211180124224, 'eval_f1_weighted': 0.09809782608695652, 'eval_precision_macro': 0.03718199608610567, 'eval_recall_macro': 0.14285714285714285, 'eval_accuracy': 0.2375, 'eval_runtime': 0.2885, 'eval_samples_per_second': 277.29, 'eval_steps_per_second': 34.661, 'epoch': 1.0}
  Model             : HubertForSequenceClassification  (23,690,631 params, 23,690,631 trainable)
{'eval_loss': 1.1906830072402954, 'eval_f1_macro': 0.323524248409041, 'eval_f1_weighted': 0.3772599846390169, 'eval_precision_macro': 0.3072213052957597, 'eval_recall_macro': 0.4404761904761904, 'eval_accuracy': 0.525, 'eval_runtime': 0.3281, 'eval_samples_per_second': 243.813, 'eval_steps_per_second': 30.477, 'epoch': 1.0}
  Best f1_macro: 4.2632  |  params: {'learning_rate': 0.00020058624796054773, 'per_device_train_batch_size': 8, 'warmup_ratio': 0.02616779396057199, 'weight_decay': 0.07502817396904343}
  HPO complete. Skipping training (--hpo_only mode).

======================================================================
[12/21]  distilhubert_cameo
  Model  : ntu-spml/distilhubert
  Dataset: amu-cai/CAMEO
  Output : /home/tu/tu_tu/tu_zxord71/asp-project/outputs/distilhubert_cameo

  Loading: amu-cai/CAMEO
  Multiple splits found (['crema_d', 'cafe', 'emns', 'emozionalmente', 'enterface', 'jl_corpus', 'mesd', 'nemo', 'oreau', 'pavoque', 'ravdess', 'resd', 'subesco']) — concatenating into one.
  Label col : emotion
  Samples   : 41,265  |  Classes: 17
    anger: 5961
    anxiety: 240
    apology: 240
    assertiveness: 240
    calm: 192
    concern: 240
    disgust: 4368
    encouragement: 240
    enthusiasm: 198
    excitement: 395
    fear: 4977
    happiness: 5965
    neutral: 7970
    poker: 575
    sadness: 5896
    sarcasm: 142
    surprise: 3426
  Filtered to core emotions: 41,265 -> 38,563 samples (2,702 dropped)
  Classes   : ['anger', 'disgust', 'fear', 'happiness', 'neutral', 'sadness', 'surprise']
  Feature extractor : Wav2Vec2FeatureExtractor  (sr=16000)

ERROR in distilhubert_cameo:
Traceback (most recent call last):
  File "/home/tu/tu_tu/tu_zxord71/asp-project/experiments/run_all.py", line 353, in main
    metrics = run_experiment(
              ^^^^^^^^^^^^^^^
  File "/home/tu/tu_tu/tu_zxord71/asp-project/experiments/run_all.py", line 137, in run_experiment
    full_ds = featurise_split(
              ^^^^^^^^^^^^^^^^
  File "/home/tu/tu_tu/tu_zxord71/asp-project/experiments/pipeline/data.py", line 283, in featurise_split
    d = raw_split.map(fn, batched=True, num_proc=1, remove_columns=raw_split.column_names, desc=desc)
        ^^^^^^^^^^^^^^^^^^^^^^^^^^^^^^^^^^^^^^^^^^^^^^^^^^^^^^^^^^^^^^^^^^^^^^^^^^^^^^^^^^^^^^^^^^^^^
  File "/home/tu/tu_tu/tu_zxord71/asp-project/.venv/lib64/python3.11/site-packages/datasets/arrow_dataset.py", line 576, in wrapper
    out: Union["Dataset", "DatasetDict"] = func(self, *args, **kwargs)
                                           ^^^^^^^^^^^^^^^^^^^^^^^^^^^
  File "/home/tu/tu_tu/tu_zxord71/asp-project/.venv/lib64/python3.11/site-packages/datasets/arrow_dataset.py", line 3624, in map
    for rank, done, content in iflatmap_unordered(
  File "/home/tu/tu_tu/tu_zxord71/asp-project/.venv/lib64/python3.11/site-packages/datasets/utils/py_utils.py", line 617, in iflatmap_unordered
    raise RuntimeError(
RuntimeError: One of the subprocesses has abruptly died during map operation.To debug the error, disable multiprocessing.


======================================================================
[13/21]  hubert-base_ravdess
  Model  : facebook/hubert-base-ls960
  Dataset: xbgoose/ravdess
  Output : /home/tu/tu_tu/tu_zxord71/asp-project/outputs/hubert-base_ravdess

  Loading: xbgoose/ravdess
  Label col : emotion
  Samples   : 1,440  |  Classes: 8
    angry: 192
    calm: 192
    disgust: 192
    fearful: 192
    happy: 192
    neutral: 96
    sad: 192
    surprised: 192
  Classes   : ['angry', 'calm', 'disgust', 'fearful', 'happy', 'neutral', 'sad', 'surprised']
  Feature extractor : Wav2Vec2FeatureExtractor  (sr=16000)
  Split     : 1,008 train / 216 val / 216 test  (of 1,440)
  Model             : HubertForSequenceClassification  (94,570,632 params, 94,570,632 trainable)
  HPO: 20 trials × 3 epochs ...
  Model             : HubertForSequenceClassification  (94,570,632 params, 94,570,632 trainable)
{'eval_loss': 1.7147465944290161, 'eval_f1_macro': 0.15570298122929704, 'eval_f1_weighted': 0.16410694893151034, 'eval_precision_macro': 0.183415602013163, 'eval_recall_macro': 0.2673953201970444, 'eval_accuracy': 0.2824074074074074, 'eval_runtime': 0.6866, 'eval_samples_per_second': 314.592, 'eval_steps_per_second': 39.324, 'epoch': 1.0}
{'loss': 1.7693, 'grad_norm': 7.431770324707031, 'learning_rate': 1.0265334035475411e-05, 'epoch': 1.98}
{'eval_loss': 1.4920247793197632, 'eval_f1_macro': 0.40141860562772635, 'eval_f1_weighted': 0.42773281621782683, 'eval_precision_macro': 0.46036005914302064, 'eval_recall_macro': 0.45751231527093594, 'eval_accuracy': 0.4861111111111111, 'eval_runtime': 0.6306, 'eval_samples_per_second': 342.529, 'eval_steps_per_second': 42.816, 'epoch': 2.0}
{'eval_loss': 1.272581934928894, 'eval_f1_macro': 0.5087278778168963, 'eval_f1_weighted': 0.541623333733576, 'eval_precision_macro': 0.5318251942620822, 'eval_recall_macro': 0.5489532019704433, 'eval_accuracy': 0.5833333333333334, 'eval_runtime': 0.6337, 'eval_samples_per_second': 340.83, 'eval_steps_per_second': 42.604, 'epoch': 3.0}
{'train_runtime': 32.4078, 'train_samples_per_second': 93.311, 'train_steps_per_second': 23.328, 'train_loss': 1.6218676693225034, 'epoch': 3.0}
  Model             : HubertForSequenceClassification  (94,570,632 params, 94,570,632 trainable)
{'eval_loss': 2.069932699203491, 'eval_f1_macro': 0.02959183673469388, 'eval_f1_weighted': 0.031783824640967503, 'eval_precision_macro': 0.01678240740740741, 'eval_recall_macro': 0.125, 'eval_accuracy': 0.13425925925925927, 'eval_runtime': 0.629, 'eval_samples_per_second': 343.393, 'eval_steps_per_second': 42.924, 'epoch': 1.0}
{'loss': 2.0867, 'grad_norm': 1.5147836208343506, 'learning_rate': 0.00011199939610059464, 'epoch': 1.98}
{'eval_loss': 2.070814371109009, 'eval_f1_macro': 0.028688524590163935, 'eval_f1_weighted': 0.029751062537947785, 'eval_precision_macro': 0.016203703703703703, 'eval_recall_macro': 0.125, 'eval_accuracy': 0.12962962962962962, 'eval_runtime': 0.6372, 'eval_samples_per_second': 338.986, 'eval_steps_per_second': 42.373, 'epoch': 2.0}
{'eval_loss': 2.0633907318115234, 'eval_f1_macro': 0.02959183673469388, 'eval_f1_weighted': 0.031783824640967503, 'eval_precision_macro': 0.01678240740740741, 'eval_recall_macro': 0.125, 'eval_accuracy': 0.13425925925925927, 'eval_runtime': 0.6228, 'eval_samples_per_second': 346.815, 'eval_steps_per_second': 43.352, 'epoch': 3.0}
{'train_runtime': 29.5919, 'train_samples_per_second': 102.19, 'train_steps_per_second': 25.547, 'train_loss': 2.0812319800967263, 'epoch': 3.0}
  Model             : HubertForSequenceClassification  (94,570,632 params, 94,570,632 trainable)
{'eval_loss': 1.8115415573120117, 'eval_f1_macro': 0.13167624521072796, 'eval_f1_weighted': 0.13789573577408826, 'eval_precision_macro': 0.217221557682084, 'eval_recall_macro': 0.2410714285714286, 'eval_accuracy': 0.25462962962962965, 'eval_runtime': 0.6653, 'eval_samples_per_second': 324.669, 'eval_steps_per_second': 40.584, 'epoch': 1.0}
{'eval_loss': 1.5557725429534912, 'eval_f1_macro': 0.27502358045651765, 'eval_f1_weighted': 0.29215495678663, 'eval_precision_macro': 0.2971996753246753, 'eval_recall_macro': 0.3706896551724138, 'eval_accuracy': 0.39351851851851855, 'eval_runtime': 0.6332, 'eval_samples_per_second': 341.104, 'eval_steps_per_second': 42.638, 'epoch': 2.0}
{'eval_loss': 1.42919921875, 'eval_f1_macro': 0.40200701411464956, 'eval_f1_weighted': 0.42752388986744866, 'eval_precision_macro': 0.4072684436178059, 'eval_recall_macro': 0.46228448275862066, 'eval_accuracy': 0.49074074074074076, 'eval_runtime': 0.6368, 'eval_samples_per_second': 339.178, 'eval_steps_per_second': 42.397, 'epoch': 3.0}
{'train_runtime': 13.8284, 'train_samples_per_second': 218.681, 'train_steps_per_second': 13.668, 'train_loss': 1.7044735863095237, 'epoch': 3.0}
  Model             : HubertForSequenceClassification  (94,570,632 params, 94,570,632 trainable)
{'eval_loss': 2.108877658843994, 'eval_f1_macro': 0.02959183673469388, 'eval_f1_weighted': 0.031783824640967503, 'eval_precision_macro': 0.01678240740740741, 'eval_recall_macro': 0.125, 'eval_accuracy': 0.13425925925925927, 'eval_runtime': 0.6334, 'eval_samples_per_second': 341.024, 'eval_steps_per_second': 42.628, 'epoch': 1.0}
{'eval_loss': 2.0788393020629883, 'eval_f1_macro': 0.02959183673469388, 'eval_f1_weighted': 0.031783824640967503, 'eval_precision_macro': 0.01678240740740741, 'eval_recall_macro': 0.125, 'eval_accuracy': 0.13425925925925927, 'eval_runtime': 0.6356, 'eval_samples_per_second': 339.851, 'eval_steps_per_second': 42.481, 'epoch': 2.0}
{'eval_loss': 2.051992893218994, 'eval_f1_macro': 0.05300982800982801, 'eval_f1_weighted': 0.05668623168623169, 'eval_precision_macro': 0.04317097209254072, 'eval_recall_macro': 0.11653325123152708, 'eval_accuracy': 0.125, 'eval_runtime': 0.6462, 'eval_samples_per_second': 334.253, 'eval_steps_per_second': 41.782, 'epoch': 3.0}
{'train_runtime': 19.1309, 'train_samples_per_second': 158.069, 'train_steps_per_second': 19.759, 'train_loss': 2.0656575197895997, 'epoch': 3.0}
  Model             : HubertForSequenceClassification  (94,570,632 params, 94,570,632 trainable)
{'eval_loss': 1.8287285566329956, 'eval_f1_macro': 0.12392031206464196, 'eval_f1_weighted': 0.12984634118654736, 'eval_precision_macro': 0.09186429512516468, 'eval_recall_macro': 0.23676108374384236, 'eval_accuracy': 0.25, 'eval_runtime': 0.623, 'eval_samples_per_second': 346.717, 'eval_steps_per_second': 43.34, 'epoch': 1.0}
{'eval_loss': 1.8850041627883911, 'eval_f1_macro': 0.12882775119617224, 'eval_f1_weighted': 0.13584529505582135, 'eval_precision_macro': 0.16193942436412317, 'eval_recall_macro': 0.19627463054187191, 'eval_accuracy': 0.20833333333333334, 'eval_runtime': 0.6458, 'eval_samples_per_second': 334.486, 'eval_steps_per_second': 41.811, 'epoch': 2.0}
{'eval_loss': 1.612919569015503, 'eval_f1_macro': 0.25863177226813594, 'eval_f1_weighted': 0.27421457844437647, 'eval_precision_macro': 0.24522495755517826, 'eval_recall_macro': 0.3452894088669951, 'eval_accuracy': 0.36574074074074076, 'eval_runtime': 0.6364, 'eval_samples_per_second': 339.398, 'eval_steps_per_second': 42.425, 'epoch': 3.0}
{'train_runtime': 13.8305, 'train_samples_per_second': 218.648, 'train_steps_per_second': 13.665, 'train_loss': 1.8547624860491072, 'epoch': 3.0}
  Model             : HubertForSequenceClassification  (94,570,632 params, 94,570,632 trainable)
{'eval_loss': 2.074349880218506, 'eval_f1_macro': 0.02959183673469388, 'eval_f1_weighted': 0.031783824640967503, 'eval_precision_macro': 0.01678240740740741, 'eval_recall_macro': 0.125, 'eval_accuracy': 0.13425925925925927, 'eval_runtime': 0.6227, 'eval_samples_per_second': 346.858, 'eval_steps_per_second': 43.357, 'epoch': 1.0}
{'loss': 2.0848, 'grad_norm': 1.5479094982147217, 'learning_rate': 0.00012423017747824293, 'epoch': 1.98}
{'eval_loss': 2.0744946002960205, 'eval_f1_macro': 0.028688524590163935, 'eval_f1_weighted': 0.029751062537947785, 'eval_precision_macro': 0.016203703703703703, 'eval_recall_macro': 0.125, 'eval_accuracy': 0.12962962962962962, 'eval_runtime': 0.6559, 'eval_samples_per_second': 329.305, 'eval_steps_per_second': 41.163, 'epoch': 2.0}
  Model             : HubertForSequenceClassification  (94,570,632 params, 94,570,632 trainable)
{'eval_loss': 1.8148012161254883, 'eval_f1_macro': 0.17670043206517258, 'eval_f1_weighted': 0.18720220698939016, 'eval_precision_macro': 0.15177916360968452, 'eval_recall_macro': 0.29325738916256155, 'eval_accuracy': 0.3101851851851852, 'eval_runtime': 0.6224, 'eval_samples_per_second': 347.043, 'eval_steps_per_second': 43.38, 'epoch': 1.0}
{'eval_loss': 1.6237024068832397, 'eval_f1_macro': 0.29078640454591403, 'eval_f1_weighted': 0.30899072997861277, 'eval_precision_macro': 0.31801616176616176, 'eval_recall_macro': 0.3668411330049261, 'eval_accuracy': 0.3888888888888889, 'eval_runtime': 0.6276, 'eval_samples_per_second': 344.18, 'eval_steps_per_second': 43.022, 'epoch': 2.0}
{'eval_loss': 1.49053955078125, 'eval_f1_macro': 0.3828016027139449, 'eval_f1_weighted': 0.40751395975877824, 'eval_precision_macro': 0.41658169917341115, 'eval_recall_macro': 0.44027093596059114, 'eval_accuracy': 0.4675925925925926, 'eval_runtime': 0.6487, 'eval_samples_per_second': 332.993, 'eval_steps_per_second': 41.624, 'epoch': 3.0}
{'train_runtime': 19.1822, 'train_samples_per_second': 157.646, 'train_steps_per_second': 19.706, 'train_loss': 1.7697204912781084, 'epoch': 3.0}
  Model             : HubertForSequenceClassification  (94,570,632 params, 94,570,632 trainable)
{'eval_loss': 1.7646393775939941, 'eval_f1_macro': 0.15439335557089182, 'eval_f1_weighted': 0.16262916883220158, 'eval_precision_macro': 0.1727581659565835, 'eval_recall_macro': 0.2672413793103448, 'eval_accuracy': 0.2824074074074074, 'eval_runtime': 0.6577, 'eval_samples_per_second': 328.41, 'eval_steps_per_second': 41.051, 'epoch': 1.0}
{'eval_loss': 1.5015687942504883, 'eval_f1_macro': 0.2958092926165682, 'eval_f1_weighted': 0.3148801829787382, 'eval_precision_macro': 0.320752034104923, 'eval_recall_macro': 0.4007081280788178, 'eval_accuracy': 0.42592592592592593, 'eval_runtime': 0.5932, 'eval_samples_per_second': 364.126, 'eval_steps_per_second': 45.516, 'epoch': 2.0}
{'eval_loss': 1.386811375617981, 'eval_f1_macro': 0.4286275017253278, 'eval_f1_weighted': 0.4564257278327326, 'eval_precision_macro': 0.40212340597470875, 'eval_recall_macro': 0.49645935960591137, 'eval_accuracy': 0.5277777777777778, 'eval_runtime': 0.6462, 'eval_samples_per_second': 334.244, 'eval_steps_per_second': 41.781, 'epoch': 3.0}
{'train_runtime': 19.2199, 'train_samples_per_second': 157.337, 'train_steps_per_second': 19.667, 'train_loss': 1.702673695074818, 'epoch': 3.0}
  Model             : HubertForSequenceClassification  (94,570,632 params, 94,570,632 trainable)
{'eval_loss': 1.8094255924224854, 'eval_f1_macro': 0.13486665773251139, 'eval_f1_weighted': 0.1422112778820096, 'eval_precision_macro': 0.11435185185185184, 'eval_recall_macro': 0.2629310344827586, 'eval_accuracy': 0.2777777777777778, 'eval_runtime': 0.6636, 'eval_samples_per_second': 325.504, 'eval_steps_per_second': 40.688, 'epoch': 1.0}
  Model             : HubertForSequenceClassification  (94,570,632 params, 94,570,632 trainable)
{'eval_loss': 2.118272542953491, 'eval_f1_macro': 0.02959183673469388, 'eval_f1_weighted': 0.031783824640967503, 'eval_precision_macro': 0.01678240740740741, 'eval_recall_macro': 0.125, 'eval_accuracy': 0.13425925925925927, 'eval_runtime': 0.6417, 'eval_samples_per_second': 336.592, 'eval_steps_per_second': 42.074, 'epoch': 1.0}
  Model             : HubertForSequenceClassification  (94,570,632 params, 94,570,632 trainable)
{'eval_loss': 1.8504999876022339, 'eval_f1_macro': 0.11915449166867907, 'eval_f1_weighted': 0.12541382695180087, 'eval_precision_macro': 0.08507942939802712, 'eval_recall_macro': 0.25, 'eval_accuracy': 0.2638888888888889, 'eval_runtime': 0.6438, 'eval_samples_per_second': 335.53, 'eval_steps_per_second': 41.941, 'epoch': 1.0}
  Model             : HubertForSequenceClassification  (94,570,632 params, 94,570,632 trainable)
{'eval_loss': 1.6812360286712646, 'eval_f1_macro': 0.23565968482512328, 'eval_f1_weighted': 0.24991082957000424, 'eval_precision_macro': 0.1801900290632685, 'eval_recall_macro': 0.35329433497536944, 'eval_accuracy': 0.375, 'eval_runtime': 0.6301, 'eval_samples_per_second': 342.789, 'eval_steps_per_second': 42.849, 'epoch': 1.0}
{'eval_loss': 1.563383936882019, 'eval_f1_macro': 0.34398317267038725, 'eval_f1_weighted': 0.3663769879299222, 'eval_precision_macro': 0.3865977772227772, 'eval_recall_macro': 0.42718596059113306, 'eval_accuracy': 0.4537037037037037, 'eval_runtime': 0.6173, 'eval_samples_per_second': 349.932, 'eval_steps_per_second': 43.742, 'epoch': 2.0}
{'eval_loss': 1.4200845956802368, 'eval_f1_macro': 0.43875479217110575, 'eval_f1_weighted': 0.467769146264909, 'eval_precision_macro': 0.40942752100840335, 'eval_recall_macro': 0.5090825123152709, 'eval_accuracy': 0.5416666666666666, 'eval_runtime': 0.6502, 'eval_samples_per_second': 332.188, 'eval_steps_per_second': 41.524, 'epoch': 3.0}
{'train_runtime': 19.1502, 'train_samples_per_second': 157.91, 'train_steps_per_second': 19.739, 'train_loss': 1.6900069625289351, 'epoch': 3.0}
  Model             : HubertForSequenceClassification  (94,570,632 params, 94,570,632 trainable)
{'eval_loss': 1.7701687812805176, 'eval_f1_macro': 0.20012080513581165, 'eval_f1_weighted': 0.212126533052474, 'eval_precision_macro': 0.16675238443330548, 'eval_recall_macro': 0.3103448275862069, 'eval_accuracy': 0.3287037037037037, 'eval_runtime': 0.6527, 'eval_samples_per_second': 330.958, 'eval_steps_per_second': 41.37, 'epoch': 1.0}
{'eval_loss': 1.6143369674682617, 'eval_f1_macro': 0.29062646047956575, 'eval_f1_weighted': 0.3091926305163362, 'eval_precision_macro': 0.3991927190456602, 'eval_recall_macro': 0.38823891625615764, 'eval_accuracy': 0.41203703703703703, 'eval_runtime': 0.6429, 'eval_samples_per_second': 335.994, 'eval_steps_per_second': 41.999, 'epoch': 2.0}
{'eval_loss': 1.5160748958587646, 'eval_f1_macro': 0.39414144923048716, 'eval_f1_weighted': 0.41936166930231067, 'eval_precision_macro': 0.3904701576576577, 'eval_recall_macro': 0.4535098522167488, 'eval_accuracy': 0.48148148148148145, 'eval_runtime': 0.6357, 'eval_samples_per_second': 339.807, 'eval_steps_per_second': 42.476, 'epoch': 3.0}
  Model             : HubertForSequenceClassification  (94,570,632 params, 94,570,632 trainable)
{'eval_loss': 1.6280336380004883, 'eval_f1_macro': 0.2701603529443286, 'eval_f1_weighted': 0.2867099010889861, 'eval_precision_macro': 0.29612830143147606, 'eval_recall_macro': 0.375, 'eval_accuracy': 0.39814814814814814, 'eval_runtime': 0.635, 'eval_samples_per_second': 340.157, 'eval_steps_per_second': 42.52, 'epoch': 1.0}
{'eval_loss': 1.399388074874878, 'eval_f1_macro': 0.37798014615883074, 'eval_f1_weighted': 0.4018800916259337, 'eval_precision_macro': 0.36378467324016034, 'eval_recall_macro': 0.45751231527093594, 'eval_accuracy': 0.4861111111111111, 'eval_runtime': 0.6366, 'eval_samples_per_second': 339.28, 'eval_steps_per_second': 42.41, 'epoch': 2.0}
{'eval_loss': 1.2798212766647339, 'eval_f1_macro': 0.4699724637365874, 'eval_f1_weighted': 0.5008260735318119, 'eval_precision_macro': 0.46891733709289385, 'eval_recall_macro': 0.5350985221674877, 'eval_accuracy': 0.5694444444444444, 'eval_runtime': 0.6271, 'eval_samples_per_second': 344.457, 'eval_steps_per_second': 43.057, 'epoch': 3.0}
{'train_runtime': 19.2433, 'train_samples_per_second': 157.145, 'train_steps_per_second': 19.643, 'train_loss': 1.6263208136987435, 'epoch': 3.0}
  Model             : HubertForSequenceClassification  (94,570,632 params, 94,570,632 trainable)
{'eval_loss': 1.7380235195159912, 'eval_f1_macro': 0.1844073165493772, 'eval_f1_weighted': 0.1958700054086531, 'eval_precision_macro': 0.21828902229845626, 'eval_recall_macro': 0.2974137931034483, 'eval_accuracy': 0.3148148148148148, 'eval_runtime': 0.6326, 'eval_samples_per_second': 341.425, 'eval_steps_per_second': 42.678, 'epoch': 1.0}
{'eval_loss': 1.4501614570617676, 'eval_f1_macro': 0.3994025249192027, 'eval_f1_weighted': 0.4247887644222509, 'eval_precision_macro': 0.4399736944583522, 'eval_recall_macro': 0.46613300492610843, 'eval_accuracy': 0.49537037037037035, 'eval_runtime': 0.6755, 'eval_samples_per_second': 319.765, 'eval_steps_per_second': 39.971, 'epoch': 2.0}
{'eval_loss': 1.357914686203003, 'eval_f1_macro': 0.4481608219656694, 'eval_f1_weighted': 0.4771053180575804, 'eval_precision_macro': 0.48773289869883313, 'eval_recall_macro': 0.5052339901477833, 'eval_accuracy': 0.5370370370370371, 'eval_runtime': 0.6316, 'eval_samples_per_second': 341.98, 'eval_steps_per_second': 42.748, 'epoch': 3.0}
{'train_runtime': 13.8906, 'train_samples_per_second': 217.7, 'train_steps_per_second': 13.606, 'train_loss': 1.6820948363611938, 'epoch': 3.0}
  Model             : HubertForSequenceClassification  (94,570,632 params, 94,570,632 trainable)
{'eval_loss': 1.7482141256332397, 'eval_f1_macro': 0.2558921671935371, 'eval_f1_weighted': 0.2713808557415863, 'eval_precision_macro': 0.430107119582926, 'eval_recall_macro': 0.35375615763546797, 'eval_accuracy': 0.375, 'eval_runtime': 0.632, 'eval_samples_per_second': 341.797, 'eval_steps_per_second': 42.725, 'epoch': 1.0}
{'loss': 1.8318, 'grad_norm': 14.396472930908203, 'learning_rate': 7.981908099565652e-06, 'epoch': 1.98}
{'eval_loss': 1.4722267389297485, 'eval_f1_macro': 0.4179525910922925, 'eval_f1_weighted': 0.44518261841600143, 'eval_precision_macro': 0.4383448679934223, 'eval_recall_macro': 0.4919950738916256, 'eval_accuracy': 0.5231481481481481, 'eval_runtime': 0.6346, 'eval_samples_per_second': 340.364, 'eval_steps_per_second': 42.545, 'epoch': 2.0}
{'eval_loss': 1.3463767766952515, 'eval_f1_macro': 0.4693293622591042, 'eval_f1_weighted': 0.500236475512865, 'eval_precision_macro': 0.5057644401584565, 'eval_recall_macro': 0.5352524630541872, 'eval_accuracy': 0.5694444444444444, 'eval_runtime': 0.6357, 'eval_samples_per_second': 339.763, 'eval_steps_per_second': 42.47, 'epoch': 3.0}
{'train_runtime': 29.7292, 'train_samples_per_second': 101.718, 'train_steps_per_second': 25.43, 'train_loss': 1.6978968060205852, 'epoch': 3.0}
  Model             : HubertForSequenceClassification  (94,570,632 params, 94,570,632 trainable)
{'eval_loss': 1.7436184883117676, 'eval_f1_macro': 0.20781640060438838, 'eval_f1_weighted': 0.2201237883034789, 'eval_precision_macro': 0.31387163561076603, 'eval_recall_macro': 0.3017241379310344, 'eval_accuracy': 0.3194444444444444, 'eval_runtime': 0.66, 'eval_samples_per_second': 327.256, 'eval_steps_per_second': 40.907, 'epoch': 1.0}
  Model             : HubertForSequenceClassification  (94,570,632 params, 94,570,632 trainable)
{'eval_loss': 1.7666106224060059, 'eval_f1_macro': 0.20038009841233229, 'eval_f1_weighted': 0.2123740658160948, 'eval_precision_macro': 0.1855731705870491, 'eval_recall_macro': 0.3060344827586207, 'eval_accuracy': 0.32407407407407407, 'eval_runtime': 0.6293, 'eval_samples_per_second': 343.23, 'eval_steps_per_second': 42.904, 'epoch': 1.0}
  Model             : HubertForSequenceClassification  (94,570,632 params, 94,570,632 trainable)
{'eval_loss': 1.8254485130310059, 'eval_f1_macro': 0.1680630159657688, 'eval_f1_weighted': 0.1774347662313237, 'eval_precision_macro': 0.4105231754465539, 'eval_recall_macro': 0.27601600985221675, 'eval_accuracy': 0.2916666666666667, 'eval_runtime': 0.6303, 'eval_samples_per_second': 342.709, 'eval_steps_per_second': 42.839, 'epoch': 1.0}
  Model             : HubertForSequenceClassification  (94,570,632 params, 94,570,632 trainable)
{'eval_loss': 1.740351915359497, 'eval_f1_macro': 0.13925653594771242, 'eval_f1_weighted': 0.14712085451464535, 'eval_precision_macro': 0.22159625040059824, 'eval_recall_macro': 0.25415640394088673, 'eval_accuracy': 0.26851851851851855, 'eval_runtime': 0.6274, 'eval_samples_per_second': 344.266, 'eval_steps_per_second': 43.033, 'epoch': 1.0}
  Best f1_macro: 2.7145  |  params: {'learning_rate': 2.9158341812828988e-05, 'per_device_train_batch_size': 4, 'warmup_ratio': 0.03333699581625538, 'weight_decay': 0.045430024311046695}
  HPO complete. Skipping training (--hpo_only mode).

======================================================================
[14/21]  hubert-base_emodb
  Model  : facebook/hubert-base-ls960
  Dataset: renumics/emodb
  Output : /home/tu/tu_tu/tu_zxord71/asp-project/outputs/hubert-base_emodb

  Loading: renumics/emodb
  Label col : emotion
  Samples   : 535  |  Classes: 7
    0: 127
    1: 81
    2: 46
    3: 69
    4: 71
    5: 79
    6: 62
  Classes   : ['anger', 'boredom', 'disgust', 'fear', 'happiness', 'neutral', 'sadness']
  Feature extractor : Wav2Vec2FeatureExtractor  (sr=16000)
  Split     : 374 train / 80 val / 81 test  (of 535)
  Model             : HubertForSequenceClassification  (94,570,375 params, 94,570,375 trainable)
  HPO: 20 trials × 3 epochs ...
  Model             : HubertForSequenceClassification  (94,570,375 params, 94,570,375 trainable)
{'eval_loss': 2.089953660964966, 'eval_f1_macro': 0.031746031746031744, 'eval_f1_weighted': 0.02777777777777778, 'eval_precision_macro': 0.017857142857142856, 'eval_recall_macro': 0.14285714285714285, 'eval_accuracy': 0.125, 'eval_runtime': 0.3611, 'eval_samples_per_second': 221.537, 'eval_steps_per_second': 27.692, 'epoch': 1.0}
{'eval_loss': 1.5191528797149658, 'eval_f1_macro': 0.18190614417029513, 'eval_f1_weighted': 0.2493347847121432, 'eval_precision_macro': 0.25609756097560976, 'eval_recall_macro': 0.29761904761904756, 'eval_accuracy': 0.4, 'eval_runtime': 0.3715, 'eval_samples_per_second': 215.361, 'eval_steps_per_second': 26.92, 'epoch': 2.0}
{'eval_loss': 1.5298340320587158, 'eval_f1_macro': 0.15992812219227312, 'eval_f1_weighted': 0.22625786163522013, 'eval_precision_macro': 0.1132404181184669, 'eval_recall_macro': 0.2857142857142857, 'eval_accuracy': 0.3875, 'eval_runtime': 0.3542, 'eval_samples_per_second': 225.83, 'eval_steps_per_second': 28.229, 'epoch': 3.0}
{'train_runtime': 7.9729, 'train_samples_per_second': 140.727, 'train_steps_per_second': 17.685, 'train_loss': 1.7846523853058511, 'epoch': 3.0}
  Model             : HubertForSequenceClassification  (94,570,375 params, 94,570,375 trainable)
{'eval_loss': 1.7415893077850342, 'eval_f1_macro': 0.26536426536426533, 'eval_f1_weighted': 0.32126068376068373, 'eval_precision_macro': 0.2698143664245359, 'eval_recall_macro': 0.33333333333333337, 'eval_accuracy': 0.4375, 'eval_runtime': 0.3404, 'eval_samples_per_second': 235.011, 'eval_steps_per_second': 29.376, 'epoch': 1.0}
{'eval_loss': 1.529144287109375, 'eval_f1_macro': 0.29002370178840764, 'eval_f1_weighted': 0.34913273001508294, 'eval_precision_macro': 0.27053571428571427, 'eval_recall_macro': 0.38571428571428573, 'eval_accuracy': 0.475, 'eval_runtime': 0.3405, 'eval_samples_per_second': 234.929, 'eval_steps_per_second': 29.366, 'epoch': 2.0}
{'eval_loss': 1.454345703125, 'eval_f1_macro': 0.2993202859486699, 'eval_f1_weighted': 0.35452214930270715, 'eval_precision_macro': 0.2546218487394958, 'eval_recall_macro': 0.40238095238095234, 'eval_accuracy': 0.4875, 'eval_runtime': 0.3543, 'eval_samples_per_second': 225.796, 'eval_steps_per_second': 28.225, 'epoch': 3.0}
{'train_runtime': 11.7298, 'train_samples_per_second': 95.654, 'train_steps_per_second': 24.041, 'train_loss': 1.7200945049312943, 'epoch': 3.0}
  Model             : HubertForSequenceClassification  (94,570,375 params, 94,570,375 trainable)
{'eval_loss': 1.927087426185608, 'eval_f1_macro': 0.05483405483405483, 'eval_f1_weighted': 0.09116161616161615, 'eval_precision_macro': 0.033928571428571426, 'eval_recall_macro': 0.14285714285714285, 'eval_accuracy': 0.2375, 'eval_runtime': 0.3631, 'eval_samples_per_second': 220.304, 'eval_steps_per_second': 27.538, 'epoch': 1.0}
{'eval_loss': 1.90472412109375, 'eval_f1_macro': 0.05483405483405483, 'eval_f1_weighted': 0.09116161616161615, 'eval_precision_macro': 0.033928571428571426, 'eval_recall_macro': 0.14285714285714285, 'eval_accuracy': 0.2375, 'eval_runtime': 0.3407, 'eval_samples_per_second': 234.842, 'eval_steps_per_second': 29.355, 'epoch': 2.0}
{'eval_loss': 1.90582275390625, 'eval_f1_macro': 0.05483405483405483, 'eval_f1_weighted': 0.09116161616161615, 'eval_precision_macro': 0.033928571428571426, 'eval_recall_macro': 0.14285714285714285, 'eval_accuracy': 0.2375, 'eval_runtime': 0.3527, 'eval_samples_per_second': 226.797, 'eval_steps_per_second': 28.35, 'epoch': 3.0}
{'train_runtime': 7.9687, 'train_samples_per_second': 140.802, 'train_steps_per_second': 17.694, 'train_loss': 1.9213685380651595, 'epoch': 3.0}
  Model             : HubertForSequenceClassification  (94,570,375 params, 94,570,375 trainable)
{'eval_loss': 1.8564331531524658, 'eval_f1_macro': 0.05483405483405483, 'eval_f1_weighted': 0.09116161616161615, 'eval_precision_macro': 0.033928571428571426, 'eval_recall_macro': 0.14285714285714285, 'eval_accuracy': 0.2375, 'eval_runtime': 0.3629, 'eval_samples_per_second': 220.436, 'eval_steps_per_second': 27.555, 'epoch': 1.0}
{'eval_loss': 1.7503662109375, 'eval_f1_macro': 0.22177731852234567, 'eval_f1_weighted': 0.2749547920433996, 'eval_precision_macro': 0.25952380952380955, 'eval_recall_macro': 0.2857142857142857, 'eval_accuracy': 0.3875, 'eval_runtime': 0.3612, 'eval_samples_per_second': 221.466, 'eval_steps_per_second': 27.683, 'epoch': 2.0}
{'eval_loss': 1.7108643054962158, 'eval_f1_macro': 0.2788208616780045, 'eval_f1_weighted': 0.34553968253968254, 'eval_precision_macro': 0.2289123919558702, 'eval_recall_macro': 0.38095238095238093, 'eval_accuracy': 0.4875, 'eval_runtime': 0.3545, 'eval_samples_per_second': 225.679, 'eval_steps_per_second': 28.21, 'epoch': 3.0}
{'train_runtime': 7.9428, 'train_samples_per_second': 141.259, 'train_steps_per_second': 17.752, 'train_loss': 1.851048895653258, 'epoch': 3.0}
  Model             : HubertForSequenceClassification  (94,570,375 params, 94,570,375 trainable)
{'eval_loss': 1.382574439048767, 'eval_f1_macro': 0.4284976160552198, 'eval_f1_weighted': 0.47817274123725745, 'eval_precision_macro': 0.5131490878999185, 'eval_recall_macro': 0.4904761904761905, 'eval_accuracy': 0.575, 'eval_runtime': 0.3421, 'eval_samples_per_second': 233.853, 'eval_steps_per_second': 29.232, 'epoch': 1.0}
{'eval_loss': 1.2743561267852783, 'eval_f1_macro': 0.31564625850340133, 'eval_f1_weighted': 0.3811904761904762, 'eval_precision_macro': 0.2672684458398744, 'eval_recall_macro': 0.43533834586466164, 'eval_accuracy': 0.5125, 'eval_runtime': 0.3679, 'eval_samples_per_second': 217.465, 'eval_steps_per_second': 27.183, 'epoch': 2.0}
{'eval_loss': 0.8864898681640625, 'eval_f1_macro': 0.5818066836401868, 'eval_f1_weighted': 0.6258120237932366, 'eval_precision_macro': 0.6838550922761449, 'eval_recall_macro': 0.6438417472252059, 'eval_accuracy': 0.7, 'eval_runtime': 0.3571, 'eval_samples_per_second': 224.048, 'eval_steps_per_second': 28.006, 'epoch': 3.0}
{'train_runtime': 6.0228, 'train_samples_per_second': 186.293, 'train_steps_per_second': 11.955, 'train_loss': 1.4131070242987738, 'epoch': 3.0}
  Model             : HubertForSequenceClassification  (94,570,375 params, 94,570,375 trainable)
{'eval_loss': 1.5902831554412842, 'eval_f1_macro': 0.2418043581068791, 'eval_f1_weighted': 0.314545199898141, 'eval_precision_macro': 0.32041040100250623, 'eval_recall_macro': 0.33571428571428574, 'eval_accuracy': 0.4375, 'eval_runtime': 0.3595, 'eval_samples_per_second': 222.533, 'eval_steps_per_second': 27.817, 'epoch': 1.0}
  Model             : HubertForSequenceClassification  (94,570,375 params, 94,570,375 trainable)
{'eval_loss': 1.8032104969024658, 'eval_f1_macro': 0.05483405483405483, 'eval_f1_weighted': 0.09116161616161615, 'eval_precision_macro': 0.033928571428571426, 'eval_recall_macro': 0.14285714285714285, 'eval_accuracy': 0.2375, 'eval_runtime': 0.3529, 'eval_samples_per_second': 226.675, 'eval_steps_per_second': 28.334, 'epoch': 1.0}
{'eval_loss': 1.6374022960662842, 'eval_f1_macro': 0.2098124098124098, 'eval_f1_weighted': 0.2724242424242424, 'eval_precision_macro': 0.2590702947845805, 'eval_recall_macro': 0.31428571428571433, 'eval_accuracy': 0.4125, 'eval_runtime': 0.3594, 'eval_samples_per_second': 222.601, 'eval_steps_per_second': 27.825, 'epoch': 2.0}
{'eval_loss': 1.5910766124725342, 'eval_f1_macro': 0.2979814315663372, 'eval_f1_weighted': 0.35339412997903563, 'eval_precision_macro': 0.2678018575851393, 'eval_recall_macro': 0.39999999999999997, 'eval_accuracy': 0.4875, 'eval_runtime': 0.3516, 'eval_samples_per_second': 227.511, 'eval_steps_per_second': 28.439, 'epoch': 3.0}
{'train_runtime': 7.9843, 'train_samples_per_second': 140.525, 'train_steps_per_second': 17.66, 'train_loss': 1.790032352961547, 'epoch': 3.0}
  Model             : HubertForSequenceClassification  (94,570,375 params, 94,570,375 trainable)
{'eval_loss': 1.8319823741912842, 'eval_f1_macro': 0.05483405483405483, 'eval_f1_weighted': 0.09116161616161615, 'eval_precision_macro': 0.033928571428571426, 'eval_recall_macro': 0.14285714285714285, 'eval_accuracy': 0.2375, 'eval_runtime': 0.3806, 'eval_samples_per_second': 210.198, 'eval_steps_per_second': 26.275, 'epoch': 1.0}
{'eval_loss': 1.725976586341858, 'eval_f1_macro': 0.1809418416979474, 'eval_f1_weighted': 0.24449713050415625, 'eval_precision_macro': 0.2538150395293252, 'eval_recall_macro': 0.2976190476190476, 'eval_accuracy': 0.4, 'eval_runtime': 0.3363, 'eval_samples_per_second': 237.913, 'eval_steps_per_second': 29.739, 'epoch': 2.0}
  Model             : HubertForSequenceClassification  (94,570,375 params, 94,570,375 trainable)
{'eval_loss': 1.980065941810608, 'eval_f1_macro': 0.031746031746031744, 'eval_f1_weighted': 0.02777777777777778, 'eval_precision_macro': 0.017857142857142856, 'eval_recall_macro': 0.14285714285714285, 'eval_accuracy': 0.125, 'eval_runtime': 0.3611, 'eval_samples_per_second': 221.56, 'eval_steps_per_second': 27.695, 'epoch': 1.0}
  Model             : HubertForSequenceClassification  (94,570,375 params, 94,570,375 trainable)
{'eval_loss': 1.618133544921875, 'eval_f1_macro': 0.2386455785201009, 'eval_f1_weighted': 0.3157739358774785, 'eval_precision_macro': 0.18593284087828682, 'eval_recall_macro': 0.34523809523809523, 'eval_accuracy': 0.45, 'eval_runtime': 0.3874, 'eval_samples_per_second': 206.505, 'eval_steps_per_second': 25.813, 'epoch': 1.0}
  Model             : HubertForSequenceClassification  (94,570,375 params, 94,570,375 trainable)
{'eval_loss': 1.7531006336212158, 'eval_f1_macro': 0.16472425808001923, 'eval_f1_weighted': 0.21350925147182503, 'eval_precision_macro': 0.1271175136721355, 'eval_recall_macro': 0.2619047619047619, 'eval_accuracy': 0.3625, 'eval_runtime': 0.3612, 'eval_samples_per_second': 221.476, 'eval_steps_per_second': 27.684, 'epoch': 1.0}
  Model             : HubertForSequenceClassification  (94,570,375 params, 94,570,375 trainable)
{'eval_loss': 1.765600562095642, 'eval_f1_macro': 0.15763546798029557, 'eval_f1_weighted': 0.20373563218390806, 'eval_precision_macro': 0.13515406162464985, 'eval_recall_macro': 0.23809523809523808, 'eval_accuracy': 0.3375, 'eval_runtime': 0.3911, 'eval_samples_per_second': 204.571, 'eval_steps_per_second': 25.571, 'epoch': 1.0}
  Model             : HubertForSequenceClassification  (94,570,375 params, 94,570,375 trainable)
{'eval_loss': 1.6629607677459717, 'eval_f1_macro': 0.1468284611141754, 'eval_f1_weighted': 0.18624517374517374, 'eval_precision_macro': 0.10077922077922077, 'eval_recall_macro': 0.2714285714285714, 'eval_accuracy': 0.35, 'eval_runtime': 0.3348, 'eval_samples_per_second': 238.957, 'eval_steps_per_second': 29.87, 'epoch': 1.0}
  Model             : HubertForSequenceClassification  (94,570,375 params, 94,570,375 trainable)
{'eval_loss': 1.7076294422149658, 'eval_f1_macro': 0.22418360892744196, 'eval_f1_weighted': 0.27972612270714736, 'eval_precision_macro': 0.21689044038668098, 'eval_recall_macro': 0.3095238095238095, 'eval_accuracy': 0.4125, 'eval_runtime': 0.4006, 'eval_samples_per_second': 199.712, 'eval_steps_per_second': 24.964, 'epoch': 1.0}
{'eval_loss': 1.4946410655975342, 'eval_f1_macro': 0.29259059598682235, 'eval_f1_weighted': 0.34443186582809227, 'eval_precision_macro': 0.2636001769128704, 'eval_recall_macro': 0.3924812030075188, 'eval_accuracy': 0.475, 'eval_runtime': 0.3472, 'eval_samples_per_second': 230.392, 'eval_steps_per_second': 28.799, 'epoch': 2.0}
{'eval_loss': 1.4167602062225342, 'eval_f1_macro': 0.3620408163265306, 'eval_f1_weighted': 0.41397619047619044, 'eval_precision_macro': 0.4611806012727672, 'eval_recall_macro': 0.42581453634085215, 'eval_accuracy': 0.5, 'eval_runtime': 0.3956, 'eval_samples_per_second': 202.227, 'eval_steps_per_second': 25.278, 'epoch': 3.0}
{'train_runtime': 8.1299, 'train_samples_per_second': 138.009, 'train_steps_per_second': 17.343, 'train_loss': 1.697579782905308, 'epoch': 3.0}
  Model             : HubertForSequenceClassification  (94,570,375 params, 94,570,375 trainable)
{'eval_loss': 1.5309937000274658, 'eval_f1_macro': 0.14915254237288136, 'eval_f1_weighted': 0.20296610169491522, 'eval_precision_macro': 0.10357142857142856, 'eval_recall_macro': 0.2857142857142857, 'eval_accuracy': 0.3625, 'eval_runtime': 0.348, 'eval_samples_per_second': 229.91, 'eval_steps_per_second': 28.739, 'epoch': 1.0}
  Model             : HubertForSequenceClassification  (94,570,375 params, 94,570,375 trainable)
{'eval_loss': 1.5152709484100342, 'eval_f1_macro': 0.15, 'eval_f1_weighted': 0.20249999999999999, 'eval_precision_macro': 0.1037960755547405, 'eval_recall_macro': 0.2857142857142857, 'eval_accuracy': 0.3625, 'eval_runtime': 0.3391, 'eval_samples_per_second': 235.907, 'eval_steps_per_second': 29.488, 'epoch': 1.0}
{'eval_loss': 1.216180443763733, 'eval_f1_macro': 0.4292891390452366, 'eval_f1_weighted': 0.4724736814675839, 'eval_precision_macro': 0.39850723988655024, 'eval_recall_macro': 0.5142857142857142, 'eval_accuracy': 0.5875, 'eval_runtime': 0.3802, 'eval_samples_per_second': 210.395, 'eval_steps_per_second': 26.299, 'epoch': 2.0}
{'eval_loss': 1.061773657798767, 'eval_f1_macro': 0.4913154533844189, 'eval_f1_weighted': 0.5495306513409962, 'eval_precision_macro': 0.45908727863615084, 'eval_recall_macro': 0.5734335839598997, 'eval_accuracy': 0.6375, 'eval_runtime': 0.3508, 'eval_samples_per_second': 228.047, 'eval_steps_per_second': 28.506, 'epoch': 3.0}
{'train_runtime': 7.953, 'train_samples_per_second': 141.079, 'train_steps_per_second': 17.729, 'train_loss': 1.4923612986896055, 'epoch': 3.0}
  Model             : HubertForSequenceClassification  (94,570,375 params, 94,570,375 trainable)
{'eval_loss': 1.56732177734375, 'eval_f1_macro': 0.2532141061552826, 'eval_f1_weighted': 0.29554110105580694, 'eval_precision_macro': 0.20182215743440235, 'eval_recall_macro': 0.35714285714285715, 'eval_accuracy': 0.4375, 'eval_runtime': 0.4016, 'eval_samples_per_second': 199.224, 'eval_steps_per_second': 24.903, 'epoch': 1.0}
  Model             : HubertForSequenceClassification  (94,570,375 params, 94,570,375 trainable)
{'eval_loss': 1.6578795909881592, 'eval_f1_macro': 0.24714285714285714, 'eval_f1_weighted': 0.318875, 'eval_precision_macro': 0.19643599643599646, 'eval_recall_macro': 0.35714285714285715, 'eval_accuracy': 0.4625, 'eval_runtime': 0.3447, 'eval_samples_per_second': 232.088, 'eval_steps_per_second': 29.011, 'epoch': 1.0}
  Model             : HubertForSequenceClassification  (94,570,375 params, 94,570,375 trainable)
{'eval_loss': 1.4048064947128296, 'eval_f1_macro': 0.15126050420168066, 'eval_f1_weighted': 0.20735294117647057, 'eval_precision_macro': 0.10627177700348432, 'eval_recall_macro': 0.2857142857142857, 'eval_accuracy': 0.3625, 'eval_runtime': 0.3751, 'eval_samples_per_second': 213.291, 'eval_steps_per_second': 26.661, 'epoch': 1.0}
{'eval_loss': 1.12432861328125, 'eval_f1_macro': 0.30623249299719896, 'eval_f1_weighted': 0.37628676470588235, 'eval_precision_macro': 0.2988083345226202, 'eval_recall_macro': 0.37343358395989973, 'eval_accuracy': 0.4625, 'eval_runtime': 0.3587, 'eval_samples_per_second': 222.997, 'eval_steps_per_second': 27.875, 'epoch': 2.0}
{'eval_loss': 1.0117371082305908, 'eval_f1_macro': 0.37754738258939946, 'eval_f1_weighted': 0.4359702062643239, 'eval_precision_macro': 0.33750138750138753, 'eval_recall_macro': 0.4401002506265664, 'eval_accuracy': 0.5125, 'eval_runtime': 0.412, 'eval_samples_per_second': 194.153, 'eval_steps_per_second': 24.269, 'epoch': 3.0}
{'train_runtime': 8.0582, 'train_samples_per_second': 139.237, 'train_steps_per_second': 17.498, 'train_loss': 1.4482330971575799, 'epoch': 3.0}
  Model             : HubertForSequenceClassification  (94,570,375 params, 94,570,375 trainable)
{'eval_loss': 1.4702575206756592, 'eval_f1_macro': 0.15161135161135159, 'eval_f1_weighted': 0.2103872053872054, 'eval_precision_macro': 0.10786435786435787, 'eval_recall_macro': 0.2857142857142857, 'eval_accuracy': 0.3625, 'eval_runtime': 0.3471, 'eval_samples_per_second': 230.505, 'eval_steps_per_second': 28.813, 'epoch': 1.0}
  Best f1_macro: 3.2353  |  params: {'learning_rate': 0.0001646344303952298, 'per_device_train_batch_size': 16, 'warmup_ratio': 0.11940369207689217, 'weight_decay': 0.08487647829478764}
  HPO complete. Skipping training (--hpo_only mode).

======================================================================
[15/21]  hubert-base_cameo
  Model  : facebook/hubert-base-ls960
  Dataset: amu-cai/CAMEO
  Output : /home/tu/tu_tu/tu_zxord71/asp-project/outputs/hubert-base_cameo

  Loading: amu-cai/CAMEO
  Multiple splits found (['crema_d', 'cafe', 'emns', 'emozionalmente', 'enterface', 'jl_corpus', 'mesd', 'nemo', 'oreau', 'pavoque', 'ravdess', 'resd', 'subesco']) — concatenating into one.
  Label col : emotion
  Samples   : 41,265  |  Classes: 17
    anger: 5961
    anxiety: 240
    apology: 240
    assertiveness: 240
    calm: 192
    concern: 240
    disgust: 4368
    encouragement: 240
    enthusiasm: 198
    excitement: 395
    fear: 4977
    happiness: 5965
    neutral: 7970
    poker: 575
    sadness: 5896
    sarcasm: 142
    surprise: 3426
  Filtered to core emotions: 41,265 -> 38,563 samples (2,702 dropped)
  Classes   : ['anger', 'disgust', 'fear', 'happiness', 'neutral', 'sadness', 'surprise']
  Feature extractor : Wav2Vec2FeatureExtractor  (sr=16000)

ERROR in hubert-base_cameo:
Traceback (most recent call last):
  File "/home/tu/tu_tu/tu_zxord71/asp-project/experiments/run_all.py", line 353, in main
    metrics = run_experiment(
              ^^^^^^^^^^^^^^^
  File "/home/tu/tu_tu/tu_zxord71/asp-project/experiments/run_all.py", line 137, in run_experiment
    full_ds = featurise_split(
              ^^^^^^^^^^^^^^^^
  File "/home/tu/tu_tu/tu_zxord71/asp-project/experiments/pipeline/data.py", line 283, in featurise_split
    d = raw_split.map(fn, batched=True, num_proc=1, remove_columns=raw_split.column_names, desc=desc)
        ^^^^^^^^^^^^^^^^^^^^^^^^^^^^^^^^^^^^^^^^^^^^^^^^^^^^^^^^^^^^^^^^^^^^^^^^^^^^^^^^^^^^^^^^^^^^^
  File "/home/tu/tu_tu/tu_zxord71/asp-project/.venv/lib64/python3.11/site-packages/datasets/arrow_dataset.py", line 576, in wrapper
    out: Union["Dataset", "DatasetDict"] = func(self, *args, **kwargs)
                                           ^^^^^^^^^^^^^^^^^^^^^^^^^^^
  File "/home/tu/tu_tu/tu_zxord71/asp-project/.venv/lib64/python3.11/site-packages/datasets/arrow_dataset.py", line 3624, in map
    for rank, done, content in iflatmap_unordered(
  File "/home/tu/tu_tu/tu_zxord71/asp-project/.venv/lib64/python3.11/site-packages/datasets/utils/py_utils.py", line 617, in iflatmap_unordered
    raise RuntimeError(
RuntimeError: One of the subprocesses has abruptly died during map operation.To debug the error, disable multiprocessing.


======================================================================
[16/21]  wavlm-base_ravdess
  Model  : microsoft/wavlm-base
  Dataset: xbgoose/ravdess
  Output : /home/tu/tu_tu/tu_zxord71/asp-project/outputs/wavlm-base_ravdess

  Loading: xbgoose/ravdess
  Label col : emotion
  Samples   : 1,440  |  Classes: 8
    angry: 192
    calm: 192
    disgust: 192
    fearful: 192
    happy: 192
    neutral: 96
    sad: 192
    surprised: 192
  Classes   : ['angry', 'calm', 'disgust', 'fearful', 'happy', 'neutral', 'sad', 'surprised']
  Feature extractor : Wav2Vec2FeatureExtractor  (sr=16000)
  Split     : 1,008 train / 216 val / 216 test  (of 1,440)
  Model             : WavLMForSequenceClassification  (94,580,856 params, 94,580,856 trainable)
  HPO: 20 trials × 3 epochs ...
  Model             : WavLMForSequenceClassification  (94,580,856 params, 94,580,856 trainable)
{'eval_loss': 2.028211832046509, 'eval_f1_macro': 0.3179599438334081, 'eval_f1_weighted': 0.3369546798394429, 'eval_precision_macro': 0.39864471326164874, 'eval_recall_macro': 0.35360221674876846, 'eval_accuracy': 0.375, 'eval_runtime': 0.8968, 'eval_samples_per_second': 240.846, 'eval_steps_per_second': 30.106, 'epoch': 1.0}
{'eval_loss': 1.9462076425552368, 'eval_f1_macro': 0.2852455899572838, 'eval_f1_weighted': 0.3031377848412648, 'eval_precision_macro': 0.31107478322312077, 'eval_recall_macro': 0.36961206896551724, 'eval_accuracy': 0.39351851851851855, 'eval_runtime': 0.8079, 'eval_samples_per_second': 267.344, 'eval_steps_per_second': 33.418, 'epoch': 2.0}
{'eval_loss': 1.8827446699142456, 'eval_f1_macro': 0.29170567029577565, 'eval_f1_weighted': 0.31021203694007077, 'eval_precision_macro': 0.30732843820677264, 'eval_recall_macro': 0.3876231527093596, 'eval_accuracy': 0.41203703703703703, 'eval_runtime': 0.8573, 'eval_samples_per_second': 251.968, 'eval_steps_per_second': 31.496, 'epoch': 3.0}
{'train_runtime': 22.3724, 'train_samples_per_second': 135.166, 'train_steps_per_second': 8.448, 'train_loss': 1.99202796895668, 'epoch': 3.0}
  Model             : WavLMForSequenceClassification  (94,580,856 params, 94,580,856 trainable)
{'eval_loss': 1.7994023561477661, 'eval_f1_macro': 0.13816541738295074, 'eval_f1_weighted': 0.14534340594175596, 'eval_precision_macro': 0.2040573485024379, 'eval_recall_macro': 0.2498460591133005, 'eval_accuracy': 0.2638888888888889, 'eval_runtime': 0.8629, 'eval_samples_per_second': 250.305, 'eval_steps_per_second': 31.288, 'epoch': 1.0}
{'loss': 1.8349, 'grad_norm': 8.262154579162598, 'learning_rate': 1.4776604737405997e-05, 'epoch': 1.98}
{'eval_loss': 1.5020729303359985, 'eval_f1_macro': 0.3291482184271558, 'eval_f1_weighted': 0.35082895065632785, 'eval_precision_macro': 0.36261526893671947, 'eval_recall_macro': 0.4267241379310345, 'eval_accuracy': 0.4537037037037037, 'eval_runtime': 0.8056, 'eval_samples_per_second': 268.119, 'eval_steps_per_second': 33.515, 'epoch': 2.0}
{'eval_loss': 1.1930960416793823, 'eval_f1_macro': 0.5392989702563942, 'eval_f1_weighted': 0.5739935616964528, 'eval_precision_macro': 0.5414077729044834, 'eval_recall_macro': 0.5879002463054187, 'eval_accuracy': 0.625, 'eval_runtime': 0.8095, 'eval_samples_per_second': 266.82, 'eval_steps_per_second': 33.352, 'epoch': 3.0}
{'train_runtime': 43.7847, 'train_samples_per_second': 69.065, 'train_steps_per_second': 17.266, 'train_loss': 1.6523056433945107, 'epoch': 3.0}
  Model             : WavLMForSequenceClassification  (94,580,856 params, 94,580,856 trainable)
{'eval_loss': 1.9870786666870117, 'eval_f1_macro': 0.17530821308377953, 'eval_f1_weighted': 0.18562306647460078, 'eval_precision_macro': 0.21292272439949433, 'eval_recall_macro': 0.23506773399014777, 'eval_accuracy': 0.25, 'eval_runtime': 0.8251, 'eval_samples_per_second': 261.802, 'eval_steps_per_second': 32.725, 'epoch': 1.0}
{'eval_loss': 1.8614863157272339, 'eval_f1_macro': 0.2822646949059515, 'eval_f1_weighted': 0.3003336846520714, 'eval_precision_macro': 0.2760598271938181, 'eval_recall_macro': 0.3914716748768473, 'eval_accuracy': 0.4166666666666667, 'eval_runtime': 0.8544, 'eval_samples_per_second': 252.799, 'eval_steps_per_second': 31.6, 'epoch': 2.0}
{'eval_loss': 1.7921414375305176, 'eval_f1_macro': 0.310325479295191, 'eval_f1_weighted': 0.3300799332520797, 'eval_precision_macro': 0.3209503577817531, 'eval_recall_macro': 0.4133312807881774, 'eval_accuracy': 0.4398148148148148, 'eval_runtime': 0.8147, 'eval_samples_per_second': 265.136, 'eval_steps_per_second': 33.142, 'epoch': 3.0}
{'train_runtime': 26.5745, 'train_samples_per_second': 113.793, 'train_steps_per_second': 14.224, 'train_loss': 1.9329433542080026, 'epoch': 3.0}
  Model             : WavLMForSequenceClassification  (94,580,856 params, 94,580,856 trainable)
{'eval_loss': 1.9691885709762573, 'eval_f1_macro': 0.18854412295795892, 'eval_f1_weighted': 0.19849015044403057, 'eval_precision_macro': 0.2304222972225357, 'eval_recall_macro': 0.2587746305418719, 'eval_accuracy': 0.27314814814814814, 'eval_runtime': 0.8732, 'eval_samples_per_second': 247.361, 'eval_steps_per_second': 30.92, 'epoch': 1.0}
{'eval_loss': 1.9031394720077515, 'eval_f1_macro': 0.25956236408822614, 'eval_f1_weighted': 0.27520228561895227, 'eval_precision_macro': 0.23261785773779778, 'eval_recall_macro': 0.3491379310344827, 'eval_accuracy': 0.37037037037037035, 'eval_runtime': 0.8415, 'eval_samples_per_second': 256.677, 'eval_steps_per_second': 32.085, 'epoch': 2.0}
{'eval_loss': 1.842682957649231, 'eval_f1_macro': 0.3272789132885392, 'eval_f1_weighted': 0.348611742844304, 'eval_precision_macro': 0.35374707259953164, 'eval_recall_macro': 0.4004002463054187, 'eval_accuracy': 0.42592592592592593, 'eval_runtime': 0.8157, 'eval_samples_per_second': 264.806, 'eval_steps_per_second': 33.101, 'epoch': 3.0}
{'train_runtime': 26.8579, 'train_samples_per_second': 112.593, 'train_steps_per_second': 14.074, 'train_loss': 1.9669576977926588, 'epoch': 3.0}
  Model             : WavLMForSequenceClassification  (94,580,856 params, 94,580,856 trainable)
{'eval_loss': 1.901911973953247, 'eval_f1_macro': 0.13246149835628498, 'eval_f1_weighted': 0.13908584735413973, 'eval_precision_macro': 0.11052979459019727, 'eval_recall_macro': 0.21874999999999997, 'eval_accuracy': 0.23148148148148148, 'eval_runtime': 0.8145, 'eval_samples_per_second': 265.183, 'eval_steps_per_second': 33.148, 'epoch': 1.0}
{'eval_loss': 1.9030489921569824, 'eval_f1_macro': 0.116720245215311, 'eval_f1_weighted': 0.1223279948608896, 'eval_precision_macro': 0.09305555555555556, 'eval_recall_macro': 0.21875, 'eval_accuracy': 0.23148148148148148, 'eval_runtime': 0.8112, 'eval_samples_per_second': 266.261, 'eval_steps_per_second': 33.283, 'epoch': 2.0}
{'eval_loss': 1.740478515625, 'eval_f1_macro': 0.16219635627530365, 'eval_f1_weighted': 0.1706371519968011, 'eval_precision_macro': 0.1414437095075995, 'eval_recall_macro': 0.2630849753694582, 'eval_accuracy': 0.2777777777777778, 'eval_runtime': 0.85, 'eval_samples_per_second': 254.127, 'eval_steps_per_second': 31.766, 'epoch': 3.0}
{'train_runtime': 26.6064, 'train_samples_per_second': 113.657, 'train_steps_per_second': 14.207, 'train_loss': 1.9469652932787698, 'epoch': 3.0}
  Model             : WavLMForSequenceClassification  (94,580,856 params, 94,580,856 trainable)
{'eval_loss': 2.0710856914520264, 'eval_f1_macro': 0.11218861004084371, 'eval_f1_weighted': 0.11937654299560879, 'eval_precision_macro': 0.1547047766475011, 'eval_recall_macro': 0.19458128078817732, 'eval_accuracy': 0.20833333333333334, 'eval_runtime': 0.8059, 'eval_samples_per_second': 268.036, 'eval_steps_per_second': 33.505, 'epoch': 1.0}
  Model             : WavLMForSequenceClassification  (94,580,856 params, 94,580,856 trainable)
{'eval_loss': 2.081122398376465, 'eval_f1_macro': 0.02959183673469388, 'eval_f1_weighted': 0.031783824640967503, 'eval_precision_macro': 0.01678240740740741, 'eval_recall_macro': 0.125, 'eval_accuracy': 0.13425925925925927, 'eval_runtime': 0.8394, 'eval_samples_per_second': 257.322, 'eval_steps_per_second': 32.165, 'epoch': 1.0}
  Model             : WavLMForSequenceClassification  (94,580,856 params, 94,580,856 trainable)
{'eval_loss': 2.072134494781494, 'eval_f1_macro': 0.02959183673469388, 'eval_f1_weighted': 0.031783824640967503, 'eval_precision_macro': 0.01678240740740741, 'eval_recall_macro': 0.125, 'eval_accuracy': 0.13425925925925927, 'eval_runtime': 0.8277, 'eval_samples_per_second': 260.949, 'eval_steps_per_second': 32.619, 'epoch': 1.0}
  Model             : WavLMForSequenceClassification  (94,580,856 params, 94,580,856 trainable)
{'eval_loss': 1.930659532546997, 'eval_f1_macro': 0.13764367145701134, 'eval_f1_weighted': 0.14489057265240854, 'eval_precision_macro': 0.1912478659837815, 'eval_recall_macro': 0.2586206896551724, 'eval_accuracy': 0.27314814814814814, 'eval_runtime': 0.863, 'eval_samples_per_second': 250.284, 'eval_steps_per_second': 31.286, 'epoch': 1.0}
  Model             : WavLMForSequenceClassification  (94,580,856 params, 94,580,856 trainable)
{'eval_loss': 2.0742504596710205, 'eval_f1_macro': 0.02959183673469388, 'eval_f1_weighted': 0.031783824640967503, 'eval_precision_macro': 0.01678240740740741, 'eval_recall_macro': 0.125, 'eval_accuracy': 0.13425925925925927, 'eval_runtime': 0.8666, 'eval_samples_per_second': 249.26, 'eval_steps_per_second': 31.157, 'epoch': 1.0}
  Model             : WavLMForSequenceClassification  (94,580,856 params, 94,580,856 trainable)
{'eval_loss': 2.106693983078003, 'eval_f1_macro': 0.02959183673469388, 'eval_f1_weighted': 0.031783824640967503, 'eval_precision_macro': 0.01678240740740741, 'eval_recall_macro': 0.125, 'eval_accuracy': 0.13425925925925927, 'eval_runtime': 0.8029, 'eval_samples_per_second': 269.039, 'eval_steps_per_second': 33.63, 'epoch': 1.0}
  Model             : WavLMForSequenceClassification  (94,580,856 params, 94,580,856 trainable)
{'eval_loss': 1.8733724355697632, 'eval_f1_macro': 0.2180876085704364, 'eval_f1_weighted': 0.23021558354036795, 'eval_precision_macro': 0.3214838249035943, 'eval_recall_macro': 0.2967980295566503, 'eval_accuracy': 0.3148148148148148, 'eval_runtime': 0.796, 'eval_samples_per_second': 271.358, 'eval_steps_per_second': 33.92, 'epoch': 1.0}
{'loss': 1.815, 'grad_norm': 6.165785789489746, 'learning_rate': 8.93614450980128e-06, 'epoch': 1.98}
{'eval_loss': 1.4922101497650146, 'eval_f1_macro': 0.4328912733440414, 'eval_f1_weighted': 0.46126020027201337, 'eval_precision_macro': 0.43695635198415783, 'eval_recall_macro': 0.5007697044334976, 'eval_accuracy': 0.5324074074074074, 'eval_runtime': 0.8598, 'eval_samples_per_second': 251.211, 'eval_steps_per_second': 31.401, 'epoch': 2.0}
{'eval_loss': 1.283207654953003, 'eval_f1_macro': 0.47813731118601455, 'eval_f1_weighted': 0.5089487949539019, 'eval_precision_macro': 0.4413061785003589, 'eval_recall_macro': 0.5441810344827587, 'eval_accuracy': 0.5787037037037037, 'eval_runtime': 0.855, 'eval_samples_per_second': 252.633, 'eval_steps_per_second': 31.579, 'epoch': 3.0}
  Model             : WavLMForSequenceClassification  (94,580,856 params, 94,580,856 trainable)
{'eval_loss': 1.8842095136642456, 'eval_f1_macro': 0.12857733664185275, 'eval_f1_weighted': 0.1350151640474221, 'eval_precision_macro': 0.15251916757940853, 'eval_recall_macro': 0.23645320197044337, 'eval_accuracy': 0.25, 'eval_runtime': 0.8457, 'eval_samples_per_second': 255.408, 'eval_steps_per_second': 31.926, 'epoch': 1.0}
  Model             : WavLMForSequenceClassification  (94,580,856 params, 94,580,856 trainable)
{'eval_loss': 1.791413426399231, 'eval_f1_macro': 0.15033956087868816, 'eval_f1_weighted': 0.159278712280876, 'eval_precision_macro': 0.15559847066167293, 'eval_recall_macro': 0.25862068965517243, 'eval_accuracy': 0.27314814814814814, 'eval_runtime': 0.8378, 'eval_samples_per_second': 257.828, 'eval_steps_per_second': 32.229, 'epoch': 1.0}
  Model             : WavLMForSequenceClassification  (94,580,856 params, 94,580,856 trainable)
{'eval_loss': 2.0648555755615234, 'eval_f1_macro': 0.028688524590163935, 'eval_f1_weighted': 0.029751062537947785, 'eval_precision_macro': 0.016203703703703703, 'eval_recall_macro': 0.125, 'eval_accuracy': 0.12962962962962962, 'eval_runtime': 0.8557, 'eval_samples_per_second': 252.43, 'eval_steps_per_second': 31.554, 'epoch': 1.0}
  Model             : WavLMForSequenceClassification  (94,580,856 params, 94,580,856 trainable)
{'eval_loss': 1.9240044355392456, 'eval_f1_macro': 0.23386134052126278, 'eval_f1_weighted': 0.24799678893874547, 'eval_precision_macro': 0.19388306350873347, 'eval_recall_macro': 0.3308189655172414, 'eval_accuracy': 0.35185185185185186, 'eval_runtime': 0.8544, 'eval_samples_per_second': 252.821, 'eval_steps_per_second': 31.603, 'epoch': 1.0}
{'eval_loss': 1.629826307296753, 'eval_f1_macro': 0.299674923204161, 'eval_f1_weighted': 0.31895559948461344, 'eval_precision_macro': 0.3090339611102117, 'eval_recall_macro': 0.4096366995073891, 'eval_accuracy': 0.4351851851851852, 'eval_runtime': 0.8846, 'eval_samples_per_second': 244.17, 'eval_steps_per_second': 30.521, 'epoch': 2.0}
{'eval_loss': 1.5412145853042603, 'eval_f1_macro': 0.3790391681147983, 'eval_f1_weighted': 0.4038357909856509, 'eval_precision_macro': 0.36176075268817204, 'eval_recall_macro': 0.4655172413793104, 'eval_accuracy': 0.49537037037037035, 'eval_runtime': 0.8547, 'eval_samples_per_second': 252.726, 'eval_steps_per_second': 31.591, 'epoch': 3.0}
{'train_runtime': 26.6134, 'train_samples_per_second': 113.627, 'train_steps_per_second': 14.203, 'train_loss': 1.8103732961826224, 'epoch': 3.0}
  Model             : WavLMForSequenceClassification  (94,580,856 params, 94,580,856 trainable)
{'eval_loss': 1.8192138671875, 'eval_f1_macro': 0.2122844287566319, 'eval_f1_weighted': 0.22477580913484216, 'eval_precision_macro': 0.18824784264140698, 'eval_recall_macro': 0.3103448275862069, 'eval_accuracy': 0.3287037037037037, 'eval_runtime': 0.8426, 'eval_samples_per_second': 256.359, 'eval_steps_per_second': 32.045, 'epoch': 1.0}
  Model             : WavLMForSequenceClassification  (94,580,856 params, 94,580,856 trainable)
{'eval_loss': 2.0234012603759766, 'eval_f1_macro': 0.08966127401415572, 'eval_f1_weighted': 0.09414953376025165, 'eval_precision_macro': 0.1013681592039801, 'eval_recall_macro': 0.16964285714285715, 'eval_accuracy': 0.18055555555555555, 'eval_runtime': 0.8029, 'eval_samples_per_second': 269.024, 'eval_steps_per_second': 33.628, 'epoch': 1.0}
  Model             : WavLMForSequenceClassification  (94,580,856 params, 94,580,856 trainable)
{'eval_loss': 2.0698513984680176, 'eval_f1_macro': 0.02959183673469388, 'eval_f1_weighted': 0.031783824640967503, 'eval_precision_macro': 0.01678240740740741, 'eval_recall_macro': 0.125, 'eval_accuracy': 0.13425925925925927, 'eval_runtime': 0.8055, 'eval_samples_per_second': 268.155, 'eval_steps_per_second': 33.519, 'epoch': 1.0}
  Model             : WavLMForSequenceClassification  (94,580,856 params, 94,580,856 trainable)
{'eval_loss': 1.8896212577819824, 'eval_f1_macro': 0.21417411497916167, 'eval_f1_weighted': 0.22675520839001923, 'eval_precision_macro': 0.342372818079246, 'eval_recall_macro': 0.3146551724137931, 'eval_accuracy': 0.3333333333333333, 'eval_runtime': 0.833, 'eval_samples_per_second': 259.293, 'eval_steps_per_second': 32.412, 'epoch': 1.0}
  Best f1_macro: 2.8676  |  params: {'learning_rate': 3.484288899170441e-05, 'per_device_train_batch_size': 4, 'warmup_ratio': 0.19834452498907285, 'weight_decay': 0.07592117124385152}
  HPO complete. Skipping training (--hpo_only mode).

======================================================================
[17/21]  wavlm-base_emodb
  Model  : microsoft/wavlm-base
  Dataset: renumics/emodb
  Output : /home/tu/tu_tu/tu_zxord71/asp-project/outputs/wavlm-base_emodb

  Loading: renumics/emodb
  Label col : emotion
  Samples   : 535  |  Classes: 7
    0: 127
    1: 81
    2: 46
    3: 69
    4: 71
    5: 79
    6: 62
  Classes   : ['anger', 'boredom', 'disgust', 'fear', 'happiness', 'neutral', 'sadness']
  Feature extractor : Wav2Vec2FeatureExtractor  (sr=16000)
  Split     : 374 train / 80 val / 81 test  (of 535)
  Model             : WavLMForSequenceClassification  (94,580,599 params, 94,580,599 trainable)
  HPO: 20 trials × 3 epochs ...
  Model             : WavLMForSequenceClassification  (94,580,599 params, 94,580,599 trainable)
{'eval_loss': 1.4226257801055908, 'eval_f1_macro': 0.25595238095238093, 'eval_f1_weighted': 0.30854166666666666, 'eval_precision_macro': 0.2371977615880055, 'eval_recall_macro': 0.35714285714285715, 'eval_accuracy': 0.45, 'eval_runtime': 0.429, 'eval_samples_per_second': 186.491, 'eval_steps_per_second': 23.311, 'epoch': 1.0}
{'eval_loss': 1.0965912342071533, 'eval_f1_macro': 0.5628815628815629, 'eval_f1_weighted': 0.6021367521367521, 'eval_precision_macro': 0.5623364730507587, 'eval_recall_macro': 0.6047261009667023, 'eval_accuracy': 0.6625, 'eval_runtime': 0.4231, 'eval_samples_per_second': 189.075, 'eval_steps_per_second': 23.634, 'epoch': 2.0}
{'eval_loss': 0.853137195110321, 'eval_f1_macro': 0.7168920712875647, 'eval_f1_weighted': 0.7325142279358661, 'eval_precision_macro': 0.681929181929182, 'eval_recall_macro': 0.7696920873612603, 'eval_accuracy': 0.7875, 'eval_runtime': 0.4405, 'eval_samples_per_second': 181.604, 'eval_steps_per_second': 22.701, 'epoch': 3.0}
{'train_runtime': 10.8153, 'train_samples_per_second': 103.742, 'train_steps_per_second': 13.037, 'train_loss': 1.3761665939439274, 'epoch': 3.0}
  Model             : WavLMForSequenceClassification  (94,580,599 params, 94,580,599 trainable)
{'eval_loss': 1.916894555091858, 'eval_f1_macro': 0.05483405483405483, 'eval_f1_weighted': 0.09116161616161615, 'eval_precision_macro': 0.033928571428571426, 'eval_recall_macro': 0.14285714285714285, 'eval_accuracy': 0.2375, 'eval_runtime': 0.4162, 'eval_samples_per_second': 192.194, 'eval_steps_per_second': 24.024, 'epoch': 1.0}
{'eval_loss': 1.909021019935608, 'eval_f1_macro': 0.05483405483405483, 'eval_f1_weighted': 0.09116161616161615, 'eval_precision_macro': 0.033928571428571426, 'eval_recall_macro': 0.14285714285714285, 'eval_accuracy': 0.2375, 'eval_runtime': 0.4238, 'eval_samples_per_second': 188.783, 'eval_steps_per_second': 23.598, 'epoch': 2.0}
{'eval_loss': 1.9076049327850342, 'eval_f1_macro': 0.05483405483405483, 'eval_f1_weighted': 0.09116161616161615, 'eval_precision_macro': 0.033928571428571426, 'eval_recall_macro': 0.14285714285714285, 'eval_accuracy': 0.2375, 'eval_runtime': 0.4654, 'eval_samples_per_second': 171.898, 'eval_steps_per_second': 21.487, 'epoch': 3.0}
{'train_runtime': 10.7112, 'train_samples_per_second': 104.75, 'train_steps_per_second': 13.164, 'train_loss': 1.9241919551335327, 'epoch': 3.0}
  Model             : WavLMForSequenceClassification  (94,580,599 params, 94,580,599 trainable)
{'eval_loss': 1.5883605480194092, 'eval_f1_macro': 0.15550544170997155, 'eval_f1_weighted': 0.22223747426218257, 'eval_precision_macro': 0.11930926216640503, 'eval_recall_macro': 0.2781954887218045, 'eval_accuracy': 0.35, 'eval_runtime': 0.4534, 'eval_samples_per_second': 176.431, 'eval_steps_per_second': 22.054, 'epoch': 1.0}
{'eval_loss': 1.0405365228652954, 'eval_f1_macro': 0.48767174854131373, 'eval_f1_weighted': 0.5426548089591569, 'eval_precision_macro': 0.46470920383963865, 'eval_recall_macro': 0.5639097744360902, 'eval_accuracy': 0.625, 'eval_runtime': 0.4606, 'eval_samples_per_second': 173.703, 'eval_steps_per_second': 21.713, 'epoch': 2.0}
{'eval_loss': 0.7816131711006165, 'eval_f1_macro': 0.7222207598801257, 'eval_f1_weighted': 0.7311254957221776, 'eval_precision_macro': 0.8397108843537414, 'eval_recall_macro': 0.7472789115646259, 'eval_accuracy': 0.775, 'eval_runtime': 0.4468, 'eval_samples_per_second': 179.041, 'eval_steps_per_second': 22.38, 'epoch': 3.0}
{'train_runtime': 10.7876, 'train_samples_per_second': 104.008, 'train_steps_per_second': 13.071, 'train_loss': 1.3580034404781693, 'epoch': 3.0}
  Model             : WavLMForSequenceClassification  (94,580,599 params, 94,580,599 trainable)
{'eval_loss': 1.9929320812225342, 'eval_f1_macro': 0.031746031746031744, 'eval_f1_weighted': 0.02777777777777778, 'eval_precision_macro': 0.017857142857142856, 'eval_recall_macro': 0.14285714285714285, 'eval_accuracy': 0.125, 'eval_runtime': 0.4285, 'eval_samples_per_second': 186.696, 'eval_steps_per_second': 23.337, 'epoch': 1.0}
{'eval_loss': 1.914086937904358, 'eval_f1_macro': 0.05483405483405483, 'eval_f1_weighted': 0.09116161616161615, 'eval_precision_macro': 0.033928571428571426, 'eval_recall_macro': 0.14285714285714285, 'eval_accuracy': 0.2375, 'eval_runtime': 0.4423, 'eval_samples_per_second': 180.866, 'eval_steps_per_second': 22.608, 'epoch': 2.0}
{'eval_loss': 1.9090087413787842, 'eval_f1_macro': 0.05483405483405483, 'eval_f1_weighted': 0.09116161616161615, 'eval_precision_macro': 0.033928571428571426, 'eval_recall_macro': 0.14285714285714285, 'eval_accuracy': 0.2375, 'eval_runtime': 0.4213, 'eval_samples_per_second': 189.901, 'eval_steps_per_second': 23.738, 'epoch': 3.0}
{'train_runtime': 16.9719, 'train_samples_per_second': 66.109, 'train_steps_per_second': 16.616, 'train_loss': 1.9153195644946808, 'epoch': 3.0}
  Model             : WavLMForSequenceClassification  (94,580,599 params, 94,580,599 trainable)
{'eval_loss': 1.826318383216858, 'eval_f1_macro': 0.155982905982906, 'eval_f1_weighted': 0.20996260683760687, 'eval_precision_macro': 0.10941399620644902, 'eval_recall_macro': 0.2738095238095238, 'eval_accuracy': 0.375, 'eval_runtime': 0.4208, 'eval_samples_per_second': 190.13, 'eval_steps_per_second': 23.766, 'epoch': 1.0}
{'eval_loss': 1.682031273841858, 'eval_f1_macro': 0.1607576734268855, 'eval_f1_weighted': 0.21842242276987153, 'eval_precision_macro': 0.11184715821812596, 'eval_recall_macro': 0.2857142857142857, 'eval_accuracy': 0.3875, 'eval_runtime': 0.4345, 'eval_samples_per_second': 184.132, 'eval_steps_per_second': 23.016, 'epoch': 2.0}
{'eval_loss': 1.612573266029358, 'eval_f1_macro': 0.21935571013709732, 'eval_f1_weighted': 0.279950361315594, 'eval_precision_macro': 0.20575396825396824, 'eval_recall_macro': 0.32142857142857145, 'eval_accuracy': 0.425, 'eval_runtime': 0.4468, 'eval_samples_per_second': 179.051, 'eval_steps_per_second': 22.381, 'epoch': 3.0}
{'train_runtime': 7.8987, 'train_samples_per_second': 142.049, 'train_steps_per_second': 9.115, 'train_loss': 1.7987391153971355, 'epoch': 3.0}
  Model             : WavLMForSequenceClassification  (94,580,599 params, 94,580,599 trainable)
{'eval_loss': 1.466192603111267, 'eval_f1_macro': 0.2593191754482077, 'eval_f1_weighted': 0.3130353785998948, 'eval_precision_macro': 0.5436424041075204, 'eval_recall_macro': 0.34047619047619054, 'eval_accuracy': 0.4375, 'eval_runtime': 0.4328, 'eval_samples_per_second': 184.83, 'eval_steps_per_second': 23.104, 'epoch': 1.0}
{'eval_loss': 1.0604736804962158, 'eval_f1_macro': 0.4313337141654515, 'eval_f1_weighted': 0.47399275228875093, 'eval_precision_macro': 0.4715909090909091, 'eval_recall_macro': 0.5224131757966345, 'eval_accuracy': 0.575, 'eval_runtime': 0.4153, 'eval_samples_per_second': 192.643, 'eval_steps_per_second': 24.08, 'epoch': 2.0}
{'eval_loss': 0.893115222454071, 'eval_f1_macro': 0.6730067226817191, 'eval_f1_weighted': 0.7124345177909385, 'eval_precision_macro': 0.7317460317460317, 'eval_recall_macro': 0.6999641962047977, 'eval_accuracy': 0.75, 'eval_runtime': 0.4157, 'eval_samples_per_second': 192.43, 'eval_steps_per_second': 24.054, 'epoch': 3.0}
  Model             : WavLMForSequenceClassification  (94,580,599 params, 94,580,599 trainable)
{'eval_loss': 1.4899718761444092, 'eval_f1_macro': 0.27443468009859606, 'eval_f1_weighted': 0.32303544636159043, 'eval_precision_macro': 0.26127960561568964, 'eval_recall_macro': 0.37142857142857144, 'eval_accuracy': 0.4625, 'eval_runtime': 0.4792, 'eval_samples_per_second': 166.934, 'eval_steps_per_second': 20.867, 'epoch': 1.0}
{'eval_loss': 1.1064727306365967, 'eval_f1_macro': 0.5272886558979575, 'eval_f1_weighted': 0.586050918858448, 'eval_precision_macro': 0.6148684648684649, 'eval_recall_macro': 0.6020050125313283, 'eval_accuracy': 0.6625, 'eval_runtime': 0.4817, 'eval_samples_per_second': 166.096, 'eval_steps_per_second': 20.762, 'epoch': 2.0}
{'eval_loss': 0.9197601079940796, 'eval_f1_macro': 0.7219340838679884, 'eval_f1_weighted': 0.7327609609892352, 'eval_precision_macro': 0.7125850340136054, 'eval_recall_macro': 0.7696920873612603, 'eval_accuracy': 0.7875, 'eval_runtime': 0.4436, 'eval_samples_per_second': 180.353, 'eval_steps_per_second': 22.544, 'epoch': 3.0}
{'train_runtime': 10.8245, 'train_samples_per_second': 103.654, 'train_steps_per_second': 13.026, 'train_loss': 1.453437642848238, 'epoch': 3.0}
  Model             : WavLMForSequenceClassification  (94,580,599 params, 94,580,599 trainable)
{'eval_loss': 1.290490746498108, 'eval_f1_macro': 0.33813661828367714, 'eval_f1_weighted': 0.38118204099821745, 'eval_precision_macro': 0.29885515181682426, 'eval_recall_macro': 0.4214285714285714, 'eval_accuracy': 0.5, 'eval_runtime': 0.4244, 'eval_samples_per_second': 188.511, 'eval_steps_per_second': 23.564, 'epoch': 1.0}
{'eval_loss': 1.212426781654358, 'eval_f1_macro': 0.37517544652269513, 'eval_f1_weighted': 0.42811722538477753, 'eval_precision_macro': 0.4432785259852929, 'eval_recall_macro': 0.42142857142857143, 'eval_accuracy': 0.4875, 'eval_runtime': 0.4407, 'eval_samples_per_second': 181.518, 'eval_steps_per_second': 22.69, 'epoch': 2.0}
  Model             : WavLMForSequenceClassification  (94,580,599 params, 94,580,599 trainable)
{'eval_loss': 1.488549828529358, 'eval_f1_macro': 0.16257625195063127, 'eval_f1_weighted': 0.23344091360476665, 'eval_precision_macro': 0.11792717086834734, 'eval_recall_macro': 0.2857142857142857, 'eval_accuracy': 0.3875, 'eval_runtime': 0.4768, 'eval_samples_per_second': 167.795, 'eval_steps_per_second': 20.974, 'epoch': 1.0}
{'eval_loss': 1.185522437095642, 'eval_f1_macro': 0.3092511942742357, 'eval_f1_weighted': 0.3546263883965497, 'eval_precision_macro': 0.2964883250597536, 'eval_recall_macro': 0.3904761904761905, 'eval_accuracy': 0.4625, 'eval_runtime': 0.4601, 'eval_samples_per_second': 173.866, 'eval_steps_per_second': 21.733, 'epoch': 2.0}
{'eval_loss': 0.955548107624054, 'eval_f1_macro': 0.6257876992439204, 'eval_f1_weighted': 0.6322892054182377, 'eval_precision_macro': 0.7083954124943695, 'eval_recall_macro': 0.6768707482993197, 'eval_accuracy': 0.7125, 'eval_runtime': 0.4224, 'eval_samples_per_second': 189.373, 'eval_steps_per_second': 23.672, 'epoch': 3.0}
{'train_runtime': 7.8882, 'train_samples_per_second': 142.238, 'train_steps_per_second': 9.128, 'train_loss': 1.4691511789957683, 'epoch': 3.0}
  Model             : WavLMForSequenceClassification  (94,580,599 params, 94,580,599 trainable)
{'eval_loss': 1.973974585533142, 'eval_f1_macro': 0.031746031746031744, 'eval_f1_weighted': 0.02777777777777778, 'eval_precision_macro': 0.017857142857142856, 'eval_recall_macro': 0.14285714285714285, 'eval_accuracy': 0.125, 'eval_runtime': 0.4355, 'eval_samples_per_second': 183.701, 'eval_steps_per_second': 22.963, 'epoch': 1.0}
  Model             : WavLMForSequenceClassification  (94,580,599 params, 94,580,599 trainable)
{'eval_loss': 1.75579833984375, 'eval_f1_macro': 0.22507730364873227, 'eval_f1_weighted': 0.29570616883116885, 'eval_precision_macro': 0.18244998244998248, 'eval_recall_macro': 0.33333333333333337, 'eval_accuracy': 0.4375, 'eval_runtime': 0.446, 'eval_samples_per_second': 179.356, 'eval_steps_per_second': 22.419, 'epoch': 1.0}
  Model             : WavLMForSequenceClassification  (94,580,599 params, 94,580,599 trainable)
{'eval_loss': 1.592919945716858, 'eval_f1_macro': 0.18640486497629355, 'eval_f1_weighted': 0.2505546536796537, 'eval_precision_macro': 0.25703254274682846, 'eval_recall_macro': 0.3, 'eval_accuracy': 0.4, 'eval_runtime': 0.4558, 'eval_samples_per_second': 175.514, 'eval_steps_per_second': 21.939, 'epoch': 1.0}
{'eval_loss': 1.308843970298767, 'eval_f1_macro': 0.29292082782952816, 'eval_f1_weighted': 0.35508908384848237, 'eval_precision_macro': 0.37142857142857144, 'eval_recall_macro': 0.38571428571428573, 'eval_accuracy': 0.475, 'eval_runtime': 2.8432, 'eval_samples_per_second': 28.138, 'eval_steps_per_second': 3.517, 'epoch': 2.0}
  Model             : WavLMForSequenceClassification  (94,580,599 params, 94,580,599 trainable)
{'eval_loss': 2.387411594390869, 'eval_f1_macro': 0.05483405483405483, 'eval_f1_weighted': 0.09116161616161615, 'eval_precision_macro': 0.033928571428571426, 'eval_recall_macro': 0.14285714285714285, 'eval_accuracy': 0.2375, 'eval_runtime': 0.4605, 'eval_samples_per_second': 173.715, 'eval_steps_per_second': 21.714, 'epoch': 1.0}
  Model             : WavLMForSequenceClassification  (94,580,599 params, 94,580,599 trainable)
{'eval_loss': 1.5073120594024658, 'eval_f1_macro': 0.16067947646895014, 'eval_f1_weighted': 0.2302875243664717, 'eval_precision_macro': 0.11564625850340136, 'eval_recall_macro': 0.2857142857142857, 'eval_accuracy': 0.3875, 'eval_runtime': 0.4222, 'eval_samples_per_second': 189.483, 'eval_steps_per_second': 23.685, 'epoch': 1.0}
  Model             : WavLMForSequenceClassification  (94,580,599 params, 94,580,599 trainable)
{'eval_loss': 1.3533051013946533, 'eval_f1_macro': 0.2654485049833887, 'eval_f1_weighted': 0.3174709302325581, 'eval_precision_macro': 0.22864448690569855, 'eval_recall_macro': 0.37142857142857144, 'eval_accuracy': 0.4625, 'eval_runtime': 0.4179, 'eval_samples_per_second': 191.447, 'eval_steps_per_second': 23.931, 'epoch': 1.0}
{'eval_loss': 0.9398254156112671, 'eval_f1_macro': 0.5607424219820148, 'eval_f1_weighted': 0.5718822020625906, 'eval_precision_macro': 0.7179173207744637, 'eval_recall_macro': 0.6003043322592195, 'eval_accuracy': 0.6375, 'eval_runtime': 0.4483, 'eval_samples_per_second': 178.443, 'eval_steps_per_second': 22.305, 'epoch': 2.0}
{'eval_loss': 0.782635509967804, 'eval_f1_macro': 0.6817266036849523, 'eval_f1_weighted': 0.6890738034344173, 'eval_precision_macro': 0.6862185433614005, 'eval_recall_macro': 0.7315968492660222, 'eval_accuracy': 0.75, 'eval_runtime': 0.4422, 'eval_samples_per_second': 180.895, 'eval_steps_per_second': 22.612, 'epoch': 3.0}
{'train_runtime': 7.8766, 'train_samples_per_second': 142.448, 'train_steps_per_second': 9.141, 'train_loss': 1.2986149258083768, 'epoch': 3.0}
  Model             : WavLMForSequenceClassification  (94,580,599 params, 94,580,599 trainable)
{'eval_loss': 1.5616455078125, 'eval_f1_macro': 0.27968154294684905, 'eval_f1_weighted': 0.33795133437990577, 'eval_precision_macro': 0.2392857142857143, 'eval_recall_macro': 0.3805764411027569, 'eval_accuracy': 0.4625, 'eval_runtime': 0.4662, 'eval_samples_per_second': 171.603, 'eval_steps_per_second': 21.45, 'epoch': 1.0}
{'eval_loss': 1.1898071765899658, 'eval_f1_macro': 0.5145526748248707, 'eval_f1_weighted': 0.5733448436686929, 'eval_precision_macro': 0.6146816146816148, 'eval_recall_macro': 0.5571428571428572, 'eval_accuracy': 0.6375, 'eval_runtime': 0.4154, 'eval_samples_per_second': 192.594, 'eval_steps_per_second': 24.074, 'epoch': 2.0}
{'eval_loss': 0.9785217046737671, 'eval_f1_macro': 0.5995623424194853, 'eval_f1_weighted': 0.6565001665001665, 'eval_precision_macro': 0.5537712287712288, 'eval_recall_macro': 0.6710526315789475, 'eval_accuracy': 0.7375, 'eval_runtime': 0.477, 'eval_samples_per_second': 167.721, 'eval_steps_per_second': 20.965, 'epoch': 3.0}
  Model             : WavLMForSequenceClassification  (94,580,599 params, 94,580,599 trainable)
{'eval_loss': 1.635778784751892, 'eval_f1_macro': 0.16067947646895014, 'eval_f1_weighted': 0.2302875243664717, 'eval_precision_macro': 0.11564625850340136, 'eval_recall_macro': 0.2857142857142857, 'eval_accuracy': 0.3875, 'eval_runtime': 0.4525, 'eval_samples_per_second': 176.791, 'eval_steps_per_second': 22.099, 'epoch': 1.0}
  Model             : WavLMForSequenceClassification  (94,580,599 params, 94,580,599 trainable)
{'eval_loss': 1.953857421875, 'eval_f1_macro': 0.031746031746031744, 'eval_f1_weighted': 0.02777777777777778, 'eval_precision_macro': 0.017857142857142856, 'eval_recall_macro': 0.14285714285714285, 'eval_accuracy': 0.125, 'eval_runtime': 0.4552, 'eval_samples_per_second': 175.751, 'eval_steps_per_second': 21.969, 'epoch': 1.0}
  Model             : WavLMForSequenceClassification  (94,580,599 params, 94,580,599 trainable)
{'eval_loss': 1.89691162109375, 'eval_f1_macro': 0.16067947646895014, 'eval_f1_weighted': 0.2302875243664717, 'eval_precision_macro': 0.11564625850340136, 'eval_recall_macro': 0.2857142857142857, 'eval_accuracy': 0.3875, 'eval_runtime': 0.4352, 'eval_samples_per_second': 183.824, 'eval_steps_per_second': 22.978, 'epoch': 1.0}
  Model             : WavLMForSequenceClassification  (94,580,599 params, 94,580,599 trainable)
{'eval_loss': 1.702569603919983, 'eval_f1_macro': 0.14878522837706512, 'eval_f1_weighted': 0.20143707482993198, 'eval_precision_macro': 0.10283212722237112, 'eval_recall_macro': 0.2857142857142857, 'eval_accuracy': 0.3625, 'eval_runtime': 0.4755, 'eval_samples_per_second': 168.247, 'eval_steps_per_second': 21.031, 'epoch': 1.0}
  Best f1_macro: 3.8153  |  params: {'learning_rate': 0.00012455405842266195, 'per_device_train_batch_size': 8, 'warmup_ratio': 0.169251879210332, 'weight_decay': 0.021893471209445216}
  HPO complete. Skipping training (--hpo_only mode).

======================================================================
[18/21]  wavlm-base_cameo
  Model  : microsoft/wavlm-base
  Dataset: amu-cai/CAMEO
  Output : /home/tu/tu_tu/tu_zxord71/asp-project/outputs/wavlm-base_cameo

  Loading: amu-cai/CAMEO
  Multiple splits found (['crema_d', 'cafe', 'emns', 'emozionalmente', 'enterface', 'jl_corpus', 'mesd', 'nemo', 'oreau', 'pavoque', 'ravdess', 'resd', 'subesco']) — concatenating into one.
  Label col : emotion
  Samples   : 41,265  |  Classes: 17
    anger: 5961
    anxiety: 240
    apology: 240
    assertiveness: 240
    calm: 192
    concern: 240
    disgust: 4368
    encouragement: 240
    enthusiasm: 198
    excitement: 395
    fear: 4977
    happiness: 5965
    neutral: 7970
    poker: 575
    sadness: 5896
    sarcasm: 142
    surprise: 3426
  Filtered to core emotions: 41,265 -> 38,563 samples (2,702 dropped)
  Classes   : ['anger', 'disgust', 'fear', 'happiness', 'neutral', 'sadness', 'surprise']
  Feature extractor : Wav2Vec2FeatureExtractor  (sr=16000)

ERROR in wavlm-base_cameo:
Traceback (most recent call last):
  File "/home/tu/tu_tu/tu_zxord71/asp-project/experiments/run_all.py", line 353, in main
    metrics = run_experiment(
              ^^^^^^^^^^^^^^^
  File "/home/tu/tu_tu/tu_zxord71/asp-project/experiments/run_all.py", line 137, in run_experiment
    full_ds = featurise_split(
              ^^^^^^^^^^^^^^^^
  File "/home/tu/tu_tu/tu_zxord71/asp-project/experiments/pipeline/data.py", line 283, in featurise_split
    d = raw_split.map(fn, batched=True, num_proc=1, remove_columns=raw_split.column_names, desc=desc)
        ^^^^^^^^^^^^^^^^^^^^^^^^^^^^^^^^^^^^^^^^^^^^^^^^^^^^^^^^^^^^^^^^^^^^^^^^^^^^^^^^^^^^^^^^^^^^^
  File "/home/tu/tu_tu/tu_zxord71/asp-project/.venv/lib64/python3.11/site-packages/datasets/arrow_dataset.py", line 576, in wrapper
    out: Union["Dataset", "DatasetDict"] = func(self, *args, **kwargs)
                                           ^^^^^^^^^^^^^^^^^^^^^^^^^^^
  File "/home/tu/tu_tu/tu_zxord71/asp-project/.venv/lib64/python3.11/site-packages/datasets/arrow_dataset.py", line 3624, in map
    for rank, done, content in iflatmap_unordered(
  File "/home/tu/tu_tu/tu_zxord71/asp-project/.venv/lib64/python3.11/site-packages/datasets/utils/py_utils.py", line 617, in iflatmap_unordered
    raise RuntimeError(
RuntimeError: One of the subprocesses has abruptly died during map operation.To debug the error, disable multiprocessing.


======================================================================
[19/21]  wav2vec2-large_ravdess
  Model  : facebook/wav2vec2-large
  Dataset: xbgoose/ravdess
  Output : /home/tu/tu_tu/tu_zxord71/asp-project/outputs/wav2vec2-large_ravdess

  Loading: xbgoose/ravdess
  Label col : emotion
  Samples   : 1,440  |  Classes: 8
    angry: 192
    calm: 192
    disgust: 192
    fearful: 192
    happy: 192
    neutral: 96
    sad: 192
    surprised: 192
  Classes   : ['angry', 'calm', 'disgust', 'fearful', 'happy', 'neutral', 'sad', 'surprised']
  Feature extractor : Wav2Vec2FeatureExtractor  (sr=16000)
  Split     : 1,008 train / 216 val / 216 test  (of 1,440)
  Model             : Wav2Vec2ForSequenceClassification  (315,693,448 params, 315,693,448 trainable)
  HPO: 20 trials × 3 epochs ...
  Model             : Wav2Vec2ForSequenceClassification  (315,693,448 params, 315,693,448 trainable)
{'eval_loss': 2.0709950923919678, 'eval_f1_macro': 0.02959183673469388, 'eval_f1_weighted': 0.031783824640967503, 'eval_precision_macro': 0.01678240740740741, 'eval_recall_macro': 0.125, 'eval_accuracy': 0.13425925925925927, 'eval_runtime': 20.4289, 'eval_samples_per_second': 10.573, 'eval_steps_per_second': 1.322, 'epoch': 1.0}
{'eval_loss': 2.0693767070770264, 'eval_f1_macro': 0.028688524590163935, 'eval_f1_weighted': 0.029751062537947785, 'eval_precision_macro': 0.016203703703703703, 'eval_recall_macro': 0.125, 'eval_accuracy': 0.12962962962962962, 'eval_runtime': 0.823, 'eval_samples_per_second': 262.441, 'eval_steps_per_second': 32.805, 'epoch': 2.0}
{'eval_loss': 2.0644938945770264, 'eval_f1_macro': 0.02959183673469388, 'eval_f1_weighted': 0.031783824640967503, 'eval_precision_macro': 0.01678240740740741, 'eval_recall_macro': 0.125, 'eval_accuracy': 0.13425925925925927, 'eval_runtime': 0.8294, 'eval_samples_per_second': 260.421, 'eval_steps_per_second': 32.553, 'epoch': 3.0}
{'train_runtime': 134.2586, 'train_samples_per_second': 22.524, 'train_steps_per_second': 2.815, 'train_loss': 2.0775863405257935, 'epoch': 3.0}
  Model             : Wav2Vec2ForSequenceClassification  (315,693,448 params, 315,693,448 trainable)
{'eval_loss': 2.1437489986419678, 'eval_f1_macro': 0.028688524590163935, 'eval_f1_weighted': 0.029751062537947785, 'eval_precision_macro': 0.016203703703703703, 'eval_recall_macro': 0.125, 'eval_accuracy': 0.12962962962962962, 'eval_runtime': 0.8298, 'eval_samples_per_second': 260.308, 'eval_steps_per_second': 32.539, 'epoch': 1.0}
{'eval_loss': 2.071903944015503, 'eval_f1_macro': 0.028688524590163935, 'eval_f1_weighted': 0.029751062537947785, 'eval_precision_macro': 0.016203703703703703, 'eval_recall_macro': 0.125, 'eval_accuracy': 0.12962962962962962, 'eval_runtime': 0.8126, 'eval_samples_per_second': 265.812, 'eval_steps_per_second': 33.226, 'epoch': 2.0}
{'eval_loss': 2.067143201828003, 'eval_f1_macro': 0.02959183673469388, 'eval_f1_weighted': 0.031783824640967503, 'eval_precision_macro': 0.01678240740740741, 'eval_recall_macro': 0.125, 'eval_accuracy': 0.13425925925925927, 'eval_runtime': 0.8229, 'eval_samples_per_second': 262.483, 'eval_steps_per_second': 32.81, 'epoch': 3.0}
{'train_runtime': 30.2606, 'train_samples_per_second': 99.932, 'train_steps_per_second': 12.492, 'train_loss': 2.083856814752811, 'epoch': 3.0}
  Model             : Wav2Vec2ForSequenceClassification  (315,693,448 params, 315,693,448 trainable)
{'eval_loss': 2.09930419921875, 'eval_f1_macro': 0.1274324024822695, 'eval_f1_weighted': 0.1342483829130549, 'eval_precision_macro': 0.12524534099920698, 'eval_recall_macro': 0.2025862068965517, 'eval_accuracy': 0.21296296296296297, 'eval_runtime': 0.8492, 'eval_samples_per_second': 254.352, 'eval_steps_per_second': 31.794, 'epoch': 1.0}
{'eval_loss': 1.4227068424224854, 'eval_f1_macro': 0.41127996012745693, 'eval_f1_weighted': 0.42481068339034767, 'eval_precision_macro': 0.4359772447907373, 'eval_recall_macro': 0.4617097701149425, 'eval_accuracy': 0.48148148148148145, 'eval_runtime': 0.8263, 'eval_samples_per_second': 261.407, 'eval_steps_per_second': 32.676, 'epoch': 2.0}
{'eval_loss': 1.2150647640228271, 'eval_f1_macro': 0.533388152573321, 'eval_f1_weighted': 0.5496181949803091, 'eval_precision_macro': 0.5375887845113988, 'eval_recall_macro': 0.5825738916256158, 'eval_accuracy': 0.6064814814814815, 'eval_runtime': 0.8436, 'eval_samples_per_second': 256.033, 'eval_steps_per_second': 32.004, 'epoch': 3.0}
{'train_runtime': 30.5098, 'train_samples_per_second': 99.116, 'train_steps_per_second': 12.389, 'train_loss': 1.60245445291832, 'epoch': 3.0}
  Model             : Wav2Vec2ForSequenceClassification  (315,693,448 params, 315,693,448 trainable)
{'eval_loss': 1.7450674772262573, 'eval_f1_macro': 0.18054603271563, 'eval_f1_weighted': 0.189834664645593, 'eval_precision_macro': 0.2750460087416609, 'eval_recall_macro': 0.27170566502463056, 'eval_accuracy': 0.28703703703703703, 'eval_runtime': 0.8357, 'eval_samples_per_second': 258.473, 'eval_steps_per_second': 32.309, 'epoch': 1.0}
{'eval_loss': 1.692683458328247, 'eval_f1_macro': 0.22990212425137327, 'eval_f1_weighted': 0.2436278222329912, 'eval_precision_macro': 0.26889148241050415, 'eval_recall_macro': 0.31080665024630544, 'eval_accuracy': 0.3287037037037037, 'eval_runtime': 0.8392, 'eval_samples_per_second': 257.377, 'eval_steps_per_second': 32.172, 'epoch': 2.0}
{'eval_loss': 1.3813080787658691, 'eval_f1_macro': 0.42470094072200676, 'eval_f1_weighted': 0.4458666732252703, 'eval_precision_macro': 0.4886745086352898, 'eval_recall_macro': 0.4784688013136289, 'eval_accuracy': 0.5046296296296297, 'eval_runtime': 0.8055, 'eval_samples_per_second': 268.158, 'eval_steps_per_second': 33.52, 'epoch': 3.0}
{'train_runtime': 30.4581, 'train_samples_per_second': 99.284, 'train_steps_per_second': 12.411, 'train_loss': 1.7500452112268519, 'epoch': 3.0}
  Model             : Wav2Vec2ForSequenceClassification  (315,693,448 params, 315,693,448 trainable)
{'eval_loss': 2.096304416656494, 'eval_f1_macro': 0.02959183673469388, 'eval_f1_weighted': 0.031783824640967503, 'eval_precision_macro': 0.01678240740740741, 'eval_recall_macro': 0.125, 'eval_accuracy': 0.13425925925925927, 'eval_runtime': 0.8449, 'eval_samples_per_second': 255.665, 'eval_steps_per_second': 31.958, 'epoch': 1.0}
{'eval_loss': 2.0781068801879883, 'eval_f1_macro': 0.028688524590163935, 'eval_f1_weighted': 0.029751062537947785, 'eval_precision_macro': 0.016203703703703703, 'eval_recall_macro': 0.125, 'eval_accuracy': 0.12962962962962962, 'eval_runtime': 0.8601, 'eval_samples_per_second': 251.136, 'eval_steps_per_second': 31.392, 'epoch': 2.0}
{'eval_loss': 2.0661439895629883, 'eval_f1_macro': 0.02959183673469388, 'eval_f1_weighted': 0.031783824640967503, 'eval_precision_macro': 0.01678240740740741, 'eval_recall_macro': 0.125, 'eval_accuracy': 0.13425925925925927, 'eval_runtime': 0.8103, 'eval_samples_per_second': 266.56, 'eval_steps_per_second': 33.32, 'epoch': 3.0}
{'train_runtime': 24.0325, 'train_samples_per_second': 125.829, 'train_steps_per_second': 7.864, 'train_loss': 2.085943958746693, 'epoch': 3.0}
  Model             : Wav2Vec2ForSequenceClassification  (315,693,448 params, 315,693,448 trainable)
{'eval_loss': 2.110903024673462, 'eval_f1_macro': 0.02959183673469388, 'eval_f1_weighted': 0.031783824640967503, 'eval_precision_macro': 0.01678240740740741, 'eval_recall_macro': 0.125, 'eval_accuracy': 0.13425925925925927, 'eval_runtime': 0.815, 'eval_samples_per_second': 265.026, 'eval_steps_per_second': 33.128, 'epoch': 1.0}
{'eval_loss': 2.080507516860962, 'eval_f1_macro': 0.028688524590163935, 'eval_f1_weighted': 0.029751062537947785, 'eval_precision_macro': 0.016203703703703703, 'eval_recall_macro': 0.125, 'eval_accuracy': 0.12962962962962962, 'eval_runtime': 0.835, 'eval_samples_per_second': 258.668, 'eval_steps_per_second': 32.333, 'epoch': 2.0}
{'eval_loss': 2.064466714859009, 'eval_f1_macro': 0.02959183673469388, 'eval_f1_weighted': 0.031783824640967503, 'eval_precision_macro': 0.01678240740740741, 'eval_recall_macro': 0.125, 'eval_accuracy': 0.13425925925925927, 'eval_runtime': 0.8482, 'eval_samples_per_second': 254.646, 'eval_steps_per_second': 31.831, 'epoch': 3.0}
{'train_runtime': 24.0831, 'train_samples_per_second': 125.565, 'train_steps_per_second': 7.848, 'train_loss': 2.089542449466766, 'epoch': 3.0}
  Model             : Wav2Vec2ForSequenceClassification  (315,693,448 params, 315,693,448 trainable)
{'eval_loss': 2.077202796936035, 'eval_f1_macro': 0.02959183673469388, 'eval_f1_weighted': 0.031783824640967503, 'eval_precision_macro': 0.01678240740740741, 'eval_recall_macro': 0.125, 'eval_accuracy': 0.13425925925925927, 'eval_runtime': 0.8539, 'eval_samples_per_second': 252.945, 'eval_steps_per_second': 31.618, 'epoch': 1.0}
  Model             : Wav2Vec2ForSequenceClassification  (315,693,448 params, 315,693,448 trainable)
{'eval_loss': 2.116997718811035, 'eval_f1_macro': 0.02959183673469388, 'eval_f1_weighted': 0.031783824640967503, 'eval_precision_macro': 0.01678240740740741, 'eval_recall_macro': 0.125, 'eval_accuracy': 0.13425925925925927, 'eval_runtime': 0.8564, 'eval_samples_per_second': 252.23, 'eval_steps_per_second': 31.529, 'epoch': 1.0}
{'eval_loss': 2.0828540325164795, 'eval_f1_macro': 0.02959183673469388, 'eval_f1_weighted': 0.031783824640967503, 'eval_precision_macro': 0.01678240740740741, 'eval_recall_macro': 0.125, 'eval_accuracy': 0.13425925925925927, 'eval_runtime': 0.83, 'eval_samples_per_second': 260.25, 'eval_steps_per_second': 32.531, 'epoch': 2.0}
{'eval_loss': 2.0660400390625, 'eval_f1_macro': 0.028688524590163935, 'eval_f1_weighted': 0.029751062537947785, 'eval_precision_macro': 0.016203703703703703, 'eval_recall_macro': 0.125, 'eval_accuracy': 0.12962962962962962, 'eval_runtime': 0.8512, 'eval_samples_per_second': 253.76, 'eval_steps_per_second': 31.72, 'epoch': 3.0}
{'train_runtime': 23.8909, 'train_samples_per_second': 126.575, 'train_steps_per_second': 7.911, 'train_loss': 2.1018118076223544, 'epoch': 3.0}
  Model             : Wav2Vec2ForSequenceClassification  (315,693,448 params, 315,693,448 trainable)
{'eval_loss': 2.069887399673462, 'eval_f1_macro': 0.02959183673469388, 'eval_f1_weighted': 0.031783824640967503, 'eval_precision_macro': 0.01678240740740741, 'eval_recall_macro': 0.125, 'eval_accuracy': 0.13425925925925927, 'eval_runtime': 0.8016, 'eval_samples_per_second': 269.451, 'eval_steps_per_second': 33.681, 'epoch': 1.0}
  Model             : Wav2Vec2ForSequenceClassification  (315,693,448 params, 315,693,448 trainable)
{'eval_loss': 2.108149766921997, 'eval_f1_macro': 0.02959183673469388, 'eval_f1_weighted': 0.031783824640967503, 'eval_precision_macro': 0.01678240740740741, 'eval_recall_macro': 0.125, 'eval_accuracy': 0.13425925925925927, 'eval_runtime': 0.8435, 'eval_samples_per_second': 256.075, 'eval_steps_per_second': 32.009, 'epoch': 1.0}
{'eval_loss': 2.080254554748535, 'eval_f1_macro': 0.028688524590163935, 'eval_f1_weighted': 0.029751062537947785, 'eval_precision_macro': 0.016203703703703703, 'eval_recall_macro': 0.125, 'eval_accuracy': 0.12962962962962962, 'eval_runtime': 0.8561, 'eval_samples_per_second': 252.308, 'eval_steps_per_second': 31.538, 'epoch': 2.0}
{'eval_loss': 2.0680339336395264, 'eval_f1_macro': 0.02959183673469388, 'eval_f1_weighted': 0.031783824640967503, 'eval_precision_macro': 0.01678240740740741, 'eval_recall_macro': 0.125, 'eval_accuracy': 0.13425925925925927, 'eval_runtime': 0.8556, 'eval_samples_per_second': 252.455, 'eval_steps_per_second': 31.557, 'epoch': 3.0}
{'train_runtime': 24.0962, 'train_samples_per_second': 125.497, 'train_steps_per_second': 7.844, 'train_loss': 2.084559849330357, 'epoch': 3.0}
  Model             : Wav2Vec2ForSequenceClassification  (315,693,448 params, 315,693,448 trainable)
{'eval_loss': 1.713898777961731, 'eval_f1_macro': 0.31088259432249205, 'eval_f1_weighted': 0.3311046269344082, 'eval_precision_macro': 0.37673982035395076, 'eval_recall_macro': 0.38808497536945813, 'eval_accuracy': 0.41203703703703703, 'eval_runtime': 0.8733, 'eval_samples_per_second': 247.325, 'eval_steps_per_second': 30.916, 'epoch': 1.0}
{'eval_loss': 1.5700706243515015, 'eval_f1_macro': 0.35033819028131497, 'eval_f1_weighted': 0.373466826281555, 'eval_precision_macro': 0.3736462755859308, 'eval_recall_macro': 0.426878078817734, 'eval_accuracy': 0.4537037037037037, 'eval_runtime': 0.8336, 'eval_samples_per_second': 259.123, 'eval_steps_per_second': 32.39, 'epoch': 2.0}
{'eval_loss': 1.504948377609253, 'eval_f1_macro': 0.39573617332343153, 'eval_f1_weighted': 0.42212677631630874, 'eval_precision_macro': 0.40776898507034165, 'eval_recall_macro': 0.4658251231527094, 'eval_accuracy': 0.49537037037037035, 'eval_runtime': 0.8555, 'eval_samples_per_second': 252.479, 'eval_steps_per_second': 31.56, 'epoch': 3.0}
{'train_runtime': 30.6177, 'train_samples_per_second': 98.766, 'train_steps_per_second': 12.346, 'train_loss': 1.7276753420552249, 'epoch': 3.0}
  Model             : Wav2Vec2ForSequenceClassification  (315,693,448 params, 315,693,448 trainable)
{'eval_loss': 1.7053561210632324, 'eval_f1_macro': 0.2690687022432167, 'eval_f1_weighted': 0.28525208523342066, 'eval_precision_macro': 0.46357653904306195, 'eval_recall_macro': 0.3576046798029557, 'eval_accuracy': 0.37962962962962965, 'eval_runtime': 0.8552, 'eval_samples_per_second': 252.563, 'eval_steps_per_second': 31.57, 'epoch': 1.0}
{'eval_loss': 1.510411024093628, 'eval_f1_macro': 0.35757137614022705, 'eval_f1_weighted': 0.3809017381476469, 'eval_precision_macro': 0.3596240224975744, 'eval_recall_macro': 0.4187192118226601, 'eval_accuracy': 0.4444444444444444, 'eval_runtime': 0.8458, 'eval_samples_per_second': 255.379, 'eval_steps_per_second': 31.922, 'epoch': 2.0}
{'eval_loss': 1.2229455709457397, 'eval_f1_macro': 0.5282397934956997, 'eval_f1_weighted': 0.5546496085840316, 'eval_precision_macro': 0.6357546787503685, 'eval_recall_macro': 0.5614429392446634, 'eval_accuracy': 0.5925925925925926, 'eval_runtime': 0.8543, 'eval_samples_per_second': 252.842, 'eval_steps_per_second': 31.605, 'epoch': 3.0}
{'train_runtime': 30.545, 'train_samples_per_second': 99.001, 'train_steps_per_second': 12.375, 'train_loss': 1.654100529100529, 'epoch': 3.0}
  Model             : Wav2Vec2ForSequenceClassification  (315,693,448 params, 315,693,448 trainable)
{'eval_loss': 1.6747797727584839, 'eval_f1_macro': 0.2639896723861225, 'eval_f1_weighted': 0.279836718090746, 'eval_precision_macro': 0.44191360348199293, 'eval_recall_macro': 0.33251231527093594, 'eval_accuracy': 0.35185185185185186, 'eval_runtime': 0.7945, 'eval_samples_per_second': 271.884, 'eval_steps_per_second': 33.985, 'epoch': 1.0}
{'eval_loss': 1.445954442024231, 'eval_f1_macro': 0.389338758066934, 'eval_f1_weighted': 0.4061352825007307, 'eval_precision_macro': 0.5719620150570945, 'eval_recall_macro': 0.4447557471264368, 'eval_accuracy': 0.4675925925925926, 'eval_runtime': 0.8184, 'eval_samples_per_second': 263.914, 'eval_steps_per_second': 32.989, 'epoch': 2.0}
{'eval_loss': 1.2717534303665161, 'eval_f1_macro': 0.48614258770658897, 'eval_f1_weighted': 0.5104368583040754, 'eval_precision_macro': 0.5205590166189504, 'eval_recall_macro': 0.5269601806239738, 'eval_accuracy': 0.5555555555555556, 'eval_runtime': 0.8193, 'eval_samples_per_second': 263.632, 'eval_steps_per_second': 32.954, 'epoch': 3.0}
{'train_runtime': 30.3051, 'train_samples_per_second': 99.785, 'train_steps_per_second': 12.473, 'train_loss': 1.640106201171875, 'epoch': 3.0}
  Model             : Wav2Vec2ForSequenceClassification  (315,693,448 params, 315,693,448 trainable)
{'eval_loss': 1.7396013736724854, 'eval_f1_macro': 0.16371884685776522, 'eval_f1_weighted': 0.17322942166526473, 'eval_precision_macro': 0.19858748787976727, 'eval_recall_macro': 0.2540024630541872, 'eval_accuracy': 0.26851851851851855, 'eval_runtime': 0.8443, 'eval_samples_per_second': 255.834, 'eval_steps_per_second': 31.979, 'epoch': 1.0}
{'eval_loss': 1.4810937643051147, 'eval_f1_macro': 0.36543283509260577, 'eval_f1_weighted': 0.38925665439503554, 'eval_precision_macro': 0.35926139957449255, 'eval_recall_macro': 0.4356527093596059, 'eval_accuracy': 0.46296296296296297, 'eval_runtime': 0.8594, 'eval_samples_per_second': 251.331, 'eval_steps_per_second': 31.416, 'epoch': 2.0}
{'eval_loss': 1.2050509452819824, 'eval_f1_macro': 0.4975246878412382, 'eval_f1_weighted': 0.5221234664612864, 'eval_precision_macro': 0.5517366421240166, 'eval_recall_macro': 0.5397372742200328, 'eval_accuracy': 0.5694444444444444, 'eval_runtime': 0.8259, 'eval_samples_per_second': 261.524, 'eval_steps_per_second': 32.691, 'epoch': 3.0}
{'train_runtime': 30.5472, 'train_samples_per_second': 98.994, 'train_steps_per_second': 12.374, 'train_loss': 1.656060435784557, 'epoch': 3.0}
  Model             : Wav2Vec2ForSequenceClassification  (315,693,448 params, 315,693,448 trainable)
{'eval_loss': 1.7058806419372559, 'eval_f1_macro': 0.3107091423901769, 'eval_f1_weighted': 0.3300503251892141, 'eval_precision_macro': 0.3309369396483734, 'eval_recall_macro': 0.36160714285714285, 'eval_accuracy': 0.38425925925925924, 'eval_runtime': 0.8576, 'eval_samples_per_second': 251.852, 'eval_steps_per_second': 31.482, 'epoch': 1.0}
{'eval_loss': 1.4537320137023926, 'eval_f1_macro': 0.3732851439205702, 'eval_f1_weighted': 0.3970494430803785, 'eval_precision_macro': 0.5593132266475112, 'eval_recall_macro': 0.4359605911330049, 'eval_accuracy': 0.46296296296296297, 'eval_runtime': 0.8261, 'eval_samples_per_second': 261.478, 'eval_steps_per_second': 32.685, 'epoch': 2.0}
{'eval_loss': 1.2353719472885132, 'eval_f1_macro': 0.4695945888476848, 'eval_f1_weighted': 0.5005894313040856, 'eval_precision_macro': 0.5146763420008202, 'eval_recall_macro': 0.5221674876847291, 'eval_accuracy': 0.5555555555555556, 'eval_runtime': 0.8402, 'eval_samples_per_second': 257.095, 'eval_steps_per_second': 32.137, 'epoch': 3.0}
{'train_runtime': 30.6081, 'train_samples_per_second': 98.797, 'train_steps_per_second': 12.35, 'train_loss': 1.6122770763578869, 'epoch': 3.0}
  Model             : Wav2Vec2ForSequenceClassification  (315,693,448 params, 315,693,448 trainable)
{'eval_loss': 1.7715837955474854, 'eval_f1_macro': 0.2155388471177945, 'eval_f1_weighted': 0.228638726445744, 'eval_precision_macro': 0.2525943139813003, 'eval_recall_macro': 0.3100369458128079, 'eval_accuracy': 0.3287037037037037, 'eval_runtime': 0.8541, 'eval_samples_per_second': 252.901, 'eval_steps_per_second': 31.613, 'epoch': 1.0}
{'eval_loss': 1.5162512063980103, 'eval_f1_macro': 0.3796508468731904, 'eval_f1_weighted': 0.4053501480953652, 'eval_precision_macro': 0.33857876034182216, 'eval_recall_macro': 0.4698275862068966, 'eval_accuracy': 0.5, 'eval_runtime': 0.8551, 'eval_samples_per_second': 252.616, 'eval_steps_per_second': 31.577, 'epoch': 2.0}
{'eval_loss': 1.463191270828247, 'eval_f1_macro': 0.38203414036269545, 'eval_f1_weighted': 0.4079544402604418, 'eval_precision_macro': 0.34424896508229846, 'eval_recall_macro': 0.4655172413793104, 'eval_accuracy': 0.49537037037037035, 'eval_runtime': 0.826, 'eval_samples_per_second': 261.517, 'eval_steps_per_second': 32.69, 'epoch': 3.0}
  Model             : Wav2Vec2ForSequenceClassification  (315,693,448 params, 315,693,448 trainable)
{'eval_loss': 1.7345954179763794, 'eval_f1_macro': 0.27128660372194857, 'eval_f1_weighted': 0.28718559316021003, 'eval_precision_macro': 0.3154283365256044, 'eval_recall_macro': 0.32019704433497537, 'eval_accuracy': 0.33796296296296297, 'eval_runtime': 3.059, 'eval_samples_per_second': 70.61, 'eval_steps_per_second': 8.826, 'epoch': 1.0}
  Model             : Wav2Vec2ForSequenceClassification  (315,693,448 params, 315,693,448 trainable)
{'eval_loss': 1.6797056198120117, 'eval_f1_macro': 0.2837511178567796, 'eval_f1_weighted': 0.30227684168662655, 'eval_precision_macro': 0.267891081871345, 'eval_recall_macro': 0.3793103448275862, 'eval_accuracy': 0.4027777777777778, 'eval_runtime': 0.842, 'eval_samples_per_second': 256.522, 'eval_steps_per_second': 32.065, 'epoch': 1.0}
{'eval_loss': 1.5148043632507324, 'eval_f1_macro': 0.34277128627813164, 'eval_f1_weighted': 0.36523432955649676, 'eval_precision_macro': 0.4231585954854422, 'eval_recall_macro': 0.4225677339901478, 'eval_accuracy': 0.44907407407407407, 'eval_runtime': 20.7114, 'eval_samples_per_second': 10.429, 'eval_steps_per_second': 1.304, 'epoch': 2.0}
{'eval_loss': 1.384098768234253, 'eval_f1_macro': 0.43533655587919895, 'eval_f1_weighted': 0.4638800044628433, 'eval_precision_macro': 0.48411796536796536, 'eval_recall_macro': 0.500615763546798, 'eval_accuracy': 0.5324074074074074, 'eval_runtime': 0.854, 'eval_samples_per_second': 252.929, 'eval_steps_per_second': 31.616, 'epoch': 3.0}
  Model             : Wav2Vec2ForSequenceClassification  (315,693,448 params, 315,693,448 trainable)
{'eval_loss': 1.8646172285079956, 'eval_f1_macro': 0.2200426169223556, 'eval_f1_weighted': 0.23289873015710824, 'eval_precision_macro': 0.36126736111111113, 'eval_recall_macro': 0.2874076354679803, 'eval_accuracy': 0.3055555555555556, 'eval_runtime': 0.8444, 'eval_samples_per_second': 255.802, 'eval_steps_per_second': 31.975, 'epoch': 1.0}
{'eval_loss': 1.3897247314453125, 'eval_f1_macro': 0.4521913720443132, 'eval_f1_weighted': 0.48211646520470053, 'eval_precision_macro': 0.4810011327741403, 'eval_recall_macro': 0.5049261083743842, 'eval_accuracy': 0.5370370370370371, 'eval_runtime': 0.8147, 'eval_samples_per_second': 265.124, 'eval_steps_per_second': 33.14, 'epoch': 2.0}
{'eval_loss': 1.1224150657653809, 'eval_f1_macro': 0.5181447027475802, 'eval_f1_weighted': 0.5523537418830599, 'eval_precision_macro': 0.5260882456162103, 'eval_recall_macro': 0.5697352216748768, 'eval_accuracy': 0.6064814814814815, 'eval_runtime': 0.8516, 'eval_samples_per_second': 253.637, 'eval_steps_per_second': 31.705, 'epoch': 3.0}
{'train_runtime': 30.5256, 'train_samples_per_second': 99.064, 'train_steps_per_second': 12.383, 'train_loss': 1.5574602399553572, 'epoch': 3.0}
  Model             : Wav2Vec2ForSequenceClassification  (315,693,448 params, 315,693,448 trainable)
{'eval_loss': 2.0734500885009766, 'eval_f1_macro': 0.02959183673469388, 'eval_f1_weighted': 0.031783824640967503, 'eval_precision_macro': 0.01678240740740741, 'eval_recall_macro': 0.125, 'eval_accuracy': 0.13425925925925927, 'eval_runtime': 0.8757, 'eval_samples_per_second': 246.67, 'eval_steps_per_second': 30.834, 'epoch': 1.0}
  Best f1_macro: 2.8727  |  params: {'learning_rate': 2.5818267697980627e-05, 'per_device_train_batch_size': 8, 'warmup_ratio': 0.17412955711874695, 'weight_decay': 0.07571795795609751}
  HPO complete. Skipping training (--hpo_only mode).

======================================================================
[20/21]  wav2vec2-large_emodb
  Model  : facebook/wav2vec2-large
  Dataset: renumics/emodb
  Output : /home/tu/tu_tu/tu_zxord71/asp-project/outputs/wav2vec2-large_emodb

  Loading: renumics/emodb
  Label col : emotion
  Samples   : 535  |  Classes: 7
    0: 127
    1: 81
    2: 46
    3: 69
    4: 71
    5: 79
    6: 62
  Classes   : ['anger', 'boredom', 'disgust', 'fear', 'happiness', 'neutral', 'sadness']
  Feature extractor : Wav2Vec2FeatureExtractor  (sr=16000)
  Split     : 374 train / 80 val / 81 test  (of 535)
  Model             : Wav2Vec2ForSequenceClassification  (315,693,191 params, 315,693,191 trainable)
  HPO: 20 trials × 3 epochs ...
  Model             : Wav2Vec2ForSequenceClassification  (315,693,191 params, 315,693,191 trainable)
{'eval_loss': 2.0386290550231934, 'eval_f1_macro': 0.05483405483405483, 'eval_f1_weighted': 0.09116161616161615, 'eval_precision_macro': 0.033928571428571426, 'eval_recall_macro': 0.14285714285714285, 'eval_accuracy': 0.2375, 'eval_runtime': 8.852, 'eval_samples_per_second': 9.037, 'eval_steps_per_second': 1.13, 'epoch': 1.0}
{'eval_loss': 1.9396483898162842, 'eval_f1_macro': 0.05483405483405483, 'eval_f1_weighted': 0.09116161616161615, 'eval_precision_macro': 0.033928571428571426, 'eval_recall_macro': 0.14285714285714285, 'eval_accuracy': 0.2375, 'eval_runtime': 0.4644, 'eval_samples_per_second': 172.282, 'eval_steps_per_second': 21.535, 'epoch': 2.0}
{'eval_loss': 1.930578589439392, 'eval_f1_macro': 0.05483405483405483, 'eval_f1_weighted': 0.09116161616161615, 'eval_precision_macro': 0.033928571428571426, 'eval_recall_macro': 0.14285714285714285, 'eval_accuracy': 0.2375, 'eval_runtime': 0.4199, 'eval_samples_per_second': 190.521, 'eval_steps_per_second': 23.815, 'epoch': 3.0}
{'train_runtime': 51.89, 'train_samples_per_second': 21.623, 'train_steps_per_second': 2.717, 'train_loss': 1.9518757272273937, 'epoch': 3.0}
  Model             : Wav2Vec2ForSequenceClassification  (315,693,191 params, 315,693,191 trainable)
{'eval_loss': 1.82659912109375, 'eval_f1_macro': 0.05483405483405483, 'eval_f1_weighted': 0.09116161616161615, 'eval_precision_macro': 0.033928571428571426, 'eval_recall_macro': 0.14285714285714285, 'eval_accuracy': 0.2375, 'eval_runtime': 0.4364, 'eval_samples_per_second': 183.331, 'eval_steps_per_second': 22.916, 'epoch': 1.0}
{'eval_loss': 1.464086890220642, 'eval_f1_macro': 0.2735936832046672, 'eval_f1_weighted': 0.3595559760605527, 'eval_precision_macro': 0.21347171347171345, 'eval_recall_macro': 0.39285714285714285, 'eval_accuracy': 0.5, 'eval_runtime': 0.4239, 'eval_samples_per_second': 188.702, 'eval_steps_per_second': 23.588, 'epoch': 2.0}
{'eval_loss': 1.2942779064178467, 'eval_f1_macro': 0.43464810166490836, 'eval_f1_weighted': 0.4916658708938121, 'eval_precision_macro': 0.5193452380952381, 'eval_recall_macro': 0.47380952380952385, 'eval_accuracy': 0.5625, 'eval_runtime': 0.4347, 'eval_samples_per_second': 184.049, 'eval_steps_per_second': 23.006, 'epoch': 3.0}
{'train_runtime': 9.8405, 'train_samples_per_second': 114.019, 'train_steps_per_second': 7.317, 'train_loss': 1.6815965440538194, 'epoch': 3.0}
  Model             : Wav2Vec2ForSequenceClassification  (315,693,191 params, 315,693,191 trainable)
{'eval_loss': 2.036181688308716, 'eval_f1_macro': 0.031746031746031744, 'eval_f1_weighted': 0.02777777777777778, 'eval_precision_macro': 0.017857142857142856, 'eval_recall_macro': 0.14285714285714285, 'eval_accuracy': 0.125, 'eval_runtime': 0.4598, 'eval_samples_per_second': 173.971, 'eval_steps_per_second': 21.746, 'epoch': 1.0}
{'eval_loss': 1.935217261314392, 'eval_f1_macro': 0.05483405483405483, 'eval_f1_weighted': 0.09116161616161615, 'eval_precision_macro': 0.033928571428571426, 'eval_recall_macro': 0.14285714285714285, 'eval_accuracy': 0.2375, 'eval_runtime': 0.4331, 'eval_samples_per_second': 184.715, 'eval_steps_per_second': 23.089, 'epoch': 2.0}
{'eval_loss': 1.9165160655975342, 'eval_f1_macro': 0.05483405483405483, 'eval_f1_weighted': 0.09116161616161615, 'eval_precision_macro': 0.033928571428571426, 'eval_recall_macro': 0.14285714285714285, 'eval_accuracy': 0.2375, 'eval_runtime': 0.4508, 'eval_samples_per_second': 177.469, 'eval_steps_per_second': 22.184, 'epoch': 3.0}
{'train_runtime': 9.8814, 'train_samples_per_second': 113.546, 'train_steps_per_second': 7.286, 'train_loss': 1.9483822716606989, 'epoch': 3.0}
  Model             : Wav2Vec2ForSequenceClassification  (315,693,191 params, 315,693,191 trainable)
{'eval_loss': 1.9933593273162842, 'eval_f1_macro': 0.031746031746031744, 'eval_f1_weighted': 0.02777777777777778, 'eval_precision_macro': 0.017857142857142856, 'eval_recall_macro': 0.14285714285714285, 'eval_accuracy': 0.125, 'eval_runtime': 0.4757, 'eval_samples_per_second': 168.164, 'eval_steps_per_second': 21.021, 'epoch': 1.0}
{'eval_loss': 1.9315063953399658, 'eval_f1_macro': 0.05483405483405483, 'eval_f1_weighted': 0.09116161616161615, 'eval_precision_macro': 0.033928571428571426, 'eval_recall_macro': 0.14285714285714285, 'eval_accuracy': 0.2375, 'eval_runtime': 0.4483, 'eval_samples_per_second': 178.461, 'eval_steps_per_second': 22.308, 'epoch': 2.0}
{'eval_loss': 1.9124877452850342, 'eval_f1_macro': 0.05483405483405483, 'eval_f1_weighted': 0.09116161616161615, 'eval_precision_macro': 0.033928571428571426, 'eval_recall_macro': 0.14285714285714285, 'eval_accuracy': 0.2375, 'eval_runtime': 0.4763, 'eval_samples_per_second': 167.968, 'eval_steps_per_second': 20.996, 'epoch': 3.0}
{'train_runtime': 9.9797, 'train_samples_per_second': 112.428, 'train_steps_per_second': 7.215, 'train_loss': 1.9520613352457683, 'epoch': 3.0}
  Model             : Wav2Vec2ForSequenceClassification  (315,693,191 params, 315,693,191 trainable)
{'eval_loss': 2.067944288253784, 'eval_f1_macro': 0.031746031746031744, 'eval_f1_weighted': 0.02777777777777778, 'eval_precision_macro': 0.017857142857142856, 'eval_recall_macro': 0.14285714285714285, 'eval_accuracy': 0.125, 'eval_runtime': 0.4227, 'eval_samples_per_second': 189.279, 'eval_steps_per_second': 23.66, 'epoch': 1.0}
{'eval_loss': 1.941064476966858, 'eval_f1_macro': 0.05483405483405483, 'eval_f1_weighted': 0.09116161616161615, 'eval_precision_macro': 0.033928571428571426, 'eval_recall_macro': 0.14285714285714285, 'eval_accuracy': 0.2375, 'eval_runtime': 0.4411, 'eval_samples_per_second': 181.369, 'eval_steps_per_second': 22.671, 'epoch': 2.0}
{'eval_loss': 1.9134643077850342, 'eval_f1_macro': 0.05483405483405483, 'eval_f1_weighted': 0.09116161616161615, 'eval_precision_macro': 0.033928571428571426, 'eval_recall_macro': 0.14285714285714285, 'eval_accuracy': 0.2375, 'eval_runtime': 0.4363, 'eval_samples_per_second': 183.376, 'eval_steps_per_second': 22.922, 'epoch': 3.0}
{'train_runtime': 19.5411, 'train_samples_per_second': 57.417, 'train_steps_per_second': 14.431, 'train_loss': 1.9498117866245568, 'epoch': 3.0}
  Model             : Wav2Vec2ForSequenceClassification  (315,693,191 params, 315,693,191 trainable)
{'eval_loss': 1.4547240734100342, 'eval_f1_macro': 0.27972789115646257, 'eval_f1_weighted': 0.33404761904761904, 'eval_precision_macro': 0.21632653061224488, 'eval_recall_macro': 0.40676691729323305, 'eval_accuracy': 0.4875, 'eval_runtime': 0.4336, 'eval_samples_per_second': 184.503, 'eval_steps_per_second': 23.063, 'epoch': 1.0}
{'eval_loss': 0.9114333987236023, 'eval_f1_macro': 0.44490288502446557, 'eval_f1_weighted': 0.48748820919033686, 'eval_precision_macro': 0.5378014842300557, 'eval_recall_macro': 0.5105084138918725, 'eval_accuracy': 0.575, 'eval_runtime': 0.4452, 'eval_samples_per_second': 179.71, 'eval_steps_per_second': 22.464, 'epoch': 2.0}
{'eval_loss': 0.7230255007743835, 'eval_f1_macro': 0.721903586609469, 'eval_f1_weighted': 0.7248140340052105, 'eval_precision_macro': 0.8188744588744589, 'eval_recall_macro': 0.7254744002864303, 'eval_accuracy': 0.75, 'eval_runtime': 0.4288, 'eval_samples_per_second': 186.58, 'eval_steps_per_second': 23.323, 'epoch': 3.0}
{'train_runtime': 19.5724, 'train_samples_per_second': 57.326, 'train_steps_per_second': 14.408, 'train_loss': 1.3144097294367798, 'epoch': 3.0}
  Model             : Wav2Vec2ForSequenceClassification  (315,693,191 params, 315,693,191 trainable)
{'eval_loss': 1.5876556634902954, 'eval_f1_macro': 0.14878522837706512, 'eval_f1_weighted': 0.20143707482993198, 'eval_precision_macro': 0.10283212722237112, 'eval_recall_macro': 0.2857142857142857, 'eval_accuracy': 0.3625, 'eval_runtime': 0.4658, 'eval_samples_per_second': 171.747, 'eval_steps_per_second': 21.468, 'epoch': 1.0}
{'eval_loss': 1.074127197265625, 'eval_f1_macro': 0.6476223877439683, 'eval_f1_weighted': 0.6473910840932118, 'eval_precision_macro': 0.769325912183055, 'eval_recall_macro': 0.6625492302184031, 'eval_accuracy': 0.6875, 'eval_runtime': 0.4764, 'eval_samples_per_second': 167.913, 'eval_steps_per_second': 20.989, 'epoch': 2.0}
{'eval_loss': 0.8793792724609375, 'eval_f1_macro': 0.5605979233798782, 'eval_f1_weighted': 0.559437656641604, 'eval_precision_macro': 0.5442144062833718, 'eval_recall_macro': 0.623093447905478, 'eval_accuracy': 0.65, 'eval_runtime': 0.4572, 'eval_samples_per_second': 174.996, 'eval_steps_per_second': 21.874, 'epoch': 3.0}
{'train_runtime': 9.9571, 'train_samples_per_second': 112.683, 'train_steps_per_second': 7.231, 'train_loss': 1.4504694408840604, 'epoch': 3.0}
  Model             : Wav2Vec2ForSequenceClassification  (315,693,191 params, 315,693,191 trainable)
{'eval_loss': 1.736730933189392, 'eval_f1_macro': 0.1921272525923689, 'eval_f1_weighted': 0.24039640591966177, 'eval_precision_macro': 0.2357498223169865, 'eval_recall_macro': 0.25, 'eval_accuracy': 0.35, 'eval_runtime': 0.4585, 'eval_samples_per_second': 174.489, 'eval_steps_per_second': 21.811, 'epoch': 1.0}
{'eval_loss': 1.4897644519805908, 'eval_f1_macro': 0.24635589852981157, 'eval_f1_weighted': 0.3125219587176109, 'eval_precision_macro': 0.3208421208421209, 'eval_recall_macro': 0.3238095238095238, 'eval_accuracy': 0.4, 'eval_runtime': 0.4241, 'eval_samples_per_second': 188.632, 'eval_steps_per_second': 23.579, 'epoch': 2.0}
{'eval_loss': 1.2042510509490967, 'eval_f1_macro': 0.5364478658596307, 'eval_f1_weighted': 0.5951552858905801, 'eval_precision_macro': 0.5473015873015873, 'eval_recall_macro': 0.5901002506265663, 'eval_accuracy': 0.6625, 'eval_runtime': 0.462, 'eval_samples_per_second': 173.165, 'eval_steps_per_second': 21.646, 'epoch': 3.0}
{'train_runtime': 12.1389, 'train_samples_per_second': 92.43, 'train_steps_per_second': 11.616, 'train_loss': 1.6410274640888187, 'epoch': 3.0}
  Model             : Wav2Vec2ForSequenceClassification  (315,693,191 params, 315,693,191 trainable)
{'eval_loss': 1.9572021961212158, 'eval_f1_macro': 0.05483405483405483, 'eval_f1_weighted': 0.09116161616161615, 'eval_precision_macro': 0.033928571428571426, 'eval_recall_macro': 0.14285714285714285, 'eval_accuracy': 0.2375, 'eval_runtime': 0.4204, 'eval_samples_per_second': 190.293, 'eval_steps_per_second': 23.787, 'epoch': 1.0}
  Model             : Wav2Vec2ForSequenceClassification  (315,693,191 params, 315,693,191 trainable)
{'eval_loss': 1.521112084388733, 'eval_f1_macro': 0.16699326100463605, 'eval_f1_weighted': 0.24320006691201074, 'eval_precision_macro': 0.12546161321671526, 'eval_recall_macro': 0.2857142857142857, 'eval_accuracy': 0.3875, 'eval_runtime': 0.4451, 'eval_samples_per_second': 179.739, 'eval_steps_per_second': 22.467, 'epoch': 1.0}
{'eval_loss': 1.1841567754745483, 'eval_f1_macro': 0.38528138528138534, 'eval_f1_weighted': 0.439280303030303, 'eval_precision_macro': 0.46095238095238095, 'eval_recall_macro': 0.44897959183673475, 'eval_accuracy': 0.525, 'eval_runtime': 0.4433, 'eval_samples_per_second': 180.464, 'eval_steps_per_second': 22.558, 'epoch': 2.0}
{'eval_loss': 1.0688689947128296, 'eval_f1_macro': 0.4802510559349465, 'eval_f1_weighted': 0.5129628350373032, 'eval_precision_macro': 0.6255102040816327, 'eval_recall_macro': 0.5231292517006804, 'eval_accuracy': 0.5875, 'eval_runtime': 0.4265, 'eval_samples_per_second': 187.554, 'eval_steps_per_second': 23.444, 'epoch': 3.0}
{'train_runtime': 19.555, 'train_samples_per_second': 57.377, 'train_steps_per_second': 14.421, 'train_loss': 1.411096342911957, 'epoch': 3.0}
  Model             : Wav2Vec2ForSequenceClassification  (315,693,191 params, 315,693,191 trainable)
{'eval_loss': 1.6146423816680908, 'eval_f1_macro': 0.2597402597402597, 'eval_f1_weighted': 0.3300324675324675, 'eval_precision_macro': 0.20285714285714285, 'eval_recall_macro': 0.38533834586466165, 'eval_accuracy': 0.4625, 'eval_runtime': 0.436, 'eval_samples_per_second': 183.472, 'eval_steps_per_second': 22.934, 'epoch': 1.0}
{'eval_loss': 1.374609351158142, 'eval_f1_macro': 0.2971945367294205, 'eval_f1_weighted': 0.3452487080103359, 'eval_precision_macro': 0.26435877261998425, 'eval_recall_macro': 0.39999999999999997, 'eval_accuracy': 0.4875, 'eval_runtime': 0.4575, 'eval_samples_per_second': 174.878, 'eval_steps_per_second': 21.86, 'epoch': 2.0}
  Model             : Wav2Vec2ForSequenceClassification  (315,693,191 params, 315,693,191 trainable)
{'eval_loss': 2.0757203102111816, 'eval_f1_macro': 0.031746031746031744, 'eval_f1_weighted': 0.02777777777777778, 'eval_precision_macro': 0.017857142857142856, 'eval_recall_macro': 0.14285714285714285, 'eval_accuracy': 0.125, 'eval_runtime': 0.4173, 'eval_samples_per_second': 191.717, 'eval_steps_per_second': 23.965, 'epoch': 1.0}
  Model             : Wav2Vec2ForSequenceClassification  (315,693,191 params, 315,693,191 trainable)
{'eval_loss': 1.6613585948944092, 'eval_f1_macro': 0.3017111712763887, 'eval_f1_weighted': 0.346466617118791, 'eval_precision_macro': 0.37641456582633054, 'eval_recall_macro': 0.39285714285714285, 'eval_accuracy': 0.475, 'eval_runtime': 0.4346, 'eval_samples_per_second': 184.098, 'eval_steps_per_second': 23.012, 'epoch': 1.0}
{'eval_loss': 0.9334961175918579, 'eval_f1_macro': 0.645686114651632, 'eval_f1_weighted': 0.6558006457144389, 'eval_precision_macro': 0.726686674669868, 'eval_recall_macro': 0.6482635159326888, 'eval_accuracy': 0.675, 'eval_runtime': 0.4239, 'eval_samples_per_second': 188.741, 'eval_steps_per_second': 23.593, 'epoch': 2.0}
{'eval_loss': 0.8434158563613892, 'eval_f1_macro': 0.7299075447816866, 'eval_f1_weighted': 0.7379179868567741, 'eval_precision_macro': 0.8613000755857899, 'eval_recall_macro': 0.7234693877551021, 'eval_accuracy': 0.7625, 'eval_runtime': 0.4636, 'eval_samples_per_second': 172.555, 'eval_steps_per_second': 21.569, 'epoch': 3.0}
{'train_runtime': 9.9074, 'train_samples_per_second': 113.249, 'train_steps_per_second': 7.267, 'train_loss': 1.367908689710829, 'epoch': 3.0}
  Model             : Wav2Vec2ForSequenceClassification  (315,693,191 params, 315,693,191 trainable)
{'eval_loss': 1.697912573814392, 'eval_f1_macro': 0.14536891679748823, 'eval_f1_weighted': 0.18917582417582418, 'eval_precision_macro': 0.14484126984126983, 'eval_recall_macro': 0.21428571428571427, 'eval_accuracy': 0.3125, 'eval_runtime': 0.432, 'eval_samples_per_second': 185.188, 'eval_steps_per_second': 23.149, 'epoch': 1.0}
{'eval_loss': 1.2922484874725342, 'eval_f1_macro': 0.41247990369174453, 'eval_f1_weighted': 0.4762844771632929, 'eval_precision_macro': 0.5997398959583834, 'eval_recall_macro': 0.44523809523809516, 'eval_accuracy': 0.5375, 'eval_runtime': 0.4734, 'eval_samples_per_second': 169.002, 'eval_steps_per_second': 21.125, 'epoch': 2.0}
{'eval_loss': 1.105494737625122, 'eval_f1_macro': 0.577715009271638, 'eval_f1_weighted': 0.6221214430925494, 'eval_precision_macro': 0.7311379097093382, 'eval_recall_macro': 0.5870748299319727, 'eval_accuracy': 0.6625, 'eval_runtime': 0.4476, 'eval_samples_per_second': 178.717, 'eval_steps_per_second': 22.34, 'epoch': 3.0}
{'train_runtime': 9.9455, 'train_samples_per_second': 112.815, 'train_steps_per_second': 7.239, 'train_loss': 1.5815646913316515, 'epoch': 3.0}
  Model             : Wav2Vec2ForSequenceClassification  (315,693,191 params, 315,693,191 trainable)
{'eval_loss': 1.9988281726837158, 'eval_f1_macro': 0.031746031746031744, 'eval_f1_weighted': 0.02777777777777778, 'eval_precision_macro': 0.017857142857142856, 'eval_recall_macro': 0.14285714285714285, 'eval_accuracy': 0.125, 'eval_runtime': 0.4205, 'eval_samples_per_second': 190.229, 'eval_steps_per_second': 23.779, 'epoch': 1.0}
  Model             : Wav2Vec2ForSequenceClassification  (315,693,191 params, 315,693,191 trainable)
{'eval_loss': 1.685333251953125, 'eval_f1_macro': 0.23436399217221135, 'eval_f1_weighted': 0.29163013698630136, 'eval_precision_macro': 0.20411070411070412, 'eval_recall_macro': 0.3095238095238096, 'eval_accuracy': 0.4125, 'eval_runtime': 0.4558, 'eval_samples_per_second': 175.505, 'eval_steps_per_second': 21.938, 'epoch': 1.0}
{'eval_loss': 1.441992163658142, 'eval_f1_macro': 0.2439900153609831, 'eval_f1_weighted': 0.31160618279569896, 'eval_precision_macro': 0.1898863011186503, 'eval_recall_macro': 0.34523809523809523, 'eval_accuracy': 0.45, 'eval_runtime': 0.44, 'eval_samples_per_second': 181.799, 'eval_steps_per_second': 22.725, 'epoch': 2.0}
  Model             : Wav2Vec2ForSequenceClassification  (315,693,191 params, 315,693,191 trainable)
{'eval_loss': 2.014721632003784, 'eval_f1_macro': 0.031746031746031744, 'eval_f1_weighted': 0.02777777777777778, 'eval_precision_macro': 0.017857142857142856, 'eval_recall_macro': 0.14285714285714285, 'eval_accuracy': 0.125, 'eval_runtime': 0.4346, 'eval_samples_per_second': 184.079, 'eval_steps_per_second': 23.01, 'epoch': 1.0}
  Model             : Wav2Vec2ForSequenceClassification  (315,693,191 params, 315,693,191 trainable)
{'eval_loss': 1.985070824623108, 'eval_f1_macro': 0.05483405483405483, 'eval_f1_weighted': 0.09116161616161615, 'eval_precision_macro': 0.033928571428571426, 'eval_recall_macro': 0.14285714285714285, 'eval_accuracy': 0.2375, 'eval_runtime': 0.4395, 'eval_samples_per_second': 182.036, 'eval_steps_per_second': 22.754, 'epoch': 1.0}
  Model             : Wav2Vec2ForSequenceClassification  (315,693,191 params, 315,693,191 trainable)
{'eval_loss': 1.3805450201034546, 'eval_f1_macro': 0.22987701812671216, 'eval_f1_weighted': 0.29532843737250103, 'eval_precision_macro': 0.20103005741303615, 'eval_recall_macro': 0.3353383458646616, 'eval_accuracy': 0.4, 'eval_runtime': 0.4231, 'eval_samples_per_second': 189.097, 'eval_steps_per_second': 23.637, 'epoch': 1.0}
{'eval_loss': 0.884136974811554, 'eval_f1_macro': 0.6970514521598112, 'eval_f1_weighted': 0.7040061550936164, 'eval_precision_macro': 0.7815013488926531, 'eval_recall_macro': 0.6992839240959541, 'eval_accuracy': 0.725, 'eval_runtime': 0.4603, 'eval_samples_per_second': 173.783, 'eval_steps_per_second': 21.723, 'epoch': 2.0}
{'eval_loss': 0.7680915594100952, 'eval_f1_macro': 0.7811352985823691, 'eval_f1_weighted': 0.791070283046996, 'eval_precision_macro': 0.8475416922621892, 'eval_recall_macro': 0.7717329036877908, 'eval_accuracy': 0.8, 'eval_runtime': 0.4287, 'eval_samples_per_second': 186.597, 'eval_steps_per_second': 23.325, 'epoch': 3.0}
{'train_runtime': 19.5573, 'train_samples_per_second': 57.37, 'train_steps_per_second': 14.419, 'train_loss': 1.3110822312375332, 'epoch': 3.0}
  Model             : Wav2Vec2ForSequenceClassification  (315,693,191 params, 315,693,191 trainable)
{'eval_loss': 1.624609351158142, 'eval_f1_macro': 0.15260965449644695, 'eval_f1_weighted': 0.2112607204116638, 'eval_precision_macro': 0.10861941675895163, 'eval_recall_macro': 0.2857142857142857, 'eval_accuracy': 0.3625, 'eval_runtime': 0.4573, 'eval_samples_per_second': 174.932, 'eval_steps_per_second': 21.866, 'epoch': 1.0}
{'eval_loss': 1.1887298822402954, 'eval_f1_macro': 0.47641723356009064, 'eval_f1_weighted': 0.5410714285714285, 'eval_precision_macro': 0.4532978408754806, 'eval_recall_macro': 0.5567669172932331, 'eval_accuracy': 0.625, 'eval_runtime': 0.4401, 'eval_samples_per_second': 181.761, 'eval_steps_per_second': 22.72, 'epoch': 2.0}
{'eval_loss': 1.02850341796875, 'eval_f1_macro': 0.517687074829932, 'eval_f1_weighted': 0.5785714285714285, 'eval_precision_macro': 0.4820393374741201, 'eval_recall_macro': 0.5948621553884711, 'eval_accuracy': 0.6625, 'eval_runtime': 0.4512, 'eval_samples_per_second': 177.308, 'eval_steps_per_second': 22.163, 'epoch': 3.0}
{'train_runtime': 12.252, 'train_samples_per_second': 91.577, 'train_steps_per_second': 11.508, 'train_loss': 1.5013819484845967, 'epoch': 3.0}
  Best f1_macro: 3.9915  |  params: {'learning_rate': 3.533078513299509e-05, 'per_device_train_batch_size': 4, 'warmup_ratio': 0.14055160581357343, 'weight_decay': 0.016405122922556838}
  HPO complete. Skipping training (--hpo_only mode).

======================================================================
[21/21]  wav2vec2-large_cameo
  Model  : facebook/wav2vec2-large
  Dataset: amu-cai/CAMEO
  Output : /home/tu/tu_tu/tu_zxord71/asp-project/outputs/wav2vec2-large_cameo

  Loading: amu-cai/CAMEO
  Multiple splits found (['crema_d', 'cafe', 'emns', 'emozionalmente', 'enterface', 'jl_corpus', 'mesd', 'nemo', 'oreau', 'pavoque', 'ravdess', 'resd', 'subesco']) — concatenating into one.
  Label col : emotion
  Samples   : 41,265  |  Classes: 17
    anger: 5961
    anxiety: 240
    apology: 240
    assertiveness: 240
    calm: 192
    concern: 240
    disgust: 4368
    encouragement: 240
    enthusiasm: 198
    excitement: 395
    fear: 4977
    happiness: 5965
    neutral: 7970
    poker: 575
    sadness: 5896
    sarcasm: 142
    surprise: 3426
  Filtered to core emotions: 41,265 -> 38,563 samples (2,702 dropped)
  Classes   : ['anger', 'disgust', 'fear', 'happiness', 'neutral', 'sadness', 'surprise']
  Feature extractor : Wav2Vec2FeatureExtractor  (sr=16000)

ERROR in wav2vec2-large_cameo:
Traceback (most recent call last):
  File "/home/tu/tu_tu/tu_zxord71/asp-project/experiments/run_all.py", line 353, in main
    metrics = run_experiment(
              ^^^^^^^^^^^^^^^
  File "/home/tu/tu_tu/tu_zxord71/asp-project/experiments/run_all.py", line 137, in run_experiment
    full_ds = featurise_split(
              ^^^^^^^^^^^^^^^^
  File "/home/tu/tu_tu/tu_zxord71/asp-project/experiments/pipeline/data.py", line 283, in featurise_split
    d = raw_split.map(fn, batched=True, num_proc=1, remove_columns=raw_split.column_names, desc=desc)
        ^^^^^^^^^^^^^^^^^^^^^^^^^^^^^^^^^^^^^^^^^^^^^^^^^^^^^^^^^^^^^^^^^^^^^^^^^^^^^^^^^^^^^^^^^^^^^
  File "/home/tu/tu_tu/tu_zxord71/asp-project/.venv/lib64/python3.11/site-packages/datasets/arrow_dataset.py", line 576, in wrapper
    out: Union["Dataset", "DatasetDict"] = func(self, *args, **kwargs)
                                           ^^^^^^^^^^^^^^^^^^^^^^^^^^^
  File "/home/tu/tu_tu/tu_zxord71/asp-project/.venv/lib64/python3.11/site-packages/datasets/arrow_dataset.py", line 3624, in map
    for rank, done, content in iflatmap_unordered(
  File "/home/tu/tu_tu/tu_zxord71/asp-project/.venv/lib64/python3.11/site-packages/datasets/utils/py_utils.py", line 617, in iflatmap_unordered
    raise RuntimeError(
RuntimeError: One of the subprocesses has abruptly died during map operation.To debug the error, disable multiprocessing.


Stage 1 complete. Run Stage 2 to train with the selected hyperparameters.

Stage 1 exit code: 0

============================================
Stage 2: 5-fold CV training (4-GPU DDP, torchrun)
============================================

======================================================================
Emotion Recognition Pipeline  [Stage 2 — Training]
======================================================================

  Loading: xbgoose/ravdess
  Loading: xbgoose/ravdess


  Loading: xbgoose/ravdess
Device    : cuda  (4 GPU(s))
Models    : ['wav2vec2-base', 'hubert-xlarge', 'wavlm-large', 'distilhubert', 'hubert-base', 'wavlm-base', 'wav2vec2-large']
Datasets  : ['ravdess', 'emodb', 'cameo']
Epochs    : 30  |  Batch: 8  |  LR: 3e-05  |  K-folds: 5
Output    : /home/tu/tu_tu/tu_zxord71/asp-project/outputs
======================================================================

======================================================================
[1/21]  wav2vec2-base_ravdess
  Model  : facebook/wav2vec2-base
  Dataset: xbgoose/ravdess
  Output : /home/tu/tu_tu/tu_zxord71/asp-project/outputs/wav2vec2-base_ravdess

  Loading: xbgoose/ravdess
  Label col : emotion  Label col : emotion
  Label col : emotion
  Samples   : 1,440  |  Classes: 8

  Samples   : 1,440  |  Classes: 8  Samples   : 1,440  |  Classes: 8
    angry: 192

    angry: 192    calm: 192    angry: 192


    calm: 192    disgust: 192    calm: 192


    disgust: 192    fearful: 192    disgust: 192


    fearful: 192    happy: 192    fearful: 192


    happy: 192    neutral: 96    happy: 192


    neutral: 96    sad: 192    neutral: 96


    sad: 192    surprised: 192    sad: 192


    surprised: 192    surprised: 192

  Label col : emotion
  Samples   : 1,440  |  Classes: 8
    angry: 192
    calm: 192
    disgust: 192
    fearful: 192
    happy: 192
    neutral: 96
    sad: 192
    surprised: 192
  Classes   : ['angry', 'calm', 'disgust', 'fearful', 'happy', 'neutral', 'sad', 'surprised']
  Classes   : ['angry', 'calm', 'disgust', 'fearful', 'happy', 'neutral', 'sad', 'surprised']
  Classes   : ['angry', 'calm', 'disgust', 'fearful', 'happy', 'neutral', 'sad', 'surprised']
  Classes   : ['angry', 'calm', 'disgust', 'fearful', 'happy', 'neutral', 'sad', 'surprised']
  Feature extractor : Wav2Vec2FeatureExtractor  (sr=16000)
  Feature extractor : Wav2Vec2FeatureExtractor  (sr=16000)
  Feature extractor : Wav2Vec2FeatureExtractor  (sr=16000)
  Feature extractor : Wav2Vec2FeatureExtractor  (sr=16000)
  Loaded hyperparameters: lr=3.307913469447343e-05  bs=8  warmup=0.06722431533547411  wd=0.08989607547391792
  Fold 1/5: 948 train / 204 val / 288 test  (of 1,440)  Fold 1/5: 948 train / 204 val / 288 test  (of 1,440)  Fold 1/5: 948 train / 204 val / 288 test  (of 1,440)


  Fold 1/5: 948 train / 204 val / 288 test  (of 1,440)

  --- Fold 1/5 ---
  Model             : Wav2Vec2ForSequenceClassification  (94,570,632 params, 94,570,632 trainable)
  Training  : lr=3.307913469447343e-05  bs=8  epochs=30  patience=5
  Model             : Wav2Vec2ForSequenceClassification  (94,570,632 params, 94,570,632 trainable)
  Training  : lr=3.307913469447343e-05  bs=8  epochs=30  patience=5
  Model             : Wav2Vec2ForSequenceClassification  (94,570,632 params, 94,570,632 trainable)
  Training  : lr=3.307913469447343e-05  bs=8  epochs=30  patience=5
  Model             : Wav2Vec2ForSequenceClassification  (94,570,632 params, 94,570,632 trainable)
  Training  : lr=3.307913469447343e-05  bs=8  epochs=30  patience=5
{'loss': 2.0823, 'grad_norm': 1.0554945468902588, 'learning_rate': 4.880528069676408e-06, 'epoch': 0.33}
{'loss': 2.0771, 'grad_norm': 0.8135720491409302, 'learning_rate': 1.0303337035983528e-05, 'epoch': 0.67}
{'loss': 2.0618, 'grad_norm': 1.0254416465759277, 'learning_rate': 1.5726146002290646e-05, 'epoch': 1.0}
{'eval_loss': 2.055666446685791, 'eval_f1_macro': 0.038069016152716594, 'eval_f1_weighted': 0.04030837004405287, 'eval_precision_macro': 0.058541666666666665, 'eval_recall_macro': 0.12962962962962962, 'eval_accuracy': 0.13725490196078433, 'eval_runtime': 7.359, 'eval_samples_per_second': 27.721, 'eval_steps_per_second': 0.951, 'epoch': 1.0}
{'loss': 2.036, 'grad_norm': 1.0988768339157104, 'learning_rate': 2.114895496859777e-05, 'epoch': 1.33}
{'loss': 1.9992, 'grad_norm': 1.5779629945755005, 'learning_rate': 2.6571763934904885e-05, 'epoch': 1.67}
{'loss': 1.9272, 'grad_norm': 1.5026265382766724, 'learning_rate': 3.1994572901212004e-05, 'epoch': 2.0}
{'eval_loss': 1.839221477508545, 'eval_f1_macro': 0.22833971201419057, 'eval_f1_weighted': 0.24431670864850943, 'eval_precision_macro': 0.20464949137549757, 'eval_recall_macro': 0.31960978835978837, 'eval_accuracy': 0.3431372549019608, 'eval_runtime': 0.2845, 'eval_samples_per_second': 716.935, 'eval_steps_per_second': 24.601, 'epoch': 2.0}
{'loss': 1.8348, 'grad_norm': 7.684207439422607, 'learning_rate': 3.276371982253566e-05, 'epoch': 2.33}
{'loss': 1.7734, 'grad_norm': 3.6660306453704834, 'learning_rate': 3.236945123261345e-05, 'epoch': 2.67}
{'loss': 1.6942, 'grad_norm': 16.0706844329834, 'learning_rate': 3.197518264269124e-05, 'epoch': 3.0}
{'eval_loss': 1.8860915899276733, 'eval_f1_macro': 0.2531236976224549, 'eval_f1_weighted': 0.2707584249335797, 'eval_precision_macro': 0.23548430735930737, 'eval_recall_macro': 0.3310185185185185, 'eval_accuracy': 0.35294117647058826, 'eval_runtime': 0.3051, 'eval_samples_per_second': 668.621, 'eval_steps_per_second': 22.943, 'epoch': 3.0}
{'loss': 1.6811, 'grad_norm': 4.138777256011963, 'learning_rate': 3.1580914052769034e-05, 'epoch': 3.33}
{'loss': 1.5249, 'grad_norm': 4.057218074798584, 'learning_rate': 3.118664546284682e-05, 'epoch': 3.67}
{'loss': 1.4098, 'grad_norm': 3.1172940731048584, 'learning_rate': 3.079237687292461e-05, 'epoch': 4.0}
{'eval_loss': 1.3453787565231323, 'eval_f1_macro': 0.5554645591695295, 'eval_f1_weighted': 0.5765337219406763, 'eval_precision_macro': 0.649701027749618, 'eval_recall_macro': 0.5919312169312169, 'eval_accuracy': 0.6225490196078431, 'eval_runtime': 0.2933, 'eval_samples_per_second': 695.627, 'eval_steps_per_second': 23.87, 'epoch': 4.0}
{'loss': 1.3329, 'grad_norm': 5.30905818939209, 'learning_rate': 3.03981082830024e-05, 'epoch': 4.33}
{'loss': 1.2166, 'grad_norm': 4.4434404373168945, 'learning_rate': 3.0003839693080188e-05, 'epoch': 4.67}
{'loss': 1.1743, 'grad_norm': 8.65153694152832, 'learning_rate': 2.960957110315798e-05, 'epoch': 5.0}
{'eval_loss': 1.0606940984725952, 'eval_f1_macro': 0.7586889439599567, 'eval_f1_weighted': 0.7560338738039528, 'eval_precision_macro': 0.8010959089219959, 'eval_recall_macro': 0.7614087301587301, 'eval_accuracy': 0.7647058823529411, 'eval_runtime': 0.2846, 'eval_samples_per_second': 716.763, 'eval_steps_per_second': 24.595, 'epoch': 5.0}
{'loss': 0.998, 'grad_norm': 6.034505844116211, 'learning_rate': 2.921530251323577e-05, 'epoch': 5.33}
{'loss': 0.9512, 'grad_norm': 7.839442729949951, 'learning_rate': 2.882103392331356e-05, 'epoch': 5.67}
{'loss': 0.9069, 'grad_norm': 9.860501289367676, 'learning_rate': 2.842676533339135e-05, 'epoch': 6.0}
{'eval_loss': 0.8948017358779907, 'eval_f1_macro': 0.8138608844858846, 'eval_f1_weighted': 0.8146168129256364, 'eval_precision_macro': 0.8408094442848447, 'eval_recall_macro': 0.8118386243386244, 'eval_accuracy': 0.8186274509803921, 'eval_runtime': 0.3175, 'eval_samples_per_second': 642.591, 'eval_steps_per_second': 22.05, 'epoch': 6.0}
{'loss': 0.79, 'grad_norm': 9.757203102111816, 'learning_rate': 2.803249674346914e-05, 'epoch': 6.33}
{'loss': 0.7088, 'grad_norm': 10.940298080444336, 'learning_rate': 2.763822815354693e-05, 'epoch': 6.67}
{'loss': 0.6587, 'grad_norm': 10.270652770996094, 'learning_rate': 2.7243959563624722e-05, 'epoch': 7.0}
{'eval_loss': 0.720184326171875, 'eval_f1_macro': 0.8389957664761497, 'eval_f1_weighted': 0.8394226041270021, 'eval_precision_macro': 0.8579892329892329, 'eval_recall_macro': 0.8303571428571428, 'eval_accuracy': 0.8382352941176471, 'eval_runtime': 0.3189, 'eval_samples_per_second': 639.684, 'eval_steps_per_second': 21.95, 'epoch': 7.0}
{'loss': 0.6363, 'grad_norm': 20.487274169921875, 'learning_rate': 2.684969097370251e-05, 'epoch': 7.33}
{'loss': 0.6207, 'grad_norm': 16.63871955871582, 'learning_rate': 2.64554223837803e-05, 'epoch': 7.67}
{'loss': 0.604, 'grad_norm': 12.930352210998535, 'learning_rate': 2.606115379385809e-05, 'epoch': 8.0}
{'eval_loss': 0.6499860882759094, 'eval_f1_macro': 0.8704991565580393, 'eval_f1_weighted': 0.8693995498167661, 'eval_precision_macro': 0.8836702649202649, 'eval_recall_macro': 0.87119708994709, 'eval_accuracy': 0.8725490196078431, 'eval_runtime': 0.3178, 'eval_samples_per_second': 641.945, 'eval_steps_per_second': 22.028, 'epoch': 8.0}
{'loss': 0.497, 'grad_norm': 11.556199073791504, 'learning_rate': 2.5666885203935876e-05, 'epoch': 8.33}
{'loss': 0.4449, 'grad_norm': 7.082240104675293, 'learning_rate': 2.5272616614013668e-05, 'epoch': 8.67}
{'loss': 0.4381, 'grad_norm': 7.406184673309326, 'learning_rate': 2.4878348024091457e-05, 'epoch': 9.0}
{'eval_loss': 0.6147392392158508, 'eval_f1_macro': 0.8307965666055235, 'eval_f1_weighted': 0.8370466320208217, 'eval_precision_macro': 0.8316810997434937, 'eval_recall_macro': 0.8401124338624338, 'eval_accuracy': 0.8382352941176471, 'eval_runtime': 0.3125, 'eval_samples_per_second': 652.698, 'eval_steps_per_second': 22.397, 'epoch': 9.0}
{'loss': 0.373, 'grad_norm': 6.960896015167236, 'learning_rate': 2.448407943416925e-05, 'epoch': 9.33}
{'loss': 0.4167, 'grad_norm': 20.211532592773438, 'learning_rate': 2.4089810844247037e-05, 'epoch': 9.67}
{'loss': 0.3667, 'grad_norm': 18.514698028564453, 'learning_rate': 2.369554225432483e-05, 'epoch': 10.0}
{'eval_loss': 0.5590808391571045, 'eval_f1_macro': 0.8602168174962292, 'eval_f1_weighted': 0.8675157800676833, 'eval_precision_macro': 0.8658422412170539, 'eval_recall_macro': 0.8718584656084656, 'eval_accuracy': 0.8676470588235294, 'eval_runtime': 0.3328, 'eval_samples_per_second': 612.924, 'eval_steps_per_second': 21.032, 'epoch': 10.0}
{'loss': 0.3053, 'grad_norm': 24.31675148010254, 'learning_rate': 2.3301273664402618e-05, 'epoch': 10.33}
{'loss': 0.2615, 'grad_norm': 0.9672983884811401, 'learning_rate': 2.290700507448041e-05, 'epoch': 10.67}
{'loss': 0.2621, 'grad_norm': 3.531702756881714, 'learning_rate': 2.25127364845582e-05, 'epoch': 11.0}
{'eval_loss': 0.4446731209754944, 'eval_f1_macro': 0.8830895744581089, 'eval_f1_weighted': 0.887484887492494, 'eval_precision_macro': 0.8820307108350587, 'eval_recall_macro': 0.8897156084656084, 'eval_accuracy': 0.8872549019607843, 'eval_runtime': 0.3214, 'eval_samples_per_second': 634.7, 'eval_steps_per_second': 21.779, 'epoch': 11.0}
{'loss': 0.2244, 'grad_norm': 9.895133018493652, 'learning_rate': 2.211846789463599e-05, 'epoch': 11.33}
{'loss': 0.1932, 'grad_norm': 17.755596160888672, 'learning_rate': 2.172419930471378e-05, 'epoch': 11.67}
{'loss': 0.1758, 'grad_norm': 1.1920528411865234, 'learning_rate': 2.132993071479157e-05, 'epoch': 12.0}
{'eval_loss': 0.5563746690750122, 'eval_f1_macro': 0.848526650582782, 'eval_f1_weighted': 0.8515875577894058, 'eval_precision_macro': 0.8626373490886137, 'eval_recall_macro': 0.8571428571428572, 'eval_accuracy': 0.8480392156862745, 'eval_runtime': 0.2896, 'eval_samples_per_second': 704.461, 'eval_steps_per_second': 24.173, 'epoch': 12.0}
{'loss': 0.1609, 'grad_norm': 1.8889744281768799, 'learning_rate': 2.0935662124869356e-05, 'epoch': 12.33}
{'loss': 0.1645, 'grad_norm': 21.169898986816406, 'learning_rate': 2.0541393534947145e-05, 'epoch': 12.67}
{'loss': 0.1383, 'grad_norm': 0.8291180729866028, 'learning_rate': 2.0147124945024937e-05, 'epoch': 13.0}
{'eval_loss': 0.5434359312057495, 'eval_f1_macro': 0.8505347780698267, 'eval_f1_weighted': 0.858768098724073, 'eval_precision_macro': 0.8590411545124568, 'eval_recall_macro': 0.8619378306878307, 'eval_accuracy': 0.8578431372549019, 'eval_runtime': 0.2882, 'eval_samples_per_second': 707.908, 'eval_steps_per_second': 24.291, 'epoch': 13.0}
{'loss': 0.1246, 'grad_norm': 8.963353157043457, 'learning_rate': 1.9752856355102725e-05, 'epoch': 13.33}
{'loss': 0.0987, 'grad_norm': 0.47426173090934753, 'learning_rate': 1.9358587765180517e-05, 'epoch': 13.67}
{'loss': 0.1332, 'grad_norm': 0.4191739857196808, 'learning_rate': 1.8964319175258306e-05, 'epoch': 14.0}
{'eval_loss': 0.510370135307312, 'eval_f1_macro': 0.860161029125162, 'eval_f1_weighted': 0.8645968376176841, 'eval_precision_macro': 0.8722977985761367, 'eval_recall_macro': 0.871031746031746, 'eval_accuracy': 0.8676470588235294, 'eval_runtime': 0.297, 'eval_samples_per_second': 686.781, 'eval_steps_per_second': 23.566, 'epoch': 14.0}
{'loss': 0.1136, 'grad_norm': 0.9421449899673462, 'learning_rate': 1.8570050585336098e-05, 'epoch': 14.33}
{'loss': 0.1765, 'grad_norm': 253.05372619628906, 'learning_rate': 1.8175781995413886e-05, 'epoch': 14.67}
{'loss': 0.1025, 'grad_norm': 17.387544631958008, 'learning_rate': 1.7781513405491678e-05, 'epoch': 15.0}
{'eval_loss': 0.46716293692588806, 'eval_f1_macro': 0.875554136767372, 'eval_f1_weighted': 0.8812105210245349, 'eval_precision_macro': 0.8844196721351893, 'eval_recall_macro': 0.8759920634920635, 'eval_accuracy': 0.8823529411764706, 'eval_runtime': 0.3111, 'eval_samples_per_second': 655.676, 'eval_steps_per_second': 22.499, 'epoch': 15.0}
{'loss': 0.1068, 'grad_norm': 18.881710052490234, 'learning_rate': 1.7387244815569467e-05, 'epoch': 15.33}
{'loss': 0.094, 'grad_norm': 0.3481455445289612, 'learning_rate': 1.699297622564726e-05, 'epoch': 15.67}
{'loss': 0.0936, 'grad_norm': 0.42031508684158325, 'learning_rate': 1.6598707635725047e-05, 'epoch': 16.0}
{'eval_loss': 0.48314622044563293, 'eval_f1_macro': 0.8797812745623608, 'eval_f1_weighted': 0.8873913195936056, 'eval_precision_macro': 0.8840239068499938, 'eval_recall_macro': 0.880787037037037, 'eval_accuracy': 0.8872549019607843, 'eval_runtime': 0.2975, 'eval_samples_per_second': 685.756, 'eval_steps_per_second': 23.531, 'epoch': 16.0}
{'train_runtime': 99.9144, 'train_samples_per_second': 284.644, 'train_steps_per_second': 9.008, 'train_loss': 0.7951332529385885, 'epoch': 16.0}
  Finished  : epoch 16/30 | runtime 100s | 284.6 samples/s
  Finished  : epoch 16/30 | runtime 100s | 284.6 samples/s  Finished  : epoch 16/30 | runtime 100s | 284.6 samples/s

  Finished  : epoch 16/30 | runtime 100s | 284.6 samples/s
  Fold 2/5: 948 train / 204 val / 288 test  (of 1,440)
              precision    recall  f1-score   support

       angry       0.90      0.97      0.94        39
        calm       0.86      0.95      0.90        38
     disgust       0.97      0.92      0.95        39
     fearful       0.82      0.84      0.83        38
       happy       0.91      0.77      0.83        39
     neutral       0.79      0.79      0.79        19
         sad       0.83      0.92      0.88        38
   surprised       0.97      0.87      0.92        38

    accuracy                           0.89       288
   macro avg       0.88      0.88      0.88       288
weighted avg       0.89      0.89      0.89       288

  Fold 2/5: 948 train / 204 val / 288 test  (of 1,440)
  Fold 2/5: 948 train / 204 val / 288 test  (of 1,440)
  Model             : Wav2Vec2ForSequenceClassification  (94,570,632 params, 94,570,632 trainable)
  Training  : lr=3.307913469447343e-05  bs=8  epochs=30  patience=5
  Model             : Wav2Vec2ForSequenceClassification  (94,570,632 params, 94,570,632 trainable)
  Training  : lr=3.307913469447343e-05  bs=8  epochs=30  patience=5
  Model             : Wav2Vec2ForSequenceClassification  (94,570,632 params, 94,570,632 trainable)
  Training  : lr=3.307913469447343e-05  bs=8  epochs=30  patience=5
  F1-Macro 0.8789 | Accuracy 0.8854 | Precision 0.8822 | Recall 0.8794
  Fold 2/5: 948 train / 204 val / 288 test  (of 1,440)

  --- Fold 2/5 ---
  Model             : Wav2Vec2ForSequenceClassification  (94,570,632 params, 94,570,632 trainable)
  Training  : lr=3.307913469447343e-05  bs=8  epochs=30  patience=5
{'loss': 2.0844, 'grad_norm': 0.8909880518913269, 'learning_rate': 4.880528069676408e-06, 'epoch': 0.33}
{'loss': 2.0678, 'grad_norm': 0.7546324133872986, 'learning_rate': 1.0303337035983528e-05, 'epoch': 0.67}
{'loss': 2.0592, 'grad_norm': 0.8564853072166443, 'learning_rate': 1.5726146002290646e-05, 'epoch': 1.0}
{'eval_loss': 2.048703670501709, 'eval_f1_macro': 0.08601190476190476, 'eval_f1_weighted': 0.09107142857142858, 'eval_precision_macro': 0.08702239789196312, 'eval_recall_macro': 0.15740740740740738, 'eval_accuracy': 0.16666666666666666, 'eval_runtime': 0.297, 'eval_samples_per_second': 686.781, 'eval_steps_per_second': 23.566, 'epoch': 1.0}
{'loss': 2.0242, 'grad_norm': 1.617940068244934, 'learning_rate': 2.114895496859777e-05, 'epoch': 1.33}
{'loss': 1.9884, 'grad_norm': 1.8684078454971313, 'learning_rate': 2.6571763934904885e-05, 'epoch': 1.67}
{'loss': 1.9127, 'grad_norm': 4.731888294219971, 'learning_rate': 3.1994572901212004e-05, 'epoch': 2.0}
{'eval_loss': 1.8752895593643188, 'eval_f1_macro': 0.19606037911797713, 'eval_f1_weighted': 0.2097379504386425, 'eval_precision_macro': 0.19172990063233966, 'eval_recall_macro': 0.30092592592592593, 'eval_accuracy': 0.3235294117647059, 'eval_runtime': 0.3055, 'eval_samples_per_second': 667.671, 'eval_steps_per_second': 22.91, 'epoch': 2.0}
{'loss': 1.8437, 'grad_norm': 3.6044387817382812, 'learning_rate': 3.276371982253566e-05, 'epoch': 2.33}
{'loss': 1.8002, 'grad_norm': 3.0291807651519775, 'learning_rate': 3.236945123261345e-05, 'epoch': 2.67}
{'loss': 1.7443, 'grad_norm': 10.920523643493652, 'learning_rate': 3.197518264269124e-05, 'epoch': 3.0}
{'eval_loss': 1.7588752508163452, 'eval_f1_macro': 0.22596832991569832, 'eval_f1_weighted': 0.24276198517684583, 'eval_precision_macro': 0.26053542980479105, 'eval_recall_macro': 0.3245701058201058, 'eval_accuracy': 0.3480392156862745, 'eval_runtime': 0.2908, 'eval_samples_per_second': 701.612, 'eval_steps_per_second': 24.075, 'epoch': 3.0}
{'loss': 1.6392, 'grad_norm': 2.8218703269958496, 'learning_rate': 3.1580914052769034e-05, 'epoch': 3.33}
{'loss': 1.6035, 'grad_norm': 6.127685546875, 'learning_rate': 3.118664546284682e-05, 'epoch': 3.67}
{'loss': 1.5981, 'grad_norm': 4.398304462432861, 'learning_rate': 3.079237687292461e-05, 'epoch': 4.0}
{'eval_loss': 1.5094281435012817, 'eval_f1_macro': 0.43981945103701103, 'eval_f1_weighted': 0.4687412923834148, 'eval_precision_macro': 0.4429234743750872, 'eval_recall_macro': 0.4814814814814815, 'eval_accuracy': 0.5147058823529411, 'eval_runtime': 0.3184, 'eval_samples_per_second': 640.607, 'eval_steps_per_second': 21.982, 'epoch': 4.0}
{'loss': 1.425, 'grad_norm': 8.05431079864502, 'learning_rate': 3.03981082830024e-05, 'epoch': 4.33}
{'loss': 1.3416, 'grad_norm': 5.395004749298096, 'learning_rate': 3.0003839693080188e-05, 'epoch': 4.67}
{'loss': 1.2642, 'grad_norm': 7.827374458312988, 'learning_rate': 2.960957110315798e-05, 'epoch': 5.0}
{'eval_loss': 1.2775399684906006, 'eval_f1_macro': 0.45698431271916873, 'eval_f1_weighted': 0.47867942592809704, 'eval_precision_macro': 0.5972470783185069, 'eval_recall_macro': 0.5138888888888888, 'eval_accuracy': 0.5441176470588235, 'eval_runtime': 0.3331, 'eval_samples_per_second': 612.363, 'eval_steps_per_second': 21.012, 'epoch': 5.0}
{'loss': 1.1481, 'grad_norm': 9.495612144470215, 'learning_rate': 2.921530251323577e-05, 'epoch': 5.33}
{'loss': 1.1329, 'grad_norm': 6.358733177185059, 'learning_rate': 2.882103392331356e-05, 'epoch': 5.67}
{'loss': 1.1122, 'grad_norm': 8.47680950164795, 'learning_rate': 2.842676533339135e-05, 'epoch': 6.0}
{'eval_loss': 1.090662956237793, 'eval_f1_macro': 0.6425974121213788, 'eval_f1_weighted': 0.6843188285206756, 'eval_precision_macro': 0.6367328577854894, 'eval_recall_macro': 0.6626984126984127, 'eval_accuracy': 0.7058823529411765, 'eval_runtime': 0.3037, 'eval_samples_per_second': 671.751, 'eval_steps_per_second': 23.05, 'epoch': 6.0}
{'loss': 1.0064, 'grad_norm': 5.876845836639404, 'learning_rate': 2.803249674346914e-05, 'epoch': 6.33}
{'loss': 0.8994, 'grad_norm': 11.393049240112305, 'learning_rate': 2.763822815354693e-05, 'epoch': 6.67}
{'loss': 0.8419, 'grad_norm': 11.032804489135742, 'learning_rate': 2.7243959563624722e-05, 'epoch': 7.0}
{'eval_loss': 0.9855992794036865, 'eval_f1_macro': 0.7242828090786777, 'eval_f1_weighted': 0.7299780887781768, 'eval_precision_macro': 0.7488115588115588, 'eval_recall_macro': 0.7291666666666666, 'eval_accuracy': 0.7352941176470589, 'eval_runtime': 0.3254, 'eval_samples_per_second': 626.923, 'eval_steps_per_second': 21.512, 'epoch': 7.0}
{'loss': 0.8254, 'grad_norm': 11.856112480163574, 'learning_rate': 2.684969097370251e-05, 'epoch': 7.33}
{'loss': 0.7198, 'grad_norm': 8.467503547668457, 'learning_rate': 2.64554223837803e-05, 'epoch': 7.67}
{'loss': 0.7036, 'grad_norm': 7.608181953430176, 'learning_rate': 2.606115379385809e-05, 'epoch': 8.0}
{'eval_loss': 0.8172876834869385, 'eval_f1_macro': 0.7992558463955948, 'eval_f1_weighted': 0.8067340469611233, 'eval_precision_macro': 0.8302195938241197, 'eval_recall_macro': 0.8024140211640212, 'eval_accuracy': 0.8088235294117647, 'eval_runtime': 0.3022, 'eval_samples_per_second': 675.094, 'eval_steps_per_second': 23.165, 'epoch': 8.0}
{'loss': 0.637, 'grad_norm': 5.066622257232666, 'learning_rate': 2.5666885203935876e-05, 'epoch': 8.33}
{'loss': 0.5687, 'grad_norm': 5.468414306640625, 'learning_rate': 2.5272616614013668e-05, 'epoch': 8.67}
{'loss': 0.5657, 'grad_norm': 5.6300129890441895, 'learning_rate': 2.4878348024091457e-05, 'epoch': 9.0}
{'eval_loss': 0.7162113785743713, 'eval_f1_macro': 0.789290422617044, 'eval_f1_weighted': 0.8121123578853022, 'eval_precision_macro': 0.8160219290607222, 'eval_recall_macro': 0.7862103174603174, 'eval_accuracy': 0.8137254901960784, 'eval_runtime': 0.3011, 'eval_samples_per_second': 677.562, 'eval_steps_per_second': 23.25, 'epoch': 9.0}
{'loss': 0.4974, 'grad_norm': 17.16693687438965, 'learning_rate': 2.448407943416925e-05, 'epoch': 9.33}
{'loss': 0.4926, 'grad_norm': 12.718791007995605, 'learning_rate': 2.4089810844247037e-05, 'epoch': 9.67}
{'loss': 0.4651, 'grad_norm': 11.6653470993042, 'learning_rate': 2.369554225432483e-05, 'epoch': 10.0}
{'eval_loss': 0.6908234357833862, 'eval_f1_macro': 0.8309048114263761, 'eval_f1_weighted': 0.8430932533513806, 'eval_precision_macro': 0.8394510582010581, 'eval_recall_macro': 0.8310185185185186, 'eval_accuracy': 0.8431372549019608, 'eval_runtime': 0.3239, 'eval_samples_per_second': 629.91, 'eval_steps_per_second': 21.615, 'epoch': 10.0}
{'loss': 0.3804, 'grad_norm': 6.66216516494751, 'learning_rate': 2.3301273664402618e-05, 'epoch': 10.33}
{'loss': 0.4091, 'grad_norm': 12.389606475830078, 'learning_rate': 2.290700507448041e-05, 'epoch': 10.67}
{'loss': 0.3581, 'grad_norm': 12.496063232421875, 'learning_rate': 2.25127364845582e-05, 'epoch': 11.0}
{'eval_loss': 0.6109212040901184, 'eval_f1_macro': 0.8251259507769411, 'eval_f1_weighted': 0.8383348471377211, 'eval_precision_macro': 0.8323690932311623, 'eval_recall_macro': 0.826223544973545, 'eval_accuracy': 0.8382352941176471, 'eval_runtime': 0.3323, 'eval_samples_per_second': 613.926, 'eval_steps_per_second': 21.066, 'epoch': 11.0}
{'loss': 0.3008, 'grad_norm': 2.906707525253296, 'learning_rate': 2.211846789463599e-05, 'epoch': 11.33}
{'loss': 0.3098, 'grad_norm': 7.3899245262146, 'learning_rate': 2.172419930471378e-05, 'epoch': 11.67}
{'loss': 0.2729, 'grad_norm': 3.465939521789551, 'learning_rate': 2.132993071479157e-05, 'epoch': 12.0}
{'eval_loss': 0.728036642074585, 'eval_f1_macro': 0.7893507671210837, 'eval_f1_weighted': 0.7991167442326831, 'eval_precision_macro': 0.8216375889436234, 'eval_recall_macro': 0.7891865079365079, 'eval_accuracy': 0.7990196078431373, 'eval_runtime': 0.3182, 'eval_samples_per_second': 641.062, 'eval_steps_per_second': 21.997, 'epoch': 12.0}
{'loss': 0.2546, 'grad_norm': 4.623176097869873, 'learning_rate': 2.0935662124869356e-05, 'epoch': 12.33}
{'loss': 0.2797, 'grad_norm': 1.1582045555114746, 'learning_rate': 2.0541393534947145e-05, 'epoch': 12.67}
{'loss': 0.2112, 'grad_norm': 7.253656387329102, 'learning_rate': 2.0147124945024937e-05, 'epoch': 13.0}
{'eval_loss': 0.4899921715259552, 'eval_f1_macro': 0.8720942653467871, 'eval_f1_weighted': 0.8785300288609221, 'eval_precision_macro': 0.8712731749788039, 'eval_recall_macro': 0.8759920634920635, 'eval_accuracy': 0.8774509803921569, 'eval_runtime': 0.2918, 'eval_samples_per_second': 699.192, 'eval_steps_per_second': 23.992, 'epoch': 13.0}
{'loss': 0.1866, 'grad_norm': 0.7144539952278137, 'learning_rate': 1.9752856355102725e-05, 'epoch': 13.33}
{'loss': 0.1752, 'grad_norm': 4.389745712280273, 'learning_rate': 1.9358587765180517e-05, 'epoch': 13.67}
{'loss': 0.1412, 'grad_norm': 14.119563102722168, 'learning_rate': 1.8964319175258306e-05, 'epoch': 14.0}
{'eval_loss': 0.5457298159599304, 'eval_f1_macro': 0.8445136381312288, 'eval_f1_weighted': 0.8530844683854465, 'eval_precision_macro': 0.849705768014192, 'eval_recall_macro': 0.8440806878306878, 'eval_accuracy': 0.8529411764705882, 'eval_runtime': 0.314, 'eval_samples_per_second': 649.625, 'eval_steps_per_second': 22.291, 'epoch': 14.0}
{'loss': 0.1583, 'grad_norm': 0.5200109481811523, 'learning_rate': 1.8570050585336098e-05, 'epoch': 14.33}
{'loss': 0.1202, 'grad_norm': 0.471946656703949, 'learning_rate': 1.8175781995413886e-05, 'epoch': 14.67}
{'loss': 0.1028, 'grad_norm': 19.45709800720215, 'learning_rate': 1.7781513405491678e-05, 'epoch': 15.0}
{'eval_loss': 0.5707033276557922, 'eval_f1_macro': 0.8227426224620527, 'eval_f1_weighted': 0.8343464000481038, 'eval_precision_macro': 0.8359270317583886, 'eval_recall_macro': 0.8257275132275133, 'eval_accuracy': 0.8333333333333334, 'eval_runtime': 0.293, 'eval_samples_per_second': 696.321, 'eval_steps_per_second': 23.893, 'epoch': 15.0}
{'loss': 0.0989, 'grad_norm': 3.132115364074707, 'learning_rate': 1.7387244815569467e-05, 'epoch': 15.33}
{'loss': 0.1341, 'grad_norm': 39.207332611083984, 'learning_rate': 1.699297622564726e-05, 'epoch': 15.67}
{'loss': 0.1415, 'grad_norm': 27.183956146240234, 'learning_rate': 1.6598707635725047e-05, 'epoch': 16.0}
{'eval_loss': 0.622904896736145, 'eval_f1_macro': 0.842322684884998, 'eval_f1_weighted': 0.8498456392785172, 'eval_precision_macro': 0.8465739202884881, 'eval_recall_macro': 0.8482142857142857, 'eval_accuracy': 0.8480392156862745, 'eval_runtime': 0.2969, 'eval_samples_per_second': 687.003, 'eval_steps_per_second': 23.574, 'epoch': 16.0}
{'loss': 0.0857, 'grad_norm': 27.83313751220703, 'learning_rate': 1.6204439045802836e-05, 'epoch': 16.33}
{'loss': 0.1038, 'grad_norm': 1.6205060482025146, 'learning_rate': 1.5810170455880628e-05, 'epoch': 16.67}
{'loss': 0.0588, 'grad_norm': 0.3277915418148041, 'learning_rate': 1.5415901865958416e-05, 'epoch': 17.0}
{'eval_loss': 0.698927640914917, 'eval_f1_macro': 0.8229990607354052, 'eval_f1_weighted': 0.8306764372415633, 'eval_precision_macro': 0.8354805495430495, 'eval_recall_macro': 0.8296957671957672, 'eval_accuracy': 0.8284313725490197, 'eval_runtime': 0.3145, 'eval_samples_per_second': 648.717, 'eval_steps_per_second': 22.26, 'epoch': 17.0}
{'loss': 0.0948, 'grad_norm': 0.806022047996521, 'learning_rate': 1.5021633276036205e-05, 'epoch': 17.33}
{'loss': 0.0607, 'grad_norm': 12.397534370422363, 'learning_rate': 1.4627364686113995e-05, 'epoch': 17.67}
{'loss': 0.0689, 'grad_norm': 30.498062133789062, 'learning_rate': 1.4233096096191786e-05, 'epoch': 18.0}
{'eval_loss': 0.5034980177879333, 'eval_f1_macro': 0.8642851573986643, 'eval_f1_weighted': 0.8699072444562707, 'eval_precision_macro': 0.8701680944328003, 'eval_recall_macro': 0.8675595238095238, 'eval_accuracy': 0.8676470588235294, 'eval_runtime': 0.3246, 'eval_samples_per_second': 628.428, 'eval_steps_per_second': 21.564, 'epoch': 18.0}
{'train_runtime': 62.6395, 'train_samples_per_second': 454.027, 'train_steps_per_second': 14.368, 'train_loss': 0.7874139962372957, 'epoch': 18.0}
  Finished  : epoch 18/30 | runtime 63s | 454.0 samples/s  Finished  : epoch 18/30 | runtime 63s | 454.0 samples/s  Finished  : epoch 18/30 | runtime 63s | 454.0 samples/s


  Finished  : epoch 18/30 | runtime 63s | 454.0 samples/s
  Fold 3/5: 948 train / 204 val / 288 test  (of 1,440)
  Fold 3/5: 948 train / 204 val / 288 test  (of 1,440)
  Fold 3/5: 948 train / 204 val / 288 test  (of 1,440)
              precision    recall  f1-score   support

       angry       1.00      0.77      0.87        39
        calm       0.94      0.79      0.86        38
     disgust       0.90      0.92      0.91        38
     fearful       0.97      0.87      0.92        38
       happy       0.84      0.92      0.88        39
     neutral       0.83      0.79      0.81        19
         sad       0.71      0.90      0.80        39
   surprised       0.81      0.92      0.86        38

    accuracy                           0.86       288
   macro avg       0.88      0.86      0.86       288
weighted avg       0.88      0.86      0.87       288

  Model             : Wav2Vec2ForSequenceClassification  (94,570,632 params, 94,570,632 trainable)
  Training  : lr=3.307913469447343e-05  bs=8  epochs=30  patience=5
  Model             : Wav2Vec2ForSequenceClassification  (94,570,632 params, 94,570,632 trainable)
  Model             : Wav2Vec2ForSequenceClassification  (94,570,632 params, 94,570,632 trainable)  Training  : lr=3.307913469447343e-05  bs=8  epochs=30  patience=5

  Training  : lr=3.307913469447343e-05  bs=8  epochs=30  patience=5
  F1-Macro 0.8626 | Accuracy 0.8646 | Precision 0.8755 | Recall 0.8599
  Fold 3/5: 948 train / 204 val / 288 test  (of 1,440)

  --- Fold 3/5 ---
  Model             : Wav2Vec2ForSequenceClassification  (94,570,632 params, 94,570,632 trainable)
  Training  : lr=3.307913469447343e-05  bs=8  epochs=30  patience=5
{'loss': 2.0789, 'grad_norm': 1.14021635055542, 'learning_rate': 4.880528069676408e-06, 'epoch': 0.33}
{'loss': 2.0732, 'grad_norm': 0.6617157459259033, 'learning_rate': 1.0303337035983528e-05, 'epoch': 0.67}
{'loss': 2.0619, 'grad_norm': 1.175886631011963, 'learning_rate': 1.5726146002290646e-05, 'epoch': 1.0}
{'eval_loss': 2.041520595550537, 'eval_f1_macro': 0.18383529675089777, 'eval_f1_weighted': 0.1959947740299779, 'eval_precision_macro': 0.16736317172529985, 'eval_recall_macro': 0.2673611111111111, 'eval_accuracy': 0.28431372549019607, 'eval_runtime': 0.2963, 'eval_samples_per_second': 688.464, 'eval_steps_per_second': 23.624, 'epoch': 1.0}
{'loss': 2.0223, 'grad_norm': 1.412766456604004, 'learning_rate': 2.114895496859777e-05, 'epoch': 1.33}
{'loss': 1.9754, 'grad_norm': 2.692312240600586, 'learning_rate': 2.6571763934904885e-05, 'epoch': 1.67}
{'loss': 1.9211, 'grad_norm': 2.363319158554077, 'learning_rate': 3.1994572901212004e-05, 'epoch': 2.0}
{'eval_loss': 1.8505045175552368, 'eval_f1_macro': 0.2121627690526709, 'eval_f1_weighted': 0.22682158117559487, 'eval_precision_macro': 0.33383043358188347, 'eval_recall_macro': 0.31117724867724866, 'eval_accuracy': 0.3333333333333333, 'eval_runtime': 0.3106, 'eval_samples_per_second': 656.728, 'eval_steps_per_second': 22.535, 'epoch': 2.0}
{'loss': 1.8517, 'grad_norm': 5.38172721862793, 'learning_rate': 3.276371982253566e-05, 'epoch': 2.33}
{'loss': 1.7769, 'grad_norm': 2.4624741077423096, 'learning_rate': 3.236945123261345e-05, 'epoch': 2.67}
{'loss': 1.6656, 'grad_norm': 4.3543500900268555, 'learning_rate': 3.197518264269124e-05, 'epoch': 3.0}
{'eval_loss': 1.6554373502731323, 'eval_f1_macro': 0.32637600621445984, 'eval_f1_weighted': 0.3481046390910852, 'eval_precision_macro': 0.38112296332972617, 'eval_recall_macro': 0.40939153439153436, 'eval_accuracy': 0.4362745098039216, 'eval_runtime': 0.2928, 'eval_samples_per_second': 696.784, 'eval_steps_per_second': 23.909, 'epoch': 3.0}
{'loss': 1.6198, 'grad_norm': 4.5365729331970215, 'learning_rate': 3.1580914052769034e-05, 'epoch': 3.33}
{'loss': 1.5061, 'grad_norm': 4.102417945861816, 'learning_rate': 3.118664546284682e-05, 'epoch': 3.67}
{'loss': 1.4257, 'grad_norm': 8.883654594421387, 'learning_rate': 3.079237687292461e-05, 'epoch': 4.0}
{'eval_loss': 1.402639389038086, 'eval_f1_macro': 0.4743807265935869, 'eval_f1_weighted': 0.5058974463209702, 'eval_precision_macro': 0.5203436836049462, 'eval_recall_macro': 0.5243055555555556, 'eval_accuracy': 0.5588235294117647, 'eval_runtime': 0.3261, 'eval_samples_per_second': 625.624, 'eval_steps_per_second': 21.467, 'epoch': 4.0}
{'loss': 1.3226, 'grad_norm': 4.55399751663208, 'learning_rate': 3.03981082830024e-05, 'epoch': 4.33}
{'loss': 1.3048, 'grad_norm': 12.208321571350098, 'learning_rate': 3.0003839693080188e-05, 'epoch': 4.67}
{'loss': 1.1753, 'grad_norm': 7.908493995666504, 'learning_rate': 2.960957110315798e-05, 'epoch': 5.0}
{'eval_loss': 1.136467456817627, 'eval_f1_macro': 0.589992395821527, 'eval_f1_weighted': 0.6208319663422229, 'eval_precision_macro': 0.7011008976256821, 'eval_recall_macro': 0.6393849206349207, 'eval_accuracy': 0.6764705882352942, 'eval_runtime': 0.3071, 'eval_samples_per_second': 664.272, 'eval_steps_per_second': 22.794, 'epoch': 5.0}
{'loss': 1.0295, 'grad_norm': 6.554347515106201, 'learning_rate': 2.921530251323577e-05, 'epoch': 5.33}
{'loss': 1.0316, 'grad_norm': 13.444391250610352, 'learning_rate': 2.882103392331356e-05, 'epoch': 5.67}
{'loss': 0.9611, 'grad_norm': 10.010579109191895, 'learning_rate': 2.842676533339135e-05, 'epoch': 6.0}
{'eval_loss': 1.0141266584396362, 'eval_f1_macro': 0.6936803428902871, 'eval_f1_weighted': 0.7080755543171346, 'eval_precision_macro': 0.7591528796252816, 'eval_recall_macro': 0.7066798941798942, 'eval_accuracy': 0.7254901960784313, 'eval_runtime': 0.3202, 'eval_samples_per_second': 637.027, 'eval_steps_per_second': 21.859, 'epoch': 6.0}
{'loss': 0.8571, 'grad_norm': 6.104012966156006, 'learning_rate': 2.803249674346914e-05, 'epoch': 6.33}
{'loss': 0.757, 'grad_norm': 12.036781311035156, 'learning_rate': 2.763822815354693e-05, 'epoch': 6.67}
{'loss': 0.7236, 'grad_norm': 10.131462097167969, 'learning_rate': 2.7243959563624722e-05, 'epoch': 7.0}
{'eval_loss': 0.7982075810432434, 'eval_f1_macro': 0.8145831816666655, 'eval_f1_weighted': 0.8281969509756226, 'eval_precision_macro': 0.8343635785793739, 'eval_recall_macro': 0.812665343915344, 'eval_accuracy': 0.8333333333333334, 'eval_runtime': 0.3272, 'eval_samples_per_second': 623.55, 'eval_steps_per_second': 21.396, 'epoch': 7.0}
{'loss': 0.6669, 'grad_norm': 5.6424784660339355, 'learning_rate': 2.684969097370251e-05, 'epoch': 7.33}
{'loss': 0.6509, 'grad_norm': 7.57041597366333, 'learning_rate': 2.64554223837803e-05, 'epoch': 7.67}
{'loss': 0.5768, 'grad_norm': 6.814198017120361, 'learning_rate': 2.606115379385809e-05, 'epoch': 8.0}
{'eval_loss': 0.7396186590194702, 'eval_f1_macro': 0.8146972293742695, 'eval_f1_weighted': 0.8218395775183812, 'eval_precision_macro': 0.8248587427897772, 'eval_recall_macro': 0.8249007936507937, 'eval_accuracy': 0.8235294117647058, 'eval_runtime': 0.2987, 'eval_samples_per_second': 682.861, 'eval_steps_per_second': 23.432, 'epoch': 8.0}
{'loss': 0.5632, 'grad_norm': 11.303544044494629, 'learning_rate': 2.5666885203935876e-05, 'epoch': 8.33}
{'loss': 0.5087, 'grad_norm': 25.99966812133789, 'learning_rate': 2.5272616614013668e-05, 'epoch': 8.67}
{'loss': 0.5048, 'grad_norm': 15.469352722167969, 'learning_rate': 2.4878348024091457e-05, 'epoch': 9.0}
{'eval_loss': 0.7311407327651978, 'eval_f1_macro': 0.7801957352764642, 'eval_f1_weighted': 0.7888062954072924, 'eval_precision_macro': 0.8023677547942254, 'eval_recall_macro': 0.7881944444444444, 'eval_accuracy': 0.7892156862745098, 'eval_runtime': 0.3313, 'eval_samples_per_second': 615.783, 'eval_steps_per_second': 21.13, 'epoch': 9.0}
{'loss': 0.4265, 'grad_norm': 5.732347011566162, 'learning_rate': 2.448407943416925e-05, 'epoch': 9.33}
{'loss': 0.3956, 'grad_norm': 8.33176040649414, 'learning_rate': 2.4089810844247037e-05, 'epoch': 9.67}
{'loss': 0.3968, 'grad_norm': 9.467119216918945, 'learning_rate': 2.369554225432483e-05, 'epoch': 10.0}
{'eval_loss': 0.6342241168022156, 'eval_f1_macro': 0.8228270289035988, 'eval_f1_weighted': 0.8302057580818986, 'eval_precision_macro': 0.8390927828621326, 'eval_recall_macro': 0.8252314814814814, 'eval_accuracy': 0.8284313725490197, 'eval_runtime': 0.319, 'eval_samples_per_second': 639.488, 'eval_steps_per_second': 21.943, 'epoch': 10.0}
{'loss': 0.3551, 'grad_norm': 12.38259506225586, 'learning_rate': 2.3301273664402618e-05, 'epoch': 10.33}
{'loss': 0.3564, 'grad_norm': 6.010905742645264, 'learning_rate': 2.290700507448041e-05, 'epoch': 10.67}
{'loss': 0.3332, 'grad_norm': 2.02115797996521, 'learning_rate': 2.25127364845582e-05, 'epoch': 11.0}
{'eval_loss': 0.7260442972183228, 'eval_f1_macro': 0.7954463281493973, 'eval_f1_weighted': 0.8052876842256089, 'eval_precision_macro': 0.8102250957854406, 'eval_recall_macro': 0.8108465608465608, 'eval_accuracy': 0.803921568627451, 'eval_runtime': 0.3059, 'eval_samples_per_second': 666.797, 'eval_steps_per_second': 22.88, 'epoch': 11.0}
{'loss': 0.3077, 'grad_norm': 18.050331115722656, 'learning_rate': 2.211846789463599e-05, 'epoch': 11.33}
{'loss': 0.2834, 'grad_norm': 8.62990665435791, 'learning_rate': 2.172419930471378e-05, 'epoch': 11.67}
{'loss': 0.2868, 'grad_norm': 14.975191116333008, 'learning_rate': 2.132993071479157e-05, 'epoch': 12.0}
{'eval_loss': 0.5122907757759094, 'eval_f1_macro': 0.8702966528329505, 'eval_f1_weighted': 0.8821857607536053, 'eval_precision_macro': 0.8776335737661124, 'eval_recall_macro': 0.8675595238095237, 'eval_accuracy': 0.8823529411764706, 'eval_runtime': 0.3178, 'eval_samples_per_second': 641.948, 'eval_steps_per_second': 22.028, 'epoch': 12.0}
{'loss': 0.2318, 'grad_norm': 12.89782428741455, 'learning_rate': 2.0935662124869356e-05, 'epoch': 12.33}
{'loss': 0.2414, 'grad_norm': 2.22183895111084, 'learning_rate': 2.0541393534947145e-05, 'epoch': 12.67}
{'loss': 0.1723, 'grad_norm': 5.811766624450684, 'learning_rate': 2.0147124945024937e-05, 'epoch': 13.0}
{'eval_loss': 0.6686336994171143, 'eval_f1_macro': 0.812783066252275, 'eval_f1_weighted': 0.8226740692479577, 'eval_precision_macro': 0.8248546161017558, 'eval_recall_macro': 0.81630291005291, 'eval_accuracy': 0.8235294117647058, 'eval_runtime': 0.3101, 'eval_samples_per_second': 657.908, 'eval_steps_per_second': 22.575, 'epoch': 13.0}
{'loss': 0.1845, 'grad_norm': 1.0819653272628784, 'learning_rate': 1.9752856355102725e-05, 'epoch': 13.33}
{'loss': 0.1643, 'grad_norm': 9.776826858520508, 'learning_rate': 1.9358587765180517e-05, 'epoch': 13.67}
{'loss': 0.1459, 'grad_norm': 3.040043354034424, 'learning_rate': 1.8964319175258306e-05, 'epoch': 14.0}
{'eval_loss': 0.546136736869812, 'eval_f1_macro': 0.8698586009643121, 'eval_f1_weighted': 0.8711317959790195, 'eval_precision_macro': 0.8762882610309081, 'eval_recall_macro': 0.87119708994709, 'eval_accuracy': 0.8725490196078431, 'eval_runtime': 0.327, 'eval_samples_per_second': 623.781, 'eval_steps_per_second': 21.404, 'epoch': 14.0}
{'loss': 0.1491, 'grad_norm': 0.9193636775016785, 'learning_rate': 1.8570050585336098e-05, 'epoch': 14.33}
{'loss': 0.1214, 'grad_norm': 4.958858966827393, 'learning_rate': 1.8175781995413886e-05, 'epoch': 14.67}
{'loss': 0.1492, 'grad_norm': 4.722545623779297, 'learning_rate': 1.7781513405491678e-05, 'epoch': 15.0}
{'eval_loss': 0.6586671471595764, 'eval_f1_macro': 0.8265509622285496, 'eval_f1_weighted': 0.8324766343395906, 'eval_precision_macro': 0.8322854585947258, 'eval_recall_macro': 0.8384589947089947, 'eval_accuracy': 0.8333333333333334, 'eval_runtime': 0.3118, 'eval_samples_per_second': 654.286, 'eval_steps_per_second': 22.451, 'epoch': 15.0}
{'loss': 0.1069, 'grad_norm': 16.493850708007812, 'learning_rate': 1.7387244815569467e-05, 'epoch': 15.33}
{'loss': 0.1104, 'grad_norm': 13.046204566955566, 'learning_rate': 1.699297622564726e-05, 'epoch': 15.67}
{'loss': 0.1017, 'grad_norm': 20.247310638427734, 'learning_rate': 1.6598707635725047e-05, 'epoch': 16.0}
{'eval_loss': 0.49810028076171875, 'eval_f1_macro': 0.8711862263302184, 'eval_f1_weighted': 0.8760272461797084, 'eval_precision_macro': 0.8823415382926253, 'eval_recall_macro': 0.8670634920634921, 'eval_accuracy': 0.8774509803921569, 'eval_runtime': 0.3249, 'eval_samples_per_second': 627.908, 'eval_steps_per_second': 21.546, 'epoch': 16.0}
{'loss': 0.0879, 'grad_norm': 0.4062735140323639, 'learning_rate': 1.6204439045802836e-05, 'epoch': 16.33}
{'loss': 0.0959, 'grad_norm': 13.889497756958008, 'learning_rate': 1.5810170455880628e-05, 'epoch': 16.67}
{'loss': 0.063, 'grad_norm': 1.964051604270935, 'learning_rate': 1.5415901865958416e-05, 'epoch': 17.0}
{'eval_loss': 0.5712727308273315, 'eval_f1_macro': 0.8579838111243274, 'eval_f1_weighted': 0.8630079103675692, 'eval_precision_macro': 0.8630497089117779, 'eval_recall_macro': 0.8579695767195766, 'eval_accuracy': 0.8627450980392157, 'eval_runtime': 0.3127, 'eval_samples_per_second': 652.426, 'eval_steps_per_second': 22.387, 'epoch': 17.0}
{'train_runtime': 62.5239, 'train_samples_per_second': 454.866, 'train_steps_per_second': 14.394, 'train_loss': 0.7819564426646514, 'epoch': 17.0}
  Finished  : epoch 17/30 | runtime 63s | 454.8 samples/s  Finished  : epoch 17/30 | runtime 63s | 454.9 samples/s
  Finished  : epoch 17/30 | runtime 63s | 454.9 samples/s

  Finished  : epoch 17/30 | runtime 63s | 454.9 samples/s
  Fold 4/5: 948 train / 204 val / 288 test  (of 1,440)
  Fold 4/5: 948 train / 204 val / 288 test  (of 1,440)
  Fold 4/5: 948 train / 204 val / 288 test  (of 1,440)
              precision    recall  f1-score   support

       angry       0.97      0.79      0.87        38
        calm       0.83      0.90      0.86        39
     disgust       0.95      0.97      0.96        38
     fearful       0.97      0.95      0.96        39
       happy       0.78      0.95      0.86        38
     neutral       0.81      0.89      0.85        19
         sad       0.85      0.85      0.85        39
   surprised       0.94      0.79      0.86        38

    accuracy                           0.89       288
   macro avg       0.89      0.89      0.88       288
weighted avg       0.89      0.89      0.89       288

  Model             : Wav2Vec2ForSequenceClassification  (94,570,632 params, 94,570,632 trainable)
  Training  : lr=3.307913469447343e-05  bs=8  epochs=30  patience=5
  Model             : Wav2Vec2ForSequenceClassification  (94,570,632 params, 94,570,632 trainable)
  Model             : Wav2Vec2ForSequenceClassification  (94,570,632 params, 94,570,632 trainable)  Training  : lr=3.307913469447343e-05  bs=8  epochs=30  patience=5

  Training  : lr=3.307913469447343e-05  bs=8  epochs=30  patience=5
  F1-Macro 0.8833 | Accuracy 0.8854 | Precision 0.8874 | Recall 0.8859
  Fold 4/5: 948 train / 204 val / 288 test  (of 1,440)

  --- Fold 4/5 ---
  Model             : Wav2Vec2ForSequenceClassification  (94,570,632 params, 94,570,632 trainable)
  Training  : lr=3.307913469447343e-05  bs=8  epochs=30  patience=5
{'loss': 2.0748, 'grad_norm': 1.0687129497528076, 'learning_rate': 4.880528069676408e-06, 'epoch': 0.33}
{'loss': 2.0735, 'grad_norm': 0.9364340901374817, 'learning_rate': 1.0303337035983528e-05, 'epoch': 0.67}
{'loss': 2.0652, 'grad_norm': 1.3564109802246094, 'learning_rate': 1.5726146002290646e-05, 'epoch': 1.0}
{'eval_loss': 2.048696517944336, 'eval_f1_macro': 0.06241273851472642, 'eval_f1_weighted': 0.0660840760744162, 'eval_precision_macro': 0.03989663789186733, 'eval_recall_macro': 0.16203703703703703, 'eval_accuracy': 0.1715686274509804, 'eval_runtime': 0.3002, 'eval_samples_per_second': 679.471, 'eval_steps_per_second': 23.315, 'epoch': 1.0}
{'loss': 2.0195, 'grad_norm': 1.44057297706604, 'learning_rate': 2.114895496859777e-05, 'epoch': 1.33}
{'loss': 1.9768, 'grad_norm': 1.766093134880066, 'learning_rate': 2.6571763934904885e-05, 'epoch': 1.67}
{'loss': 1.8939, 'grad_norm': 2.4583065509796143, 'learning_rate': 3.1994572901212004e-05, 'epoch': 2.0}
{'eval_loss': 1.8837555646896362, 'eval_f1_macro': 0.21417534325043874, 'eval_f1_weighted': 0.22881637651353642, 'eval_precision_macro': 0.2823804435962028, 'eval_recall_macro': 0.2837301587301588, 'eval_accuracy': 0.30392156862745096, 'eval_runtime': 0.323, 'eval_samples_per_second': 631.506, 'eval_steps_per_second': 21.669, 'epoch': 2.0}
{'loss': 1.7907, 'grad_norm': 3.7316277027130127, 'learning_rate': 3.276371982253566e-05, 'epoch': 2.33}
{'loss': 1.7357, 'grad_norm': 3.3524303436279297, 'learning_rate': 3.236945123261345e-05, 'epoch': 2.67}
{'loss': 1.6757, 'grad_norm': 3.926362991333008, 'learning_rate': 3.197518264269124e-05, 'epoch': 3.0}
{'eval_loss': 1.676994800567627, 'eval_f1_macro': 0.36515882194407734, 'eval_f1_weighted': 0.38960572891086, 'eval_precision_macro': 0.3877850238841618, 'eval_recall_macro': 0.4128637566137566, 'eval_accuracy': 0.4411764705882353, 'eval_runtime': 0.3029, 'eval_samples_per_second': 673.453, 'eval_steps_per_second': 23.109, 'epoch': 3.0}
{'loss': 1.5039, 'grad_norm': inf, 'learning_rate': 3.1580914052769034e-05, 'epoch': 3.33}
{'loss': 1.4607, 'grad_norm': 5.5121636390686035, 'learning_rate': 3.118664546284682e-05, 'epoch': 3.67}
{'loss': 1.4257, 'grad_norm': 4.516625881195068, 'learning_rate': 3.079237687292461e-05, 'epoch': 4.0}
{'eval_loss': 1.414860725402832, 'eval_f1_macro': 0.50156765220595, 'eval_f1_weighted': 0.5261399621099245, 'eval_precision_macro': 0.6026695648094894, 'eval_recall_macro': 0.5327380952380952, 'eval_accuracy': 0.5637254901960784, 'eval_runtime': 0.3017, 'eval_samples_per_second': 676.057, 'eval_steps_per_second': 23.198, 'epoch': 4.0}
{'loss': 1.299, 'grad_norm': 4.714908123016357, 'learning_rate': 3.03981082830024e-05, 'epoch': 4.33}
{'loss': 1.1643, 'grad_norm': 8.25784969329834, 'learning_rate': 3.0003839693080188e-05, 'epoch': 4.67}
{'loss': 1.0958, 'grad_norm': 9.125246047973633, 'learning_rate': 2.960957110315798e-05, 'epoch': 5.0}
{'eval_loss': 1.2712007761001587, 'eval_f1_macro': 0.5806545452571068, 'eval_f1_weighted': 0.599312957421552, 'eval_precision_macro': 0.6145997981363835, 'eval_recall_macro': 0.5830026455026456, 'eval_accuracy': 0.6078431372549019, 'eval_runtime': 0.3249, 'eval_samples_per_second': 627.836, 'eval_steps_per_second': 21.543, 'epoch': 5.0}
{'loss': 0.9954, 'grad_norm': 5.661097526550293, 'learning_rate': 2.921530251323577e-05, 'epoch': 5.33}
{'loss': 0.9467, 'grad_norm': 13.73953914642334, 'learning_rate': 2.882103392331356e-05, 'epoch': 5.67}
{'loss': 0.8675, 'grad_norm': 10.671002388000488, 'learning_rate': 2.842676533339135e-05, 'epoch': 6.0}
{'eval_loss': 1.0424445867538452, 'eval_f1_macro': 0.730042584692996, 'eval_f1_weighted': 0.7413698205476782, 'eval_precision_macro': 0.7467608580079976, 'eval_recall_macro': 0.7341269841269842, 'eval_accuracy': 0.7401960784313726, 'eval_runtime': 0.3106, 'eval_samples_per_second': 656.791, 'eval_steps_per_second': 22.537, 'epoch': 6.0}
{'loss': 0.7892, 'grad_norm': 6.894231796264648, 'learning_rate': 2.803249674346914e-05, 'epoch': 6.33}
{'loss': 0.7182, 'grad_norm': 9.506855010986328, 'learning_rate': 2.763822815354693e-05, 'epoch': 6.67}
{'loss': 0.6981, 'grad_norm': 4.905191898345947, 'learning_rate': 2.7243959563624722e-05, 'epoch': 7.0}
{'eval_loss': 0.9527503848075867, 'eval_f1_macro': 0.7162892459596403, 'eval_f1_weighted': 0.7235061019806371, 'eval_precision_macro': 0.7401634966519834, 'eval_recall_macro': 0.7253637566137566, 'eval_accuracy': 0.7254901960784313, 'eval_runtime': 0.302, 'eval_samples_per_second': 675.602, 'eval_steps_per_second': 23.182, 'epoch': 7.0}
{'loss': 0.6344, 'grad_norm': 5.676034927368164, 'learning_rate': 2.684969097370251e-05, 'epoch': 7.33}
{'loss': 0.6116, 'grad_norm': 8.004761695861816, 'learning_rate': 2.64554223837803e-05, 'epoch': 7.67}
{'loss': 0.5794, 'grad_norm': 10.878135681152344, 'learning_rate': 2.606115379385809e-05, 'epoch': 8.0}
{'eval_loss': 0.811924934387207, 'eval_f1_macro': 0.7531875323228707, 'eval_f1_weighted': 0.7648473424457504, 'eval_precision_macro': 0.7666343494468495, 'eval_recall_macro': 0.7652116402116402, 'eval_accuracy': 0.7647058823529411, 'eval_runtime': 0.3396, 'eval_samples_per_second': 600.626, 'eval_steps_per_second': 20.61, 'epoch': 8.0}
{'loss': 0.5431, 'grad_norm': 2.6440322399139404, 'learning_rate': 2.5666885203935876e-05, 'epoch': 8.33}
{'loss': 0.463, 'grad_norm': 15.567327499389648, 'learning_rate': 2.5272616614013668e-05, 'epoch': 8.67}
{'loss': 0.4595, 'grad_norm': 7.729963779449463, 'learning_rate': 2.4878348024091457e-05, 'epoch': 9.0}
{'eval_loss': 0.7095833420753479, 'eval_f1_macro': 0.8102694637792613, 'eval_f1_weighted': 0.811476868134301, 'eval_precision_macro': 0.8161278823314237, 'eval_recall_macro': 0.8115079365079365, 'eval_accuracy': 0.8088235294117647, 'eval_runtime': 0.3133, 'eval_samples_per_second': 651.132, 'eval_steps_per_second': 22.343, 'epoch': 9.0}
{'loss': 0.4567, 'grad_norm': 11.07833194732666, 'learning_rate': 2.448407943416925e-05, 'epoch': 9.33}
{'loss': 0.4146, 'grad_norm': 17.168169021606445, 'learning_rate': 2.4089810844247037e-05, 'epoch': 9.67}
{'loss': 0.4061, 'grad_norm': 3.3474652767181396, 'learning_rate': 2.369554225432483e-05, 'epoch': 10.0}
{'eval_loss': 0.6502790451049805, 'eval_f1_macro': 0.8181927859560221, 'eval_f1_weighted': 0.8254109574259209, 'eval_precision_macro': 0.8379496606334842, 'eval_recall_macro': 0.8167989417989419, 'eval_accuracy': 0.8186274509803921, 'eval_runtime': 0.3003, 'eval_samples_per_second': 679.402, 'eval_steps_per_second': 23.313, 'epoch': 10.0}
{'loss': 0.337, 'grad_norm': 10.43337345123291, 'learning_rate': 2.3301273664402618e-05, 'epoch': 10.33}
{'loss': 0.3329, 'grad_norm': 2.440356492996216, 'learning_rate': 2.290700507448041e-05, 'epoch': 10.67}
{'loss': 0.3035, 'grad_norm': 3.3470332622528076, 'learning_rate': 2.25127364845582e-05, 'epoch': 11.0}
{'eval_loss': 0.6717720627784729, 'eval_f1_macro': 0.8162592083139931, 'eval_f1_weighted': 0.8236054823901334, 'eval_precision_macro': 0.8438625776397515, 'eval_recall_macro': 0.8210978835978835, 'eval_accuracy': 0.8186274509803921, 'eval_runtime': 0.3135, 'eval_samples_per_second': 650.673, 'eval_steps_per_second': 22.327, 'epoch': 11.0}
{'loss': 0.2709, 'grad_norm': 10.06192684173584, 'learning_rate': 2.211846789463599e-05, 'epoch': 11.33}
{'loss': 0.2606, 'grad_norm': 5.58659029006958, 'learning_rate': 2.172419930471378e-05, 'epoch': 11.67}
{'loss': 0.2219, 'grad_norm': 22.651031494140625, 'learning_rate': 2.132993071479157e-05, 'epoch': 12.0}
{'eval_loss': 0.6355091333389282, 'eval_f1_macro': 0.8090738452294446, 'eval_f1_weighted': 0.8184964897200654, 'eval_precision_macro': 0.8257581878905409, 'eval_recall_macro': 0.8039021164021164, 'eval_accuracy': 0.8186274509803921, 'eval_runtime': 0.3248, 'eval_samples_per_second': 628.137, 'eval_steps_per_second': 21.554, 'epoch': 12.0}
{'loss': 0.1796, 'grad_norm': 8.684823989868164, 'learning_rate': 2.0935662124869356e-05, 'epoch': 12.33}
{'loss': 0.2292, 'grad_norm': 20.198589324951172, 'learning_rate': 2.0541393534947145e-05, 'epoch': 12.67}
{'loss': 0.1763, 'grad_norm': 1.3969093561172485, 'learning_rate': 2.0147124945024937e-05, 'epoch': 13.0}
{'eval_loss': 0.687772274017334, 'eval_f1_macro': 0.8067039326141918, 'eval_f1_weighted': 0.8147723857159055, 'eval_precision_macro': 0.8173317341003659, 'eval_recall_macro': 0.8070436507936508, 'eval_accuracy': 0.8137254901960784, 'eval_runtime': 0.3108, 'eval_samples_per_second': 656.465, 'eval_steps_per_second': 22.526, 'epoch': 13.0}
{'loss': 0.1988, 'grad_norm': 11.311532020568848, 'learning_rate': 1.9752856355102725e-05, 'epoch': 13.33}
{'loss': 0.1673, 'grad_norm': 13.473893165588379, 'learning_rate': 1.9358587765180517e-05, 'epoch': 13.67}
{'loss': 0.1401, 'grad_norm': 12.478827476501465, 'learning_rate': 1.8964319175258306e-05, 'epoch': 14.0}
{'eval_loss': 0.5986343026161194, 'eval_f1_macro': 0.8340277456776366, 'eval_f1_weighted': 0.8407134736368876, 'eval_precision_macro': 0.8392027159668289, 'eval_recall_macro': 0.8349867724867726, 'eval_accuracy': 0.8382352941176471, 'eval_runtime': 0.313, 'eval_samples_per_second': 651.694, 'eval_steps_per_second': 22.362, 'epoch': 14.0}
{'loss': 0.1003, 'grad_norm': 0.4573425352573395, 'learning_rate': 1.8570050585336098e-05, 'epoch': 14.33}
{'loss': 0.1377, 'grad_norm': 0.39257699251174927, 'learning_rate': 1.8175781995413886e-05, 'epoch': 14.67}
{'loss': 0.1054, 'grad_norm': 6.624520778656006, 'learning_rate': 1.7781513405491678e-05, 'epoch': 15.0}
{'eval_loss': 0.6176945567131042, 'eval_f1_macro': 0.8576238478500537, 'eval_f1_weighted': 0.8632613329885113, 'eval_precision_macro': 0.867712951122478, 'eval_recall_macro': 0.8578042328042328, 'eval_accuracy': 0.8578431372549019, 'eval_runtime': 0.301, 'eval_samples_per_second': 677.85, 'eval_steps_per_second': 23.26, 'epoch': 15.0}
{'loss': 0.0849, 'grad_norm': 0.3610077202320099, 'learning_rate': 1.7387244815569467e-05, 'epoch': 15.33}
{'loss': 0.0735, 'grad_norm': 1.9204564094543457, 'learning_rate': 1.699297622564726e-05, 'epoch': 15.67}
{'loss': 0.1088, 'grad_norm': 7.01219367980957, 'learning_rate': 1.6598707635725047e-05, 'epoch': 16.0}
{'eval_loss': 0.5460637211799622, 'eval_f1_macro': 0.8662295808504199, 'eval_f1_weighted': 0.8723872512773744, 'eval_precision_macro': 0.8737114107429572, 'eval_recall_macro': 0.8668981481481481, 'eval_accuracy': 0.8676470588235294, 'eval_runtime': 0.2943, 'eval_samples_per_second': 693.191, 'eval_steps_per_second': 23.786, 'epoch': 16.0}
{'loss': 0.0635, 'grad_norm': 0.34351155161857605, 'learning_rate': 1.6204439045802836e-05, 'epoch': 16.33}
{'loss': 0.0639, 'grad_norm': 0.39386680722236633, 'learning_rate': 1.5810170455880628e-05, 'epoch': 16.67}
{'loss': 0.0732, 'grad_norm': 0.23995007574558258, 'learning_rate': 1.5415901865958416e-05, 'epoch': 17.0}
{'eval_loss': 0.6630333662033081, 'eval_f1_macro': 0.8476232760310602, 'eval_f1_weighted': 0.8545659095582346, 'eval_precision_macro': 0.8643732292688242, 'eval_recall_macro': 0.8530092592592593, 'eval_accuracy': 0.8480392156862745, 'eval_runtime': 0.3173, 'eval_samples_per_second': 642.828, 'eval_steps_per_second': 22.058, 'epoch': 17.0}
{'loss': 0.0651, 'grad_norm': 0.6396601796150208, 'learning_rate': 1.5021633276036205e-05, 'epoch': 17.33}
{'loss': 0.0626, 'grad_norm': 0.2559136152267456, 'learning_rate': 1.4627364686113995e-05, 'epoch': 17.67}
{'loss': 0.0746, 'grad_norm': 0.20905771851539612, 'learning_rate': 1.4233096096191786e-05, 'epoch': 18.0}
{'eval_loss': 0.6446693539619446, 'eval_f1_macro': 0.845306380842434, 'eval_f1_weighted': 0.8530208244707631, 'eval_precision_macro': 0.8578540595560047, 'eval_recall_macro': 0.8487103174603174, 'eval_accuracy': 0.8480392156862745, 'eval_runtime': 0.3185, 'eval_samples_per_second': 640.52, 'eval_steps_per_second': 21.979, 'epoch': 18.0}
{'loss': 0.0512, 'grad_norm': 0.3336261808872223, 'learning_rate': 1.3838827506269576e-05, 'epoch': 18.33}
{'loss': 0.0474, 'grad_norm': 0.5807064175605774, 'learning_rate': 1.3444558916347366e-05, 'epoch': 18.67}
{'loss': 0.0626, 'grad_norm': 0.2502388060092926, 'learning_rate': 1.3050290326425156e-05, 'epoch': 19.0}
{'eval_loss': 0.63677579164505, 'eval_f1_macro': 0.8451669058017518, 'eval_f1_weighted': 0.8517230696011417, 'eval_precision_macro': 0.8562746714720819, 'eval_recall_macro': 0.8482142857142856, 'eval_accuracy': 0.8480392156862745, 'eval_runtime': 0.3205, 'eval_samples_per_second': 636.546, 'eval_steps_per_second': 21.842, 'epoch': 19.0}
{'loss': 0.0438, 'grad_norm': 0.3658950924873352, 'learning_rate': 1.2656021736502945e-05, 'epoch': 19.33}
{'loss': 0.0402, 'grad_norm': 0.2451958954334259, 'learning_rate': 1.2261753146580735e-05, 'epoch': 19.67}
{'loss': 0.0286, 'grad_norm': 0.16782966256141663, 'learning_rate': 1.1867484556658524e-05, 'epoch': 20.0}
{'eval_loss': 0.7188395261764526, 'eval_f1_macro': 0.8400854537619242, 'eval_f1_weighted': 0.84735811478026, 'eval_precision_macro': 0.854726353928299, 'eval_recall_macro': 0.8444113756613756, 'eval_accuracy': 0.8431372549019608, 'eval_runtime': 0.3125, 'eval_samples_per_second': 652.845, 'eval_steps_per_second': 22.402, 'epoch': 20.0}
{'loss': 0.0473, 'grad_norm': 42.256378173828125, 'learning_rate': 1.1473215966736314e-05, 'epoch': 20.33}
{'loss': 0.0255, 'grad_norm': 0.20763620734214783, 'learning_rate': 1.1078947376814104e-05, 'epoch': 20.67}
{'loss': 0.0333, 'grad_norm': 0.3942160904407501, 'learning_rate': 1.0684678786891895e-05, 'epoch': 21.0}
{'eval_loss': 0.6364376544952393, 'eval_f1_macro': 0.8662407020375743, 'eval_f1_weighted': 0.872385060951768, 'eval_precision_macro': 0.8806013303107298, 'eval_recall_macro': 0.8670634920634921, 'eval_accuracy': 0.8676470588235294, 'eval_runtime': 0.3163, 'eval_samples_per_second': 644.887, 'eval_steps_per_second': 22.128, 'epoch': 21.0}
{'train_runtime': 76.1079, 'train_samples_per_second': 373.68, 'train_steps_per_second': 11.825, 'train_loss': 0.6198432513645717, 'epoch': 21.0}
  Finished  : epoch 21/30 | runtime 75s | 380.5 samples/s
  Finished  : epoch 21/30 | runtime 76s | 373.7 samples/s  Finished  : epoch 21/30 | runtime 75s | 380.5 samples/s

  Finished  : epoch 21/30 | runtime 75s | 380.5 samples/s
  Fold 5/5: 948 train / 204 val / 288 test  (of 1,440)
              precision    recall  f1-score   support

       angry       1.00      0.92      0.96        38
        calm       0.90      0.97      0.94        39
     disgust       0.81      0.92      0.86        38
     fearful       0.94      0.85      0.89        39
       happy       0.80      0.87      0.84        38
     neutral       0.75      0.95      0.84        19
         sad       0.78      0.74      0.76        38
   surprised       0.94      0.77      0.85        39

    accuracy                           0.87       288
   macro avg       0.87      0.87      0.87       288
weighted avg       0.87      0.87      0.87       288

  Fold 5/5: 948 train / 204 val / 288 test  (of 1,440)  Fold 5/5: 948 train / 204 val / 288 test  (of 1,440)

  Model             : Wav2Vec2ForSequenceClassification  (94,570,632 params, 94,570,632 trainable)
  Training  : lr=3.307913469447343e-05  bs=8  epochs=30  patience=5
  Model             : Wav2Vec2ForSequenceClassification  (94,570,632 params, 94,570,632 trainable)
  Training  : lr=3.307913469447343e-05  bs=8  epochs=30  patience=5
  Model             : Wav2Vec2ForSequenceClassification  (94,570,632 params, 94,570,632 trainable)
  Training  : lr=3.307913469447343e-05  bs=8  epochs=30  patience=5
  F1-Macro 0.8660 | Accuracy 0.8681 | Precision 0.8665 | Recall 0.8731
  Fold 5/5: 948 train / 204 val / 288 test  (of 1,440)

  --- Fold 5/5 ---
  Model             : Wav2Vec2ForSequenceClassification  (94,570,632 params, 94,570,632 trainable)
  Training  : lr=3.307913469447343e-05  bs=8  epochs=30  patience=5
{'loss': 2.0807, 'grad_norm': 1.2847132682800293, 'learning_rate': 4.880528069676408e-06, 'epoch': 0.33}
{'loss': 2.0692, 'grad_norm': 1.1172059774398804, 'learning_rate': 1.0303337035983528e-05, 'epoch': 0.67}
{'loss': 2.0647, 'grad_norm': nan, 'learning_rate': 1.5726146002290646e-05, 'epoch': 1.0}
{'eval_loss': 2.051867961883545, 'eval_f1_macro': 0.03780019894841552, 'eval_f1_weighted': 0.040023740063028196, 'eval_precision_macro': 0.048125, 'eval_recall_macro': 0.12962962962962962, 'eval_accuracy': 0.13725490196078433, 'eval_runtime': 0.2909, 'eval_samples_per_second': 701.268, 'eval_steps_per_second': 24.063, 'epoch': 1.0}
{'loss': 2.0275, 'grad_norm': 1.9162265062332153, 'learning_rate': 2.114895496859777e-05, 'epoch': 1.33}
{'loss': 1.9824, 'grad_norm': 3.5904757976531982, 'learning_rate': 2.6571763934904885e-05, 'epoch': 1.67}
{'loss': 1.8881, 'grad_norm': 5.547563552856445, 'learning_rate': 3.1994572901212004e-05, 'epoch': 2.0}
{'eval_loss': 1.8196853399276733, 'eval_f1_macro': 0.24319670706966884, 'eval_f1_weighted': 0.2591363826489304, 'eval_precision_macro': 0.29864583333333333, 'eval_recall_macro': 0.33118386243386244, 'eval_accuracy': 0.35294117647058826, 'eval_runtime': 0.3018, 'eval_samples_per_second': 675.836, 'eval_steps_per_second': 23.19, 'epoch': 2.0}
{'loss': 1.7916, 'grad_norm': 4.125284671783447, 'learning_rate': 3.276371982253566e-05, 'epoch': 2.33}
{'loss': 1.7681, 'grad_norm': 3.9570603370666504, 'learning_rate': 3.236945123261345e-05, 'epoch': 2.67}
{'loss': 1.6511, 'grad_norm': 5.387641429901123, 'learning_rate': 3.197518264269124e-05, 'epoch': 3.0}
{'eval_loss': 1.5828306674957275, 'eval_f1_macro': 0.3948498139287613, 'eval_f1_weighted': 0.41837336210401227, 'eval_precision_macro': 0.41476007069494464, 'eval_recall_macro': 0.4674272486772487, 'eval_accuracy': 0.4950980392156863, 'eval_runtime': 0.3188, 'eval_samples_per_second': 639.878, 'eval_steps_per_second': 21.957, 'epoch': 3.0}
{'loss': 1.5327, 'grad_norm': 4.535027027130127, 'learning_rate': 3.1580914052769034e-05, 'epoch': 3.33}
{'loss': 1.4921, 'grad_norm': 2.5912797451019287, 'learning_rate': 3.118664546284682e-05, 'epoch': 3.67}
{'loss': 1.4349, 'grad_norm': 5.312929153442383, 'learning_rate': 3.079237687292461e-05, 'epoch': 4.0}
{'eval_loss': 1.346369743347168, 'eval_f1_macro': 0.5460643326342177, 'eval_f1_weighted': 0.5807212609230459, 'eval_precision_macro': 0.5733559872331059, 'eval_recall_macro': 0.5762235449735449, 'eval_accuracy': 0.6127450980392157, 'eval_runtime': 0.2998, 'eval_samples_per_second': 680.432, 'eval_steps_per_second': 23.348, 'epoch': 4.0}
{'loss': 1.2735, 'grad_norm': 9.290178298950195, 'learning_rate': 3.03981082830024e-05, 'epoch': 4.33}
{'loss': 1.187, 'grad_norm': 5.328182697296143, 'learning_rate': 3.0003839693080188e-05, 'epoch': 4.67}
{'loss': 1.1176, 'grad_norm': 6.362145900726318, 'learning_rate': 2.960957110315798e-05, 'epoch': 5.0}
{'eval_loss': 1.033881664276123, 'eval_f1_macro': 0.7043665690317162, 'eval_f1_weighted': 0.7235066314896775, 'eval_precision_macro': 0.7664946150874143, 'eval_recall_macro': 0.7137896825396826, 'eval_accuracy': 0.7401960784313726, 'eval_runtime': 0.3112, 'eval_samples_per_second': 655.61, 'eval_steps_per_second': 22.496, 'epoch': 5.0}
{'loss': 1.0106, 'grad_norm': 4.577952861785889, 'learning_rate': 2.921530251323577e-05, 'epoch': 5.33}
{'loss': 0.9496, 'grad_norm': 5.283010005950928, 'learning_rate': 2.882103392331356e-05, 'epoch': 5.67}
{'loss': 0.9035, 'grad_norm': 19.97899055480957, 'learning_rate': 2.842676533339135e-05, 'epoch': 6.0}
{'eval_loss': 0.905247688293457, 'eval_f1_macro': 0.7883166751549104, 'eval_f1_weighted': 0.7842225143176701, 'eval_precision_macro': 0.8154581700377881, 'eval_recall_macro': 0.8014219576719577, 'eval_accuracy': 0.7892156862745098, 'eval_runtime': 0.3041, 'eval_samples_per_second': 670.807, 'eval_steps_per_second': 23.018, 'epoch': 6.0}
{'loss': 0.8375, 'grad_norm': 7.839889049530029, 'learning_rate': 2.803249674346914e-05, 'epoch': 6.33}
{'loss': 0.7765, 'grad_norm': 6.705918788909912, 'learning_rate': 2.763822815354693e-05, 'epoch': 6.67}
{'loss': 0.6872, 'grad_norm': 4.766331195831299, 'learning_rate': 2.7243959563624722e-05, 'epoch': 7.0}
{'eval_loss': 0.7460740208625793, 'eval_f1_macro': 0.7993152850738735, 'eval_f1_weighted': 0.8119111733026199, 'eval_precision_macro': 0.8514741045991046, 'eval_recall_macro': 0.7954695767195767, 'eval_accuracy': 0.8186274509803921, 'eval_runtime': 0.2982, 'eval_samples_per_second': 684.054, 'eval_steps_per_second': 23.472, 'epoch': 7.0}
{'loss': 0.6245, 'grad_norm': 6.388859272003174, 'learning_rate': 2.684969097370251e-05, 'epoch': 7.33}
{'loss': 0.5679, 'grad_norm': 7.5426788330078125, 'learning_rate': 2.64554223837803e-05, 'epoch': 7.67}
{'loss': 0.5535, 'grad_norm': 14.942599296569824, 'learning_rate': 2.606115379385809e-05, 'epoch': 8.0}
{'eval_loss': 0.630007266998291, 'eval_f1_macro': 0.862395652658347, 'eval_f1_weighted': 0.8676404859357104, 'eval_precision_macro': 0.865484494192934, 'eval_recall_macro': 0.8673941798941799, 'eval_accuracy': 0.8676470588235294, 'eval_runtime': 0.3082, 'eval_samples_per_second': 662.001, 'eval_steps_per_second': 22.716, 'epoch': 8.0}
{'loss': 0.4804, 'grad_norm': 6.41856050491333, 'learning_rate': 2.5666885203935876e-05, 'epoch': 8.33}
{'loss': 0.4575, 'grad_norm': 9.988478660583496, 'learning_rate': 2.5272616614013668e-05, 'epoch': 8.67}
{'loss': 0.4294, 'grad_norm': 7.764346599578857, 'learning_rate': 2.4878348024091457e-05, 'epoch': 9.0}
{'eval_loss': 0.506213903427124, 'eval_f1_macro': 0.901480951725417, 'eval_f1_weighted': 0.9077772168595918, 'eval_precision_macro': 0.904371765010352, 'eval_recall_macro': 0.9037698412698412, 'eval_accuracy': 0.9068627450980392, 'eval_runtime': 0.3451, 'eval_samples_per_second': 591.211, 'eval_steps_per_second': 20.287, 'epoch': 9.0}
{'loss': 0.3919, 'grad_norm': 3.8914971351623535, 'learning_rate': 2.448407943416925e-05, 'epoch': 9.33}
{'loss': 0.3986, 'grad_norm': 2.5838770866394043, 'learning_rate': 2.4089810844247037e-05, 'epoch': 9.67}
{'loss': 0.3319, 'grad_norm': 2.088472604751587, 'learning_rate': 2.369554225432483e-05, 'epoch': 10.0}
{'eval_loss': 0.4886998236179352, 'eval_f1_macro': 0.897233817769532, 'eval_f1_weighted': 0.8900994236078269, 'eval_precision_macro': 0.8984033208171139, 'eval_recall_macro': 0.8993055555555556, 'eval_accuracy': 0.8921568627450981, 'eval_runtime': 0.3075, 'eval_samples_per_second': 663.505, 'eval_steps_per_second': 22.767, 'epoch': 10.0}
{'loss': 0.256, 'grad_norm': 2.6576452255249023, 'learning_rate': 2.3301273664402618e-05, 'epoch': 10.33}
{'loss': 0.2658, 'grad_norm': 12.106743812561035, 'learning_rate': 2.290700507448041e-05, 'epoch': 10.67}
{'loss': 0.2605, 'grad_norm': 5.974338054656982, 'learning_rate': 2.25127364845582e-05, 'epoch': 11.0}
{'eval_loss': 0.43500444293022156, 'eval_f1_macro': 0.8919378235110994, 'eval_f1_weighted': 0.9015370374185452, 'eval_precision_macro': 0.9018737507857364, 'eval_recall_macro': 0.8910383597883598, 'eval_accuracy': 0.9019607843137255, 'eval_runtime': 0.3084, 'eval_samples_per_second': 661.445, 'eval_steps_per_second': 22.697, 'epoch': 11.0}
{'loss': 0.2387, 'grad_norm': 12.755115509033203, 'learning_rate': 2.211846789463599e-05, 'epoch': 11.33}
{'loss': 0.2068, 'grad_norm': 19.29719352722168, 'learning_rate': 2.172419930471378e-05, 'epoch': 11.67}
{'loss': 0.2779, 'grad_norm': 13.181365966796875, 'learning_rate': 2.132993071479157e-05, 'epoch': 12.0}
{'eval_loss': 0.41403332352638245, 'eval_f1_macro': 0.8857109152421652, 'eval_f1_weighted': 0.8929279788838613, 'eval_precision_macro': 0.8966203703703703, 'eval_recall_macro': 0.8811177248677249, 'eval_accuracy': 0.8921568627450981, 'eval_runtime': 0.3165, 'eval_samples_per_second': 644.469, 'eval_steps_per_second': 22.114, 'epoch': 12.0}
{'loss': 0.1855, 'grad_norm': 8.622977256774902, 'learning_rate': 2.0935662124869356e-05, 'epoch': 12.33}
{'loss': 0.2277, 'grad_norm': 7.4580488204956055, 'learning_rate': 2.0541393534947145e-05, 'epoch': 12.67}
{'loss': 0.1677, 'grad_norm': 24.337621688842773, 'learning_rate': 2.0147124945024937e-05, 'epoch': 13.0}
{'eval_loss': 0.46674466133117676, 'eval_f1_macro': 0.8883153170711924, 'eval_f1_weighted': 0.8857089172827228, 'eval_precision_macro': 0.9045188750050566, 'eval_recall_macro': 0.8864087301587301, 'eval_accuracy': 0.8872549019607843, 'eval_runtime': 0.3202, 'eval_samples_per_second': 637.167, 'eval_steps_per_second': 21.864, 'epoch': 13.0}
{'loss': 0.1778, 'grad_norm': 23.942113876342773, 'learning_rate': 1.9752856355102725e-05, 'epoch': 13.33}
{'loss': 0.172, 'grad_norm': 23.540590286254883, 'learning_rate': 1.9358587765180517e-05, 'epoch': 13.67}
{'loss': 0.1596, 'grad_norm': 1.853224515914917, 'learning_rate': 1.8964319175258306e-05, 'epoch': 14.0}
{'eval_loss': 0.4597705006599426, 'eval_f1_macro': 0.8881518773144389, 'eval_f1_weighted': 0.8874107202562723, 'eval_precision_macro': 0.8924423836061767, 'eval_recall_macro': 0.8902116402116402, 'eval_accuracy': 0.8872549019607843, 'eval_runtime': 0.3353, 'eval_samples_per_second': 608.468, 'eval_steps_per_second': 20.879, 'epoch': 14.0}
{'train_runtime': 50.7929, 'train_samples_per_second': 559.921, 'train_steps_per_second': 17.719, 'train_loss': 0.8894756635030111, 'epoch': 14.0}
  Finished  : epoch 14/30 | runtime 51s | 559.9 samples/s
  Finished  : epoch 14/30 | runtime 51s | 559.9 samples/s  Finished  : epoch 14/30 | runtime 51s | 559.9 samples/s

  Finished  : epoch 14/30 | runtime 51s | 559.9 samples/s

  Loading: renumics/emodb
  Loading: renumics/emodb
  Loading: renumics/emodb


              precision    recall  f1-score   support

       angry       0.97      0.79      0.87        38
        calm       0.92      0.92      0.92        38
     disgust       1.00      0.82      0.90        39
     fearful       0.72      0.82      0.77        38
       happy       0.78      0.76      0.77        38
     neutral       0.88      0.75      0.81        20
         sad       0.78      0.74      0.76        38
   surprised       0.72      1.00      0.84        39

    accuracy                           0.83       288
   macro avg       0.85      0.82      0.83       288
weighted avg       0.84      0.83      0.83       288

  Label col : emotion
  Samples   : 535  |  Classes: 7
    0: 127
    1: 81
    2: 46
    3: 69
    4: 71
    5: 79
    6: 62
  Classes   : ['anger', 'boredom', 'disgust', 'fear', 'happiness', 'neutral', 'sadness']
  Label col : emotion
  Samples   : 535  |  Classes: 7
    0: 127
    1: 81
    2: 46
    3: 69
    4: 71
    5: 79
    6: 62
  Classes   : ['anger', 'boredom', 'disgust', 'fear', 'happiness', 'neutral', 'sadness']
  Label col : emotion
  Samples   : 535  |  Classes: 7
    0: 127
    1: 81
    2: 46
    3: 69
    4: 71
    5: 79
    6: 62
  Classes   : ['anger', 'boredom', 'disgust', 'fear', 'happiness', 'neutral', 'sadness']
  F1-Macro 0.8296 | Accuracy 0.8299 | Precision 0.8470 | Recall 0.8246
  Feature extractor : Wav2Vec2FeatureExtractor  (sr=16000)
  Feature extractor : Wav2Vec2FeatureExtractor  (sr=16000)
  Feature extractor : Wav2Vec2FeatureExtractor  (sr=16000)

  5-fold CV summary (mean ± 95% CI):
    f1_macro         = 0.8641 ± 0.0262  (95% CI [0.8379, 0.8903])
    f1_weighted      = 0.8672 ± 0.0275  (95% CI [0.8396, 0.8947])
    precision_macro  = 0.8717 ± 0.0197  (95% CI [0.8520, 0.8915])
    recall_macro     = 0.8646 ± 0.0302  (95% CI [0.8344, 0.8948])
    accuracy         = 0.8667 ± 0.0282  (95% CI [0.8385, 0.8949])

======================================================================
[2/21]  wav2vec2-base_emodb
  Model  : facebook/wav2vec2-base
  Dataset: renumics/emodb
  Output : /home/tu/tu_tu/tu_zxord71/asp-project/outputs/wav2vec2-base_emodb

  Loading: renumics/emodb
  Label col : emotion
  Samples   : 535  |  Classes: 7
    0: 127
    1: 81
    2: 46
    3: 69
    4: 71
    5: 79
    6: 62
  Classes   : ['anger', 'boredom', 'disgust', 'fear', 'happiness', 'neutral', 'sadness']
  Feature extractor : Wav2Vec2FeatureExtractor  (sr=16000)
  Loaded hyperparameters: lr=6.354953232756206e-05  bs=4  warmup=0.17218720795946393  wd=0.03436070627478947
  Fold 1/5: 352 train / 76 val / 107 test  (of 535)

  --- Fold 1/5 ---
  Fold 1/5: 352 train / 76 val / 107 test  (of 535)
  Fold 1/5: 352 train / 76 val / 107 test  (of 535)
  Fold 1/5: 352 train / 76 val / 107 test  (of 535)
  Model             : Wav2Vec2ForSequenceClassification  (94,570,375 params, 94,570,375 trainable)
  Training  : lr=6.354953232756206e-05  bs=4  epochs=30  patience=5
  Model             : Wav2Vec2ForSequenceClassification  (94,570,375 params, 94,570,375 trainable)
  Training  : lr=6.354953232756206e-05  bs=4  epochs=30  patience=5
  Model             : Wav2Vec2ForSequenceClassification  (94,570,375 params, 94,570,375 trainable)
  Training  : lr=6.354953232756206e-05  bs=4  epochs=30  patience=5
  Model             : Wav2Vec2ForSequenceClassification  (94,570,375 params, 94,570,375 trainable)
  Training  : lr=6.354953232756206e-05  bs=4  epochs=30  patience=5
{'loss': 1.9467, 'grad_norm': nan, 'learning_rate': 5.017068341649636e-06, 'epoch': 0.45}
{'loss': 1.9389, 'grad_norm': 1.1657451391220093, 'learning_rate': 1.0591588721260343e-05, 'epoch': 0.91}
{'eval_loss': 1.923121452331543, 'eval_f1_macro': 0.09795918367346938, 'eval_f1_weighted': 0.1413533834586466, 'eval_precision_macro': 0.06776556776556776, 'eval_recall_macro': 0.17893217893217894, 'eval_accuracy': 0.2631578947368421, 'eval_runtime': 2.1705, 'eval_samples_per_second': 35.015, 'eval_steps_per_second': 2.304, 'epoch': 1.0}
{'loss': 1.9155, 'grad_norm': 2.493088483810425, 'learning_rate': 1.6166109100871052e-05, 'epoch': 1.36}
{'loss': 1.8886, 'grad_norm': 3.7685694694519043, 'learning_rate': 2.174062948048176e-05, 'epoch': 1.82}
{'eval_loss': 1.835976004600525, 'eval_f1_macro': 0.12142857142857144, 'eval_f1_weighted': 0.16447368421052633, 'eval_precision_macro': 0.09249506254114549, 'eval_recall_macro': 0.2077922077922078, 'eval_accuracy': 0.3026315789473684, 'eval_runtime': 0.2339, 'eval_samples_per_second': 324.912, 'eval_steps_per_second': 21.376, 'epoch': 2.0}
{'loss': 1.8039, 'grad_norm': 2.9217939376831055, 'learning_rate': 2.7315149860092463e-05, 'epoch': 2.27}
{'loss': 1.713, 'grad_norm': 1.790394902229309, 'learning_rate': 3.288967023970318e-05, 'epoch': 2.73}
{'eval_loss': 1.519325613975525, 'eval_f1_macro': 0.3872188062452847, 'eval_f1_weighted': 0.42605947122566085, 'eval_precision_macro': 0.44846938775510203, 'eval_recall_macro': 0.45425685425685425, 'eval_accuracy': 0.5263157894736842, 'eval_runtime': 0.2309, 'eval_samples_per_second': 329.137, 'eval_steps_per_second': 21.654, 'epoch': 3.0}
{'loss': 1.6059, 'grad_norm': 2.9696462154388428, 'learning_rate': 3.8464190619313875e-05, 'epoch': 3.18}
{'loss': 1.4474, 'grad_norm': 6.111818790435791, 'learning_rate': 4.4038710998924586e-05, 'epoch': 3.64}
{'eval_loss': 1.2308992147445679, 'eval_f1_macro': 0.4891813726483642, 'eval_f1_weighted': 0.5235539964169433, 'eval_precision_macro': 0.48243297318927564, 'eval_recall_macro': 0.5402597402597403, 'eval_accuracy': 0.6052631578947368, 'eval_runtime': 0.2145, 'eval_samples_per_second': 354.333, 'eval_steps_per_second': 23.311, 'epoch': 4.0}
{'loss': 1.1792, 'grad_norm': 7.587845325469971, 'learning_rate': 4.961323137853529e-05, 'epoch': 4.09}
{'loss': 1.0534, 'grad_norm': 10.943231582641602, 'learning_rate': 5.5187751758146e-05, 'epoch': 4.55}
{'loss': 0.9666, 'grad_norm': 7.224445343017578, 'learning_rate': 6.0762272137756705e-05, 'epoch': 5.0}
{'eval_loss': 0.8484561443328857, 'eval_f1_macro': 0.763265306122449, 'eval_f1_weighted': 0.7658521303258145, 'eval_precision_macro': 0.8450343773873187, 'eval_recall_macro': 0.7682745825602968, 'eval_accuracy': 0.7894736842105263, 'eval_runtime': 0.2244, 'eval_samples_per_second': 338.744, 'eval_steps_per_second': 22.286, 'epoch': 5.0}
{'loss': 0.8075, 'grad_norm': 4.265922546386719, 'learning_rate': 6.296757690331698e-05, 'epoch': 5.45}
{'loss': 0.7956, 'grad_norm': 8.226305961608887, 'learning_rate': 6.180366605482684e-05, 'epoch': 5.91}
{'eval_loss': 0.7399950623512268, 'eval_f1_macro': 0.7313306558321269, 'eval_f1_weighted': 0.7490062398559327, 'eval_precision_macro': 0.8336996336996336, 'eval_recall_macro': 0.7443413729128014, 'eval_accuracy': 0.7763157894736842, 'eval_runtime': 0.2263, 'eval_samples_per_second': 335.806, 'eval_steps_per_second': 22.093, 'epoch': 6.0}
{'loss': 0.6814, 'grad_norm': 12.106623649597168, 'learning_rate': 6.0639755206336696e-05, 'epoch': 6.36}
{'loss': 0.7099, 'grad_norm': 8.270230293273926, 'learning_rate': 5.947584435784654e-05, 'epoch': 6.82}
{'eval_loss': 0.714996337890625, 'eval_f1_macro': 0.8095704948646125, 'eval_f1_weighted': 0.8137125902992777, 'eval_precision_macro': 0.8256235827664398, 'eval_recall_macro': 0.8167388167388168, 'eval_accuracy': 0.8157894736842105, 'eval_runtime': 0.2546, 'eval_samples_per_second': 298.509, 'eval_steps_per_second': 19.639, 'epoch': 7.0}
{'loss': 0.5864, 'grad_norm': 9.633065223693848, 'learning_rate': 5.8311933509356395e-05, 'epoch': 7.27}
{'loss': 0.5738, 'grad_norm': 9.341720581054688, 'learning_rate': 5.714802266086625e-05, 'epoch': 7.73}
{'eval_loss': 0.6062638163566589, 'eval_f1_macro': 0.7242853488899639, 'eval_f1_weighted': 0.7430319517744295, 'eval_precision_macro': 0.8376879699248121, 'eval_recall_macro': 0.7577406720263864, 'eval_accuracy': 0.7763157894736842, 'eval_runtime': 0.2445, 'eval_samples_per_second': 310.777, 'eval_steps_per_second': 20.446, 'epoch': 8.0}
{'loss': 0.4358, 'grad_norm': 4.701491355895996, 'learning_rate': 5.59841118123761e-05, 'epoch': 8.18}
{'loss': 0.3657, 'grad_norm': 4.003689765930176, 'learning_rate': 5.4820200963885954e-05, 'epoch': 8.64}
{'eval_loss': 0.30800747871398926, 'eval_f1_macro': 0.9381952781112445, 'eval_f1_weighted': 0.934470367094206, 'eval_precision_macro': 0.939060939060939, 'eval_recall_macro': 0.9438672438672439, 'eval_accuracy': 0.9342105263157895, 'eval_runtime': 0.2418, 'eval_samples_per_second': 314.267, 'eval_steps_per_second': 20.675, 'epoch': 9.0}
{'loss': 0.2742, 'grad_norm': 3.3336033821105957, 'learning_rate': 5.365629011539581e-05, 'epoch': 9.09}
{'loss': 0.3199, 'grad_norm': 1.7570077180862427, 'learning_rate': 5.2492379266905653e-05, 'epoch': 9.55}
{'loss': 0.2262, 'grad_norm': 0.5911611318588257, 'learning_rate': 5.132846841841551e-05, 'epoch': 10.0}
{'eval_loss': 0.4942261576652527, 'eval_f1_macro': 0.8304540122685229, 'eval_f1_weighted': 0.8370181578593138, 'eval_precision_macro': 0.8537878787878789, 'eval_recall_macro': 0.8321789321789321, 'eval_accuracy': 0.8421052631578947, 'eval_runtime': 0.2182, 'eval_samples_per_second': 348.339, 'eval_steps_per_second': 22.917, 'epoch': 10.0}
{'loss': 0.3036, 'grad_norm': 6.611692905426025, 'learning_rate': 5.016455756992536e-05, 'epoch': 10.45}
{'loss': 0.1961, 'grad_norm': 3.7692761421203613, 'learning_rate': 4.900064672143522e-05, 'epoch': 10.91}
{'eval_loss': 0.5253573060035706, 'eval_f1_macro': 0.8355929931781325, 'eval_f1_weighted': 0.8533454555330063, 'eval_precision_macro': 0.8785975928833072, 'eval_recall_macro': 0.8336631622345908, 'eval_accuracy': 0.8552631578947368, 'eval_runtime': 0.2474, 'eval_samples_per_second': 307.146, 'eval_steps_per_second': 20.207, 'epoch': 11.0}
{'loss': 0.2383, 'grad_norm': 4.897675514221191, 'learning_rate': 4.7836735872945065e-05, 'epoch': 11.36}
{'loss': 0.081, 'grad_norm': 0.5886504054069519, 'learning_rate': 4.6672825024454925e-05, 'epoch': 11.82}
{'eval_loss': 0.14177542924880981, 'eval_f1_macro': 0.974025974025974, 'eval_f1_weighted': 0.9736842105263158, 'eval_precision_macro': 0.974025974025974, 'eval_recall_macro': 0.974025974025974, 'eval_accuracy': 0.9736842105263158, 'eval_runtime': 0.233, 'eval_samples_per_second': 326.182, 'eval_steps_per_second': 21.459, 'epoch': 12.0}
{'loss': 0.064, 'grad_norm': 0.417156845331192, 'learning_rate': 4.550891417596477e-05, 'epoch': 12.27}
{'loss': 0.0546, 'grad_norm': nan, 'learning_rate': 4.4345003327474624e-05, 'epoch': 12.73}
{'eval_loss': 0.1415996551513672, 'eval_f1_macro': 0.974025974025974, 'eval_f1_weighted': 0.9736842105263158, 'eval_precision_macro': 0.974025974025974, 'eval_recall_macro': 0.974025974025974, 'eval_accuracy': 0.9736842105263158, 'eval_runtime': 0.2426, 'eval_samples_per_second': 313.293, 'eval_steps_per_second': 20.611, 'epoch': 13.0}
{'loss': 0.0383, 'grad_norm': 0.4233151972293854, 'learning_rate': 4.318109247898448e-05, 'epoch': 13.18}
{'loss': 0.0313, 'grad_norm': 0.19120369851589203, 'learning_rate': 4.201718163049433e-05, 'epoch': 13.64}
{'eval_loss': 0.1255997121334076, 'eval_f1_macro': 0.9738095238095239, 'eval_f1_weighted': 0.9734649122807018, 'eval_precision_macro': 0.978021978021978, 'eval_recall_macro': 0.974025974025974, 'eval_accuracy': 0.9736842105263158, 'eval_runtime': 0.2586, 'eval_samples_per_second': 293.905, 'eval_steps_per_second': 19.336, 'epoch': 14.0}
{'loss': 0.0263, 'grad_norm': 0.17543865740299225, 'learning_rate': 4.0853270782004183e-05, 'epoch': 14.09}
{'loss': 0.0228, 'grad_norm': 0.13664177060127258, 'learning_rate': 3.9689359933514036e-05, 'epoch': 14.55}
{'loss': 0.0195, 'grad_norm': 0.13414916396141052, 'learning_rate': 3.852544908502388e-05, 'epoch': 15.0}
{'eval_loss': 0.16014550626277924, 'eval_f1_macro': 0.975606297933856, 'eval_f1_weighted': 0.9734885175087512, 'eval_precision_macro': 0.980576441102757, 'eval_recall_macro': 0.9727272727272728, 'eval_accuracy': 0.9736842105263158, 'eval_runtime': 0.2491, 'eval_samples_per_second': 305.126, 'eval_steps_per_second': 20.074, 'epoch': 15.0}
{'loss': 0.018, 'grad_norm': 0.1436459720134735, 'learning_rate': 3.736153823653374e-05, 'epoch': 15.45}
{'loss': 0.0157, 'grad_norm': 0.106387659907341, 'learning_rate': 3.619762738804359e-05, 'epoch': 15.91}
{'eval_loss': 0.1550348699092865, 'eval_f1_macro': 0.975606297933856, 'eval_f1_weighted': 0.9734885175087512, 'eval_precision_macro': 0.980576441102757, 'eval_recall_macro': 0.9727272727272728, 'eval_accuracy': 0.9736842105263158, 'eval_runtime': 0.2301, 'eval_samples_per_second': 330.335, 'eval_steps_per_second': 21.733, 'epoch': 16.0}
{'loss': 0.0143, 'grad_norm': 0.09367994219064713, 'learning_rate': 3.503371653955345e-05, 'epoch': 16.36}
{'loss': 0.0135, 'grad_norm': 0.1281771957874298, 'learning_rate': 3.3869805691063295e-05, 'epoch': 16.82}
{'eval_loss': 0.1576513946056366, 'eval_f1_macro': 0.975606297933856, 'eval_f1_weighted': 0.9734885175087512, 'eval_precision_macro': 0.980576441102757, 'eval_recall_macro': 0.9727272727272728, 'eval_accuracy': 0.9736842105263158, 'eval_runtime': 0.2306, 'eval_samples_per_second': 329.572, 'eval_steps_per_second': 21.682, 'epoch': 17.0}
{'loss': 0.0123, 'grad_norm': 0.08294647186994553, 'learning_rate': 3.270589484257315e-05, 'epoch': 17.27}
{'loss': 0.0121, 'grad_norm': 0.08760935813188553, 'learning_rate': 3.1541983994083e-05, 'epoch': 17.73}
{'eval_loss': 0.16295865178108215, 'eval_f1_macro': 0.962646173172489, 'eval_f1_weighted': 0.9603578647899977, 'eval_precision_macro': 0.9665071770334928, 'eval_recall_macro': 0.9597402597402598, 'eval_accuracy': 0.9605263157894737, 'eval_runtime': 0.2203, 'eval_samples_per_second': 344.923, 'eval_steps_per_second': 22.692, 'epoch': 18.0}
{'loss': 0.0107, 'grad_norm': 0.0818614587187767, 'learning_rate': 3.0378073145592854e-05, 'epoch': 18.18}
{'loss': 0.0104, 'grad_norm': 0.08109749853610992, 'learning_rate': 2.9214162297102703e-05, 'epoch': 18.64}
{'eval_loss': 0.17341649532318115, 'eval_f1_macro': 0.962646173172489, 'eval_f1_weighted': 0.9603578647899977, 'eval_precision_macro': 0.9665071770334928, 'eval_recall_macro': 0.9597402597402598, 'eval_accuracy': 0.9605263157894737, 'eval_runtime': 0.2305, 'eval_samples_per_second': 329.689, 'eval_steps_per_second': 21.69, 'epoch': 19.0}
{'loss': 0.0095, 'grad_norm': 0.06350978463888168, 'learning_rate': 2.8050251448612556e-05, 'epoch': 19.09}
{'loss': 0.0092, 'grad_norm': 0.061521004885435104, 'learning_rate': 2.688634060012241e-05, 'epoch': 19.55}
{'loss': 0.0092, 'grad_norm': 0.0735820010304451, 'learning_rate': 2.5722429751632262e-05, 'epoch': 20.0}
{'eval_loss': 0.18176455795764923, 'eval_f1_macro': 0.962646173172489, 'eval_f1_weighted': 0.9603578647899977, 'eval_precision_macro': 0.9665071770334928, 'eval_recall_macro': 0.9597402597402598, 'eval_accuracy': 0.9605263157894737, 'eval_runtime': 0.2427, 'eval_samples_per_second': 313.109, 'eval_steps_per_second': 20.599, 'epoch': 20.0}
{'train_runtime': 60.0514, 'train_samples_per_second': 175.849, 'train_steps_per_second': 10.991, 'train_loss': 0.5555913426659324, 'epoch': 20.0}
  Finished  : epoch 20/30 | runtime 60s | 175.9 samples/s  Finished  : epoch 20/30 | runtime 60s | 175.9 samples/s

  Finished  : epoch 20/30 | runtime 60s | 175.8 samples/s
  Finished  : epoch 20/30 | runtime 60s | 175.9 samples/s
  Fold 2/5: 352 train / 76 val / 107 test  (of 535)
  Fold 2/5: 352 train / 76 val / 107 test  (of 535)
  Fold 2/5: 352 train / 76 val / 107 test  (of 535)
              precision    recall  f1-score   support

       anger       1.00      1.00      1.00        26
     boredom       0.94      1.00      0.97        16
     disgust       1.00      0.89      0.94         9
        fear       1.00      0.93      0.96        14
   happiness       0.88      0.93      0.90        15
     neutral       0.88      0.93      0.90        15
     sadness       1.00      0.92      0.96        12

    accuracy                           0.95       107
   macro avg       0.96      0.94      0.95       107
weighted avg       0.96      0.95      0.95       107

  Model             : Wav2Vec2ForSequenceClassification  (94,570,375 params, 94,570,375 trainable)
  Training  : lr=6.354953232756206e-05  bs=4  epochs=30  patience=5
  Model             : Wav2Vec2ForSequenceClassification  (94,570,375 params, 94,570,375 trainable)
  Training  : lr=6.354953232756206e-05  bs=4  epochs=30  patience=5
  Model             : Wav2Vec2ForSequenceClassification  (94,570,375 params, 94,570,375 trainable)
  Training  : lr=6.354953232756206e-05  bs=4  epochs=30  patience=5
  F1-Macro 0.9481 | Accuracy 0.9533 | Precision 0.9559 | Recall 0.9430
  Fold 2/5: 352 train / 76 val / 107 test  (of 535)

  --- Fold 2/5 ---
  Model             : Wav2Vec2ForSequenceClassification  (94,570,375 params, 94,570,375 trainable)
  Training  : lr=6.354953232756206e-05  bs=4  epochs=30  patience=5
{'loss': 1.9489, 'grad_norm': 1.144881010055542, 'learning_rate': 5.017068341649636e-06, 'epoch': 0.45}
{'loss': 1.9296, 'grad_norm': 1.8563666343688965, 'learning_rate': 1.0591588721260343e-05, 'epoch': 0.91}
{'eval_loss': 1.9129445552825928, 'eval_f1_macro': 0.0547112462006079, 'eval_f1_weighted': 0.09070548712206046, 'eval_precision_macro': 0.03383458646616541, 'eval_recall_macro': 0.14285714285714285, 'eval_accuracy': 0.23684210526315788, 'eval_runtime': 0.2215, 'eval_samples_per_second': 343.141, 'eval_steps_per_second': 22.575, 'epoch': 1.0}
{'loss': 1.9042, 'grad_norm': 1.6021623611450195, 'learning_rate': 1.6166109100871052e-05, 'epoch': 1.36}
{'loss': 1.8401, 'grad_norm': 4.496943950653076, 'learning_rate': 2.174062948048176e-05, 'epoch': 1.82}
{'eval_loss': 1.7454898357391357, 'eval_f1_macro': 0.23297009503906055, 'eval_f1_weighted': 0.2932042750554547, 'eval_precision_macro': 0.18636363636363637, 'eval_recall_macro': 0.33766233766233766, 'eval_accuracy': 0.4342105263157895, 'eval_runtime': 0.2943, 'eval_samples_per_second': 258.226, 'eval_steps_per_second': 16.989, 'epoch': 2.0}
{'loss': 1.7716, 'grad_norm': 6.140700340270996, 'learning_rate': 2.7315149860092463e-05, 'epoch': 2.27}
{'loss': 1.6277, 'grad_norm': 5.595193386077881, 'learning_rate': 3.288967023970318e-05, 'epoch': 2.73}
{'eval_loss': 1.448569893836975, 'eval_f1_macro': 0.261245104102247, 'eval_f1_weighted': 0.30993772309561785, 'eval_precision_macro': 0.3996019460415745, 'eval_recall_macro': 0.3460317460317461, 'eval_accuracy': 0.4342105263157895, 'eval_runtime': 0.2185, 'eval_samples_per_second': 347.824, 'eval_steps_per_second': 22.883, 'epoch': 3.0}
{'loss': 1.4773, 'grad_norm': 6.52066707611084, 'learning_rate': 3.8464190619313875e-05, 'epoch': 3.18}
{'loss': 1.3678, 'grad_norm': 2.494830846786499, 'learning_rate': 4.4038710998924586e-05, 'epoch': 3.64}
{'eval_loss': 1.2142654657363892, 'eval_f1_macro': 0.5055027787947043, 'eval_f1_weighted': 0.5517494042951709, 'eval_precision_macro': 0.5472527472527472, 'eval_recall_macro': 0.5506493506493506, 'eval_accuracy': 0.618421052631579, 'eval_runtime': 0.22, 'eval_samples_per_second': 345.379, 'eval_steps_per_second': 22.722, 'epoch': 4.0}
{'loss': 1.2236, 'grad_norm': 7.497983455657959, 'learning_rate': 4.961323137853529e-05, 'epoch': 4.09}
{'loss': 1.1426, 'grad_norm': 3.1002326011657715, 'learning_rate': 5.5187751758146e-05, 'epoch': 4.55}
{'loss': 0.9499, 'grad_norm': 3.6627745628356934, 'learning_rate': 6.0762272137756705e-05, 'epoch': 5.0}
{'eval_loss': 0.8288381695747375, 'eval_f1_macro': 0.8723776223776225, 'eval_f1_weighted': 0.8732440804809226, 'eval_precision_macro': 0.9140145568716997, 'eval_recall_macro': 0.8668315811172954, 'eval_accuracy': 0.881578947368421, 'eval_runtime': 0.25, 'eval_samples_per_second': 303.99, 'eval_steps_per_second': 19.999, 'epoch': 5.0}
{'loss': 0.916, 'grad_norm': 2.328686237335205, 'learning_rate': 6.296757690331698e-05, 'epoch': 5.45}
{'loss': 0.6679, 'grad_norm': 4.188859939575195, 'learning_rate': 6.180366605482684e-05, 'epoch': 5.91}
{'eval_loss': 0.6617479920387268, 'eval_f1_macro': 0.8638056104168637, 'eval_f1_weighted': 0.8666803647176174, 'eval_precision_macro': 0.8844619666048238, 'eval_recall_macro': 0.8578643578643579, 'eval_accuracy': 0.868421052631579, 'eval_runtime': 0.2366, 'eval_samples_per_second': 321.177, 'eval_steps_per_second': 21.13, 'epoch': 6.0}
{'loss': 0.6345, 'grad_norm': 7.493910789489746, 'learning_rate': 6.0639755206336696e-05, 'epoch': 6.36}
{'loss': 0.5418, 'grad_norm': 6.250743865966797, 'learning_rate': 5.947584435784654e-05, 'epoch': 6.82}
{'eval_loss': 0.4938739836215973, 'eval_f1_macro': 0.8580911841781406, 'eval_f1_weighted': 0.8624655283694185, 'eval_precision_macro': 0.9138837353123067, 'eval_recall_macro': 0.866604823747681, 'eval_accuracy': 0.881578947368421, 'eval_runtime': 0.2645, 'eval_samples_per_second': 287.383, 'eval_steps_per_second': 18.907, 'epoch': 7.0}
{'loss': 0.4669, 'grad_norm': 1.630458116531372, 'learning_rate': 5.8311933509356395e-05, 'epoch': 7.27}
{'loss': 0.396, 'grad_norm': 11.574488639831543, 'learning_rate': 5.714802266086625e-05, 'epoch': 7.73}
{'eval_loss': 0.6712003946304321, 'eval_f1_macro': 0.8161524205641851, 'eval_f1_weighted': 0.8163126361655774, 'eval_precision_macro': 0.8465568045399978, 'eval_recall_macro': 0.8232323232323233, 'eval_accuracy': 0.8157894736842105, 'eval_runtime': 0.2495, 'eval_samples_per_second': 304.659, 'eval_steps_per_second': 20.043, 'epoch': 8.0}
{'loss': 0.3937, 'grad_norm': 3.4076125621795654, 'learning_rate': 5.59841118123761e-05, 'epoch': 8.18}
{'loss': 0.2875, 'grad_norm': 2.0605571269989014, 'learning_rate': 5.4820200963885954e-05, 'epoch': 8.64}
{'eval_loss': 0.5691905617713928, 'eval_f1_macro': 0.8568114912598792, 'eval_f1_weighted': 0.8519510167212827, 'eval_precision_macro': 0.8951345755693582, 'eval_recall_macro': 0.8451659451659452, 'eval_accuracy': 0.8552631578947368, 'eval_runtime': 0.2769, 'eval_samples_per_second': 274.492, 'eval_steps_per_second': 18.059, 'epoch': 9.0}
{'loss': 0.306, 'grad_norm': 0.8844271302223206, 'learning_rate': 5.365629011539581e-05, 'epoch': 9.09}
{'loss': 0.1906, 'grad_norm': 0.6114216446876526, 'learning_rate': 5.2492379266905653e-05, 'epoch': 9.55}
{'loss': 0.2127, 'grad_norm': 0.7840750813484192, 'learning_rate': 5.132846841841551e-05, 'epoch': 10.0}
{'eval_loss': 0.16095854341983795, 'eval_f1_macro': 0.9754125573674445, 'eval_f1_weighted': 0.9743461524624959, 'eval_precision_macro': 0.9761904761904762, 'eval_recall_macro': 0.9777777777777779, 'eval_accuracy': 0.9736842105263158, 'eval_runtime': 0.2306, 'eval_samples_per_second': 329.578, 'eval_steps_per_second': 21.683, 'epoch': 10.0}
{'loss': 0.1144, 'grad_norm': 32.394752502441406, 'learning_rate': 5.016455756992536e-05, 'epoch': 10.45}
{'loss': 0.0664, 'grad_norm': 0.34728291630744934, 'learning_rate': 4.900064672143522e-05, 'epoch': 10.91}
{'eval_loss': 0.24432432651519775, 'eval_f1_macro': 0.9338848582911424, 'eval_f1_weighted': 0.9348983071489466, 'eval_precision_macro': 0.947278911564626, 'eval_recall_macro': 0.9362193362193362, 'eval_accuracy': 0.9342105263157895, 'eval_runtime': 0.2141, 'eval_samples_per_second': 355.049, 'eval_steps_per_second': 23.358, 'epoch': 11.0}
{'loss': 0.0887, 'grad_norm': 0.28060969710350037, 'learning_rate': 4.7836735872945065e-05, 'epoch': 11.36}
{'loss': 0.1861, 'grad_norm': 0.27011528611183167, 'learning_rate': 4.6672825024454925e-05, 'epoch': 11.82}
{'eval_loss': 0.4555959105491638, 'eval_f1_macro': 0.9099159188293314, 'eval_f1_weighted': 0.8989534000536145, 'eval_precision_macro': 0.9167974882260596, 'eval_recall_macro': 0.9174603174603175, 'eval_accuracy': 0.8947368421052632, 'eval_runtime': 0.246, 'eval_samples_per_second': 308.992, 'eval_steps_per_second': 20.328, 'epoch': 12.0}
{'loss': 0.1439, 'grad_norm': 42.5003776550293, 'learning_rate': 4.550891417596477e-05, 'epoch': 12.27}
{'loss': 0.1092, 'grad_norm': 0.2495070993900299, 'learning_rate': 4.4345003327474624e-05, 'epoch': 12.73}
{'eval_loss': 0.2552574574947357, 'eval_f1_macro': 0.9385303671017956, 'eval_f1_weighted': 0.9348483822168033, 'eval_precision_macro': 0.9460013670539986, 'eval_recall_macro': 0.9349206349206349, 'eval_accuracy': 0.9342105263157895, 'eval_runtime': 0.2563, 'eval_samples_per_second': 296.553, 'eval_steps_per_second': 19.51, 'epoch': 13.0}
{'loss': 0.0681, 'grad_norm': 1.8823294639587402, 'learning_rate': 4.318109247898448e-05, 'epoch': 13.18}
{'loss': 0.0813, 'grad_norm': 0.9268684387207031, 'learning_rate': 4.201718163049433e-05, 'epoch': 13.64}
{'eval_loss': 0.3930043578147888, 'eval_f1_macro': 0.9115945151750778, 'eval_f1_weighted': 0.9101163377983947, 'eval_precision_macro': 0.9282661782661783, 'eval_recall_macro': 0.9049886621315194, 'eval_accuracy': 0.9078947368421053, 'eval_runtime': 0.233, 'eval_samples_per_second': 326.149, 'eval_steps_per_second': 21.457, 'epoch': 14.0}
{'loss': 0.0519, 'grad_norm': 0.17413641512393951, 'learning_rate': 4.0853270782004183e-05, 'epoch': 14.09}
{'loss': 0.0232, 'grad_norm': 0.1997307687997818, 'learning_rate': 3.9689359933514036e-05, 'epoch': 14.55}
{'loss': 0.0531, 'grad_norm': 0.14436271786689758, 'learning_rate': 3.852544908502388e-05, 'epoch': 15.0}
{'eval_loss': 0.3930419087409973, 'eval_f1_macro': 0.9241209527289176, 'eval_f1_weighted': 0.9212907588664757, 'eval_precision_macro': 0.938875550220088, 'eval_recall_macro': 0.9253968253968254, 'eval_accuracy': 0.9210526315789473, 'eval_runtime': 0.2521, 'eval_samples_per_second': 301.482, 'eval_steps_per_second': 19.834, 'epoch': 15.0}
{'train_runtime': 35.6555, 'train_samples_per_second': 296.167, 'train_steps_per_second': 18.51, 'train_loss': 0.7025235624024362, 'epoch': 15.0}
  Finished  : epoch 15/30 | runtime 36s | 296.2 samples/s  Finished  : epoch 15/30 | runtime 36s | 296.2 samples/s

  Finished  : epoch 15/30 | runtime 36s | 296.2 samples/s
  Finished  : epoch 15/30 | runtime 36s | 296.2 samples/s
  Fold 3/5: 352 train / 76 val / 107 test  (of 535)  Fold 3/5: 352 train / 76 val / 107 test  (of 535)

  Fold 3/5: 352 train / 76 val / 107 test  (of 535)
              precision    recall  f1-score   support

       anger       0.96      1.00      0.98        26
     boredom       0.89      1.00      0.94        16
     disgust       1.00      0.89      0.94         9
        fear       1.00      0.86      0.92        14
   happiness       0.81      0.93      0.87        14
     neutral       1.00      0.94      0.97        16
     sadness       1.00      0.92      0.96        12

    accuracy                           0.94       107
   macro avg       0.95      0.93      0.94       107
weighted avg       0.95      0.94      0.94       107

  Model             : Wav2Vec2ForSequenceClassification  (94,570,375 params, 94,570,375 trainable)
  Training  : lr=6.354953232756206e-05  bs=4  epochs=30  patience=5
  Model             : Wav2Vec2ForSequenceClassification  (94,570,375 params, 94,570,375 trainable)
  Training  : lr=6.354953232756206e-05  bs=4  epochs=30  patience=5
  Model             : Wav2Vec2ForSequenceClassification  (94,570,375 params, 94,570,375 trainable)
  Training  : lr=6.354953232756206e-05  bs=4  epochs=30  patience=5
  F1-Macro 0.9396 | Accuracy 0.9439 | Precision 0.9521 | Recall 0.9327
  Fold 3/5: 352 train / 76 val / 107 test  (of 535)

  --- Fold 3/5 ---
  Model             : Wav2Vec2ForSequenceClassification  (94,570,375 params, 94,570,375 trainable)
  Training  : lr=6.354953232756206e-05  bs=4  epochs=30  patience=5
{'loss': 1.9477, 'grad_norm': 1.318637490272522, 'learning_rate': 5.017068341649636e-06, 'epoch': 0.45}
{'loss': 1.9346, 'grad_norm': 2.5138862133026123, 'learning_rate': 1.0591588721260343e-05, 'epoch': 0.91}
{'eval_loss': 1.9198191165924072, 'eval_f1_macro': 0.0547112462006079, 'eval_f1_weighted': 0.09070548712206046, 'eval_precision_macro': 0.03383458646616541, 'eval_recall_macro': 0.14285714285714285, 'eval_accuracy': 0.23684210526315788, 'eval_runtime': 0.2192, 'eval_samples_per_second': 346.769, 'eval_steps_per_second': 22.814, 'epoch': 1.0}
{'loss': 1.9066, 'grad_norm': 1.323481798171997, 'learning_rate': 1.6166109100871052e-05, 'epoch': 1.36}
{'loss': 1.8736, 'grad_norm': nan, 'learning_rate': 2.174062948048176e-05, 'epoch': 1.82}
{'eval_loss': 1.8336888551712036, 'eval_f1_macro': 0.0547112462006079, 'eval_f1_weighted': 0.09070548712206046, 'eval_precision_macro': 0.03383458646616541, 'eval_recall_macro': 0.14285714285714285, 'eval_accuracy': 0.23684210526315788, 'eval_runtime': 0.2284, 'eval_samples_per_second': 332.732, 'eval_steps_per_second': 21.89, 'epoch': 2.0}
{'loss': 1.84, 'grad_norm': 20.701568603515625, 'learning_rate': 2.7315149860092463e-05, 'epoch': 2.27}
{'loss': 1.7411, 'grad_norm': 4.631293773651123, 'learning_rate': 3.288967023970318e-05, 'epoch': 2.73}
{'eval_loss': 1.5682693719863892, 'eval_f1_macro': 0.2682617874736101, 'eval_f1_weighted': 0.315802437127301, 'eval_precision_macro': 0.30238095238095236, 'eval_recall_macro': 0.33333333333333337, 'eval_accuracy': 0.42105263157894735, 'eval_runtime': 0.2299, 'eval_samples_per_second': 330.627, 'eval_steps_per_second': 21.752, 'epoch': 3.0}
{'loss': 1.5887, 'grad_norm': 4.27251672744751, 'learning_rate': 3.8464190619313875e-05, 'epoch': 3.18}
{'loss': 1.466, 'grad_norm': 3.824044704437256, 'learning_rate': 4.4038710998924586e-05, 'epoch': 3.64}
{'eval_loss': 1.239893913269043, 'eval_f1_macro': 0.5087889701335079, 'eval_f1_weighted': 0.5634430327154785, 'eval_precision_macro': 0.6108512970405553, 'eval_recall_macro': 0.5812409812409812, 'eval_accuracy': 0.631578947368421, 'eval_runtime': 0.2585, 'eval_samples_per_second': 294.001, 'eval_steps_per_second': 19.342, 'epoch': 4.0}
{'loss': 1.2918, 'grad_norm': 5.068778991699219, 'learning_rate': 4.961323137853529e-05, 'epoch': 4.09}
{'loss': 1.2388, 'grad_norm': 4.604731559753418, 'learning_rate': 5.5187751758146e-05, 'epoch': 4.55}
{'loss': 1.122, 'grad_norm': 5.748542308807373, 'learning_rate': 6.0762272137756705e-05, 'epoch': 5.0}
{'eval_loss': 1.09429931640625, 'eval_f1_macro': 0.42810457516339867, 'eval_f1_weighted': 0.48455452356381146, 'eval_precision_macro': 0.3823544876176455, 'eval_recall_macro': 0.5295815295815296, 'eval_accuracy': 0.5921052631578947, 'eval_runtime': 0.2365, 'eval_samples_per_second': 321.335, 'eval_steps_per_second': 21.14, 'epoch': 5.0}
{'loss': 1.0694, 'grad_norm': 11.254578590393066, 'learning_rate': 6.296757690331698e-05, 'epoch': 5.45}
{'loss': 0.8747, 'grad_norm': 2.7064690589904785, 'learning_rate': 6.180366605482684e-05, 'epoch': 5.91}
{'eval_loss': 0.9307540059089661, 'eval_f1_macro': 0.502407632625849, 'eval_f1_weighted': 0.5612889898537307, 'eval_precision_macro': 0.4972431077694236, 'eval_recall_macro': 0.5708513708513708, 'eval_accuracy': 0.631578947368421, 'eval_runtime': 0.2463, 'eval_samples_per_second': 308.579, 'eval_steps_per_second': 20.301, 'epoch': 6.0}
{'loss': 0.9078, 'grad_norm': 14.302764892578125, 'learning_rate': 6.0639755206336696e-05, 'epoch': 6.36}
{'loss': 0.854, 'grad_norm': 4.016858100891113, 'learning_rate': 5.947584435784654e-05, 'epoch': 6.82}
{'eval_loss': 0.7465788125991821, 'eval_f1_macro': 0.6429169486033002, 'eval_f1_weighted': 0.6768510640025313, 'eval_precision_macro': 0.8394736842105264, 'eval_recall_macro': 0.6797773654916511, 'eval_accuracy': 0.7236842105263158, 'eval_runtime': 0.2516, 'eval_samples_per_second': 302.081, 'eval_steps_per_second': 19.874, 'epoch': 7.0}
{'loss': 0.6324, 'grad_norm': 2.218301296234131, 'learning_rate': 5.8311933509356395e-05, 'epoch': 7.27}
{'loss': 0.6128, 'grad_norm': 5.503505706787109, 'learning_rate': 5.714802266086625e-05, 'epoch': 7.73}
{'eval_loss': 0.6361742615699768, 'eval_f1_macro': 0.8293688098035925, 'eval_f1_weighted': 0.8395561465355516, 'eval_precision_macro': 0.8648516896637197, 'eval_recall_macro': 0.8228200371057514, 'eval_accuracy': 0.8421052631578947, 'eval_runtime': 0.2339, 'eval_samples_per_second': 324.908, 'eval_steps_per_second': 21.376, 'epoch': 8.0}
{'loss': 0.6484, 'grad_norm': 18.05687713623047, 'learning_rate': 5.59841118123761e-05, 'epoch': 8.18}
{'loss': 0.4995, 'grad_norm': 4.60941743850708, 'learning_rate': 5.4820200963885954e-05, 'epoch': 8.64}
{'eval_loss': 0.48170390725135803, 'eval_f1_macro': 0.8138521466418895, 'eval_f1_weighted': 0.8408269295422502, 'eval_precision_macro': 0.8584415584415586, 'eval_recall_macro': 0.8022057307771593, 'eval_accuracy': 0.8421052631578947, 'eval_runtime': 0.2238, 'eval_samples_per_second': 339.56, 'eval_steps_per_second': 22.34, 'epoch': 9.0}
{'loss': 0.4609, 'grad_norm': 3.1235575675964355, 'learning_rate': 5.365629011539581e-05, 'epoch': 9.09}
{'loss': 0.2935, 'grad_norm': 3.3487532138824463, 'learning_rate': 5.2492379266905653e-05, 'epoch': 9.55}
{'loss': 0.2637, 'grad_norm': 5.5288238525390625, 'learning_rate': 5.132846841841551e-05, 'epoch': 10.0}
{'eval_loss': 0.27389124035835266, 'eval_f1_macro': 0.9450113378684807, 'eval_f1_weighted': 0.9463763575605681, 'eval_precision_macro': 0.9507492507492508, 'eval_recall_macro': 0.9454545454545454, 'eval_accuracy': 0.9473684210526315, 'eval_runtime': 0.2474, 'eval_samples_per_second': 307.181, 'eval_steps_per_second': 20.209, 'epoch': 10.0}
{'loss': 0.2288, 'grad_norm': 0.7775232195854187, 'learning_rate': 5.016455756992536e-05, 'epoch': 10.45}
{'loss': 0.1845, 'grad_norm': 12.733358383178711, 'learning_rate': 4.900064672143522e-05, 'epoch': 10.91}
{'eval_loss': 0.838623046875, 'eval_f1_macro': 0.7831658420944135, 'eval_f1_weighted': 0.7968199381028328, 'eval_precision_macro': 0.8605442176870748, 'eval_recall_macro': 0.7707276850133994, 'eval_accuracy': 0.7894736842105263, 'eval_runtime': 0.2483, 'eval_samples_per_second': 306.104, 'eval_steps_per_second': 20.138, 'epoch': 11.0}
{'loss': 0.1933, 'grad_norm': 19.968318939208984, 'learning_rate': 4.7836735872945065e-05, 'epoch': 11.36}
{'loss': 0.1648, 'grad_norm': 7.999274253845215, 'learning_rate': 4.6672825024454925e-05, 'epoch': 11.82}
{'eval_loss': 0.10701590776443481, 'eval_f1_macro': 0.9714285714285714, 'eval_f1_weighted': 0.9736842105263158, 'eval_precision_macro': 0.9714285714285714, 'eval_recall_macro': 0.9714285714285714, 'eval_accuracy': 0.9736842105263158, 'eval_runtime': 0.2378, 'eval_samples_per_second': 319.574, 'eval_steps_per_second': 21.025, 'epoch': 12.0}
{'loss': 0.0819, 'grad_norm': 0.3370369076728821, 'learning_rate': 4.550891417596477e-05, 'epoch': 12.27}
{'loss': 0.0853, 'grad_norm': 1.2399595975875854, 'learning_rate': 4.4345003327474624e-05, 'epoch': 12.73}
{'eval_loss': 0.10149464011192322, 'eval_f1_macro': 0.9711399711399711, 'eval_f1_weighted': 0.9734183944710261, 'eval_precision_macro': 0.9761904761904763, 'eval_recall_macro': 0.9714285714285714, 'eval_accuracy': 0.9736842105263158, 'eval_runtime': 0.238, 'eval_samples_per_second': 319.274, 'eval_steps_per_second': 21.005, 'epoch': 13.0}
{'loss': 0.0451, 'grad_norm': 0.33308112621307373, 'learning_rate': 4.318109247898448e-05, 'epoch': 13.18}
{'loss': 0.0638, 'grad_norm': 0.2199992686510086, 'learning_rate': 4.201718163049433e-05, 'epoch': 13.64}
{'eval_loss': 0.23868510127067566, 'eval_f1_macro': 0.9426047098681369, 'eval_f1_weighted': 0.9465638346039476, 'eval_precision_macro': 0.9523809523809524, 'eval_recall_macro': 0.942857142857143, 'eval_accuracy': 0.9473684210526315, 'eval_runtime': 0.2457, 'eval_samples_per_second': 309.304, 'eval_steps_per_second': 20.349, 'epoch': 14.0}
{'loss': 0.0499, 'grad_norm': 0.9134218096733093, 'learning_rate': 4.0853270782004183e-05, 'epoch': 14.09}
{'loss': 0.0304, 'grad_norm': 0.21727988123893738, 'learning_rate': 3.9689359933514036e-05, 'epoch': 14.55}
{'loss': 0.0273, 'grad_norm': 0.20040777325630188, 'learning_rate': 3.852544908502388e-05, 'epoch': 15.0}
{'eval_loss': 0.08814731240272522, 'eval_f1_macro': 0.9856784819190834, 'eval_f1_weighted': 0.9868091280833664, 'eval_precision_macro': 0.987012987012987, 'eval_recall_macro': 0.9857142857142858, 'eval_accuracy': 0.9868421052631579, 'eval_runtime': 0.2541, 'eval_samples_per_second': 299.129, 'eval_steps_per_second': 19.68, 'epoch': 15.0}
{'loss': 0.0628, 'grad_norm': 0.13711483776569366, 'learning_rate': 3.736153823653374e-05, 'epoch': 15.45}
{'loss': 0.0213, 'grad_norm': 0.12689124047756195, 'learning_rate': 3.619762738804359e-05, 'epoch': 15.91}
{'eval_loss': 0.0924583226442337, 'eval_f1_macro': 0.9856784819190834, 'eval_f1_weighted': 0.9868091280833664, 'eval_precision_macro': 0.987012987012987, 'eval_recall_macro': 0.9857142857142858, 'eval_accuracy': 0.9868421052631579, 'eval_runtime': 0.2714, 'eval_samples_per_second': 280.04, 'eval_steps_per_second': 18.424, 'epoch': 16.0}
{'loss': 0.0187, 'grad_norm': 0.13843537867069244, 'learning_rate': 3.503371653955345e-05, 'epoch': 16.36}
{'loss': 0.0163, 'grad_norm': 0.09927096217870712, 'learning_rate': 3.3869805691063295e-05, 'epoch': 16.82}
{'eval_loss': 0.16306661069393158, 'eval_f1_macro': 0.9711399711399711, 'eval_f1_weighted': 0.9734183944710261, 'eval_precision_macro': 0.9761904761904762, 'eval_recall_macro': 0.9714285714285714, 'eval_accuracy': 0.9736842105263158, 'eval_runtime': 0.238, 'eval_samples_per_second': 319.284, 'eval_steps_per_second': 21.006, 'epoch': 17.0}
{'loss': 0.016, 'grad_norm': 0.13932503759860992, 'learning_rate': 3.270589484257315e-05, 'epoch': 17.27}
{'loss': 0.0144, 'grad_norm': 0.10563936084508896, 'learning_rate': 3.1541983994083e-05, 'epoch': 17.73}
{'eval_loss': 0.09772546589374542, 'eval_f1_macro': 0.9856784819190834, 'eval_f1_weighted': 0.9868091280833664, 'eval_precision_macro': 0.987012987012987, 'eval_recall_macro': 0.9857142857142858, 'eval_accuracy': 0.9868421052631579, 'eval_runtime': 0.2374, 'eval_samples_per_second': 320.163, 'eval_steps_per_second': 21.063, 'epoch': 18.0}
{'loss': 0.0133, 'grad_norm': 0.08934111893177032, 'learning_rate': 3.0378073145592854e-05, 'epoch': 18.18}
{'loss': 0.0122, 'grad_norm': 0.0879654809832573, 'learning_rate': 2.9214162297102703e-05, 'epoch': 18.64}
{'eval_loss': 0.0915055051445961, 'eval_f1_macro': 0.9856784819190834, 'eval_f1_weighted': 0.9868091280833664, 'eval_precision_macro': 0.987012987012987, 'eval_recall_macro': 0.9857142857142858, 'eval_accuracy': 0.9868421052631579, 'eval_runtime': 0.2212, 'eval_samples_per_second': 343.562, 'eval_steps_per_second': 22.603, 'epoch': 19.0}
{'loss': 0.0117, 'grad_norm': 0.09591484814882278, 'learning_rate': 2.8050251448612556e-05, 'epoch': 19.09}
{'loss': 0.0108, 'grad_norm': 0.07375413924455643, 'learning_rate': 2.688634060012241e-05, 'epoch': 19.55}
{'loss': 0.0463, 'grad_norm': 0.08823449164628983, 'learning_rate': 2.5722429751632262e-05, 'epoch': 20.0}
{'eval_loss': 0.10472860187292099, 'eval_f1_macro': 0.9685051790314948, 'eval_f1_weighted': 0.974028049512814, 'eval_precision_macro': 0.9761904761904762, 'eval_recall_macro': 0.9653061224489796, 'eval_accuracy': 0.9736842105263158, 'eval_runtime': 0.226, 'eval_samples_per_second': 336.228, 'eval_steps_per_second': 22.12, 'epoch': 20.0}
{'train_runtime': 46.9806, 'train_samples_per_second': 224.774, 'train_steps_per_second': 14.048, 'train_loss': 0.6015221037647941, 'epoch': 20.0}
  Finished  : epoch 20/30 | runtime 47s | 224.8 samples/s
  Finished  : epoch 20/30 | runtime 47s | 224.8 samples/s  Finished  : epoch 20/30 | runtime 47s | 224.8 samples/s

  Finished  : epoch 20/30 | runtime 47s | 224.8 samples/s
  Fold 4/5: 352 train / 76 val / 107 test  (of 535)
              precision    recall  f1-score   support

       anger       0.92      0.96      0.94        25
     boredom       1.00      0.88      0.93        16
     disgust       1.00      1.00      1.00         9
        fear       1.00      0.93      0.96        14
   happiness       0.85      0.79      0.81        14
     neutral       0.84      1.00      0.91        16
     sadness       1.00      1.00      1.00        13

    accuracy                           0.93       107
   macro avg       0.94      0.94      0.94       107
weighted avg       0.94      0.93      0.93       107

  Fold 4/5: 352 train / 76 val / 107 test  (of 535)  Fold 4/5: 352 train / 76 val / 107 test  (of 535)

  Model             : Wav2Vec2ForSequenceClassification  (94,570,375 params, 94,570,375 trainable)
  Training  : lr=6.354953232756206e-05  bs=4  epochs=30  patience=5
  Model             : Wav2Vec2ForSequenceClassification  (94,570,375 params, 94,570,375 trainable)
  Training  : lr=6.354953232756206e-05  bs=4  epochs=30  patience=5
  Model             : Wav2Vec2ForSequenceClassification  (94,570,375 params, 94,570,375 trainable)
  Training  : lr=6.354953232756206e-05  bs=4  epochs=30  patience=5
  F1-Macro 0.9381 | Accuracy 0.9346 | Precision 0.9445 | Recall 0.9356
  Fold 4/5: 352 train / 76 val / 107 test  (of 535)

  --- Fold 4/5 ---
  Model             : Wav2Vec2ForSequenceClassification  (94,570,375 params, 94,570,375 trainable)
  Training  : lr=6.354953232756206e-05  bs=4  epochs=30  patience=5
{'loss': 1.9474, 'grad_norm': 1.8231412172317505, 'learning_rate': 5.017068341649636e-06, 'epoch': 0.45}
{'loss': 1.928, 'grad_norm': 1.781554937362671, 'learning_rate': 1.0591588721260343e-05, 'epoch': 0.91}
{'eval_loss': 1.9106316566467285, 'eval_f1_macro': 0.0547112462006079, 'eval_f1_weighted': 0.09070548712206046, 'eval_precision_macro': 0.03383458646616541, 'eval_recall_macro': 0.14285714285714285, 'eval_accuracy': 0.23684210526315788, 'eval_runtime': 0.2724, 'eval_samples_per_second': 279.016, 'eval_steps_per_second': 18.356, 'epoch': 1.0}
{'loss': 1.8951, 'grad_norm': 1.9675735235214233, 'learning_rate': 1.6166109100871052e-05, 'epoch': 1.36}
{'loss': 1.8387, 'grad_norm': 3.9366819858551025, 'learning_rate': 2.174062948048176e-05, 'epoch': 1.82}
{'eval_loss': 1.7441277503967285, 'eval_f1_macro': 0.1661240232418353, 'eval_f1_weighted': 0.21636478556137892, 'eval_precision_macro': 0.13613445378151262, 'eval_recall_macro': 0.2597402597402597, 'eval_accuracy': 0.35526315789473684, 'eval_runtime': 0.2525, 'eval_samples_per_second': 300.997, 'eval_steps_per_second': 19.802, 'epoch': 2.0}
{'loss': 1.7648, 'grad_norm': 4.538271903991699, 'learning_rate': 2.7315149860092463e-05, 'epoch': 2.27}
{'loss': 1.6441, 'grad_norm': 2.813356876373291, 'learning_rate': 3.288967023970318e-05, 'epoch': 2.73}
{'eval_loss': 1.452880859375, 'eval_f1_macro': 0.26, 'eval_f1_weighted': 0.3192105263157895, 'eval_precision_macro': 0.3279761904761905, 'eval_recall_macro': 0.35873015873015873, 'eval_accuracy': 0.4473684210526316, 'eval_runtime': 0.2344, 'eval_samples_per_second': 324.254, 'eval_steps_per_second': 21.333, 'epoch': 3.0}
{'loss': 1.4628, 'grad_norm': 4.173598289489746, 'learning_rate': 3.8464190619313875e-05, 'epoch': 3.18}
{'loss': 1.3575, 'grad_norm': 4.497354984283447, 'learning_rate': 4.4038710998924586e-05, 'epoch': 3.64}
{'eval_loss': 1.197239875793457, 'eval_f1_macro': 0.6066119870467697, 'eval_f1_weighted': 0.6544885241252518, 'eval_precision_macro': 0.6805813234384663, 'eval_recall_macro': 0.6641929499072357, 'eval_accuracy': 0.7105263157894737, 'eval_runtime': 0.2327, 'eval_samples_per_second': 326.598, 'eval_steps_per_second': 21.487, 'epoch': 4.0}
{'loss': 1.2433, 'grad_norm': 11.978842735290527, 'learning_rate': 4.961323137853529e-05, 'epoch': 4.09}
{'loss': 1.0968, 'grad_norm': 10.255274772644043, 'learning_rate': 5.5187751758146e-05, 'epoch': 4.55}
{'loss': 0.9777, 'grad_norm': 13.9996337890625, 'learning_rate': 6.0762272137756705e-05, 'epoch': 5.0}
{'eval_loss': 0.9162565469741821, 'eval_f1_macro': 0.7229147458356383, 'eval_f1_weighted': 0.7360481348124136, 'eval_precision_macro': 0.7919398062255205, 'eval_recall_macro': 0.7319934034219749, 'eval_accuracy': 0.7631578947368421, 'eval_runtime': 0.2632, 'eval_samples_per_second': 288.759, 'eval_steps_per_second': 18.997, 'epoch': 5.0}
{'loss': 0.8824, 'grad_norm': 6.058963298797607, 'learning_rate': 6.296757690331698e-05, 'epoch': 5.45}
{'loss': 0.8539, 'grad_norm': 8.30866527557373, 'learning_rate': 6.180366605482684e-05, 'epoch': 5.91}
{'eval_loss': 1.0020431280136108, 'eval_f1_macro': 0.6183890491199461, 'eval_f1_weighted': 0.6344786571377758, 'eval_precision_macro': 0.7094397759103641, 'eval_recall_macro': 0.6380333951762521, 'eval_accuracy': 0.6578947368421053, 'eval_runtime': 0.2263, 'eval_samples_per_second': 335.776, 'eval_steps_per_second': 22.091, 'epoch': 6.0}
{'loss': 0.7745, 'grad_norm': 4.048296928405762, 'learning_rate': 6.0639755206336696e-05, 'epoch': 6.36}
{'loss': 0.6176, 'grad_norm': 7.807065963745117, 'learning_rate': 5.947584435784654e-05, 'epoch': 6.82}
{'eval_loss': 0.5565522909164429, 'eval_f1_macro': 0.8936441466218595, 'eval_f1_weighted': 0.893352134023826, 'eval_precision_macro': 0.9192640692640692, 'eval_recall_macro': 0.8808905380333952, 'eval_accuracy': 0.8947368421052632, 'eval_runtime': 0.2358, 'eval_samples_per_second': 322.297, 'eval_steps_per_second': 21.204, 'epoch': 7.0}
{'loss': 0.462, 'grad_norm': 5.673418045043945, 'learning_rate': 5.8311933509356395e-05, 'epoch': 7.27}
{'loss': 0.5275, 'grad_norm': 13.41795825958252, 'learning_rate': 5.714802266086625e-05, 'epoch': 7.73}
{'eval_loss': 0.612398624420166, 'eval_f1_macro': 0.798330425287524, 'eval_f1_weighted': 0.8045417708954453, 'eval_precision_macro': 0.8359584859584859, 'eval_recall_macro': 0.8152958152958154, 'eval_accuracy': 0.8289473684210527, 'eval_runtime': 0.246, 'eval_samples_per_second': 308.967, 'eval_steps_per_second': 20.327, 'epoch': 8.0}
{'loss': 0.4065, 'grad_norm': 12.449358940124512, 'learning_rate': 5.59841118123761e-05, 'epoch': 8.18}
{'loss': 0.3241, 'grad_norm': 3.368177890777588, 'learning_rate': 5.4820200963885954e-05, 'epoch': 8.64}
{'eval_loss': 0.43460965156555176, 'eval_f1_macro': 0.877367826681328, 'eval_f1_weighted': 0.8791696320059562, 'eval_precision_macro': 0.9000000000000001, 'eval_recall_macro': 0.8753246753246754, 'eval_accuracy': 0.881578947368421, 'eval_runtime': 0.2307, 'eval_samples_per_second': 329.391, 'eval_steps_per_second': 21.67, 'epoch': 9.0}
{'loss': 0.306, 'grad_norm': 1.0751347541809082, 'learning_rate': 5.365629011539581e-05, 'epoch': 9.09}
{'loss': 0.2976, 'grad_norm': 0.7468076348304749, 'learning_rate': 5.2492379266905653e-05, 'epoch': 9.55}
{'loss': 0.1395, 'grad_norm': 0.624083399772644, 'learning_rate': 5.132846841841551e-05, 'epoch': 10.0}
{'eval_loss': 0.7287834286689758, 'eval_f1_macro': 0.8094367336795658, 'eval_f1_weighted': 0.8150733420782871, 'eval_precision_macro': 0.8480055658627087, 'eval_recall_macro': 0.8016697588126159, 'eval_accuracy': 0.8157894736842105, 'eval_runtime': 0.2366, 'eval_samples_per_second': 321.251, 'eval_steps_per_second': 21.135, 'epoch': 10.0}
{'loss': 0.1482, 'grad_norm': 0.5338363647460938, 'learning_rate': 5.016455756992536e-05, 'epoch': 10.45}
{'loss': 0.1496, 'grad_norm': 28.21930694580078, 'learning_rate': 4.900064672143522e-05, 'epoch': 10.91}
{'eval_loss': 0.3487125337123871, 'eval_f1_macro': 0.9162622528755253, 'eval_f1_weighted': 0.9186011440618209, 'eval_precision_macro': 0.9286796536796537, 'eval_recall_macro': 0.9094619666048238, 'eval_accuracy': 0.9210526315789473, 'eval_runtime': 0.2715, 'eval_samples_per_second': 279.957, 'eval_steps_per_second': 18.418, 'epoch': 11.0}
{'loss': 0.1205, 'grad_norm': 0.48845699429512024, 'learning_rate': 4.7836735872945065e-05, 'epoch': 11.36}
{'loss': 0.0884, 'grad_norm': 31.303524017333984, 'learning_rate': 4.6672825024454925e-05, 'epoch': 11.82}
{'eval_loss': 0.4129450023174286, 'eval_f1_macro': 0.8931515689279665, 'eval_f1_weighted': 0.9070566733038129, 'eval_precision_macro': 0.9166666666666666, 'eval_recall_macro': 0.8892805607091321, 'eval_accuracy': 0.9078947368421053, 'eval_runtime': 0.2242, 'eval_samples_per_second': 338.983, 'eval_steps_per_second': 22.302, 'epoch': 12.0}
{'loss': 0.0632, 'grad_norm': 7.072474002838135, 'learning_rate': 4.550891417596477e-05, 'epoch': 12.27}
{'loss': 0.1315, 'grad_norm': 0.19618196785449982, 'learning_rate': 4.4345003327474624e-05, 'epoch': 12.73}
{'eval_loss': 0.6834267973899841, 'eval_f1_macro': 0.8511632616895775, 'eval_f1_weighted': 0.8287575664306965, 'eval_precision_macro': 0.8662528647822766, 'eval_recall_macro': 0.874025974025974, 'eval_accuracy': 0.8289473684210527, 'eval_runtime': 0.2428, 'eval_samples_per_second': 312.974, 'eval_steps_per_second': 20.59, 'epoch': 13.0}
{'loss': 0.1512, 'grad_norm': 10.448433876037598, 'learning_rate': 4.318109247898448e-05, 'epoch': 13.18}
{'loss': 0.2103, 'grad_norm': 60.662940979003906, 'learning_rate': 4.201718163049433e-05, 'epoch': 13.64}
{'eval_loss': 0.5447648763656616, 'eval_f1_macro': 0.8614249785302418, 'eval_f1_weighted': 0.8681169649833084, 'eval_precision_macro': 0.8810300810300811, 'eval_recall_macro': 0.8504432075860648, 'eval_accuracy': 0.868421052631579, 'eval_runtime': 0.247, 'eval_samples_per_second': 307.723, 'eval_steps_per_second': 20.245, 'epoch': 14.0}
{'loss': 0.06, 'grad_norm': 0.1706448346376419, 'learning_rate': 4.0853270782004183e-05, 'epoch': 14.09}
{'loss': 0.0548, 'grad_norm': 0.22758358716964722, 'learning_rate': 3.9689359933514036e-05, 'epoch': 14.55}
{'loss': 0.0203, 'grad_norm': 0.14557477831840515, 'learning_rate': 3.852544908502388e-05, 'epoch': 15.0}
{'eval_loss': 0.17222484946250916, 'eval_f1_macro': 0.9441200403606419, 'eval_f1_weighted': 0.9474013982324231, 'eval_precision_macro': 0.9441558441558442, 'eval_recall_macro': 0.9454545454545454, 'eval_accuracy': 0.9473684210526315, 'eval_runtime': 0.2212, 'eval_samples_per_second': 343.569, 'eval_steps_per_second': 22.603, 'epoch': 15.0}
{'loss': 0.0184, 'grad_norm': 0.12255483865737915, 'learning_rate': 3.736153823653374e-05, 'epoch': 15.45}
{'loss': 0.0167, 'grad_norm': 0.10025104880332947, 'learning_rate': 3.619762738804359e-05, 'epoch': 15.91}
{'eval_loss': 0.3454286754131317, 'eval_f1_macro': 0.9173289173289173, 'eval_f1_weighted': 0.9216547242863031, 'eval_precision_macro': 0.9307928913192071, 'eval_recall_macro': 0.9107606679035252, 'eval_accuracy': 0.9210526315789473, 'eval_runtime': 0.2418, 'eval_samples_per_second': 314.269, 'eval_steps_per_second': 20.676, 'epoch': 16.0}
{'loss': 0.0155, 'grad_norm': 0.11407338082790375, 'learning_rate': 3.503371653955345e-05, 'epoch': 16.36}
{'loss': 0.0136, 'grad_norm': 0.08955955505371094, 'learning_rate': 3.3869805691063295e-05, 'epoch': 16.82}
{'eval_loss': 0.39932310581207275, 'eval_f1_macro': 0.905631544729289, 'eval_f1_weighted': 0.9081856124792413, 'eval_precision_macro': 0.9207792207792208, 'eval_recall_macro': 0.8964749536178108, 'eval_accuracy': 0.9078947368421053, 'eval_runtime': 0.2745, 'eval_samples_per_second': 276.844, 'eval_steps_per_second': 18.213, 'epoch': 17.0}
{'loss': 0.0134, 'grad_norm': 0.0906912311911583, 'learning_rate': 3.270589484257315e-05, 'epoch': 17.27}
{'loss': 0.0123, 'grad_norm': 0.08542370796203613, 'learning_rate': 3.1541983994083e-05, 'epoch': 17.73}
{'eval_loss': 0.40908870100975037, 'eval_f1_macro': 0.905631544729289, 'eval_f1_weighted': 0.9081856124792413, 'eval_precision_macro': 0.9207792207792208, 'eval_recall_macro': 0.8964749536178108, 'eval_accuracy': 0.9078947368421053, 'eval_runtime': 0.272, 'eval_samples_per_second': 279.4, 'eval_steps_per_second': 18.382, 'epoch': 18.0}
{'loss': 0.0112, 'grad_norm': 0.08222241699695587, 'learning_rate': 3.0378073145592854e-05, 'epoch': 18.18}
{'loss': 0.0107, 'grad_norm': 0.08047722280025482, 'learning_rate': 2.9214162297102703e-05, 'epoch': 18.64}
{'eval_loss': 0.4207209050655365, 'eval_f1_macro': 0.905631544729289, 'eval_f1_weighted': 0.9081856124792413, 'eval_precision_macro': 0.9207792207792208, 'eval_recall_macro': 0.8964749536178108, 'eval_accuracy': 0.9078947368421053, 'eval_runtime': 0.2196, 'eval_samples_per_second': 346.151, 'eval_steps_per_second': 22.773, 'epoch': 19.0}
{'loss': 0.0101, 'grad_norm': 0.07983042299747467, 'learning_rate': 2.8050251448612556e-05, 'epoch': 19.09}
{'loss': 0.0094, 'grad_norm': 0.06352242082357407, 'learning_rate': 2.688634060012241e-05, 'epoch': 19.55}
{'loss': 0.009, 'grad_norm': 0.07410000264644623, 'learning_rate': 2.5722429751632262e-05, 'epoch': 20.0}
{'eval_loss': 0.42260119318962097, 'eval_f1_macro': 0.905631544729289, 'eval_f1_weighted': 0.9081856124792413, 'eval_precision_macro': 0.9207792207792208, 'eval_recall_macro': 0.8964749536178108, 'eval_accuracy': 0.9078947368421053, 'eval_runtime': 0.228, 'eval_samples_per_second': 333.279, 'eval_steps_per_second': 21.926, 'epoch': 20.0}
{'train_runtime': 46.8274, 'train_samples_per_second': 225.509, 'train_steps_per_second': 14.094, 'train_loss': 0.5474141001701355, 'epoch': 20.0}
  Finished  : epoch 20/30 | runtime 47s | 225.5 samples/s  Finished  : epoch 20/30 | runtime 47s | 225.5 samples/s  Finished  : epoch 20/30 | runtime 47s | 225.5 samples/s


  Finished  : epoch 20/30 | runtime 47s | 225.5 samples/s
              precision    recall  f1-score   support

       anger       1.00      0.96      0.98        25
     boredom       0.89      0.94      0.91        17
     disgust       1.00      1.00      1.00         9
        fear       0.93      1.00      0.96        13
   happiness       0.93      0.93      0.93        14
     neutral       0.93      0.88      0.90        16
     sadness       1.00      1.00      1.00        13

    accuracy                           0.95       107
   macro avg       0.95      0.96      0.96       107
weighted avg       0.95      0.95      0.95       107

  Fold 5/5: 352 train / 76 val / 107 test  (of 535)
  Fold 5/5: 352 train / 76 val / 107 test  (of 535)
  Fold 5/5: 352 train / 76 val / 107 test  (of 535)
  Model             : Wav2Vec2ForSequenceClassification  (94,570,375 params, 94,570,375 trainable)
  Training  : lr=6.354953232756206e-05  bs=4  epochs=30  patience=5
  Model             : Wav2Vec2ForSequenceClassification  (94,570,375 params, 94,570,375 trainable)
  Training  : lr=6.354953232756206e-05  bs=4  epochs=30  patience=5
  Model             : Wav2Vec2ForSequenceClassification  (94,570,375 params, 94,570,375 trainable)
  Training  : lr=6.354953232756206e-05  bs=4  epochs=30  patience=5
  F1-Macro 0.9555 | Accuracy 0.9533 | Precision 0.9542 | Recall 0.9578
  Fold 5/5: 352 train / 76 val / 107 test  (of 535)

  --- Fold 5/5 ---
  Model             : Wav2Vec2ForSequenceClassification  (94,570,375 params, 94,570,375 trainable)
  Training  : lr=6.354953232756206e-05  bs=4  epochs=30  patience=5
{'loss': 1.9473, 'grad_norm': 1.5991767644882202, 'learning_rate': 5.017068341649636e-06, 'epoch': 0.45}
{'loss': 1.9305, 'grad_norm': 1.4342149496078491, 'learning_rate': 1.0591588721260343e-05, 'epoch': 0.91}
{'eval_loss': 1.9055947065353394, 'eval_f1_macro': 0.0547112462006079, 'eval_f1_weighted': 0.09070548712206046, 'eval_precision_macro': 0.03383458646616541, 'eval_recall_macro': 0.14285714285714285, 'eval_accuracy': 0.23684210526315788, 'eval_runtime': 0.2464, 'eval_samples_per_second': 308.464, 'eval_steps_per_second': 20.294, 'epoch': 1.0}
{'loss': 1.8931, 'grad_norm': 1.8907127380371094, 'learning_rate': 1.6166109100871052e-05, 'epoch': 1.36}
{'loss': 1.8319, 'grad_norm': 3.264010429382324, 'learning_rate': 2.174062948048176e-05, 'epoch': 1.82}
{'eval_loss': 1.7251747846603394, 'eval_f1_macro': 0.1560390097524381, 'eval_f1_weighted': 0.21157262999960516, 'eval_precision_macro': 0.10754870129870131, 'eval_recall_macro': 0.2857142857142857, 'eval_accuracy': 0.3815789473684211, 'eval_runtime': 0.254, 'eval_samples_per_second': 299.26, 'eval_steps_per_second': 19.688, 'epoch': 2.0}
{'loss': 1.7385, 'grad_norm': 2.2453341484069824, 'learning_rate': 2.7315149860092463e-05, 'epoch': 2.27}
{'loss': 1.618, 'grad_norm': 2.738097667694092, 'learning_rate': 3.288967023970318e-05, 'epoch': 2.73}
{'eval_loss': 1.4153859615325928, 'eval_f1_macro': 0.3373244034455887, 'eval_f1_weighted': 0.38531021827013356, 'eval_precision_macro': 0.36670856025694737, 'eval_recall_macro': 0.41904761904761906, 'eval_accuracy': 0.5, 'eval_runtime': 0.2592, 'eval_samples_per_second': 293.226, 'eval_steps_per_second': 19.291, 'epoch': 3.0}
{'loss': 1.4257, 'grad_norm': 3.5879592895507812, 'learning_rate': 3.8464190619313875e-05, 'epoch': 3.18}
{'loss': 1.3265, 'grad_norm': 3.8490800857543945, 'learning_rate': 4.4038710998924586e-05, 'epoch': 3.64}
{'eval_loss': 1.105443000793457, 'eval_f1_macro': 0.6940516626230911, 'eval_f1_weighted': 0.7298055891476943, 'eval_precision_macro': 0.7293587365015936, 'eval_recall_macro': 0.6992063492063493, 'eval_accuracy': 0.75, 'eval_runtime': 0.858, 'eval_samples_per_second': 88.58, 'eval_steps_per_second': 5.828, 'epoch': 4.0}
{'loss': 1.1296, 'grad_norm': 3.62790846824646, 'learning_rate': 4.961323137853529e-05, 'epoch': 4.09}
{'loss': 0.9945, 'grad_norm': 12.286395072937012, 'learning_rate': 5.5187751758146e-05, 'epoch': 4.55}
{'loss': 0.8532, 'grad_norm': 4.382022857666016, 'learning_rate': 6.0762272137756705e-05, 'epoch': 5.0}
{'eval_loss': 0.8596480488777161, 'eval_f1_macro': 0.7541166466586635, 'eval_f1_weighted': 0.7568056169836356, 'eval_precision_macro': 0.8308286951144094, 'eval_recall_macro': 0.7588023088023087, 'eval_accuracy': 0.7763157894736842, 'eval_runtime': 0.2722, 'eval_samples_per_second': 279.226, 'eval_steps_per_second': 18.37, 'epoch': 5.0}
{'loss': 0.7817, 'grad_norm': 2.0015029907226562, 'learning_rate': 6.296757690331698e-05, 'epoch': 5.45}
{'loss': 0.6834, 'grad_norm': 8.11420726776123, 'learning_rate': 6.180366605482684e-05, 'epoch': 5.91}
{'eval_loss': 0.7919231057167053, 'eval_f1_macro': 0.8653337403337404, 'eval_f1_weighted': 0.8628476908082171, 'eval_precision_macro': 0.8770124716553288, 'eval_recall_macro': 0.8746031746031747, 'eval_accuracy': 0.868421052631579, 'eval_runtime': 0.2446, 'eval_samples_per_second': 310.752, 'eval_steps_per_second': 20.444, 'epoch': 6.0}
{'loss': 0.671, 'grad_norm': 16.969175338745117, 'learning_rate': 6.0639755206336696e-05, 'epoch': 6.36}
{'loss': 0.4804, 'grad_norm': 9.45103645324707, 'learning_rate': 5.947584435784654e-05, 'epoch': 6.82}
{'eval_loss': 0.7186857461929321, 'eval_f1_macro': 0.803351344072447, 'eval_f1_weighted': 0.813361921948739, 'eval_precision_macro': 0.8526437330785157, 'eval_recall_macro': 0.780952380952381, 'eval_accuracy': 0.8157894736842105, 'eval_runtime': 0.2191, 'eval_samples_per_second': 346.864, 'eval_steps_per_second': 22.82, 'epoch': 7.0}
{'loss': 0.5205, 'grad_norm': 6.9374260902404785, 'learning_rate': 5.8311933509356395e-05, 'epoch': 7.27}
{'loss': 0.3545, 'grad_norm': 2.193089246749878, 'learning_rate': 5.714802266086625e-05, 'epoch': 7.73}
{'eval_loss': 0.4432501494884491, 'eval_f1_macro': 0.9042879805353993, 'eval_f1_weighted': 0.9019116403596521, 'eval_precision_macro': 0.9247264123040521, 'eval_recall_macro': 0.9023809523809524, 'eval_accuracy': 0.9078947368421053, 'eval_runtime': 0.2235, 'eval_samples_per_second': 340.015, 'eval_steps_per_second': 22.369, 'epoch': 8.0}
{'loss': 0.2966, 'grad_norm': 1.3778374195098877, 'learning_rate': 5.59841118123761e-05, 'epoch': 8.18}
{'loss': 0.2322, 'grad_norm': 20.159255981445312, 'learning_rate': 5.4820200963885954e-05, 'epoch': 8.64}
{'eval_loss': 0.6438896059989929, 'eval_f1_macro': 0.8484099381379346, 'eval_f1_weighted': 0.8490047240250922, 'eval_precision_macro': 0.8804029304029303, 'eval_recall_macro': 0.8388888888888888, 'eval_accuracy': 0.8552631578947368, 'eval_runtime': 0.2423, 'eval_samples_per_second': 313.68, 'eval_steps_per_second': 20.637, 'epoch': 9.0}
{'loss': 0.201, 'grad_norm': 0.9982591867446899, 'learning_rate': 5.365629011539581e-05, 'epoch': 9.09}
{'loss': 0.1738, 'grad_norm': 7.742762088775635, 'learning_rate': 5.2492379266905653e-05, 'epoch': 9.55}
{'loss': 0.1853, 'grad_norm': 54.414520263671875, 'learning_rate': 5.132846841841551e-05, 'epoch': 10.0}
{'eval_loss': 0.5288169980049133, 'eval_f1_macro': 0.8496603877718429, 'eval_f1_weighted': 0.8481460428478516, 'eval_precision_macro': 0.8759157509157509, 'eval_recall_macro': 0.8476190476190476, 'eval_accuracy': 0.8552631578947368, 'eval_runtime': 0.2256, 'eval_samples_per_second': 336.868, 'eval_steps_per_second': 22.162, 'epoch': 10.0}
{'loss': 0.2396, 'grad_norm': 7.547515392303467, 'learning_rate': 5.016455756992536e-05, 'epoch': 10.45}
{'loss': 0.1979, 'grad_norm': 0.43152838945388794, 'learning_rate': 4.900064672143522e-05, 'epoch': 10.91}
{'eval_loss': 0.6033706665039062, 'eval_f1_macro': 0.8215353133123168, 'eval_f1_weighted': 0.8270608431648225, 'eval_precision_macro': 0.8892737697085523, 'eval_recall_macro': 0.8441558441558442, 'eval_accuracy': 0.8552631578947368, 'eval_runtime': 0.231, 'eval_samples_per_second': 328.953, 'eval_steps_per_second': 21.642, 'epoch': 11.0}
{'loss': 0.3491, 'grad_norm': 0.6421727538108826, 'learning_rate': 4.7836735872945065e-05, 'epoch': 11.36}
{'loss': 0.1777, 'grad_norm': 13.921314239501953, 'learning_rate': 4.6672825024454925e-05, 'epoch': 11.82}
{'eval_loss': 0.6967436075210571, 'eval_f1_macro': 0.8420102924890888, 'eval_f1_weighted': 0.836031511747906, 'eval_precision_macro': 0.8707142857142857, 'eval_recall_macro': 0.8311688311688312, 'eval_accuracy': 0.8421052631578947, 'eval_runtime': 0.2356, 'eval_samples_per_second': 322.548, 'eval_steps_per_second': 21.22, 'epoch': 12.0}
{'loss': 0.0794, 'grad_norm': 5.405271530151367, 'learning_rate': 4.550891417596477e-05, 'epoch': 12.27}
{'loss': 0.2786, 'grad_norm': 0.2559817433357239, 'learning_rate': 4.4345003327474624e-05, 'epoch': 12.73}
{'eval_loss': 0.8731541037559509, 'eval_f1_macro': 0.789780409771564, 'eval_f1_weighted': 0.8015628537992885, 'eval_precision_macro': 0.8277777777777777, 'eval_recall_macro': 0.7914862914862913, 'eval_accuracy': 0.8026315789473685, 'eval_runtime': 0.2268, 'eval_samples_per_second': 335.12, 'eval_steps_per_second': 22.047, 'epoch': 13.0}
{'train_runtime': 33.3606, 'train_samples_per_second': 316.541, 'train_steps_per_second': 19.784, 'train_loss': 0.7907287624332454, 'epoch': 13.0}
  Finished  : epoch 13/30 | runtime 33s | 316.5 samples/s  Finished  : epoch 13/30 | runtime 33s | 316.5 samples/s

  Finished  : epoch 13/30 | runtime 33s | 316.5 samples/s
  Finished  : epoch 13/30 | runtime 33s | 316.5 samples/s

  Loading: amu-cai/CAMEO
  Loading: amu-cai/CAMEO
  Loading: amu-cai/CAMEO


              precision    recall  f1-score   support

       anger       0.86      0.96      0.91        25
     boredom       1.00      1.00      1.00        16
     disgust       1.00      1.00      1.00        10
        fear       1.00      0.64      0.78        14
   happiness       0.62      0.71      0.67        14
     neutral       1.00      1.00      1.00        16
     sadness       1.00      1.00      1.00        12

    accuracy                           0.91       107
   macro avg       0.93      0.90      0.91       107
weighted avg       0.92      0.91      0.91       107

  F1-Macro 0.9078 | Accuracy 0.9065 | Precision 0.9260 | Recall 0.9024

  5-fold CV summary (mean ± 95% CI):
    f1_macro         = 0.9378 ± 0.0226  (95% CI [0.9153, 0.9604])
    f1_weighted      = 0.9383 ± 0.0246  (95% CI [0.9138, 0.9629])
    precision_macro  = 0.9465 ± 0.0152  (95% CI [0.9313, 0.9618])
    recall_macro     = 0.9343 ± 0.0252  (95% CI [0.9091, 0.9595])
    accuracy         = 0.9383 ± 0.0241  (95% CI [0.9143, 0.9624])

======================================================================
[3/21]  wav2vec2-base_cameo
  Model  : facebook/wav2vec2-base
  Dataset: amu-cai/CAMEO
  Output : /home/tu/tu_tu/tu_zxord71/asp-project/outputs/wav2vec2-base_cameo

  Loading: amu-cai/CAMEO
  Multiple splits found (['crema_d', 'cafe', 'emns', 'emozionalmente', 'enterface', 'jl_corpus', 'mesd', 'nemo', 'oreau', 'pavoque', 'ravdess', 'resd', 'subesco']) — concatenating into one.
  Multiple splits found (['crema_d', 'cafe', 'emns', 'emozionalmente', 'enterface', 'jl_corpus', 'mesd', 'nemo', 'oreau', 'pavoque', 'ravdess', 'resd', 'subesco']) — concatenating into one.  Multiple splits found (['crema_d', 'cafe', 'emns', 'emozionalmente', 'enterface', 'jl_corpus', 'mesd', 'nemo', 'oreau', 'pavoque', 'ravdess', 'resd', 'subesco']) — concatenating into one.

  Multiple splits found (['crema_d', 'cafe', 'emns', 'emozionalmente', 'enterface', 'jl_corpus', 'mesd', 'nemo', 'oreau', 'pavoque', 'ravdess', 'resd', 'subesco']) — concatenating into one.
  Label col : emotion
  Samples   : 41,265  |  Classes: 17
    anger: 5961
    anxiety: 240
    apology: 240
    assertiveness: 240
    calm: 192
    concern: 240
    disgust: 4368
    encouragement: 240
    enthusiasm: 198
    excitement: 395
    fear: 4977
    happiness: 5965
    neutral: 7970
    poker: 575
    sadness: 5896
    sarcasm: 142
    surprise: 3426
  Label col : emotion
  Samples   : 41,265  |  Classes: 17
    anger: 5961  Label col : emotion

    anxiety: 240
    apology: 240  Samples   : 41,265  |  Classes: 17

    assertiveness: 240
    anger: 5961    calm: 192

    anxiety: 240    concern: 240

    apology: 240    disgust: 4368

    assertiveness: 240    encouragement: 240

    calm: 192    enthusiasm: 198

    concern: 240    excitement: 395

    disgust: 4368    fear: 4977

    encouragement: 240    happiness: 5965

    enthusiasm: 198    neutral: 7970

    excitement: 395    poker: 575

    fear: 4977    sadness: 5896

    happiness: 5965    sarcasm: 142

    neutral: 7970    surprise: 3426

    poker: 575
    sadness: 5896
    sarcasm: 142
    surprise: 3426
  Label col : emotion
  Samples   : 41,265  |  Classes: 17
    anger: 5961
    anxiety: 240
    apology: 240
    assertiveness: 240
    calm: 192
    concern: 240
    disgust: 4368
    encouragement: 240
    enthusiasm: 198
    excitement: 395
    fear: 4977
    happiness: 5965
    neutral: 7970
    poker: 575
    sadness: 5896
    sarcasm: 142
    surprise: 3426
  Filtered to core emotions: 41,265 -> 38,563 samples (2,702 dropped)
  Filtered to core emotions: 41,265 -> 38,563 samples (2,702 dropped)  Filtered to core emotions: 41,265 -> 38,563 samples (2,702 dropped)

  Filtered to core emotions: 41,265 -> 38,563 samples (2,702 dropped)
  Classes   : ['anger', 'disgust', 'fear', 'happiness', 'neutral', 'sadness', 'surprise']
  Classes   : ['anger', 'disgust', 'fear', 'happiness', 'neutral', 'sadness', 'surprise']
  Classes   : ['anger', 'disgust', 'fear', 'happiness', 'neutral', 'sadness', 'surprise']
  Classes   : ['anger', 'disgust', 'fear', 'happiness', 'neutral', 'sadness', 'surprise']
  Feature extractor : Wav2Vec2FeatureExtractor  (sr=16000)
  Feature extractor : Wav2Vec2FeatureExtractor  (sr=16000)
  Feature extractor : Wav2Vec2FeatureExtractor  (sr=16000)
  Feature extractor : Wav2Vec2FeatureExtractor  (sr=16000)

============================================
Job finished
============================================
Stage 1 exit : 0
Stage 2 exit : 1
End time     : Tue Aug  4 11:09:22 AM CEST 2026

Failure: Stage 2 exited with code 1
Check logs: logs/emotion_pipeline_6134335.err

============================= JOB FEEDBACK =============================

NodeName=uc2n913
Job ID: 6134335
Cluster: uc3
User/Group: tu_zxord71/tu_tu
State: OUT_OF_MEMORY (exit code 0)
Nodes: 1
Cores per node: 32
CPU Utilized: 05:50:57
CPU Efficiency: 3.89% of 6-06:20:16 core-walltime
Job Wall-clock time: 04:41:53
Memory Utilized: 491.67 GB
Memory Efficiency: 98.72% of 498.05 GB (498.05 GB/node)
