============================================
Emotion Recognition Pipeline
============================================
Job ID    : 5403657
Node      : uc2n904
Start time: Mon Jun 29 10:48:13 PM CEST 2026

Loading modules...
CUDA Home : /opt/bwhpc/common/devel/cuda/12.8
Python    : /opt/bwhpc/common/devel/python/3.13.3_llvm_19.1/bin/python

Setting up project environment...
Python isolation enforced:
  PYTHONNOUSERSITE=1
  VIRTUAL_ENV=/home/tu/tu_tu/tu_zxord71/asp-project/.venv
  Python used: /home/tu/tu_tu/tu_zxord71/asp-project/.venv/bin/python

GPU info:
0, NVIDIA A100 80GB PCIe, 81920 MiB, 81126 MiB
1, NVIDIA A100 80GB PCIe, 81920 MiB, 81126 MiB
2, NVIDIA A100 80GB PCIe, 81920 MiB, 81126 MiB
3, NVIDIA A100 80GB PCIe, 81920 MiB, 81126 MiB

============================================
Stage 1: Optuna HPO (1 GPU, 20 trials each)
============================================

======================================================================
Emotion Recognition Pipeline  [Stage 1 — HPO only]
======================================================================
Device    : cuda  (1 GPU(s))
Models    : ['wav2vec2-base', 'hubert-xlarge', 'emotion2vec-base', 'wavlm-large', 'distilhubert']
Datasets  : ['ravdess', 'emodb']
HPO trials: 20  |  Seed: 42
Output    : /home/tu/tu_tu/tu_zxord71/asp-project/outputs
======================================================================

======================================================================
[1/10]  wav2vec2-base_ravdess
  Model  : facebook/wav2vec2-base
  Dataset: xbgoose/ravdess
  Output : /home/tu/tu_tu/tu_zxord71/asp-project/outputs/wav2vec2-base_ravdess

  Loading: xbgoose/ravdess
  Label col : emotion
  Samples   : 1,440  |  Classes: 8
    angry: 192
    calm: 192
    disgust: 192
    fearful: 192
    happy: 192
    neutral: 96
    sad: 192
    surprised: 192
  Classes   : ['angry', 'calm', 'disgust', 'fearful', 'happy', 'neutral', 'sad', 'surprised']
  Split     : 1,008 train / 216 val / 216 test  (of 1,440)
  Feature extractor : Wav2Vec2FeatureExtractor  (sr=16000)
  Featurising splits ...
  Model             : Wav2Vec2ForSequenceClassification  (94,570,632 params, 94,570,632 trainable)
  HPO: 20 trials × 3 epochs ...
  Model             : Wav2Vec2ForSequenceClassification  (94,570,632 params, 94,570,632 trainable)
{'eval_loss': 2.0675501823425293, 'eval_f1_macro': 0.02959183673469388, 'eval_f1_weighted': 0.031783824640967503, 'eval_precision_macro': 0.01678240740740741, 'eval_recall_macro': 0.125, 'eval_accuracy': 0.13425925925925927, 'eval_runtime': 0.7014, 'eval_samples_per_second': 307.967, 'eval_steps_per_second': 38.496, 'epoch': 1.0}
{'loss': 2.082, 'grad_norm': 1.489404559135437, 'learning_rate': 8.144640727832019e-05, 'epoch': 1.98}
{'eval_loss': 2.0688974857330322, 'eval_f1_macro': 0.028688524590163935, 'eval_f1_weighted': 0.029751062537947785, 'eval_precision_macro': 0.016203703703703703, 'eval_recall_macro': 0.125, 'eval_accuracy': 0.12962962962962962, 'eval_runtime': 0.5492, 'eval_samples_per_second': 393.319, 'eval_steps_per_second': 49.165, 'epoch': 2.0}
{'eval_loss': 2.0634765625, 'eval_f1_macro': 0.028688524590163935, 'eval_f1_weighted': 0.029751062537947785, 'eval_precision_macro': 0.016203703703703703, 'eval_recall_macro': 0.125, 'eval_accuracy': 0.12962962962962962, 'eval_runtime': 0.5564, 'eval_samples_per_second': 388.231, 'eval_steps_per_second': 48.529, 'epoch': 3.0}
{'train_runtime': 58.6643, 'train_samples_per_second': 51.548, 'train_steps_per_second': 12.887, 'train_loss': 2.076995365203373, 'epoch': 3.0}
  Model             : Wav2Vec2ForSequenceClassification  (94,570,632 params, 94,570,632 trainable)
{'eval_loss': 2.067626953125, 'eval_f1_macro': 0.02959183673469388, 'eval_f1_weighted': 0.031783824640967503, 'eval_precision_macro': 0.01678240740740741, 'eval_recall_macro': 0.125, 'eval_accuracy': 0.13425925925925927, 'eval_runtime': 0.5751, 'eval_samples_per_second': 375.594, 'eval_steps_per_second': 46.949, 'epoch': 1.0}
{'eval_loss': 2.0680339336395264, 'eval_f1_macro': 0.028688524590163935, 'eval_f1_weighted': 0.029751062537947785, 'eval_precision_macro': 0.016203703703703703, 'eval_recall_macro': 0.125, 'eval_accuracy': 0.12962962962962962, 'eval_runtime': 0.5542, 'eval_samples_per_second': 389.76, 'eval_steps_per_second': 48.72, 'epoch': 2.0}
{'eval_loss': 2.0635263919830322, 'eval_f1_macro': 0.028688524590163935, 'eval_f1_weighted': 0.029751062537947785, 'eval_precision_macro': 0.016203703703703703, 'eval_recall_macro': 0.125, 'eval_accuracy': 0.12962962962962962, 'eval_runtime': 0.5608, 'eval_samples_per_second': 385.14, 'eval_steps_per_second': 48.143, 'epoch': 3.0}
{'train_runtime': 16.8696, 'train_samples_per_second': 179.258, 'train_steps_per_second': 11.204, 'train_loss': 2.073567385395999, 'epoch': 3.0}
  Model             : Wav2Vec2ForSequenceClassification  (94,570,632 params, 94,570,632 trainable)
{'eval_loss': 2.0648012161254883, 'eval_f1_macro': 0.028688524590163935, 'eval_f1_weighted': 0.029751062537947785, 'eval_precision_macro': 0.016203703703703703, 'eval_recall_macro': 0.125, 'eval_accuracy': 0.12962962962962962, 'eval_runtime': 0.5726, 'eval_samples_per_second': 377.213, 'eval_steps_per_second': 47.152, 'epoch': 1.0}
{'eval_loss': 2.066523790359497, 'eval_f1_macro': 0.028688524590163935, 'eval_f1_weighted': 0.029751062537947785, 'eval_precision_macro': 0.016203703703703703, 'eval_recall_macro': 0.125, 'eval_accuracy': 0.12962962962962962, 'eval_runtime': 0.5699, 'eval_samples_per_second': 379.033, 'eval_steps_per_second': 47.379, 'epoch': 2.0}
{'eval_loss': 2.0637433528900146, 'eval_f1_macro': 0.028688524590163935, 'eval_f1_weighted': 0.029751062537947785, 'eval_precision_macro': 0.016203703703703703, 'eval_recall_macro': 0.125, 'eval_accuracy': 0.12962962962962962, 'eval_runtime': 0.5886, 'eval_samples_per_second': 366.973, 'eval_steps_per_second': 45.872, 'epoch': 3.0}
{'train_runtime': 16.697, 'train_samples_per_second': 181.111, 'train_steps_per_second': 11.319, 'train_loss': 2.0728146184689153, 'epoch': 3.0}
  Model             : Wav2Vec2ForSequenceClassification  (94,570,632 params, 94,570,632 trainable)
{'eval_loss': 1.7366151809692383, 'eval_f1_macro': 0.2483258841057006, 'eval_f1_weighted': 0.26344404076310296, 'eval_precision_macro': 0.25538127413127415, 'eval_recall_macro': 0.35267857142857145, 'eval_accuracy': 0.375, 'eval_runtime': 0.5607, 'eval_samples_per_second': 385.225, 'eval_steps_per_second': 48.153, 'epoch': 1.0}
{'eval_loss': 1.3043235540390015, 'eval_f1_macro': 0.4478857282623378, 'eval_f1_weighted': 0.47103581033366804, 'eval_precision_macro': 0.47187387265512265, 'eval_recall_macro': 0.5174158456486042, 'eval_accuracy': 0.5462962962962963, 'eval_runtime': 0.5597, 'eval_samples_per_second': 385.945, 'eval_steps_per_second': 48.243, 'epoch': 2.0}
{'eval_loss': 1.075287938117981, 'eval_f1_macro': 0.5961886155392064, 'eval_f1_weighted': 0.6151962651187195, 'eval_precision_macro': 0.625419621749409, 'eval_recall_macro': 0.630008210180624, 'eval_accuracy': 0.6527777777777778, 'eval_runtime': 0.5747, 'eval_samples_per_second': 375.86, 'eval_steps_per_second': 46.982, 'epoch': 3.0}
{'train_runtime': 25.1495, 'train_samples_per_second': 120.241, 'train_steps_per_second': 15.03, 'train_loss': 1.5047988487929893, 'epoch': 3.0}
  Model             : Wav2Vec2ForSequenceClassification  (94,570,632 params, 94,570,632 trainable)
{'eval_loss': 2.070439100265503, 'eval_f1_macro': 0.02959183673469388, 'eval_f1_weighted': 0.031783824640967503, 'eval_precision_macro': 0.01678240740740741, 'eval_recall_macro': 0.125, 'eval_accuracy': 0.13425925925925927, 'eval_runtime': 0.5622, 'eval_samples_per_second': 384.232, 'eval_steps_per_second': 48.029, 'epoch': 1.0}
{'loss': 2.0789, 'grad_norm': 1.5328686237335205, 'learning_rate': 7.95859034971684e-05, 'epoch': 1.98}
{'eval_loss': 2.0697519779205322, 'eval_f1_macro': 0.028688524590163935, 'eval_f1_weighted': 0.029751062537947785, 'eval_precision_macro': 0.016203703703703703, 'eval_recall_macro': 0.125, 'eval_accuracy': 0.12962962962962962, 'eval_runtime': 0.5698, 'eval_samples_per_second': 379.099, 'eval_steps_per_second': 47.387, 'epoch': 2.0}
{'eval_loss': 2.0635037422180176, 'eval_f1_macro': 0.028688524590163935, 'eval_f1_weighted': 0.029751062537947785, 'eval_precision_macro': 0.016203703703703703, 'eval_recall_macro': 0.125, 'eval_accuracy': 0.12962962962962962, 'eval_runtime': 0.5647, 'eval_samples_per_second': 382.53, 'eval_steps_per_second': 47.816, 'epoch': 3.0}
{'train_runtime': 40.0543, 'train_samples_per_second': 75.498, 'train_steps_per_second': 18.874, 'train_loss': 2.0749347020709323, 'epoch': 3.0}
  Model             : Wav2Vec2ForSequenceClassification  (94,570,632 params, 94,570,632 trainable)
{'eval_loss': 2.0651674270629883, 'eval_f1_macro': 0.028688524590163935, 'eval_f1_weighted': 0.029751062537947785, 'eval_precision_macro': 0.016203703703703703, 'eval_recall_macro': 0.125, 'eval_accuracy': 0.12962962962962962, 'eval_runtime': 0.5594, 'eval_samples_per_second': 386.124, 'eval_steps_per_second': 48.265, 'epoch': 1.0}
  Model             : Wav2Vec2ForSequenceClassification  (94,570,632 params, 94,570,632 trainable)
{'eval_loss': 2.036630153656006, 'eval_f1_macro': 0.1297147147147147, 'eval_f1_weighted': 0.1372655989322656, 'eval_precision_macro': 0.20691429006909634, 'eval_recall_macro': 0.17364532019704432, 'eval_accuracy': 0.18518518518518517, 'eval_runtime': 0.5703, 'eval_samples_per_second': 378.724, 'eval_steps_per_second': 47.34, 'epoch': 1.0}
{'eval_loss': 1.4311490058898926, 'eval_f1_macro': 0.39701513826381624, 'eval_f1_weighted': 0.4225780875736807, 'eval_precision_macro': 0.4969999472716864, 'eval_recall_macro': 0.4618226600985222, 'eval_accuracy': 0.49074074074074076, 'eval_runtime': 0.5846, 'eval_samples_per_second': 369.462, 'eval_steps_per_second': 46.183, 'epoch': 2.0}
{'eval_loss': 1.1690391302108765, 'eval_f1_macro': 0.5310593167483285, 'eval_f1_weighted': 0.5644523406235679, 'eval_precision_macro': 0.4834815126897704, 'eval_recall_macro': 0.5926724137931034, 'eval_accuracy': 0.6296296296296297, 'eval_runtime': 0.5602, 'eval_samples_per_second': 385.547, 'eval_steps_per_second': 48.193, 'epoch': 3.0}
{'train_runtime': 16.8328, 'train_samples_per_second': 179.649, 'train_steps_per_second': 11.228, 'train_loss': 1.5991834206555886, 'epoch': 3.0}
  Model             : Wav2Vec2ForSequenceClassification  (94,570,632 params, 94,570,632 trainable)
{'eval_loss': 1.8095070123672485, 'eval_f1_macro': 0.2717524201335146, 'eval_f1_weighted': 0.2874550458076418, 'eval_precision_macro': 0.2933490032442585, 'eval_recall_macro': 0.3714593596059113, 'eval_accuracy': 0.39351851851851855, 'eval_runtime': 0.5651, 'eval_samples_per_second': 382.217, 'eval_steps_per_second': 47.777, 'epoch': 1.0}
{'loss': 1.8281, 'grad_norm': 10.940196990966797, 'learning_rate': 5.784267154797346e-06, 'epoch': 1.98}
{'eval_loss': 1.4811491966247559, 'eval_f1_macro': 0.4439294826740188, 'eval_f1_weighted': 0.4724425186866501, 'eval_precision_macro': 0.466255880264501, 'eval_recall_macro': 0.49261083743842365, 'eval_accuracy': 0.5231481481481481, 'eval_runtime': 0.5775, 'eval_samples_per_second': 374.019, 'eval_steps_per_second': 46.752, 'epoch': 2.0}
{'eval_loss': 1.3014051914215088, 'eval_f1_macro': 0.5813668731670373, 'eval_f1_weighted': 0.6187957092381587, 'eval_precision_macro': 0.585867673992674, 'eval_recall_macro': 0.614378078817734, 'eval_accuracy': 0.6527777777777778, 'eval_runtime': 0.563, 'eval_samples_per_second': 383.651, 'eval_steps_per_second': 47.956, 'epoch': 3.0}
{'train_runtime': 40.2667, 'train_samples_per_second': 75.099, 'train_steps_per_second': 18.775, 'train_loss': 1.6631471341249173, 'epoch': 3.0}
  Model             : Wav2Vec2ForSequenceClassification  (94,570,632 params, 94,570,632 trainable)
{'eval_loss': 1.874113917350769, 'eval_f1_macro': 0.13515278392627866, 'eval_f1_weighted': 0.14251859860864852, 'eval_precision_macro': 0.12688492063492063, 'eval_recall_macro': 0.25, 'eval_accuracy': 0.2638888888888889, 'eval_runtime': 0.5675, 'eval_samples_per_second': 380.64, 'eval_steps_per_second': 47.58, 'epoch': 1.0}
{'eval_loss': 1.7038302421569824, 'eval_f1_macro': 0.31203437065311873, 'eval_f1_weighted': 0.33204510306698287, 'eval_precision_macro': 0.421535559035559, 'eval_recall_macro': 0.3796182266009852, 'eval_accuracy': 0.4027777777777778, 'eval_runtime': 0.5593, 'eval_samples_per_second': 386.191, 'eval_steps_per_second': 48.274, 'epoch': 2.0}
{'eval_loss': 1.6090720891952515, 'eval_f1_macro': 0.4220381584727714, 'eval_f1_weighted': 0.44899508442485386, 'eval_precision_macro': 0.4323747771139323, 'eval_recall_macro': 0.4624384236453202, 'eval_accuracy': 0.49074074074074076, 'eval_runtime': 0.5682, 'eval_samples_per_second': 380.169, 'eval_steps_per_second': 47.521, 'epoch': 3.0}
  Model             : Wav2Vec2ForSequenceClassification  (94,570,632 params, 94,570,632 trainable)
{'eval_loss': 2.0656239986419678, 'eval_f1_macro': 0.02959183673469388, 'eval_f1_weighted': 0.031783824640967503, 'eval_precision_macro': 0.01678240740740741, 'eval_recall_macro': 0.125, 'eval_accuracy': 0.13425925925925927, 'eval_runtime': 0.5592, 'eval_samples_per_second': 386.25, 'eval_steps_per_second': 48.281, 'epoch': 1.0}
{'eval_loss': 2.067129611968994, 'eval_f1_macro': 0.028688524590163935, 'eval_f1_weighted': 0.029751062537947785, 'eval_precision_macro': 0.016203703703703703, 'eval_recall_macro': 0.125, 'eval_accuracy': 0.12962962962962962, 'eval_runtime': 0.5617, 'eval_samples_per_second': 384.55, 'eval_steps_per_second': 48.069, 'epoch': 2.0}
  Model             : Wav2Vec2ForSequenceClassification  (94,570,632 params, 94,570,632 trainable)
{'eval_loss': 1.8651009798049927, 'eval_f1_macro': 0.1535179539295393, 'eval_f1_weighted': 0.16217962712034528, 'eval_precision_macro': 0.11153381642512077, 'eval_recall_macro': 0.270935960591133, 'eval_accuracy': 0.28703703703703703, 'eval_runtime': 0.5729, 'eval_samples_per_second': 377.05, 'eval_steps_per_second': 47.131, 'epoch': 1.0}
{'eval_loss': 1.7168217897415161, 'eval_f1_macro': 0.2293605347743817, 'eval_f1_weighted': 0.24379132402442025, 'eval_precision_macro': 0.2352065884823692, 'eval_recall_macro': 0.3363608374384236, 'eval_accuracy': 0.35648148148148145, 'eval_runtime': 0.5683, 'eval_samples_per_second': 380.071, 'eval_steps_per_second': 47.509, 'epoch': 2.0}
{'eval_loss': 1.5296653509140015, 'eval_f1_macro': 0.3498299826788199, 'eval_f1_weighted': 0.37266714886223934, 'eval_precision_macro': 0.45156442527723994, 'eval_recall_macro': 0.4141009852216748, 'eval_accuracy': 0.4398148148148148, 'eval_runtime': 0.5702, 'eval_samples_per_second': 378.841, 'eval_steps_per_second': 47.355, 'epoch': 3.0}
  Model             : Wav2Vec2ForSequenceClassification  (94,570,632 params, 94,570,632 trainable)
{'eval_loss': 1.9093741178512573, 'eval_f1_macro': 0.17219949007107752, 'eval_f1_weighted': 0.18221188011099254, 'eval_precision_macro': 0.19690089137216127, 'eval_recall_macro': 0.27601600985221675, 'eval_accuracy': 0.2916666666666667, 'eval_runtime': 0.5464, 'eval_samples_per_second': 395.344, 'eval_steps_per_second': 49.418, 'epoch': 1.0}
{'eval_loss': 1.7139531373977661, 'eval_f1_macro': 0.33152929439914625, 'eval_f1_weighted': 0.3520489540665728, 'eval_precision_macro': 0.4880184338796298, 'eval_recall_macro': 0.405942118226601, 'eval_accuracy': 0.4305555555555556, 'eval_runtime': 0.564, 'eval_samples_per_second': 383.0, 'eval_steps_per_second': 47.875, 'epoch': 2.0}
{'eval_loss': 1.6535147428512573, 'eval_f1_macro': 0.3648288872374238, 'eval_f1_weighted': 0.38772615207235794, 'eval_precision_macro': 0.45928639557035056, 'eval_recall_macro': 0.4234913793103448, 'eval_accuracy': 0.44907407407407407, 'eval_runtime': 0.5561, 'eval_samples_per_second': 388.413, 'eval_steps_per_second': 48.552, 'epoch': 3.0}
  Model             : Wav2Vec2ForSequenceClassification  (94,570,632 params, 94,570,632 trainable)
{'eval_loss': 1.674714207649231, 'eval_f1_macro': 0.2717044561806172, 'eval_f1_weighted': 0.28846077248684726, 'eval_precision_macro': 0.337434484417243, 'eval_recall_macro': 0.3363608374384236, 'eval_accuracy': 0.35648148148148145, 'eval_runtime': 0.5677, 'eval_samples_per_second': 380.499, 'eval_steps_per_second': 47.562, 'epoch': 1.0}
{'loss': 1.7027, 'grad_norm': 7.124749660491943, 'learning_rate': 1.1659399112834898e-05, 'epoch': 1.98}
{'eval_loss': 1.3193743228912354, 'eval_f1_macro': 0.48377059371330766, 'eval_f1_weighted': 0.5150215042322357, 'eval_precision_macro': 0.5074986830418946, 'eval_recall_macro': 0.5317118226600985, 'eval_accuracy': 0.5648148148148148, 'eval_runtime': 0.5587, 'eval_samples_per_second': 386.602, 'eval_steps_per_second': 48.325, 'epoch': 2.0}
{'eval_loss': 1.0143036842346191, 'eval_f1_macro': 0.6476047044276778, 'eval_f1_weighted': 0.6573592119386206, 'eval_precision_macro': 0.6864002953129761, 'eval_recall_macro': 0.6685344827586206, 'eval_accuracy': 0.6851851851851852, 'eval_runtime': 0.5664, 'eval_samples_per_second': 381.348, 'eval_steps_per_second': 47.669, 'epoch': 3.0}
{'train_runtime': 40.2482, 'train_samples_per_second': 75.134, 'train_steps_per_second': 18.783, 'train_loss': 1.4653494698660714, 'epoch': 3.0}
  Model             : Wav2Vec2ForSequenceClassification  (94,570,632 params, 94,570,632 trainable)
{'eval_loss': 1.7370786666870117, 'eval_f1_macro': 0.2544911837674996, 'eval_f1_weighted': 0.2695661947611265, 'eval_precision_macro': 0.2735405118255728, 'eval_recall_macro': 0.33605295566502463, 'eval_accuracy': 0.35648148148148145, 'eval_runtime': 0.5658, 'eval_samples_per_second': 381.784, 'eval_steps_per_second': 47.723, 'epoch': 1.0}
{'eval_loss': 1.3648432493209839, 'eval_f1_macro': 0.42897657406179357, 'eval_f1_weighted': 0.4566703323301913, 'eval_precision_macro': 0.4364077014986786, 'eval_recall_macro': 0.49214901477832507, 'eval_accuracy': 0.5231481481481481, 'eval_runtime': 0.5757, 'eval_samples_per_second': 375.196, 'eval_steps_per_second': 46.9, 'epoch': 2.0}
{'eval_loss': 1.1698381900787354, 'eval_f1_macro': 0.598963334186798, 'eval_f1_weighted': 0.6300472364153019, 'eval_precision_macro': 0.7172751804286843, 'eval_recall_macro': 0.6265599343185551, 'eval_accuracy': 0.6620370370370371, 'eval_runtime': 0.6235, 'eval_samples_per_second': 346.448, 'eval_steps_per_second': 43.306, 'epoch': 3.0}
{'train_runtime': 25.4062, 'train_samples_per_second': 119.026, 'train_steps_per_second': 14.878, 'train_loss': 1.558940746166088, 'epoch': 3.0}
  Model             : Wav2Vec2ForSequenceClassification  (94,570,632 params, 94,570,632 trainable)
{'eval_loss': 1.8193608522415161, 'eval_f1_macro': 0.13902421558258418, 'eval_f1_weighted': 0.14619730562573857, 'eval_precision_macro': 0.27513111888111885, 'eval_recall_macro': 0.2498460591133005, 'eval_accuracy': 0.2638888888888889, 'eval_runtime': 0.5727, 'eval_samples_per_second': 377.154, 'eval_steps_per_second': 47.144, 'epoch': 1.0}
  Model             : Wav2Vec2ForSequenceClassification  (94,570,632 params, 94,570,632 trainable)
{'eval_loss': 1.8149685859680176, 'eval_f1_macro': 0.1955279627950806, 'eval_f1_weighted': 0.206355160375861, 'eval_precision_macro': 0.2193235367063492, 'eval_recall_macro': 0.2889470443349753, 'eval_accuracy': 0.3055555555555556, 'eval_runtime': 0.5802, 'eval_samples_per_second': 372.29, 'eval_steps_per_second': 46.536, 'epoch': 1.0}
  Model             : Wav2Vec2ForSequenceClassification  (94,570,632 params, 94,570,632 trainable)
{'eval_loss': 2.0674099922180176, 'eval_f1_macro': 0.02959183673469388, 'eval_f1_weighted': 0.031783824640967503, 'eval_precision_macro': 0.01678240740740741, 'eval_recall_macro': 0.125, 'eval_accuracy': 0.13425925925925927, 'eval_runtime': 0.5652, 'eval_samples_per_second': 382.185, 'eval_steps_per_second': 47.773, 'epoch': 1.0}
  Model             : Wav2Vec2ForSequenceClassification  (94,570,632 params, 94,570,632 trainable)
{'eval_loss': 1.6926133632659912, 'eval_f1_macro': 0.16620710784313725, 'eval_f1_weighted': 0.17546863652868552, 'eval_precision_macro': 0.1321668675505558, 'eval_recall_macro': 0.2801724137931034, 'eval_accuracy': 0.2962962962962963, 'eval_runtime': 0.5918, 'eval_samples_per_second': 364.972, 'eval_steps_per_second': 45.622, 'epoch': 1.0}
  Model             : Wav2Vec2ForSequenceClassification  (94,570,632 params, 94,570,632 trainable)
{'eval_loss': 1.7641465663909912, 'eval_f1_macro': 0.2339561345924018, 'eval_f1_weighted': 0.24731151222255263, 'eval_precision_macro': 0.3681305090843677, 'eval_recall_macro': 0.31942733990147787, 'eval_accuracy': 0.33796296296296297, 'eval_runtime': 0.5685, 'eval_samples_per_second': 379.944, 'eval_steps_per_second': 47.493, 'epoch': 1.0}
{'eval_loss': 1.557673692703247, 'eval_f1_macro': 0.3714697447255587, 'eval_f1_weighted': 0.39583176895838396, 'eval_precision_macro': 0.3677858709273183, 'eval_recall_macro': 0.4401169950738916, 'eval_accuracy': 0.4675925925925926, 'eval_runtime': 0.5637, 'eval_samples_per_second': 383.172, 'eval_steps_per_second': 47.896, 'epoch': 2.0}
{'eval_loss': 1.3999656438827515, 'eval_f1_macro': 0.49178661846004645, 'eval_f1_weighted': 0.5238446274938648, 'eval_precision_macro': 0.5322037123330227, 'eval_recall_macro': 0.5400246305418719, 'eval_accuracy': 0.5740740740740741, 'eval_runtime': 0.5795, 'eval_samples_per_second': 372.765, 'eval_steps_per_second': 46.596, 'epoch': 3.0}
  Model             : Wav2Vec2ForSequenceClassification  (94,570,632 params, 94,570,632 trainable)
{'eval_loss': 2.0713162422180176, 'eval_f1_macro': 0.02959183673469388, 'eval_f1_weighted': 0.031783824640967503, 'eval_precision_macro': 0.01678240740740741, 'eval_recall_macro': 0.125, 'eval_accuracy': 0.13425925925925927, 'eval_runtime': 0.5699, 'eval_samples_per_second': 379.002, 'eval_steps_per_second': 47.375, 'epoch': 1.0}
  Best f1_macro: 3.3451  |  params: {'learning_rate': 2.939801799656426e-05, 'per_device_train_batch_size': 4, 'warmup_ratio': 0.1415920699772818, 'weight_decay': 0.07403315427052488}
  HPO complete. Skipping training (--hpo_only mode).

======================================================================
[2/10]  wav2vec2-base_emodb
  Model  : facebook/wav2vec2-base
  Dataset: renumics/emodb
  Output : /home/tu/tu_tu/tu_zxord71/asp-project/outputs/wav2vec2-base_emodb

  Loading: renumics/emodb
  Label col : emotion
  Samples   : 535  |  Classes: 7
    0: 127
    1: 81
    2: 46
    3: 69
    4: 71
    5: 79
    6: 62
  Classes   : ['anger', 'boredom', 'disgust', 'fear', 'happiness', 'neutral', 'sadness']
  Split     : 374 train / 80 val / 81 test  (of 535)
  Feature extractor : Wav2Vec2FeatureExtractor  (sr=16000)
  Featurising splits ...
  Model             : Wav2Vec2ForSequenceClassification  (94,570,375 params, 94,570,375 trainable)
  HPO: 20 trials × 3 epochs ...
  Model             : Wav2Vec2ForSequenceClassification  (94,570,375 params, 94,570,375 trainable)
{'eval_loss': 1.778967261314392, 'eval_f1_macro': 0.1882528703180877, 'eval_f1_weighted': 0.24585391963109354, 'eval_precision_macro': 0.16142857142857142, 'eval_recall_macro': 0.2619047619047619, 'eval_accuracy': 0.3625, 'eval_runtime': 0.3225, 'eval_samples_per_second': 248.081, 'eval_steps_per_second': 31.01, 'epoch': 1.0}
{'eval_loss': 1.5288207530975342, 'eval_f1_macro': 0.2512537382102599, 'eval_f1_weighted': 0.31205716586151366, 'eval_precision_macro': 0.24225690276110443, 'eval_recall_macro': 0.34285714285714286, 'eval_accuracy': 0.4375, 'eval_runtime': 0.3195, 'eval_samples_per_second': 250.408, 'eval_steps_per_second': 31.301, 'epoch': 2.0}
{'eval_loss': 1.448028564453125, 'eval_f1_macro': 0.4366029701005071, 'eval_f1_weighted': 0.4914230453454591, 'eval_precision_macro': 0.46343688990747817, 'eval_recall_macro': 0.4761904761904762, 'eval_accuracy': 0.5625, 'eval_runtime': 0.3261, 'eval_samples_per_second': 245.336, 'eval_steps_per_second': 30.667, 'epoch': 3.0}
{'train_runtime': 10.1244, 'train_samples_per_second': 110.821, 'train_steps_per_second': 13.927, 'train_loss': 1.680119183046598, 'epoch': 3.0}
  Model             : Wav2Vec2ForSequenceClassification  (94,570,375 params, 94,570,375 trainable)
{'eval_loss': 1.797521948814392, 'eval_f1_macro': 0.05483405483405483, 'eval_f1_weighted': 0.09116161616161615, 'eval_precision_macro': 0.033928571428571426, 'eval_recall_macro': 0.14285714285714285, 'eval_accuracy': 0.2375, 'eval_runtime': 0.3045, 'eval_samples_per_second': 262.736, 'eval_steps_per_second': 32.842, 'epoch': 1.0}
{'eval_loss': 1.38897705078125, 'eval_f1_macro': 0.29909434129382984, 'eval_f1_weighted': 0.3632091374099047, 'eval_precision_macro': 0.3199349304939367, 'eval_recall_macro': 0.37581453634085216, 'eval_accuracy': 0.45, 'eval_runtime': 0.314, 'eval_samples_per_second': 254.765, 'eval_steps_per_second': 31.846, 'epoch': 2.0}
{'eval_loss': 1.195257544517517, 'eval_f1_macro': 0.55583098487622, 'eval_f1_weighted': 0.5989663046069492, 'eval_precision_macro': 0.6959008900002689, 'eval_recall_macro': 0.5799319727891156, 'eval_accuracy': 0.65, 'eval_runtime': 0.3242, 'eval_samples_per_second': 246.731, 'eval_steps_per_second': 30.841, 'epoch': 3.0}
{'train_runtime': 6.9773, 'train_samples_per_second': 160.807, 'train_steps_per_second': 10.319, 'train_loss': 1.6027082867092557, 'epoch': 3.0}
  Model             : Wav2Vec2ForSequenceClassification  (94,570,375 params, 94,570,375 trainable)
{'eval_loss': 1.86151123046875, 'eval_f1_macro': 0.05483405483405483, 'eval_f1_weighted': 0.09116161616161615, 'eval_precision_macro': 0.033928571428571426, 'eval_recall_macro': 0.14285714285714285, 'eval_accuracy': 0.2375, 'eval_runtime': 0.3324, 'eval_samples_per_second': 240.675, 'eval_steps_per_second': 30.084, 'epoch': 1.0}
{'eval_loss': 1.619683861732483, 'eval_f1_macro': 0.20269907672793355, 'eval_f1_weighted': 0.2767763382566379, 'eval_precision_macro': 0.1812057860838349, 'eval_recall_macro': 0.3095238095238096, 'eval_accuracy': 0.4125, 'eval_runtime': 0.3054, 'eval_samples_per_second': 261.934, 'eval_steps_per_second': 32.742, 'epoch': 2.0}
{'eval_loss': 1.545190453529358, 'eval_f1_macro': 0.4517802610825866, 'eval_f1_weighted': 0.5094937749588914, 'eval_precision_macro': 0.4805194805194805, 'eval_recall_macro': 0.5162907268170426, 'eval_accuracy': 0.5875, 'eval_runtime': 0.3116, 'eval_samples_per_second': 256.774, 'eval_steps_per_second': 32.097, 'epoch': 3.0}
{'train_runtime': 6.9925, 'train_samples_per_second': 160.458, 'train_steps_per_second': 10.297, 'train_loss': 1.7537242041693792, 'epoch': 3.0}
  Model             : Wav2Vec2ForSequenceClassification  (94,570,375 params, 94,570,375 trainable)
{'eval_loss': 1.984948754310608, 'eval_f1_macro': 0.031746031746031744, 'eval_f1_weighted': 0.02777777777777778, 'eval_precision_macro': 0.017857142857142856, 'eval_recall_macro': 0.14285714285714285, 'eval_accuracy': 0.125, 'eval_runtime': 0.3189, 'eval_samples_per_second': 250.827, 'eval_steps_per_second': 31.353, 'epoch': 1.0}
{'eval_loss': 1.9097900390625, 'eval_f1_macro': 0.05483405483405483, 'eval_f1_weighted': 0.09116161616161615, 'eval_precision_macro': 0.033928571428571426, 'eval_recall_macro': 0.14285714285714285, 'eval_accuracy': 0.2375, 'eval_runtime': 0.3049, 'eval_samples_per_second': 262.388, 'eval_steps_per_second': 32.798, 'epoch': 2.0}
{'eval_loss': 1.906274437904358, 'eval_f1_macro': 0.05483405483405483, 'eval_f1_weighted': 0.09116161616161615, 'eval_precision_macro': 0.033928571428571426, 'eval_recall_macro': 0.14285714285714285, 'eval_accuracy': 0.2375, 'eval_runtime': 0.3102, 'eval_samples_per_second': 257.901, 'eval_steps_per_second': 32.238, 'epoch': 3.0}
{'train_runtime': 15.6905, 'train_samples_per_second': 71.508, 'train_steps_per_second': 17.973, 'train_loss': 1.9273032330452127, 'epoch': 3.0}
  Model             : Wav2Vec2ForSequenceClassification  (94,570,375 params, 94,570,375 trainable)
{'eval_loss': 1.928674340248108, 'eval_f1_macro': 0.05483405483405483, 'eval_f1_weighted': 0.09116161616161615, 'eval_precision_macro': 0.033928571428571426, 'eval_recall_macro': 0.14285714285714285, 'eval_accuracy': 0.2375, 'eval_runtime': 0.3167, 'eval_samples_per_second': 252.624, 'eval_steps_per_second': 31.578, 'epoch': 1.0}
{'eval_loss': 1.905664086341858, 'eval_f1_macro': 0.05483405483405483, 'eval_f1_weighted': 0.09116161616161615, 'eval_precision_macro': 0.033928571428571426, 'eval_recall_macro': 0.14285714285714285, 'eval_accuracy': 0.2375, 'eval_runtime': 0.3082, 'eval_samples_per_second': 259.576, 'eval_steps_per_second': 32.447, 'epoch': 2.0}
{'eval_loss': 1.9075927734375, 'eval_f1_macro': 0.05483405483405483, 'eval_f1_weighted': 0.09116161616161615, 'eval_precision_macro': 0.033928571428571426, 'eval_recall_macro': 0.14285714285714285, 'eval_accuracy': 0.2375, 'eval_runtime': 0.3088, 'eval_samples_per_second': 259.079, 'eval_steps_per_second': 32.385, 'epoch': 3.0}
{'train_runtime': 6.9258, 'train_samples_per_second': 162.003, 'train_steps_per_second': 10.396, 'train_loss': 1.9253944820827908, 'epoch': 3.0}
  Model             : Wav2Vec2ForSequenceClassification  (94,570,375 params, 94,570,375 trainable)
{'eval_loss': 1.80303955078125, 'eval_f1_macro': 0.05483405483405483, 'eval_f1_weighted': 0.09116161616161615, 'eval_precision_macro': 0.033928571428571426, 'eval_recall_macro': 0.14285714285714285, 'eval_accuracy': 0.2375, 'eval_runtime': 0.3255, 'eval_samples_per_second': 245.747, 'eval_steps_per_second': 30.718, 'epoch': 1.0}
  Model             : Wav2Vec2ForSequenceClassification  (94,570,375 params, 94,570,375 trainable)
{'eval_loss': 1.8282043933868408, 'eval_f1_macro': 0.12798965740142212, 'eval_f1_weighted': 0.17816742081447964, 'eval_precision_macro': 0.1212121212121212, 'eval_recall_macro': 0.21804511278195488, 'eval_accuracy': 0.25, 'eval_runtime': 0.3158, 'eval_samples_per_second': 253.345, 'eval_steps_per_second': 31.668, 'epoch': 1.0}
  Model             : Wav2Vec2ForSequenceClassification  (94,570,375 params, 94,570,375 trainable)
{'eval_loss': 1.815637230873108, 'eval_f1_macro': 0.05483405483405483, 'eval_f1_weighted': 0.09116161616161615, 'eval_precision_macro': 0.033928571428571426, 'eval_recall_macro': 0.14285714285714285, 'eval_accuracy': 0.2375, 'eval_runtime': 0.3076, 'eval_samples_per_second': 260.041, 'eval_steps_per_second': 32.505, 'epoch': 1.0}
  Model             : Wav2Vec2ForSequenceClassification  (94,570,375 params, 94,570,375 trainable)
{'eval_loss': 1.8707764148712158, 'eval_f1_macro': 0.05483405483405483, 'eval_f1_weighted': 0.09116161616161615, 'eval_precision_macro': 0.033928571428571426, 'eval_recall_macro': 0.14285714285714285, 'eval_accuracy': 0.2375, 'eval_runtime': 0.323, 'eval_samples_per_second': 247.644, 'eval_steps_per_second': 30.955, 'epoch': 1.0}
{'eval_loss': 1.6651489734649658, 'eval_f1_macro': 0.41853987972000395, 'eval_f1_weighted': 0.47661965148378194, 'eval_precision_macro': 0.3915408915408915, 'eval_recall_macro': 0.49523809523809526, 'eval_accuracy': 0.5875, 'eval_runtime': 0.3095, 'eval_samples_per_second': 258.481, 'eval_steps_per_second': 32.31, 'epoch': 2.0}
{'eval_loss': 1.558660864830017, 'eval_f1_macro': 0.42030192030192026, 'eval_f1_weighted': 0.47647144522144513, 'eval_precision_macro': 0.49098124098124096, 'eval_recall_macro': 0.49047619047619045, 'eval_accuracy': 0.575, 'eval_runtime': 0.3197, 'eval_samples_per_second': 250.222, 'eval_steps_per_second': 31.278, 'epoch': 3.0}
  Model             : Wav2Vec2ForSequenceClassification  (94,570,375 params, 94,570,375 trainable)
{'eval_loss': 1.9516723155975342, 'eval_f1_macro': 0.05483405483405483, 'eval_f1_weighted': 0.09116161616161615, 'eval_precision_macro': 0.033928571428571426, 'eval_recall_macro': 0.14285714285714285, 'eval_accuracy': 0.2375, 'eval_runtime': 0.3149, 'eval_samples_per_second': 254.068, 'eval_steps_per_second': 31.759, 'epoch': 1.0}
  Model             : Wav2Vec2ForSequenceClassification  (94,570,375 params, 94,570,375 trainable)
{'eval_loss': 1.614410400390625, 'eval_f1_macro': 0.24073089700996678, 'eval_f1_weighted': 0.3041395348837209, 'eval_precision_macro': 0.18873935204580364, 'eval_recall_macro': 0.36152882205513787, 'eval_accuracy': 0.4375, 'eval_runtime': 0.3196, 'eval_samples_per_second': 250.315, 'eval_steps_per_second': 31.289, 'epoch': 1.0}
{'eval_loss': 1.2362457513809204, 'eval_f1_macro': 0.4497379813169287, 'eval_f1_weighted': 0.5015909090909091, 'eval_precision_macro': 0.446058327637275, 'eval_recall_macro': 0.506015037593985, 'eval_accuracy': 0.5625, 'eval_runtime': 0.312, 'eval_samples_per_second': 256.378, 'eval_steps_per_second': 32.047, 'epoch': 2.0}
{'eval_loss': 0.963177502155304, 'eval_f1_macro': 0.8563221239912969, 'eval_f1_weighted': 0.8533172675277939, 'eval_precision_macro': 0.9043956043956044, 'eval_recall_macro': 0.8438775510204081, 'eval_accuracy': 0.8625, 'eval_runtime': 0.3191, 'eval_samples_per_second': 250.71, 'eval_steps_per_second': 31.339, 'epoch': 3.0}
{'train_runtime': 6.9944, 'train_samples_per_second': 160.413, 'train_steps_per_second': 10.294, 'train_loss': 1.4559830559624567, 'epoch': 3.0}
  Model             : Wav2Vec2ForSequenceClassification  (94,570,375 params, 94,570,375 trainable)
{'eval_loss': 1.6952331066131592, 'eval_f1_macro': 0.15010141987829614, 'eval_f1_weighted': 0.2107505070993915, 'eval_precision_macro': 0.11011904761904763, 'eval_recall_macro': 0.2781954887218045, 'eval_accuracy': 0.35, 'eval_runtime': 0.3331, 'eval_samples_per_second': 240.159, 'eval_steps_per_second': 30.02, 'epoch': 1.0}
{'eval_loss': 1.4291260242462158, 'eval_f1_macro': 0.27606177606177607, 'eval_f1_weighted': 0.32736486486486494, 'eval_precision_macro': 0.21918367346938775, 'eval_recall_macro': 0.38095238095238093, 'eval_accuracy': 0.4625, 'eval_runtime': 0.3229, 'eval_samples_per_second': 247.731, 'eval_steps_per_second': 30.966, 'epoch': 2.0}
{'eval_loss': 1.217504858970642, 'eval_f1_macro': 0.39212048455745935, 'eval_f1_weighted': 0.44051438757321104, 'eval_precision_macro': 0.46681096681096684, 'eval_recall_macro': 0.4666666666666667, 'eval_accuracy': 0.55, 'eval_runtime': 0.3172, 'eval_samples_per_second': 252.189, 'eval_steps_per_second': 31.524, 'epoch': 3.0}
  Model             : Wav2Vec2ForSequenceClassification  (94,570,375 params, 94,570,375 trainable)
{'eval_loss': 1.691217064857483, 'eval_f1_macro': 0.2318012422360248, 'eval_f1_weighted': 0.3028695652173913, 'eval_precision_macro': 0.19331501831501832, 'eval_recall_macro': 0.3353383458646616, 'eval_accuracy': 0.4125, 'eval_runtime': 0.3228, 'eval_samples_per_second': 247.797, 'eval_steps_per_second': 30.975, 'epoch': 1.0}
{'eval_loss': 1.258087158203125, 'eval_f1_macro': 0.4498659235501341, 'eval_f1_weighted': 0.5053137651821863, 'eval_precision_macro': 0.5565463108320251, 'eval_recall_macro': 0.5329573934837093, 'eval_accuracy': 0.6, 'eval_runtime': 0.3152, 'eval_samples_per_second': 253.767, 'eval_steps_per_second': 31.721, 'epoch': 2.0}
{'eval_loss': 1.0501677989959717, 'eval_f1_macro': 0.5897412867143227, 'eval_f1_weighted': 0.6256711822660098, 'eval_precision_macro': 0.7700228832951944, 'eval_recall_macro': 0.6359470103831005, 'eval_accuracy': 0.675, 'eval_runtime': 0.3221, 'eval_samples_per_second': 248.351, 'eval_steps_per_second': 31.044, 'epoch': 3.0}
{'train_runtime': 6.9818, 'train_samples_per_second': 160.703, 'train_steps_per_second': 10.312, 'train_loss': 1.5200727250840929, 'epoch': 3.0}
  Model             : Wav2Vec2ForSequenceClassification  (94,570,375 params, 94,570,375 trainable)
{'eval_loss': 1.579199194908142, 'eval_f1_macro': 0.14641654641654642, 'eval_f1_weighted': 0.20175084175084174, 'eval_precision_macro': 0.1038961038961039, 'eval_recall_macro': 0.2781954887218045, 'eval_accuracy': 0.35, 'eval_runtime': 0.3153, 'eval_samples_per_second': 253.695, 'eval_steps_per_second': 31.712, 'epoch': 1.0}
{'eval_loss': 1.246429443359375, 'eval_f1_macro': 0.33689581095596133, 'eval_f1_weighted': 0.4032048872180451, 'eval_precision_macro': 0.32951334379905806, 'eval_recall_macro': 0.4043859649122807, 'eval_accuracy': 0.475, 'eval_runtime': 0.3227, 'eval_samples_per_second': 247.919, 'eval_steps_per_second': 30.99, 'epoch': 2.0}
{'eval_loss': 0.9701446294784546, 'eval_f1_macro': 0.6588086835764855, 'eval_f1_weighted': 0.6772984368572603, 'eval_precision_macro': 0.7522077922077922, 'eval_recall_macro': 0.6574471894020766, 'eval_accuracy': 0.7, 'eval_runtime': 0.3254, 'eval_samples_per_second': 245.826, 'eval_steps_per_second': 30.728, 'epoch': 3.0}
{'train_runtime': 7.0394, 'train_samples_per_second': 159.389, 'train_steps_per_second': 10.228, 'train_loss': 1.413590219285753, 'epoch': 3.0}
  Model             : Wav2Vec2ForSequenceClassification  (94,570,375 params, 94,570,375 trainable)
{'eval_loss': 1.902734398841858, 'eval_f1_macro': 0.05483405483405483, 'eval_f1_weighted': 0.09116161616161615, 'eval_precision_macro': 0.033928571428571426, 'eval_recall_macro': 0.14285714285714285, 'eval_accuracy': 0.2375, 'eval_runtime': 0.3086, 'eval_samples_per_second': 259.217, 'eval_steps_per_second': 32.402, 'epoch': 1.0}
  Model             : Wav2Vec2ForSequenceClassification  (94,570,375 params, 94,570,375 trainable)
{'eval_loss': 1.788537621498108, 'eval_f1_macro': 0.05483405483405483, 'eval_f1_weighted': 0.09116161616161615, 'eval_precision_macro': 0.033928571428571426, 'eval_recall_macro': 0.14285714285714285, 'eval_accuracy': 0.2375, 'eval_runtime': 0.3236, 'eval_samples_per_second': 247.208, 'eval_steps_per_second': 30.901, 'epoch': 1.0}
  Model             : Wav2Vec2ForSequenceClassification  (94,570,375 params, 94,570,375 trainable)
{'eval_loss': 1.973291039466858, 'eval_f1_macro': 0.031746031746031744, 'eval_f1_weighted': 0.02777777777777778, 'eval_precision_macro': 0.017857142857142856, 'eval_recall_macro': 0.14285714285714285, 'eval_accuracy': 0.125, 'eval_runtime': 0.3143, 'eval_samples_per_second': 254.504, 'eval_steps_per_second': 31.813, 'epoch': 1.0}
  Model             : Wav2Vec2ForSequenceClassification  (94,570,375 params, 94,570,375 trainable)
{'eval_loss': 1.5185668468475342, 'eval_f1_macro': 0.1509433962264151, 'eval_f1_weighted': 0.20849056603773586, 'eval_precision_macro': 0.10885284346296657, 'eval_recall_macro': 0.2781954887218045, 'eval_accuracy': 0.35, 'eval_runtime': 0.3223, 'eval_samples_per_second': 248.198, 'eval_steps_per_second': 31.025, 'epoch': 1.0}
{'eval_loss': 1.1866546869277954, 'eval_f1_macro': 0.4285186124139097, 'eval_f1_weighted': 0.4783671620822242, 'eval_precision_macro': 0.5564807741278329, 'eval_recall_macro': 0.4965986394557823, 'eval_accuracy': 0.575, 'eval_runtime': 0.3145, 'eval_samples_per_second': 254.371, 'eval_steps_per_second': 31.796, 'epoch': 2.0}
{'eval_loss': 0.885986328125, 'eval_f1_macro': 0.8341971997510438, 'eval_f1_weighted': 0.8262074430498151, 'eval_precision_macro': 0.8731239531385677, 'eval_recall_macro': 0.8353383458646616, 'eval_accuracy': 0.8375, 'eval_runtime': 0.313, 'eval_samples_per_second': 255.556, 'eval_steps_per_second': 31.944, 'epoch': 3.0}
{'train_runtime': 6.9777, 'train_samples_per_second': 160.799, 'train_steps_per_second': 10.319, 'train_loss': 1.4023000929090712, 'epoch': 3.0}
  Model             : Wav2Vec2ForSequenceClassification  (94,570,375 params, 94,570,375 trainable)
{'eval_loss': 1.8459961414337158, 'eval_f1_macro': 0.05483405483405483, 'eval_f1_weighted': 0.09116161616161615, 'eval_precision_macro': 0.033928571428571426, 'eval_recall_macro': 0.14285714285714285, 'eval_accuracy': 0.2375, 'eval_runtime': 0.318, 'eval_samples_per_second': 251.561, 'eval_steps_per_second': 31.445, 'epoch': 1.0}
  Model             : Wav2Vec2ForSequenceClassification  (94,570,375 params, 94,570,375 trainable)
{'eval_loss': 1.94439697265625, 'eval_f1_macro': 0.05483405483405483, 'eval_f1_weighted': 0.09116161616161615, 'eval_precision_macro': 0.033928571428571426, 'eval_recall_macro': 0.14285714285714285, 'eval_accuracy': 0.2375, 'eval_runtime': 0.3233, 'eval_samples_per_second': 247.484, 'eval_steps_per_second': 30.935, 'epoch': 1.0}
  Best f1_macro: 4.3204  |  params: {'learning_rate': 0.00010529819352620075, 'per_device_train_batch_size': 16, 'warmup_ratio': 0.19962095191820634, 'weight_decay': 0.09659454580045361}
  HPO complete. Skipping training (--hpo_only mode).

======================================================================
[3/10]  hubert-xlarge_ravdess
  Model  : facebook/hubert-xlarge-ls960-ft
  Dataset: xbgoose/ravdess
  Output : /home/tu/tu_tu/tu_zxord71/asp-project/outputs/hubert-xlarge_ravdess

  Loading: xbgoose/ravdess
  Label col : emotion
  Samples   : 1,440  |  Classes: 8
    angry: 192
    calm: 192
    disgust: 192
    fearful: 192
    happy: 192
    neutral: 96
    sad: 192
    surprised: 192
  Classes   : ['angry', 'calm', 'disgust', 'fearful', 'happy', 'neutral', 'sad', 'surprised']
  Split     : 1,008 train / 216 val / 216 test  (of 1,440)
  Feature extractor : Wav2Vec2FeatureExtractor  (sr=16000)
  Featurising splits ...
  Model             : HubertForSequenceClassification  (962,827,400 params, 962,827,400 trainable)
  HPO: 20 trials × 3 epochs ...
  Model             : HubertForSequenceClassification  (962,827,400 params, 962,827,400 trainable)
{'eval_loss': 2.000673532485962, 'eval_f1_macro': 0.21246035536398086, 'eval_f1_weighted': 0.22630575611275916, 'eval_precision_macro': 0.22764620848866807, 'eval_recall_macro': 0.3103448275862069, 'eval_accuracy': 0.3287037037037037, 'eval_runtime': 1.5264, 'eval_samples_per_second': 141.505, 'eval_steps_per_second': 17.688, 'epoch': 1.0}
{'loss': 1.9949, 'grad_norm': 21.615262985229492, 'learning_rate': 3.8406328533391975e-06, 'epoch': 1.98}
{'eval_loss': 1.8271710872650146, 'eval_f1_macro': 0.23447212265771344, 'eval_f1_weighted': 0.24939458597128272, 'eval_precision_macro': 0.28433780452585766, 'eval_recall_macro': 0.3318965517241379, 'eval_accuracy': 0.35185185185185186, 'eval_runtime': 1.5223, 'eval_samples_per_second': 141.889, 'eval_steps_per_second': 17.736, 'epoch': 2.0}
{'eval_loss': 1.7902289628982544, 'eval_f1_macro': 0.18693437933425797, 'eval_f1_weighted': 0.19826429020907174, 'eval_precision_macro': 0.13689825080068982, 'eval_recall_macro': 0.3232758620689655, 'eval_accuracy': 0.3425925925925926, 'eval_runtime': 1.5241, 'eval_samples_per_second': 141.724, 'eval_steps_per_second': 17.716, 'epoch': 3.0}
{'train_runtime': 99.0798, 'train_samples_per_second': 30.521, 'train_steps_per_second': 7.63, 'train_loss': 1.9378791284308863, 'epoch': 3.0}
  Model             : HubertForSequenceClassification  (962,827,400 params, 962,827,400 trainable)
{'eval_loss': 1.8493109941482544, 'eval_f1_macro': 0.12102763997165132, 'eval_f1_weighted': 0.12740005774732918, 'eval_precision_macro': 0.10007096512570965, 'eval_recall_macro': 0.2543103448275862, 'eval_accuracy': 0.26851851851851855, 'eval_runtime': 1.5199, 'eval_samples_per_second': 142.116, 'eval_steps_per_second': 17.765, 'epoch': 1.0}
{'eval_loss': 1.7315154075622559, 'eval_f1_macro': 0.17569888665744307, 'eval_f1_weighted': 0.18596636625518612, 'eval_precision_macro': 0.252346286525974, 'eval_recall_macro': 0.2886391625615764, 'eval_accuracy': 0.3055555555555556, 'eval_runtime': 1.5319, 'eval_samples_per_second': 141.005, 'eval_steps_per_second': 17.626, 'epoch': 2.0}
{'eval_loss': 1.6867291927337646, 'eval_f1_macro': 0.21437394491355857, 'eval_f1_weighted': 0.22749541916247462, 'eval_precision_macro': 0.30544392091648187, 'eval_recall_macro': 0.3103448275862069, 'eval_accuracy': 0.3287037037037037, 'eval_runtime': 1.5403, 'eval_samples_per_second': 140.234, 'eval_steps_per_second': 17.529, 'epoch': 3.0}
{'train_runtime': 56.1617, 'train_samples_per_second': 53.845, 'train_steps_per_second': 3.365, 'train_loss': 1.847337833788029, 'epoch': 3.0}
  Model             : HubertForSequenceClassification  (962,827,400 params, 962,827,400 trainable)
{'eval_loss': 1.742705225944519, 'eval_f1_macro': 0.24358512281800407, 'eval_f1_weighted': 0.2566987155713185, 'eval_precision_macro': 0.24150655515370706, 'eval_recall_macro': 0.3235837438423645, 'eval_accuracy': 0.3425925925925926, 'eval_runtime': 1.5509, 'eval_samples_per_second': 139.274, 'eval_steps_per_second': 17.409, 'epoch': 1.0}
{'eval_loss': 1.000336766242981, 'eval_f1_macro': 0.5641192565064903, 'eval_f1_weighted': 0.6003611076528425, 'eval_precision_macro': 0.6283391042573951, 'eval_recall_macro': 0.6179187192118227, 'eval_accuracy': 0.6574074074074074, 'eval_runtime': 1.5442, 'eval_samples_per_second': 139.878, 'eval_steps_per_second': 17.485, 'epoch': 2.0}
{'eval_loss': 0.7836662530899048, 'eval_f1_macro': 0.6665389218346291, 'eval_f1_weighted': 0.7092048808029633, 'eval_precision_macro': 0.6520304162668955, 'eval_recall_macro': 0.6924261083743842, 'eval_accuracy': 0.7361111111111112, 'eval_runtime': 1.5224, 'eval_samples_per_second': 141.878, 'eval_steps_per_second': 17.735, 'epoch': 3.0}
{'train_runtime': 68.1646, 'train_samples_per_second': 44.363, 'train_steps_per_second': 5.545, 'train_loss': 1.3473050556485615, 'epoch': 3.0}
  Model             : HubertForSequenceClassification  (962,827,400 params, 962,827,400 trainable)
{'eval_loss': 1.5227084159851074, 'eval_f1_macro': 0.34664075692709073, 'eval_f1_weighted': 0.3397366219589106, 'eval_precision_macro': 0.3742076203606088, 'eval_recall_macro': 0.3894396551724138, 'eval_accuracy': 0.3888888888888889, 'eval_runtime': 1.5353, 'eval_samples_per_second': 140.69, 'eval_steps_per_second': 17.586, 'epoch': 1.0}
{'eval_loss': 0.9875510931015015, 'eval_f1_macro': 0.6313545528541984, 'eval_f1_weighted': 0.6381080590863005, 'eval_precision_macro': 0.7057793549966871, 'eval_recall_macro': 0.6629002463054188, 'eval_accuracy': 0.6666666666666666, 'eval_runtime': 1.5354, 'eval_samples_per_second': 140.676, 'eval_steps_per_second': 17.584, 'epoch': 2.0}
{'eval_loss': 0.8629394769668579, 'eval_f1_macro': 0.6789000687994495, 'eval_f1_weighted': 0.6876766171055816, 'eval_precision_macro': 0.7033557588245088, 'eval_recall_macro': 0.7146859605911331, 'eval_accuracy': 0.7083333333333334, 'eval_runtime': 1.5256, 'eval_samples_per_second': 141.581, 'eval_steps_per_second': 17.698, 'epoch': 3.0}
{'train_runtime': 67.8909, 'train_samples_per_second': 44.542, 'train_steps_per_second': 5.568, 'train_loss': 1.3043363056485615, 'epoch': 3.0}
  Model             : HubertForSequenceClassification  (962,827,400 params, 962,827,400 trainable)
{'eval_loss': 1.8943685293197632, 'eval_f1_macro': 0.16265466063664286, 'eval_f1_weighted': 0.1612870974566985, 'eval_precision_macro': 0.2750875350140056, 'eval_recall_macro': 0.1981834975369458, 'eval_accuracy': 0.19907407407407407, 'eval_runtime': 1.5294, 'eval_samples_per_second': 141.229, 'eval_steps_per_second': 17.654, 'epoch': 1.0}
{'eval_loss': 1.4583966732025146, 'eval_f1_macro': 0.4246858733371891, 'eval_f1_weighted': 0.45263067301444493, 'eval_precision_macro': 0.44377511754727506, 'eval_recall_macro': 0.4616687192118227, 'eval_accuracy': 0.49074074074074076, 'eval_runtime': 1.5221, 'eval_samples_per_second': 141.911, 'eval_steps_per_second': 17.739, 'epoch': 2.0}
{'eval_loss': 1.0207768678665161, 'eval_f1_macro': 0.6626278897114254, 'eval_f1_weighted': 0.671167104886458, 'eval_precision_macro': 0.6812564120107223, 'eval_recall_macro': 0.6826662561576355, 'eval_accuracy': 0.6759259259259259, 'eval_runtime': 1.5368, 'eval_samples_per_second': 140.554, 'eval_steps_per_second': 17.569, 'epoch': 3.0}
{'train_runtime': 68.0053, 'train_samples_per_second': 44.467, 'train_steps_per_second': 5.558, 'train_loss': 1.5262297776641038, 'epoch': 3.0}
  Model             : HubertForSequenceClassification  (962,827,400 params, 962,827,400 trainable)
{'eval_loss': 2.0370326042175293, 'eval_f1_macro': 0.18481641587308373, 'eval_f1_weighted': 0.19689361752676493, 'eval_precision_macro': 0.18942615058513224, 'eval_recall_macro': 0.27139778325123154, 'eval_accuracy': 0.28703703703703703, 'eval_runtime': 1.536, 'eval_samples_per_second': 140.625, 'eval_steps_per_second': 17.578, 'epoch': 1.0}
{'eval_loss': 1.8991880416870117, 'eval_f1_macro': 0.12096392441305592, 'eval_f1_weighted': 0.12733162251772676, 'eval_precision_macro': 0.13700396825396824, 'eval_recall_macro': 0.2543103448275862, 'eval_accuracy': 0.26851851851851855, 'eval_runtime': 1.5608, 'eval_samples_per_second': 138.389, 'eval_steps_per_second': 17.299, 'epoch': 2.0}
  Model             : HubertForSequenceClassification  (962,827,400 params, 962,827,400 trainable)
{'eval_loss': 1.4593687057495117, 'eval_f1_macro': 0.3307348212658492, 'eval_f1_weighted': 0.3517614746929491, 'eval_precision_macro': 0.28636305894308944, 'eval_recall_macro': 0.40455665024630544, 'eval_accuracy': 0.4305555555555556, 'eval_runtime': 1.5439, 'eval_samples_per_second': 139.909, 'eval_steps_per_second': 17.489, 'epoch': 1.0}
  Model             : HubertForSequenceClassification  (962,827,400 params, 962,827,400 trainable)
{'eval_loss': 1.950927734375, 'eval_f1_macro': 0.10510933102403117, 'eval_f1_weighted': 0.11080440691828439, 'eval_precision_macro': 0.06666666666666667, 'eval_recall_macro': 0.25, 'eval_accuracy': 0.2638888888888889, 'eval_runtime': 1.5279, 'eval_samples_per_second': 141.368, 'eval_steps_per_second': 17.671, 'epoch': 1.0}
  Model             : HubertForSequenceClassification  (962,827,400 params, 962,827,400 trainable)
{'eval_loss': 2.051866292953491, 'eval_f1_macro': 0.18078031619059906, 'eval_f1_weighted': 0.1911480191283759, 'eval_precision_macro': 0.21393260694108152, 'eval_recall_macro': 0.24384236453201968, 'eval_accuracy': 0.25925925925925924, 'eval_runtime': 18.8909, 'eval_samples_per_second': 11.434, 'eval_steps_per_second': 1.429, 'epoch': 1.0}
{'eval_loss': 1.4446749687194824, 'eval_f1_macro': 0.40398959325807915, 'eval_f1_weighted': 0.4233898176988632, 'eval_precision_macro': 0.43896312492125955, 'eval_recall_macro': 0.48693555008210176, 'eval_accuracy': 0.5138888888888888, 'eval_runtime': 1.9669, 'eval_samples_per_second': 109.815, 'eval_steps_per_second': 13.727, 'epoch': 2.0}
{'eval_loss': 1.2346315383911133, 'eval_f1_macro': 0.4600843983873205, 'eval_f1_weighted': 0.4737071389093233, 'eval_precision_macro': 0.49276377217553685, 'eval_recall_macro': 0.5254618226600984, 'eval_accuracy': 0.5462962962962963, 'eval_runtime': 1.5403, 'eval_samples_per_second': 140.235, 'eval_steps_per_second': 17.529, 'epoch': 3.0}
{'train_runtime': 118.7238, 'train_samples_per_second': 25.471, 'train_steps_per_second': 1.592, 'train_loss': 1.6132628425719246, 'epoch': 3.0}
  Model             : HubertForSequenceClassification  (962,827,400 params, 962,827,400 trainable)
{'eval_loss': 2.0395870208740234, 'eval_f1_macro': 0.19370079933073786, 'eval_f1_weighted': 0.20657594271550633, 'eval_precision_macro': 0.2462802275960171, 'eval_recall_macro': 0.27155172413793105, 'eval_accuracy': 0.28703703703703703, 'eval_runtime': 1.517, 'eval_samples_per_second': 142.387, 'eval_steps_per_second': 17.798, 'epoch': 1.0}
  Model             : HubertForSequenceClassification  (962,827,400 params, 962,827,400 trainable)
{'eval_loss': 2.1753427982330322, 'eval_f1_macro': 0.031938325991189426, 'eval_f1_weighted': 0.034304127916462715, 'eval_precision_macro': 0.018308080808080808, 'eval_recall_macro': 0.125, 'eval_accuracy': 0.13425925925925927, 'eval_runtime': 1.5125, 'eval_samples_per_second': 142.814, 'eval_steps_per_second': 17.852, 'epoch': 1.0}
  Model             : HubertForSequenceClassification  (962,827,400 params, 962,827,400 trainable)
{'eval_loss': 1.7219487428665161, 'eval_f1_macro': 0.26547598545732876, 'eval_f1_weighted': 0.2820544535158963, 'eval_precision_macro': 0.21495227946627132, 'eval_recall_macro': 0.37807881773399016, 'eval_accuracy': 0.4027777777777778, 'eval_runtime': 1.5301, 'eval_samples_per_second': 141.163, 'eval_steps_per_second': 17.645, 'epoch': 1.0}
{'eval_loss': 1.1291017532348633, 'eval_f1_macro': 0.5486351374448821, 'eval_f1_weighted': 0.566796625532412, 'eval_precision_macro': 0.5485568598068598, 'eval_recall_macro': 0.6070915435139572, 'eval_accuracy': 0.625, 'eval_runtime': 1.533, 'eval_samples_per_second': 140.902, 'eval_steps_per_second': 17.613, 'epoch': 2.0}
{'eval_loss': 0.8117945790290833, 'eval_f1_macro': 0.6814673124664203, 'eval_f1_weighted': 0.684661493785292, 'eval_precision_macro': 0.6927666054344443, 'eval_recall_macro': 0.7136083743842364, 'eval_accuracy': 0.7083333333333334, 'eval_runtime': 1.5343, 'eval_samples_per_second': 140.777, 'eval_steps_per_second': 17.597, 'epoch': 3.0}
{'train_runtime': 67.7959, 'train_samples_per_second': 44.604, 'train_steps_per_second': 5.576, 'train_loss': 1.4048902723524306, 'epoch': 3.0}
  Model             : HubertForSequenceClassification  (962,827,400 params, 962,827,400 trainable)
{'eval_loss': 1.6890100240707397, 'eval_f1_macro': 0.3028323918244105, 'eval_f1_weighted': 0.3224789986873738, 'eval_precision_macro': 0.34078641476897287, 'eval_recall_macro': 0.3880849753694581, 'eval_accuracy': 0.41203703703703703, 'eval_runtime': 1.5552, 'eval_samples_per_second': 138.891, 'eval_steps_per_second': 17.361, 'epoch': 1.0}
{'eval_loss': 1.3234682083129883, 'eval_f1_macro': 0.4760473273771146, 'eval_f1_weighted': 0.5071073080233837, 'eval_precision_macro': 0.5330160766652702, 'eval_recall_macro': 0.5310960591133005, 'eval_accuracy': 0.5648148148148148, 'eval_runtime': 1.529, 'eval_samples_per_second': 141.273, 'eval_steps_per_second': 17.659, 'epoch': 2.0}
  Model             : HubertForSequenceClassification  (962,827,400 params, 962,827,400 trainable)
{'eval_loss': 1.8005834817886353, 'eval_f1_macro': 0.20238554135389195, 'eval_f1_weighted': 0.21394217643625904, 'eval_precision_macro': 0.18586263147643164, 'eval_recall_macro': 0.28802339901477836, 'eval_accuracy': 0.3055555555555556, 'eval_runtime': 1.5213, 'eval_samples_per_second': 141.988, 'eval_steps_per_second': 17.749, 'epoch': 1.0}
  Model             : HubertForSequenceClassification  (962,827,400 params, 962,827,400 trainable)
{'eval_loss': 1.8355871438980103, 'eval_f1_macro': 0.12876897350141497, 'eval_f1_weighted': 0.13559002467865344, 'eval_precision_macro': 0.10135450487012987, 'eval_recall_macro': 0.25415640394088673, 'eval_accuracy': 0.26851851851851855, 'eval_runtime': 1.5181, 'eval_samples_per_second': 142.281, 'eval_steps_per_second': 17.785, 'epoch': 1.0}
  Model             : HubertForSequenceClassification  (962,827,400 params, 962,827,400 trainable)
{'eval_loss': 1.5148826837539673, 'eval_f1_macro': 0.3798983353892256, 'eval_f1_weighted': 0.4038521573343213, 'eval_precision_macro': 0.45374503968253965, 'eval_recall_macro': 0.39516625615763545, 'eval_accuracy': 0.4212962962962963, 'eval_runtime': 1.5272, 'eval_samples_per_second': 141.433, 'eval_steps_per_second': 17.679, 'epoch': 1.0}
  Model             : HubertForSequenceClassification  (962,827,400 params, 962,827,400 trainable)
{'eval_loss': 1.8477104902267456, 'eval_f1_macro': 0.2323000123258967, 'eval_f1_weighted': 0.24686191800083088, 'eval_precision_macro': 0.19262417146919858, 'eval_recall_macro': 0.32604679802955666, 'eval_accuracy': 0.3472222222222222, 'eval_runtime': 1.5345, 'eval_samples_per_second': 140.765, 'eval_steps_per_second': 17.596, 'epoch': 1.0}
  Model             : HubertForSequenceClassification  (962,827,400 params, 962,827,400 trainable)
{'eval_loss': 1.4745630025863647, 'eval_f1_macro': 0.2582474524539131, 'eval_f1_weighted': 0.27325632258918775, 'eval_precision_macro': 0.3608140244049427, 'eval_recall_macro': 0.35806650246305416, 'eval_accuracy': 0.37962962962962965, 'eval_runtime': 1.5387, 'eval_samples_per_second': 140.381, 'eval_steps_per_second': 17.548, 'epoch': 1.0}
{'eval_loss': 0.9687375426292419, 'eval_f1_macro': 0.694677398624767, 'eval_f1_weighted': 0.6951846913104224, 'eval_precision_macro': 0.7326351106696414, 'eval_recall_macro': 0.714378078817734, 'eval_accuracy': 0.7083333333333334, 'eval_runtime': 1.5587, 'eval_samples_per_second': 138.578, 'eval_steps_per_second': 17.322, 'epoch': 2.0}
{'eval_loss': 0.7009049654006958, 'eval_f1_macro': 0.7618644499309333, 'eval_f1_weighted': 0.7695477092471416, 'eval_precision_macro': 0.7690789277980057, 'eval_recall_macro': 0.7798029556650246, 'eval_accuracy': 0.7777777777777778, 'eval_runtime': 1.5327, 'eval_samples_per_second': 140.926, 'eval_steps_per_second': 17.616, 'epoch': 3.0}
{'train_runtime': 68.1427, 'train_samples_per_second': 44.377, 'train_steps_per_second': 5.547, 'train_loss': 1.2779922889023232, 'epoch': 3.0}
  Model             : HubertForSequenceClassification  (962,827,400 params, 962,827,400 trainable)
{'eval_loss': 1.8120478391647339, 'eval_f1_macro': 0.19102000479029155, 'eval_f1_weighted': 0.20386024457647847, 'eval_precision_macro': 0.21129623897229532, 'eval_recall_macro': 0.2650862068965517, 'eval_accuracy': 0.2824074074074074, 'eval_runtime': 1.5198, 'eval_samples_per_second': 142.127, 'eval_steps_per_second': 17.766, 'epoch': 1.0}
  Model             : HubertForSequenceClassification  (962,827,400 params, 962,827,400 trainable)
{'eval_loss': 1.7608213424682617, 'eval_f1_macro': 0.14527325546208317, 'eval_f1_weighted': 0.15309837465620313, 'eval_precision_macro': 0.10631613756613756, 'eval_recall_macro': 0.2626231527093596, 'eval_accuracy': 0.2777777777777778, 'eval_runtime': 1.5423, 'eval_samples_per_second': 140.054, 'eval_steps_per_second': 17.507, 'epoch': 1.0}
  Best f1_macro: 3.8581  |  params: {'learning_rate': 0.00032793161204654653, 'per_device_train_batch_size': 8, 'warmup_ratio': 0.06259061213265944, 'weight_decay': 0.06201754392304891}
  HPO complete. Skipping training (--hpo_only mode).

======================================================================
[4/10]  hubert-xlarge_emodb
  Model  : facebook/hubert-xlarge-ls960-ft
  Dataset: renumics/emodb
  Output : /home/tu/tu_tu/tu_zxord71/asp-project/outputs/hubert-xlarge_emodb

  Loading: renumics/emodb
  Label col : emotion
  Samples   : 535  |  Classes: 7
    0: 127
    1: 81
    2: 46
    3: 69
    4: 71
    5: 79
    6: 62
  Classes   : ['anger', 'boredom', 'disgust', 'fear', 'happiness', 'neutral', 'sadness']
  Split     : 374 train / 80 val / 81 test  (of 535)
  Feature extractor : Wav2Vec2FeatureExtractor  (sr=16000)
  Featurising splits ...
  Model             : HubertForSequenceClassification  (962,827,143 params, 962,827,143 trainable)
  HPO: 20 trials × 3 epochs ...
  Model             : HubertForSequenceClassification  (962,827,143 params, 962,827,143 trainable)
{'eval_loss': 1.601409912109375, 'eval_f1_macro': 0.20070601213458356, 'eval_f1_weighted': 0.24138803088803087, 'eval_precision_macro': 0.23616383616383615, 'eval_recall_macro': 0.24761904761904763, 'eval_accuracy': 0.3375, 'eval_runtime': 0.6856, 'eval_samples_per_second': 116.69, 'eval_steps_per_second': 14.586, 'epoch': 1.0}
{'eval_loss': 0.8948723077774048, 'eval_f1_macro': 0.4750954040152647, 'eval_f1_weighted': 0.5344889663182347, 'eval_precision_macro': 0.4242594007299889, 'eval_recall_macro': 0.5781954887218045, 'eval_accuracy': 0.6375, 'eval_runtime': 0.7276, 'eval_samples_per_second': 109.949, 'eval_steps_per_second': 13.744, 'epoch': 2.0}
{'eval_loss': 0.7126232385635376, 'eval_f1_macro': 0.5979469961237143, 'eval_f1_weighted': 0.6063084603179274, 'eval_precision_macro': 0.6685222672064778, 'eval_recall_macro': 0.673469387755102, 'eval_accuracy': 0.7, 'eval_runtime': 0.6775, 'eval_samples_per_second': 118.082, 'eval_steps_per_second': 14.76, 'epoch': 3.0}
{'train_runtime': 40.6425, 'train_samples_per_second': 27.607, 'train_steps_per_second': 6.939, 'train_loss': 1.2433662144004876, 'epoch': 3.0}
  Model             : HubertForSequenceClassification  (962,827,143 params, 962,827,143 trainable)
{'eval_loss': 1.867456078529358, 'eval_f1_macro': 0.05483405483405483, 'eval_f1_weighted': 0.09116161616161615, 'eval_precision_macro': 0.033928571428571426, 'eval_recall_macro': 0.14285714285714285, 'eval_accuracy': 0.2375, 'eval_runtime': 0.6839, 'eval_samples_per_second': 116.969, 'eval_steps_per_second': 14.621, 'epoch': 1.0}
{'eval_loss': 1.6916992664337158, 'eval_f1_macro': 0.15756440281030445, 'eval_f1_weighted': 0.21995081967213115, 'eval_precision_macro': 0.10973863229502327, 'eval_recall_macro': 0.2857142857142857, 'eval_accuracy': 0.3875, 'eval_runtime': 1.7806, 'eval_samples_per_second': 44.929, 'eval_steps_per_second': 5.616, 'epoch': 2.0}
{'eval_loss': 1.5922119617462158, 'eval_f1_macro': 0.15759637188208617, 'eval_f1_weighted': 0.21825396825396828, 'eval_precision_macro': 0.10930735930735931, 'eval_recall_macro': 0.2857142857142857, 'eval_accuracy': 0.3875, 'eval_runtime': 0.6854, 'eval_samples_per_second': 116.728, 'eval_steps_per_second': 14.591, 'epoch': 3.0}
{'train_runtime': 23.2864, 'train_samples_per_second': 48.183, 'train_steps_per_second': 3.092, 'train_loss': 1.8059705098470051, 'epoch': 3.0}
  Model             : HubertForSequenceClassification  (962,827,143 params, 962,827,143 trainable)
{'eval_loss': 1.510198950767517, 'eval_f1_macro': 0.14915254237288136, 'eval_f1_weighted': 0.20296610169491522, 'eval_precision_macro': 0.10357142857142856, 'eval_recall_macro': 0.2857142857142857, 'eval_accuracy': 0.3625, 'eval_runtime': 0.6822, 'eval_samples_per_second': 117.271, 'eval_steps_per_second': 14.659, 'epoch': 1.0}
{'eval_loss': 1.358404517173767, 'eval_f1_macro': 0.19296404275996112, 'eval_f1_weighted': 0.2680884353741496, 'eval_precision_macro': 0.14857598541809067, 'eval_recall_macro': 0.3, 'eval_accuracy': 0.4, 'eval_runtime': 0.6833, 'eval_samples_per_second': 117.082, 'eval_steps_per_second': 14.635, 'epoch': 2.0}
{'eval_loss': 0.974499523639679, 'eval_f1_macro': 0.40264157837047865, 'eval_f1_weighted': 0.4540834398976982, 'eval_precision_macro': 0.4511939673229996, 'eval_recall_macro': 0.482312925170068, 'eval_accuracy': 0.5625, 'eval_runtime': 0.6848, 'eval_samples_per_second': 116.826, 'eval_steps_per_second': 14.603, 'epoch': 3.0}
{'train_runtime': 21.6122, 'train_samples_per_second': 51.915, 'train_steps_per_second': 3.331, 'train_loss': 1.4925132327609592, 'epoch': 3.0}
  Model             : HubertForSequenceClassification  (962,827,143 params, 962,827,143 trainable)
{'eval_loss': 1.7259124517440796, 'eval_f1_macro': 0.16036866359447005, 'eval_f1_weighted': 0.23032258064516128, 'eval_precision_macro': 0.12637362637362637, 'eval_recall_macro': 0.2781954887218045, 'eval_accuracy': 0.35, 'eval_runtime': 0.6795, 'eval_samples_per_second': 117.737, 'eval_steps_per_second': 14.717, 'epoch': 1.0}
{'eval_loss': 1.2598145008087158, 'eval_f1_macro': 0.3187830687830688, 'eval_f1_weighted': 0.3612268518518519, 'eval_precision_macro': 0.3930272108843537, 'eval_recall_macro': 0.40612244897959177, 'eval_accuracy': 0.4875, 'eval_runtime': 0.6757, 'eval_samples_per_second': 118.389, 'eval_steps_per_second': 14.799, 'epoch': 2.0}
{'eval_loss': 0.9347854852676392, 'eval_f1_macro': 0.5423489432820033, 'eval_f1_weighted': 0.5627995938856898, 'eval_precision_macro': 0.6976928601352564, 'eval_recall_macro': 0.5693877551020408, 'eval_accuracy': 0.625, 'eval_runtime': 0.6844, 'eval_samples_per_second': 116.898, 'eval_steps_per_second': 14.612, 'epoch': 3.0}
{'train_runtime': 21.6535, 'train_samples_per_second': 51.816, 'train_steps_per_second': 3.325, 'train_loss': 1.3918571472167969, 'epoch': 3.0}
  Model             : HubertForSequenceClassification  (962,827,143 params, 962,827,143 trainable)
{'eval_loss': 1.6851211786270142, 'eval_f1_macro': 0.15892857142857145, 'eval_f1_weighted': 0.22906250000000003, 'eval_precision_macro': 0.12535612535612534, 'eval_recall_macro': 0.2781954887218045, 'eval_accuracy': 0.35, 'eval_runtime': 0.6835, 'eval_samples_per_second': 117.052, 'eval_steps_per_second': 14.631, 'epoch': 1.0}
{'eval_loss': 1.099938988685608, 'eval_f1_macro': 0.4163413760883044, 'eval_f1_weighted': 0.4788686655663549, 'eval_precision_macro': 0.34835006263577695, 'eval_recall_macro': 0.5353383458646617, 'eval_accuracy': 0.6, 'eval_runtime': 0.6743, 'eval_samples_per_second': 118.647, 'eval_steps_per_second': 14.831, 'epoch': 2.0}
{'eval_loss': 0.788067638874054, 'eval_f1_macro': 0.5062485759854181, 'eval_f1_weighted': 0.5358128987240829, 'eval_precision_macro': 0.6104458759631174, 'eval_recall_macro': 0.5680272108843537, 'eval_accuracy': 0.625, 'eval_runtime': 0.6764, 'eval_samples_per_second': 118.275, 'eval_steps_per_second': 14.784, 'epoch': 3.0}
{'train_runtime': 37.7197, 'train_samples_per_second': 29.746, 'train_steps_per_second': 7.476, 'train_loss': 1.4580834571351395, 'epoch': 3.0}
  Model             : HubertForSequenceClassification  (962,827,143 params, 962,827,143 trainable)
{'eval_loss': 1.6633789539337158, 'eval_f1_macro': 0.1615391765033925, 'eval_f1_weighted': 0.23235198438516588, 'eval_precision_macro': 0.11709901351845087, 'eval_recall_macro': 0.2857142857142857, 'eval_accuracy': 0.3875, 'eval_runtime': 0.6877, 'eval_samples_per_second': 116.323, 'eval_steps_per_second': 14.54, 'epoch': 1.0}
{'eval_loss': 1.477301001548767, 'eval_f1_macro': 0.16043083900226757, 'eval_f1_weighted': 0.22782738095238098, 'eval_precision_macro': 0.1141753998896856, 'eval_recall_macro': 0.2857142857142857, 'eval_accuracy': 0.3875, 'eval_runtime': 0.7003, 'eval_samples_per_second': 114.234, 'eval_steps_per_second': 14.279, 'epoch': 2.0}
  Model             : HubertForSequenceClassification  (962,827,143 params, 962,827,143 trainable)
{'eval_loss': 1.721459984779358, 'eval_f1_macro': 0.13108320251177394, 'eval_f1_weighted': 0.17417582417582417, 'eval_precision_macro': 0.12698412698412698, 'eval_recall_macro': 0.20238095238095238, 'eval_accuracy': 0.3, 'eval_runtime': 0.6754, 'eval_samples_per_second': 118.444, 'eval_steps_per_second': 14.805, 'epoch': 1.0}
{'eval_loss': 1.2899963855743408, 'eval_f1_macro': 0.2874385526568351, 'eval_f1_weighted': 0.33400002277333696, 'eval_precision_macro': 0.2636587550380654, 'eval_recall_macro': 0.38571428571428573, 'eval_accuracy': 0.475, 'eval_runtime': 0.6938, 'eval_samples_per_second': 115.304, 'eval_steps_per_second': 14.413, 'epoch': 2.0}
{'eval_loss': 1.1106231212615967, 'eval_f1_macro': 0.40763007905865045, 'eval_f1_weighted': 0.44414253539253534, 'eval_precision_macro': 0.42048780487804877, 'eval_recall_macro': 0.4857142857142857, 'eval_accuracy': 0.5625, 'eval_runtime': 0.721, 'eval_samples_per_second': 110.962, 'eval_steps_per_second': 13.87, 'epoch': 3.0}
{'train_runtime': 25.9432, 'train_samples_per_second': 43.248, 'train_steps_per_second': 5.435, 'train_loss': 1.5535848631081006, 'epoch': 3.0}
  Model             : HubertForSequenceClassification  (962,827,143 params, 962,827,143 trainable)
{'eval_loss': 1.891015648841858, 'eval_f1_macro': 0.05483405483405483, 'eval_f1_weighted': 0.09116161616161615, 'eval_precision_macro': 0.033928571428571426, 'eval_recall_macro': 0.14285714285714285, 'eval_accuracy': 0.2375, 'eval_runtime': 0.6867, 'eval_samples_per_second': 116.495, 'eval_steps_per_second': 14.562, 'epoch': 1.0}
  Model             : HubertForSequenceClassification  (962,827,143 params, 962,827,143 trainable)
{'eval_loss': 1.63311767578125, 'eval_f1_macro': 0.2074829931972789, 'eval_f1_weighted': 0.2636904761904762, 'eval_precision_macro': 0.15659340659340662, 'eval_recall_macro': 0.3190476190476191, 'eval_accuracy': 0.4, 'eval_runtime': 0.6746, 'eval_samples_per_second': 118.595, 'eval_steps_per_second': 14.824, 'epoch': 1.0}
{'eval_loss': 1.2094634771347046, 'eval_f1_macro': 0.3020488573680063, 'eval_f1_weighted': 0.35622537431048074, 'eval_precision_macro': 0.25510204081632654, 'eval_recall_macro': 0.41428571428571426, 'eval_accuracy': 0.5, 'eval_runtime': 0.6938, 'eval_samples_per_second': 115.307, 'eval_steps_per_second': 14.413, 'epoch': 2.0}
{'eval_loss': 1.111358642578125, 'eval_f1_macro': 0.4288158899923606, 'eval_f1_weighted': 0.47571390374331546, 'eval_precision_macro': 0.3987820934825543, 'eval_recall_macro': 0.5142857142857142, 'eval_accuracy': 0.5875, 'eval_runtime': 0.6863, 'eval_samples_per_second': 116.568, 'eval_steps_per_second': 14.571, 'epoch': 3.0}
{'train_runtime': 21.6922, 'train_samples_per_second': 51.724, 'train_steps_per_second': 3.319, 'train_loss': 1.501477771335178, 'epoch': 3.0}
  Model             : HubertForSequenceClassification  (962,827,143 params, 962,827,143 trainable)
{'eval_loss': 1.834680199623108, 'eval_f1_macro': 0.05483405483405483, 'eval_f1_weighted': 0.09116161616161615, 'eval_precision_macro': 0.033928571428571426, 'eval_recall_macro': 0.14285714285714285, 'eval_accuracy': 0.2375, 'eval_runtime': 0.6766, 'eval_samples_per_second': 118.238, 'eval_steps_per_second': 14.78, 'epoch': 1.0}
  Model             : HubertForSequenceClassification  (962,827,143 params, 962,827,143 trainable)
{'eval_loss': 1.9071776866912842, 'eval_f1_macro': 0.05483405483405483, 'eval_f1_weighted': 0.09116161616161615, 'eval_precision_macro': 0.033928571428571426, 'eval_recall_macro': 0.14285714285714285, 'eval_accuracy': 0.2375, 'eval_runtime': 0.6814, 'eval_samples_per_second': 117.411, 'eval_steps_per_second': 14.676, 'epoch': 1.0}
  Model             : HubertForSequenceClassification  (962,827,143 params, 962,827,143 trainable)
{'eval_loss': 1.5988037586212158, 'eval_f1_macro': 0.14845154845154845, 'eval_f1_weighted': 0.19566433566433566, 'eval_precision_macro': 0.1010230179028133, 'eval_recall_macro': 0.2857142857142857, 'eval_accuracy': 0.3625, 'eval_runtime': 0.6846, 'eval_samples_per_second': 116.862, 'eval_steps_per_second': 14.608, 'epoch': 1.0}
  Model             : HubertForSequenceClassification  (962,827,143 params, 962,827,143 trainable)
{'eval_loss': 1.4943115711212158, 'eval_f1_macro': 0.14951834392293503, 'eval_f1_weighted': 0.19369619799139168, 'eval_precision_macro': 0.10147653531458665, 'eval_recall_macro': 0.2857142857142857, 'eval_accuracy': 0.3625, 'eval_runtime': 0.693, 'eval_samples_per_second': 115.441, 'eval_steps_per_second': 14.43, 'epoch': 1.0}
  Model             : HubertForSequenceClassification  (962,827,143 params, 962,827,143 trainable)
{'eval_loss': 1.7113250494003296, 'eval_f1_macro': 0.1628913721936978, 'eval_f1_weighted': 0.23671599718111347, 'eval_precision_macro': 0.1326530612244898, 'eval_recall_macro': 0.2781954887218045, 'eval_accuracy': 0.35, 'eval_runtime': 0.6763, 'eval_samples_per_second': 118.289, 'eval_steps_per_second': 14.786, 'epoch': 1.0}
{'eval_loss': 1.345434546470642, 'eval_f1_macro': 0.3848496282247659, 'eval_f1_weighted': 0.4224363459329613, 'eval_precision_macro': 0.3643939393939394, 'eval_recall_macro': 0.45000000000000007, 'eval_accuracy': 0.525, 'eval_runtime': 0.6797, 'eval_samples_per_second': 117.692, 'eval_steps_per_second': 14.712, 'epoch': 2.0}
{'eval_loss': 0.8612442016601562, 'eval_f1_macro': 0.5832625372072974, 'eval_f1_weighted': 0.5959550240077529, 'eval_precision_macro': 0.6255188910468413, 'eval_recall_macro': 0.6469387755102041, 'eval_accuracy': 0.6875, 'eval_runtime': 0.6801, 'eval_samples_per_second': 117.634, 'eval_steps_per_second': 14.704, 'epoch': 3.0}
{'train_runtime': 21.7433, 'train_samples_per_second': 51.602, 'train_steps_per_second': 3.311, 'train_loss': 1.4893293380737305, 'epoch': 3.0}
  Model             : HubertForSequenceClassification  (962,827,143 params, 962,827,143 trainable)
{'eval_loss': 1.705651879310608, 'eval_f1_macro': 0.2098124098124098, 'eval_f1_weighted': 0.2724242424242424, 'eval_precision_macro': 0.2590702947845805, 'eval_recall_macro': 0.31428571428571433, 'eval_accuracy': 0.4125, 'eval_runtime': 0.6802, 'eval_samples_per_second': 117.606, 'eval_steps_per_second': 14.701, 'epoch': 1.0}
{'eval_loss': 1.3272521495819092, 'eval_f1_macro': 0.15776975683890576, 'eval_f1_weighted': 0.21761136968085104, 'eval_precision_macro': 0.10929705215419501, 'eval_recall_macro': 0.2857142857142857, 'eval_accuracy': 0.3875, 'eval_runtime': 0.6911, 'eval_samples_per_second': 115.764, 'eval_steps_per_second': 14.47, 'epoch': 2.0}
  Model             : HubertForSequenceClassification  (962,827,143 params, 962,827,143 trainable)
{'eval_loss': 1.547094702720642, 'eval_f1_macro': 0.1716746272977276, 'eval_f1_weighted': 0.2250367274569402, 'eval_precision_macro': 0.17624070063094452, 'eval_recall_macro': 0.29761904761904756, 'eval_accuracy': 0.375, 'eval_runtime': 0.6823, 'eval_samples_per_second': 117.252, 'eval_steps_per_second': 14.657, 'epoch': 1.0}
{'eval_loss': 1.507537841796875, 'eval_f1_macro': 0.27239709443099275, 'eval_f1_weighted': 0.3385169491525424, 'eval_precision_macro': 0.3210895487491232, 'eval_recall_macro': 0.3496240601503759, 'eval_accuracy': 0.4375, 'eval_runtime': 0.6875, 'eval_samples_per_second': 116.368, 'eval_steps_per_second': 14.546, 'epoch': 2.0}
  Model             : HubertForSequenceClassification  (962,827,143 params, 962,827,143 trainable)
{'eval_loss': 1.3674805164337158, 'eval_f1_macro': 0.19065934065934068, 'eval_f1_weighted': 0.23884615384615387, 'eval_precision_macro': 0.17805383022774326, 'eval_recall_macro': 0.3095238095238096, 'eval_accuracy': 0.3875, 'eval_runtime': 0.6886, 'eval_samples_per_second': 116.174, 'eval_steps_per_second': 14.522, 'epoch': 1.0}
{'eval_loss': 0.8145706057548523, 'eval_f1_macro': 0.5603591374033984, 'eval_f1_weighted': 0.5871884637826124, 'eval_precision_macro': 0.5878446115288221, 'eval_recall_macro': 0.6332975295381311, 'eval_accuracy': 0.675, 'eval_runtime': 0.6732, 'eval_samples_per_second': 118.842, 'eval_steps_per_second': 14.855, 'epoch': 2.0}
{'eval_loss': 0.7013694643974304, 'eval_f1_macro': 0.6020013802622498, 'eval_f1_weighted': 0.6038940648723258, 'eval_precision_macro': 0.5347222222222222, 'eval_recall_macro': 0.7023809523809523, 'eval_accuracy': 0.7125, 'eval_runtime': 0.6922, 'eval_samples_per_second': 115.574, 'eval_steps_per_second': 14.447, 'epoch': 3.0}
{'train_runtime': 37.9845, 'train_samples_per_second': 29.538, 'train_steps_per_second': 7.424, 'train_loss': 1.2579154156624002, 'epoch': 3.0}
  Model             : HubertForSequenceClassification  (962,827,143 params, 962,827,143 trainable)
{'eval_loss': 1.9081695079803467, 'eval_f1_macro': 0.18431568431568432, 'eval_f1_weighted': 0.25358391608391606, 'eval_precision_macro': 0.21122448979591837, 'eval_recall_macro': 0.2774436090225564, 'eval_accuracy': 0.3375, 'eval_runtime': 0.6833, 'eval_samples_per_second': 117.082, 'eval_steps_per_second': 14.635, 'epoch': 1.0}
  Model             : HubertForSequenceClassification  (962,827,143 params, 962,827,143 trainable)
{'eval_loss': 1.3169952630996704, 'eval_f1_macro': 0.30659340659340656, 'eval_f1_weighted': 0.3507692307692307, 'eval_precision_macro': 0.31711822660098526, 'eval_recall_macro': 0.39285714285714285, 'eval_accuracy': 0.4625, 'eval_runtime': 0.6816, 'eval_samples_per_second': 117.379, 'eval_steps_per_second': 14.672, 'epoch': 1.0}
{'eval_loss': 0.903240978717804, 'eval_f1_macro': 0.5314324853966798, 'eval_f1_weighted': 0.5732650954837656, 'eval_precision_macro': 0.4948194662480377, 'eval_recall_macro': 0.6067669172932331, 'eval_accuracy': 0.6625, 'eval_runtime': 0.6996, 'eval_samples_per_second': 114.352, 'eval_steps_per_second': 14.294, 'epoch': 2.0}
{'eval_loss': 0.6444366574287415, 'eval_f1_macro': 0.6596784168212739, 'eval_f1_weighted': 0.6630411255411255, 'eval_precision_macro': 0.6852706299911269, 'eval_recall_macro': 0.7026852846401719, 'eval_accuracy': 0.725, 'eval_runtime': 0.6876, 'eval_samples_per_second': 116.35, 'eval_steps_per_second': 14.544, 'epoch': 3.0}
{'train_runtime': 37.7888, 'train_samples_per_second': 29.691, 'train_steps_per_second': 7.463, 'train_loss': 1.24627988558289, 'epoch': 3.0}
  Model             : HubertForSequenceClassification  (962,827,143 params, 962,827,143 trainable)
{'eval_loss': 1.83441162109375, 'eval_f1_macro': 0.05483405483405483, 'eval_f1_weighted': 0.09116161616161615, 'eval_precision_macro': 0.033928571428571426, 'eval_recall_macro': 0.14285714285714285, 'eval_accuracy': 0.2375, 'eval_runtime': 0.6777, 'eval_samples_per_second': 118.04, 'eval_steps_per_second': 14.755, 'epoch': 1.0}
  Best f1_macro: 3.4357  |  params: {'learning_rate': 9.568500026873492e-05, 'per_device_train_batch_size': 4, 'warmup_ratio': 0.0836491002059612, 'weight_decay': 0.08800181956668994}
  HPO complete. Skipping training (--hpo_only mode).

======================================================================
[5/10]  emotion2vec-base_ravdess
  Model  : emotion2vec/emotion2vec_plus_base
  Dataset: xbgoose/ravdess
  Output : /home/tu/tu_tu/tu_zxord71/asp-project/outputs/emotion2vec-base_ravdess

  Loading: xbgoose/ravdess
  Label col : emotion
  Samples   : 1,440  |  Classes: 8
    angry: 192
    calm: 192
    disgust: 192
    fearful: 192
    happy: 192
    neutral: 96
    sad: 192
    surprised: 192
  Classes   : ['angry', 'calm', 'disgust', 'fearful', 'happy', 'neutral', 'sad', 'surprised']
  Split     : 1,008 train / 216 val / 216 test  (of 1,440)
  AutoFeatureExtractor failed (Can't load feature extractor for 'emotion2vec/emotion2vec_plus_base'. If you were trying to load it from 'https://huggingface.co/models', make sure you don't have a local directory with the same name. Otherwise, make sure 'emotion2vec/emotion2vec_plus_base' is the correct path to a directory containing a preprocessor_config.json file), falling back to wav2vec2-base extractor.
  Featurising splits ...
  AutoModelForAudioClassification failed (Unrecognized model in emotion2vec/emotion2vec_plus_base. Should have a `model_type` key in its config.json, or contain one of the following strings in its name: aimv2, aimv2_vision_model, albert, align, altclip, apertus, arcee, aria, aria_text, audio-spectrogram-transformer, autoformer, aya_vision, bamba, bark, bart, beit, bert, bert-generation, big_bird, bigbird_pegasus, biogpt, bit, bitnet, blenderbot, blenderbot-small, blip, blip-2, blip_2_qformer, bloom, blt, bridgetower, bros, camembert, canine, chameleon, chinese_clip, chinese_clip_vision_model, clap, clip, clip_text_model, clip_vision_model, clipseg, clvp, code_llama, codegen, cohere, cohere2, cohere2_vision, colpali, colqwen2, conditional_detr, convbert, convnext, convnextv2, cpmant, csm, ctrl, cvt, d_fine, dab-detr, dac, data2vec-audio, data2vec-text, data2vec-vision, dbrx, deberta, deberta-v2, decision_transformer, deepseek_v2, deepseek_v3, deepseek_vl, deepseek_vl_hybrid, deformable_detr, deit, depth_anything, depth_pro, deta, detr, dia, diffllama, dinat, dinov2, dinov2_with_registers, dinov3_convnext, dinov3_vit, distilbert, doge, donut-swin, dots1, dpr, dpt, edgetam, edgetam_video, edgetam_vision_model, efficientformer, efficientloftr, efficientnet, electra, emu3, encodec, encoder-decoder, eomt, ernie, ernie4_5, ernie4_5_moe, ernie_m, esm, evolla, exaone4, falcon, falcon_h1, falcon_mamba, fastspeech2_conformer, fastspeech2_conformer_with_hifigan, flaubert, flava, flex_olmo, florence2, fnet, focalnet, fsmt, funnel, fuyu, gemma, gemma2, gemma3, gemma3_text, gemma3n, gemma3n_audio, gemma3n_text, gemma3n_vision, git, glm, glm4, glm4_moe, glm4v, glm4v_moe, glm4v_moe_text, glm4v_text, glpn, got_ocr2, gpt-sw3, gpt2, gpt_bigcode, gpt_neo, gpt_neox, gpt_neox_japanese, gpt_oss, gptj, gptsan-japanese, granite, granite_speech, granitemoe, granitemoehybrid, granitemoeshared, granitevision, graphormer, grounding-dino, groupvit, helium, hgnet_v2, hiera, hubert, hunyuan_v1_dense, hunyuan_v1_moe, ibert, idefics, idefics2, idefics3, idefics3_vision, ijepa, imagegpt, informer, instructblip, instructblipvideo, internvl, internvl_vision, jamba, janus, jetmoe, jukebox, kosmos-2, kosmos-2.5, kyutai_speech_to_text, layoutlm, layoutlmv2, layoutlmv3, led, levit, lfm2, lfm2_vl, lightglue, lilt, llama, llama4, llama4_text, llava, llava_next, llava_next_video, llava_onevision, longcat_flash, longformer, longt5, luke, lxmert, m2m_100, mamba, mamba2, marian, markuplm, mask2former, maskformer, maskformer-swin, mbart, mctct, mega, megatron-bert, metaclip_2, mgp-str, mimi, minimax, ministral, mistral, mistral3, mixtral, mlcd, mllama, mm-grounding-dino, mobilebert, mobilenet_v1, mobilenet_v2, mobilevit, mobilevitv2, modernbert, modernbert-decoder, moonshine, moshi, mpnet, mpt, mra, mt5, musicgen, musicgen_melody, mvp, nat, nemotron, nezha, nllb-moe, nougat, nystromformer, olmo, olmo2, olmo3, olmoe, omdet-turbo, oneformer, open-llama, openai-gpt, opt, ovis2, owlv2, owlvit, paligemma, parakeet_ctc, parakeet_encoder, patchtsmixer, patchtst, pegasus, pegasus_x, perceiver, perception_encoder, perception_lm, persimmon, phi, phi3, phi4_multimodal, phimoe, pix2struct, pixtral, plbart, poolformer, pop2piano, prompt_depth_anything, prophetnet, pvt, pvt_v2, qdqbert, qwen2, qwen2_5_omni, qwen2_5_vl, qwen2_5_vl_text, qwen2_audio, qwen2_audio_encoder, qwen2_moe, qwen2_vl, qwen2_vl_text, qwen3, qwen3_moe, qwen3_next, qwen3_omni_moe, qwen3_vl, qwen3_vl_moe, qwen3_vl_moe_text, qwen3_vl_text, rag, realm, recurrent_gemma, reformer, regnet, rembert, resnet, retribert, roberta, roberta-prelayernorm, roc_bert, roformer, rt_detr, rt_detr_resnet, rt_detr_v2, rwkv, sam, sam2, sam2_hiera_det_model, sam2_video, sam2_vision_model, sam_hq, sam_hq_vision_model, sam_vision_model, seamless_m4t, seamless_m4t_v2, seed_oss, segformer, seggpt, sew, sew-d, shieldgemma2, siglip, siglip2, siglip2_vision_model, siglip_vision_model, smollm3, smolvlm, smolvlm_vision, speech-encoder-decoder, speech_to_text, speech_to_text_2, speecht5, splinter, squeezebert, stablelm, starcoder2, superglue, superpoint, swiftformer, swin, swin2sr, swinv2, switch_transformers, t5, t5gemma, table-transformer, tapas, textnet, time_series_transformer, timesfm, timesformer, timm_backbone, timm_wrapper, trajectory_transformer, transfo-xl, trocr, tvlt, tvp, udop, umt5, unispeech, unispeech-sat, univnet, upernet, van, vaultgemma, video_llava, videomae, vilt, vipllava, vision-encoder-decoder, vision-text-dual-encoder, visual_bert, vit, vit_hybrid, vit_mae, vit_msn, vitdet, vitmatte, vitpose, vitpose_backbone, vits, vivit, vjepa2, voxtral, voxtral_encoder, wav2vec2, wav2vec2-bert, wav2vec2-conformer, wavlm, whisper, xclip, xcodec, xglm, xlm, xlm-prophetnet, xlm-roberta, xlm-roberta-xl, xlnet, xlstm, xmod, yolos, yoso, zamba, zamba2, zoedepth), trying Wav2Vec2ForSequenceClassification.

ERROR in emotion2vec-base_ravdess:
Traceback (most recent call last):
  File "/home/tu/tu_tu/tu_zxord71/asp-project/experiments/pipeline/model.py", line 33, in load_model
    model = AutoModelForAudioClassification.from_pretrained(
            ^^^^^^^^^^^^^^^^^^^^^^^^^^^^^^^^^^^^^^^^^^^^^^^^
  File "/home/tu/tu_tu/tu_zxord71/asp-project/.venv/lib64/python3.11/site-packages/transformers/models/auto/auto_factory.py", line 549, in from_pretrained
    config, kwargs = AutoConfig.from_pretrained(
                     ^^^^^^^^^^^^^^^^^^^^^^^^^^^
  File "/home/tu/tu_tu/tu_zxord71/asp-project/.venv/lib64/python3.11/site-packages/transformers/models/auto/configuration_auto.py", line 1380, in from_pretrained
    raise ValueError(
ValueError: Unrecognized model in emotion2vec/emotion2vec_plus_base. Should have a `model_type` key in its config.json, or contain one of the following strings in its name: aimv2, aimv2_vision_model, albert, align, altclip, apertus, arcee, aria, aria_text, audio-spectrogram-transformer, autoformer, aya_vision, bamba, bark, bart, beit, bert, bert-generation, big_bird, bigbird_pegasus, biogpt, bit, bitnet, blenderbot, blenderbot-small, blip, blip-2, blip_2_qformer, bloom, blt, bridgetower, bros, camembert, canine, chameleon, chinese_clip, chinese_clip_vision_model, clap, clip, clip_text_model, clip_vision_model, clipseg, clvp, code_llama, codegen, cohere, cohere2, cohere2_vision, colpali, colqwen2, conditional_detr, convbert, convnext, convnextv2, cpmant, csm, ctrl, cvt, d_fine, dab-detr, dac, data2vec-audio, data2vec-text, data2vec-vision, dbrx, deberta, deberta-v2, decision_transformer, deepseek_v2, deepseek_v3, deepseek_vl, deepseek_vl_hybrid, deformable_detr, deit, depth_anything, depth_pro, deta, detr, dia, diffllama, dinat, dinov2, dinov2_with_registers, dinov3_convnext, dinov3_vit, distilbert, doge, donut-swin, dots1, dpr, dpt, edgetam, edgetam_video, edgetam_vision_model, efficientformer, efficientloftr, efficientnet, electra, emu3, encodec, encoder-decoder, eomt, ernie, ernie4_5, ernie4_5_moe, ernie_m, esm, evolla, exaone4, falcon, falcon_h1, falcon_mamba, fastspeech2_conformer, fastspeech2_conformer_with_hifigan, flaubert, flava, flex_olmo, florence2, fnet, focalnet, fsmt, funnel, fuyu, gemma, gemma2, gemma3, gemma3_text, gemma3n, gemma3n_audio, gemma3n_text, gemma3n_vision, git, glm, glm4, glm4_moe, glm4v, glm4v_moe, glm4v_moe_text, glm4v_text, glpn, got_ocr2, gpt-sw3, gpt2, gpt_bigcode, gpt_neo, gpt_neox, gpt_neox_japanese, gpt_oss, gptj, gptsan-japanese, granite, granite_speech, granitemoe, granitemoehybrid, granitemoeshared, granitevision, graphormer, grounding-dino, groupvit, helium, hgnet_v2, hiera, hubert, hunyuan_v1_dense, hunyuan_v1_moe, ibert, idefics, idefics2, idefics3, idefics3_vision, ijepa, imagegpt, informer, instructblip, instructblipvideo, internvl, internvl_vision, jamba, janus, jetmoe, jukebox, kosmos-2, kosmos-2.5, kyutai_speech_to_text, layoutlm, layoutlmv2, layoutlmv3, led, levit, lfm2, lfm2_vl, lightglue, lilt, llama, llama4, llama4_text, llava, llava_next, llava_next_video, llava_onevision, longcat_flash, longformer, longt5, luke, lxmert, m2m_100, mamba, mamba2, marian, markuplm, mask2former, maskformer, maskformer-swin, mbart, mctct, mega, megatron-bert, metaclip_2, mgp-str, mimi, minimax, ministral, mistral, mistral3, mixtral, mlcd, mllama, mm-grounding-dino, mobilebert, mobilenet_v1, mobilenet_v2, mobilevit, mobilevitv2, modernbert, modernbert-decoder, moonshine, moshi, mpnet, mpt, mra, mt5, musicgen, musicgen_melody, mvp, nat, nemotron, nezha, nllb-moe, nougat, nystromformer, olmo, olmo2, olmo3, olmoe, omdet-turbo, oneformer, open-llama, openai-gpt, opt, ovis2, owlv2, owlvit, paligemma, parakeet_ctc, parakeet_encoder, patchtsmixer, patchtst, pegasus, pegasus_x, perceiver, perception_encoder, perception_lm, persimmon, phi, phi3, phi4_multimodal, phimoe, pix2struct, pixtral, plbart, poolformer, pop2piano, prompt_depth_anything, prophetnet, pvt, pvt_v2, qdqbert, qwen2, qwen2_5_omni, qwen2_5_vl, qwen2_5_vl_text, qwen2_audio, qwen2_audio_encoder, qwen2_moe, qwen2_vl, qwen2_vl_text, qwen3, qwen3_moe, qwen3_next, qwen3_omni_moe, qwen3_vl, qwen3_vl_moe, qwen3_vl_moe_text, qwen3_vl_text, rag, realm, recurrent_gemma, reformer, regnet, rembert, resnet, retribert, roberta, roberta-prelayernorm, roc_bert, roformer, rt_detr, rt_detr_resnet, rt_detr_v2, rwkv, sam, sam2, sam2_hiera_det_model, sam2_video, sam2_vision_model, sam_hq, sam_hq_vision_model, sam_vision_model, seamless_m4t, seamless_m4t_v2, seed_oss, segformer, seggpt, sew, sew-d, shieldgemma2, siglip, siglip2, siglip2_vision_model, siglip_vision_model, smollm3, smolvlm, smolvlm_vision, speech-encoder-decoder, speech_to_text, speech_to_text_2, speecht5, splinter, squeezebert, stablelm, starcoder2, superglue, superpoint, swiftformer, swin, swin2sr, swinv2, switch_transformers, t5, t5gemma, table-transformer, tapas, textnet, time_series_transformer, timesfm, timesformer, timm_backbone, timm_wrapper, trajectory_transformer, transfo-xl, trocr, tvlt, tvp, udop, umt5, unispeech, unispeech-sat, univnet, upernet, van, vaultgemma, video_llava, videomae, vilt, vipllava, vision-encoder-decoder, vision-text-dual-encoder, visual_bert, vit, vit_hybrid, vit_mae, vit_msn, vitdet, vitmatte, vitpose, vitpose_backbone, vits, vivit, vjepa2, voxtral, voxtral_encoder, wav2vec2, wav2vec2-bert, wav2vec2-conformer, wavlm, whisper, xclip, xcodec, xglm, xlm, xlm-prophetnet, xlm-roberta, xlm-roberta-xl, xlnet, xlstm, xmod, yolos, yoso, zamba, zamba2, zoedepth

During handling of the above exception, another exception occurred:

Traceback (most recent call last):
  File "/home/tu/tu_tu/tu_zxord71/asp-project/experiments/pipeline/model.py", line 40, in load_model
    model = Wav2Vec2ForSequenceClassification.from_pretrained(hf_name, **kwargs)
            ^^^^^^^^^^^^^^^^^^^^^^^^^^^^^^^^^^^^^^^^^^^^^^^^^^^^^^^^^^^^^^^^^^^^
  File "/home/tu/tu_tu/tu_zxord71/asp-project/.venv/lib64/python3.11/site-packages/transformers/modeling_utils.py", line 277, in _wrapper
    return func(*args, **kwargs)
           ^^^^^^^^^^^^^^^^^^^^^
  File "/home/tu/tu_tu/tu_zxord71/asp-project/.venv/lib64/python3.11/site-packages/transformers/modeling_utils.py", line 4900, in from_pretrained
    checkpoint_files, sharded_metadata = _get_resolved_checkpoint_files(
                                         ^^^^^^^^^^^^^^^^^^^^^^^^^^^^^^^
  File "/home/tu/tu_tu/tu_zxord71/asp-project/.venv/lib64/python3.11/site-packages/transformers/modeling_utils.py", line 1148, in _get_resolved_checkpoint_files
    raise OSError(
OSError: emotion2vec/emotion2vec_plus_base does not appear to have a file named pytorch_model.bin, model.safetensors, tf_model.h5, model.ckpt or flax_model.msgpack.

The above exception was the direct cause of the following exception:

Traceback (most recent call last):
  File "/home/tu/tu_tu/tu_zxord71/asp-project/experiments/run_all.py", line 267, in main
    metrics = run_experiment(
              ^^^^^^^^^^^^^^^
  File "/home/tu/tu_tu/tu_zxord71/asp-project/experiments/run_all.py", line 132, in run_experiment
    best = run_hpo(
           ^^^^^^^^
  File "/home/tu/tu_tu/tu_zxord71/asp-project/experiments/pipeline/trainer_utils.py", line 84, in run_hpo
    trainer = Trainer(
              ^^^^^^^^
  File "/home/tu/tu_tu/tu_zxord71/asp-project/.venv/lib64/python3.11/site-packages/transformers/utils/deprecation.py", line 172, in wrapped_func
    return func(*args, **kwargs)
           ^^^^^^^^^^^^^^^^^^^^^
  File "/home/tu/tu_tu/tu_zxord71/asp-project/.venv/lib64/python3.11/site-packages/transformers/trainer.py", line 474, in __init__
    model = self.call_model_init()
            ^^^^^^^^^^^^^^^^^^^^^^
  File "/home/tu/tu_tu/tu_zxord71/asp-project/.venv/lib64/python3.11/site-packages/transformers/trainer.py", line 1987, in call_model_init
    model = self.model_init(trial)
            ^^^^^^^^^^^^^^^^^^^^^^
  File "/home/tu/tu_tu/tu_zxord71/asp-project/experiments/pipeline/trainer_utils.py", line 61, in model_init
    return load_model(hf_name, num_labels, id2label, label2id)
           ^^^^^^^^^^^^^^^^^^^^^^^^^^^^^^^^^^^^^^^^^^^^^^^^^^^
  File "/home/tu/tu_tu/tu_zxord71/asp-project/experiments/pipeline/model.py", line 42, in load_model
    raise RuntimeError(
RuntimeError: Could not load model 'emotion2vec/emotion2vec_plus_base'.
  Attempt 1: Unrecognized model in emotion2vec/emotion2vec_plus_base. Should have a `model_type` key in its config.json, or contain one of the following strings in its name: aimv2, aimv2_vision_model, albert, align, altclip, apertus, arcee, aria, aria_text, audio-spectrogram-transformer, autoformer, aya_vision, bamba, bark, bart, beit, bert, bert-generation, big_bird, bigbird_pegasus, biogpt, bit, bitnet, blenderbot, blenderbot-small, blip, blip-2, blip_2_qformer, bloom, blt, bridgetower, bros, camembert, canine, chameleon, chinese_clip, chinese_clip_vision_model, clap, clip, clip_text_model, clip_vision_model, clipseg, clvp, code_llama, codegen, cohere, cohere2, cohere2_vision, colpali, colqwen2, conditional_detr, convbert, convnext, convnextv2, cpmant, csm, ctrl, cvt, d_fine, dab-detr, dac, data2vec-audio, data2vec-text, data2vec-vision, dbrx, deberta, deberta-v2, decision_transformer, deepseek_v2, deepseek_v3, deepseek_vl, deepseek_vl_hybrid, deformable_detr, deit, depth_anything, depth_pro, deta, detr, dia, diffllama, dinat, dinov2, dinov2_with_registers, dinov3_convnext, dinov3_vit, distilbert, doge, donut-swin, dots1, dpr, dpt, edgetam, edgetam_video, edgetam_vision_model, efficientformer, efficientloftr, efficientnet, electra, emu3, encodec, encoder-decoder, eomt, ernie, ernie4_5, ernie4_5_moe, ernie_m, esm, evolla, exaone4, falcon, falcon_h1, falcon_mamba, fastspeech2_conformer, fastspeech2_conformer_with_hifigan, flaubert, flava, flex_olmo, florence2, fnet, focalnet, fsmt, funnel, fuyu, gemma, gemma2, gemma3, gemma3_text, gemma3n, gemma3n_audio, gemma3n_text, gemma3n_vision, git, glm, glm4, glm4_moe, glm4v, glm4v_moe, glm4v_moe_text, glm4v_text, glpn, got_ocr2, gpt-sw3, gpt2, gpt_bigcode, gpt_neo, gpt_neox, gpt_neox_japanese, gpt_oss, gptj, gptsan-japanese, granite, granite_speech, granitemoe, granitemoehybrid, granitemoeshared, granitevision, graphormer, grounding-dino, groupvit, helium, hgnet_v2, hiera, hubert, hunyuan_v1_dense, hunyuan_v1_moe, ibert, idefics, idefics2, idefics3, idefics3_vision, ijepa, imagegpt, informer, instructblip, instructblipvideo, internvl, internvl_vision, jamba, janus, jetmoe, jukebox, kosmos-2, kosmos-2.5, kyutai_speech_to_text, layoutlm, layoutlmv2, layoutlmv3, led, levit, lfm2, lfm2_vl, lightglue, lilt, llama, llama4, llama4_text, llava, llava_next, llava_next_video, llava_onevision, longcat_flash, longformer, longt5, luke, lxmert, m2m_100, mamba, mamba2, marian, markuplm, mask2former, maskformer, maskformer-swin, mbart, mctct, mega, megatron-bert, metaclip_2, mgp-str, mimi, minimax, ministral, mistral, mistral3, mixtral, mlcd, mllama, mm-grounding-dino, mobilebert, mobilenet_v1, mobilenet_v2, mobilevit, mobilevitv2, modernbert, modernbert-decoder, moonshine, moshi, mpnet, mpt, mra, mt5, musicgen, musicgen_melody, mvp, nat, nemotron, nezha, nllb-moe, nougat, nystromformer, olmo, olmo2, olmo3, olmoe, omdet-turbo, oneformer, open-llama, openai-gpt, opt, ovis2, owlv2, owlvit, paligemma, parakeet_ctc, parakeet_encoder, patchtsmixer, patchtst, pegasus, pegasus_x, perceiver, perception_encoder, perception_lm, persimmon, phi, phi3, phi4_multimodal, phimoe, pix2struct, pixtral, plbart, poolformer, pop2piano, prompt_depth_anything, prophetnet, pvt, pvt_v2, qdqbert, qwen2, qwen2_5_omni, qwen2_5_vl, qwen2_5_vl_text, qwen2_audio, qwen2_audio_encoder, qwen2_moe, qwen2_vl, qwen2_vl_text, qwen3, qwen3_moe, qwen3_next, qwen3_omni_moe, qwen3_vl, qwen3_vl_moe, qwen3_vl_moe_text, qwen3_vl_text, rag, realm, recurrent_gemma, reformer, regnet, rembert, resnet, retribert, roberta, roberta-prelayernorm, roc_bert, roformer, rt_detr, rt_detr_resnet, rt_detr_v2, rwkv, sam, sam2, sam2_hiera_det_model, sam2_video, sam2_vision_model, sam_hq, sam_hq_vision_model, sam_vision_model, seamless_m4t, seamless_m4t_v2, seed_oss, segformer, seggpt, sew, sew-d, shieldgemma2, siglip, siglip2, siglip2_vision_model, siglip_vision_model, smollm3, smolvlm, smolvlm_vision, speech-encoder-decoder, speech_to_text, speech_to_text_2, speecht5, splinter, squeezebert, stablelm, starcoder2, superglue, superpoint, swiftformer, swin, swin2sr, swinv2, switch_transformers, t5, t5gemma, table-transformer, tapas, textnet, time_series_transformer, timesfm, timesformer, timm_backbone, timm_wrapper, trajectory_transformer, transfo-xl, trocr, tvlt, tvp, udop, umt5, unispeech, unispeech-sat, univnet, upernet, van, vaultgemma, video_llava, videomae, vilt, vipllava, vision-encoder-decoder, vision-text-dual-encoder, visual_bert, vit, vit_hybrid, vit_mae, vit_msn, vitdet, vitmatte, vitpose, vitpose_backbone, vits, vivit, vjepa2, voxtral, voxtral_encoder, wav2vec2, wav2vec2-bert, wav2vec2-conformer, wavlm, whisper, xclip, xcodec, xglm, xlm, xlm-prophetnet, xlm-roberta, xlm-roberta-xl, xlnet, xlstm, xmod, yolos, yoso, zamba, zamba2, zoedepth
  Attempt 2: emotion2vec/emotion2vec_plus_base does not appear to have a file named pytorch_model.bin, model.safetensors, tf_model.h5, model.ckpt or flax_model.msgpack.


======================================================================
[6/10]  emotion2vec-base_emodb
  Model  : emotion2vec/emotion2vec_plus_base
  Dataset: renumics/emodb
  Output : /home/tu/tu_tu/tu_zxord71/asp-project/outputs/emotion2vec-base_emodb

  Loading: renumics/emodb
  Label col : emotion
  Samples   : 535  |  Classes: 7
    0: 127
    1: 81
    2: 46
    3: 69
    4: 71
    5: 79
    6: 62
  Classes   : ['anger', 'boredom', 'disgust', 'fear', 'happiness', 'neutral', 'sadness']
  Split     : 374 train / 80 val / 81 test  (of 535)
  AutoFeatureExtractor failed (Can't load feature extractor for 'emotion2vec/emotion2vec_plus_base'. If you were trying to load it from 'https://huggingface.co/models', make sure you don't have a local directory with the same name. Otherwise, make sure 'emotion2vec/emotion2vec_plus_base' is the correct path to a directory containing a preprocessor_config.json file), falling back to wav2vec2-base extractor.
  Featurising splits ...
  AutoModelForAudioClassification failed (Unrecognized model in emotion2vec/emotion2vec_plus_base. Should have a `model_type` key in its config.json, or contain one of the following strings in its name: aimv2, aimv2_vision_model, albert, align, altclip, apertus, arcee, aria, aria_text, audio-spectrogram-transformer, autoformer, aya_vision, bamba, bark, bart, beit, bert, bert-generation, big_bird, bigbird_pegasus, biogpt, bit, bitnet, blenderbot, blenderbot-small, blip, blip-2, blip_2_qformer, bloom, blt, bridgetower, bros, camembert, canine, chameleon, chinese_clip, chinese_clip_vision_model, clap, clip, clip_text_model, clip_vision_model, clipseg, clvp, code_llama, codegen, cohere, cohere2, cohere2_vision, colpali, colqwen2, conditional_detr, convbert, convnext, convnextv2, cpmant, csm, ctrl, cvt, d_fine, dab-detr, dac, data2vec-audio, data2vec-text, data2vec-vision, dbrx, deberta, deberta-v2, decision_transformer, deepseek_v2, deepseek_v3, deepseek_vl, deepseek_vl_hybrid, deformable_detr, deit, depth_anything, depth_pro, deta, detr, dia, diffllama, dinat, dinov2, dinov2_with_registers, dinov3_convnext, dinov3_vit, distilbert, doge, donut-swin, dots1, dpr, dpt, edgetam, edgetam_video, edgetam_vision_model, efficientformer, efficientloftr, efficientnet, electra, emu3, encodec, encoder-decoder, eomt, ernie, ernie4_5, ernie4_5_moe, ernie_m, esm, evolla, exaone4, falcon, falcon_h1, falcon_mamba, fastspeech2_conformer, fastspeech2_conformer_with_hifigan, flaubert, flava, flex_olmo, florence2, fnet, focalnet, fsmt, funnel, fuyu, gemma, gemma2, gemma3, gemma3_text, gemma3n, gemma3n_audio, gemma3n_text, gemma3n_vision, git, glm, glm4, glm4_moe, glm4v, glm4v_moe, glm4v_moe_text, glm4v_text, glpn, got_ocr2, gpt-sw3, gpt2, gpt_bigcode, gpt_neo, gpt_neox, gpt_neox_japanese, gpt_oss, gptj, gptsan-japanese, granite, granite_speech, granitemoe, granitemoehybrid, granitemoeshared, granitevision, graphormer, grounding-dino, groupvit, helium, hgnet_v2, hiera, hubert, hunyuan_v1_dense, hunyuan_v1_moe, ibert, idefics, idefics2, idefics3, idefics3_vision, ijepa, imagegpt, informer, instructblip, instructblipvideo, internvl, internvl_vision, jamba, janus, jetmoe, jukebox, kosmos-2, kosmos-2.5, kyutai_speech_to_text, layoutlm, layoutlmv2, layoutlmv3, led, levit, lfm2, lfm2_vl, lightglue, lilt, llama, llama4, llama4_text, llava, llava_next, llava_next_video, llava_onevision, longcat_flash, longformer, longt5, luke, lxmert, m2m_100, mamba, mamba2, marian, markuplm, mask2former, maskformer, maskformer-swin, mbart, mctct, mega, megatron-bert, metaclip_2, mgp-str, mimi, minimax, ministral, mistral, mistral3, mixtral, mlcd, mllama, mm-grounding-dino, mobilebert, mobilenet_v1, mobilenet_v2, mobilevit, mobilevitv2, modernbert, modernbert-decoder, moonshine, moshi, mpnet, mpt, mra, mt5, musicgen, musicgen_melody, mvp, nat, nemotron, nezha, nllb-moe, nougat, nystromformer, olmo, olmo2, olmo3, olmoe, omdet-turbo, oneformer, open-llama, openai-gpt, opt, ovis2, owlv2, owlvit, paligemma, parakeet_ctc, parakeet_encoder, patchtsmixer, patchtst, pegasus, pegasus_x, perceiver, perception_encoder, perception_lm, persimmon, phi, phi3, phi4_multimodal, phimoe, pix2struct, pixtral, plbart, poolformer, pop2piano, prompt_depth_anything, prophetnet, pvt, pvt_v2, qdqbert, qwen2, qwen2_5_omni, qwen2_5_vl, qwen2_5_vl_text, qwen2_audio, qwen2_audio_encoder, qwen2_moe, qwen2_vl, qwen2_vl_text, qwen3, qwen3_moe, qwen3_next, qwen3_omni_moe, qwen3_vl, qwen3_vl_moe, qwen3_vl_moe_text, qwen3_vl_text, rag, realm, recurrent_gemma, reformer, regnet, rembert, resnet, retribert, roberta, roberta-prelayernorm, roc_bert, roformer, rt_detr, rt_detr_resnet, rt_detr_v2, rwkv, sam, sam2, sam2_hiera_det_model, sam2_video, sam2_vision_model, sam_hq, sam_hq_vision_model, sam_vision_model, seamless_m4t, seamless_m4t_v2, seed_oss, segformer, seggpt, sew, sew-d, shieldgemma2, siglip, siglip2, siglip2_vision_model, siglip_vision_model, smollm3, smolvlm, smolvlm_vision, speech-encoder-decoder, speech_to_text, speech_to_text_2, speecht5, splinter, squeezebert, stablelm, starcoder2, superglue, superpoint, swiftformer, swin, swin2sr, swinv2, switch_transformers, t5, t5gemma, table-transformer, tapas, textnet, time_series_transformer, timesfm, timesformer, timm_backbone, timm_wrapper, trajectory_transformer, transfo-xl, trocr, tvlt, tvp, udop, umt5, unispeech, unispeech-sat, univnet, upernet, van, vaultgemma, video_llava, videomae, vilt, vipllava, vision-encoder-decoder, vision-text-dual-encoder, visual_bert, vit, vit_hybrid, vit_mae, vit_msn, vitdet, vitmatte, vitpose, vitpose_backbone, vits, vivit, vjepa2, voxtral, voxtral_encoder, wav2vec2, wav2vec2-bert, wav2vec2-conformer, wavlm, whisper, xclip, xcodec, xglm, xlm, xlm-prophetnet, xlm-roberta, xlm-roberta-xl, xlnet, xlstm, xmod, yolos, yoso, zamba, zamba2, zoedepth), trying Wav2Vec2ForSequenceClassification.

ERROR in emotion2vec-base_emodb:
Traceback (most recent call last):
  File "/home/tu/tu_tu/tu_zxord71/asp-project/experiments/pipeline/model.py", line 33, in load_model
    model = AutoModelForAudioClassification.from_pretrained(
            ^^^^^^^^^^^^^^^^^^^^^^^^^^^^^^^^^^^^^^^^^^^^^^^^
  File "/home/tu/tu_tu/tu_zxord71/asp-project/.venv/lib64/python3.11/site-packages/transformers/models/auto/auto_factory.py", line 549, in from_pretrained
    config, kwargs = AutoConfig.from_pretrained(
                     ^^^^^^^^^^^^^^^^^^^^^^^^^^^
  File "/home/tu/tu_tu/tu_zxord71/asp-project/.venv/lib64/python3.11/site-packages/transformers/models/auto/configuration_auto.py", line 1380, in from_pretrained
    raise ValueError(
ValueError: Unrecognized model in emotion2vec/emotion2vec_plus_base. Should have a `model_type` key in its config.json, or contain one of the following strings in its name: aimv2, aimv2_vision_model, albert, align, altclip, apertus, arcee, aria, aria_text, audio-spectrogram-transformer, autoformer, aya_vision, bamba, bark, bart, beit, bert, bert-generation, big_bird, bigbird_pegasus, biogpt, bit, bitnet, blenderbot, blenderbot-small, blip, blip-2, blip_2_qformer, bloom, blt, bridgetower, bros, camembert, canine, chameleon, chinese_clip, chinese_clip_vision_model, clap, clip, clip_text_model, clip_vision_model, clipseg, clvp, code_llama, codegen, cohere, cohere2, cohere2_vision, colpali, colqwen2, conditional_detr, convbert, convnext, convnextv2, cpmant, csm, ctrl, cvt, d_fine, dab-detr, dac, data2vec-audio, data2vec-text, data2vec-vision, dbrx, deberta, deberta-v2, decision_transformer, deepseek_v2, deepseek_v3, deepseek_vl, deepseek_vl_hybrid, deformable_detr, deit, depth_anything, depth_pro, deta, detr, dia, diffllama, dinat, dinov2, dinov2_with_registers, dinov3_convnext, dinov3_vit, distilbert, doge, donut-swin, dots1, dpr, dpt, edgetam, edgetam_video, edgetam_vision_model, efficientformer, efficientloftr, efficientnet, electra, emu3, encodec, encoder-decoder, eomt, ernie, ernie4_5, ernie4_5_moe, ernie_m, esm, evolla, exaone4, falcon, falcon_h1, falcon_mamba, fastspeech2_conformer, fastspeech2_conformer_with_hifigan, flaubert, flava, flex_olmo, florence2, fnet, focalnet, fsmt, funnel, fuyu, gemma, gemma2, gemma3, gemma3_text, gemma3n, gemma3n_audio, gemma3n_text, gemma3n_vision, git, glm, glm4, glm4_moe, glm4v, glm4v_moe, glm4v_moe_text, glm4v_text, glpn, got_ocr2, gpt-sw3, gpt2, gpt_bigcode, gpt_neo, gpt_neox, gpt_neox_japanese, gpt_oss, gptj, gptsan-japanese, granite, granite_speech, granitemoe, granitemoehybrid, granitemoeshared, granitevision, graphormer, grounding-dino, groupvit, helium, hgnet_v2, hiera, hubert, hunyuan_v1_dense, hunyuan_v1_moe, ibert, idefics, idefics2, idefics3, idefics3_vision, ijepa, imagegpt, informer, instructblip, instructblipvideo, internvl, internvl_vision, jamba, janus, jetmoe, jukebox, kosmos-2, kosmos-2.5, kyutai_speech_to_text, layoutlm, layoutlmv2, layoutlmv3, led, levit, lfm2, lfm2_vl, lightglue, lilt, llama, llama4, llama4_text, llava, llava_next, llava_next_video, llava_onevision, longcat_flash, longformer, longt5, luke, lxmert, m2m_100, mamba, mamba2, marian, markuplm, mask2former, maskformer, maskformer-swin, mbart, mctct, mega, megatron-bert, metaclip_2, mgp-str, mimi, minimax, ministral, mistral, mistral3, mixtral, mlcd, mllama, mm-grounding-dino, mobilebert, mobilenet_v1, mobilenet_v2, mobilevit, mobilevitv2, modernbert, modernbert-decoder, moonshine, moshi, mpnet, mpt, mra, mt5, musicgen, musicgen_melody, mvp, nat, nemotron, nezha, nllb-moe, nougat, nystromformer, olmo, olmo2, olmo3, olmoe, omdet-turbo, oneformer, open-llama, openai-gpt, opt, ovis2, owlv2, owlvit, paligemma, parakeet_ctc, parakeet_encoder, patchtsmixer, patchtst, pegasus, pegasus_x, perceiver, perception_encoder, perception_lm, persimmon, phi, phi3, phi4_multimodal, phimoe, pix2struct, pixtral, plbart, poolformer, pop2piano, prompt_depth_anything, prophetnet, pvt, pvt_v2, qdqbert, qwen2, qwen2_5_omni, qwen2_5_vl, qwen2_5_vl_text, qwen2_audio, qwen2_audio_encoder, qwen2_moe, qwen2_vl, qwen2_vl_text, qwen3, qwen3_moe, qwen3_next, qwen3_omni_moe, qwen3_vl, qwen3_vl_moe, qwen3_vl_moe_text, qwen3_vl_text, rag, realm, recurrent_gemma, reformer, regnet, rembert, resnet, retribert, roberta, roberta-prelayernorm, roc_bert, roformer, rt_detr, rt_detr_resnet, rt_detr_v2, rwkv, sam, sam2, sam2_hiera_det_model, sam2_video, sam2_vision_model, sam_hq, sam_hq_vision_model, sam_vision_model, seamless_m4t, seamless_m4t_v2, seed_oss, segformer, seggpt, sew, sew-d, shieldgemma2, siglip, siglip2, siglip2_vision_model, siglip_vision_model, smollm3, smolvlm, smolvlm_vision, speech-encoder-decoder, speech_to_text, speech_to_text_2, speecht5, splinter, squeezebert, stablelm, starcoder2, superglue, superpoint, swiftformer, swin, swin2sr, swinv2, switch_transformers, t5, t5gemma, table-transformer, tapas, textnet, time_series_transformer, timesfm, timesformer, timm_backbone, timm_wrapper, trajectory_transformer, transfo-xl, trocr, tvlt, tvp, udop, umt5, unispeech, unispeech-sat, univnet, upernet, van, vaultgemma, video_llava, videomae, vilt, vipllava, vision-encoder-decoder, vision-text-dual-encoder, visual_bert, vit, vit_hybrid, vit_mae, vit_msn, vitdet, vitmatte, vitpose, vitpose_backbone, vits, vivit, vjepa2, voxtral, voxtral_encoder, wav2vec2, wav2vec2-bert, wav2vec2-conformer, wavlm, whisper, xclip, xcodec, xglm, xlm, xlm-prophetnet, xlm-roberta, xlm-roberta-xl, xlnet, xlstm, xmod, yolos, yoso, zamba, zamba2, zoedepth

During handling of the above exception, another exception occurred:

Traceback (most recent call last):
  File "/home/tu/tu_tu/tu_zxord71/asp-project/experiments/pipeline/model.py", line 40, in load_model
    model = Wav2Vec2ForSequenceClassification.from_pretrained(hf_name, **kwargs)
            ^^^^^^^^^^^^^^^^^^^^^^^^^^^^^^^^^^^^^^^^^^^^^^^^^^^^^^^^^^^^^^^^^^^^
  File "/home/tu/tu_tu/tu_zxord71/asp-project/.venv/lib64/python3.11/site-packages/transformers/modeling_utils.py", line 277, in _wrapper
    return func(*args, **kwargs)
           ^^^^^^^^^^^^^^^^^^^^^
  File "/home/tu/tu_tu/tu_zxord71/asp-project/.venv/lib64/python3.11/site-packages/transformers/modeling_utils.py", line 4900, in from_pretrained
    checkpoint_files, sharded_metadata = _get_resolved_checkpoint_files(
                                         ^^^^^^^^^^^^^^^^^^^^^^^^^^^^^^^
  File "/home/tu/tu_tu/tu_zxord71/asp-project/.venv/lib64/python3.11/site-packages/transformers/modeling_utils.py", line 1148, in _get_resolved_checkpoint_files
    raise OSError(
OSError: emotion2vec/emotion2vec_plus_base does not appear to have a file named pytorch_model.bin, model.safetensors, tf_model.h5, model.ckpt or flax_model.msgpack.

The above exception was the direct cause of the following exception:

Traceback (most recent call last):
  File "/home/tu/tu_tu/tu_zxord71/asp-project/experiments/run_all.py", line 267, in main
    metrics = run_experiment(
              ^^^^^^^^^^^^^^^
  File "/home/tu/tu_tu/tu_zxord71/asp-project/experiments/run_all.py", line 132, in run_experiment
    best = run_hpo(
           ^^^^^^^^
  File "/home/tu/tu_tu/tu_zxord71/asp-project/experiments/pipeline/trainer_utils.py", line 84, in run_hpo
    trainer = Trainer(
              ^^^^^^^^
  File "/home/tu/tu_tu/tu_zxord71/asp-project/.venv/lib64/python3.11/site-packages/transformers/utils/deprecation.py", line 172, in wrapped_func
    return func(*args, **kwargs)
           ^^^^^^^^^^^^^^^^^^^^^
  File "/home/tu/tu_tu/tu_zxord71/asp-project/.venv/lib64/python3.11/site-packages/transformers/trainer.py", line 474, in __init__
    model = self.call_model_init()
            ^^^^^^^^^^^^^^^^^^^^^^
  File "/home/tu/tu_tu/tu_zxord71/asp-project/.venv/lib64/python3.11/site-packages/transformers/trainer.py", line 1987, in call_model_init
    model = self.model_init(trial)
            ^^^^^^^^^^^^^^^^^^^^^^
  File "/home/tu/tu_tu/tu_zxord71/asp-project/experiments/pipeline/trainer_utils.py", line 61, in model_init
    return load_model(hf_name, num_labels, id2label, label2id)
           ^^^^^^^^^^^^^^^^^^^^^^^^^^^^^^^^^^^^^^^^^^^^^^^^^^^
  File "/home/tu/tu_tu/tu_zxord71/asp-project/experiments/pipeline/model.py", line 42, in load_model
    raise RuntimeError(
RuntimeError: Could not load model 'emotion2vec/emotion2vec_plus_base'.
  Attempt 1: Unrecognized model in emotion2vec/emotion2vec_plus_base. Should have a `model_type` key in its config.json, or contain one of the following strings in its name: aimv2, aimv2_vision_model, albert, align, altclip, apertus, arcee, aria, aria_text, audio-spectrogram-transformer, autoformer, aya_vision, bamba, bark, bart, beit, bert, bert-generation, big_bird, bigbird_pegasus, biogpt, bit, bitnet, blenderbot, blenderbot-small, blip, blip-2, blip_2_qformer, bloom, blt, bridgetower, bros, camembert, canine, chameleon, chinese_clip, chinese_clip_vision_model, clap, clip, clip_text_model, clip_vision_model, clipseg, clvp, code_llama, codegen, cohere, cohere2, cohere2_vision, colpali, colqwen2, conditional_detr, convbert, convnext, convnextv2, cpmant, csm, ctrl, cvt, d_fine, dab-detr, dac, data2vec-audio, data2vec-text, data2vec-vision, dbrx, deberta, deberta-v2, decision_transformer, deepseek_v2, deepseek_v3, deepseek_vl, deepseek_vl_hybrid, deformable_detr, deit, depth_anything, depth_pro, deta, detr, dia, diffllama, dinat, dinov2, dinov2_with_registers, dinov3_convnext, dinov3_vit, distilbert, doge, donut-swin, dots1, dpr, dpt, edgetam, edgetam_video, edgetam_vision_model, efficientformer, efficientloftr, efficientnet, electra, emu3, encodec, encoder-decoder, eomt, ernie, ernie4_5, ernie4_5_moe, ernie_m, esm, evolla, exaone4, falcon, falcon_h1, falcon_mamba, fastspeech2_conformer, fastspeech2_conformer_with_hifigan, flaubert, flava, flex_olmo, florence2, fnet, focalnet, fsmt, funnel, fuyu, gemma, gemma2, gemma3, gemma3_text, gemma3n, gemma3n_audio, gemma3n_text, gemma3n_vision, git, glm, glm4, glm4_moe, glm4v, glm4v_moe, glm4v_moe_text, glm4v_text, glpn, got_ocr2, gpt-sw3, gpt2, gpt_bigcode, gpt_neo, gpt_neox, gpt_neox_japanese, gpt_oss, gptj, gptsan-japanese, granite, granite_speech, granitemoe, granitemoehybrid, granitemoeshared, granitevision, graphormer, grounding-dino, groupvit, helium, hgnet_v2, hiera, hubert, hunyuan_v1_dense, hunyuan_v1_moe, ibert, idefics, idefics2, idefics3, idefics3_vision, ijepa, imagegpt, informer, instructblip, instructblipvideo, internvl, internvl_vision, jamba, janus, jetmoe, jukebox, kosmos-2, kosmos-2.5, kyutai_speech_to_text, layoutlm, layoutlmv2, layoutlmv3, led, levit, lfm2, lfm2_vl, lightglue, lilt, llama, llama4, llama4_text, llava, llava_next, llava_next_video, llava_onevision, longcat_flash, longformer, longt5, luke, lxmert, m2m_100, mamba, mamba2, marian, markuplm, mask2former, maskformer, maskformer-swin, mbart, mctct, mega, megatron-bert, metaclip_2, mgp-str, mimi, minimax, ministral, mistral, mistral3, mixtral, mlcd, mllama, mm-grounding-dino, mobilebert, mobilenet_v1, mobilenet_v2, mobilevit, mobilevitv2, modernbert, modernbert-decoder, moonshine, moshi, mpnet, mpt, mra, mt5, musicgen, musicgen_melody, mvp, nat, nemotron, nezha, nllb-moe, nougat, nystromformer, olmo, olmo2, olmo3, olmoe, omdet-turbo, oneformer, open-llama, openai-gpt, opt, ovis2, owlv2, owlvit, paligemma, parakeet_ctc, parakeet_encoder, patchtsmixer, patchtst, pegasus, pegasus_x, perceiver, perception_encoder, perception_lm, persimmon, phi, phi3, phi4_multimodal, phimoe, pix2struct, pixtral, plbart, poolformer, pop2piano, prompt_depth_anything, prophetnet, pvt, pvt_v2, qdqbert, qwen2, qwen2_5_omni, qwen2_5_vl, qwen2_5_vl_text, qwen2_audio, qwen2_audio_encoder, qwen2_moe, qwen2_vl, qwen2_vl_text, qwen3, qwen3_moe, qwen3_next, qwen3_omni_moe, qwen3_vl, qwen3_vl_moe, qwen3_vl_moe_text, qwen3_vl_text, rag, realm, recurrent_gemma, reformer, regnet, rembert, resnet, retribert, roberta, roberta-prelayernorm, roc_bert, roformer, rt_detr, rt_detr_resnet, rt_detr_v2, rwkv, sam, sam2, sam2_hiera_det_model, sam2_video, sam2_vision_model, sam_hq, sam_hq_vision_model, sam_vision_model, seamless_m4t, seamless_m4t_v2, seed_oss, segformer, seggpt, sew, sew-d, shieldgemma2, siglip, siglip2, siglip2_vision_model, siglip_vision_model, smollm3, smolvlm, smolvlm_vision, speech-encoder-decoder, speech_to_text, speech_to_text_2, speecht5, splinter, squeezebert, stablelm, starcoder2, superglue, superpoint, swiftformer, swin, swin2sr, swinv2, switch_transformers, t5, t5gemma, table-transformer, tapas, textnet, time_series_transformer, timesfm, timesformer, timm_backbone, timm_wrapper, trajectory_transformer, transfo-xl, trocr, tvlt, tvp, udop, umt5, unispeech, unispeech-sat, univnet, upernet, van, vaultgemma, video_llava, videomae, vilt, vipllava, vision-encoder-decoder, vision-text-dual-encoder, visual_bert, vit, vit_hybrid, vit_mae, vit_msn, vitdet, vitmatte, vitpose, vitpose_backbone, vits, vivit, vjepa2, voxtral, voxtral_encoder, wav2vec2, wav2vec2-bert, wav2vec2-conformer, wavlm, whisper, xclip, xcodec, xglm, xlm, xlm-prophetnet, xlm-roberta, xlm-roberta-xl, xlnet, xlstm, xmod, yolos, yoso, zamba, zamba2, zoedepth
  Attempt 2: emotion2vec/emotion2vec_plus_base does not appear to have a file named pytorch_model.bin, model.safetensors, tf_model.h5, model.ckpt or flax_model.msgpack.


======================================================================
[7/10]  wavlm-large_ravdess
  Model  : microsoft/wavlm-large
  Dataset: xbgoose/ravdess
  Output : /home/tu/tu_tu/tu_zxord71/asp-project/outputs/wavlm-large_ravdess

  Loading: xbgoose/ravdess
  Label col : emotion
  Samples   : 1,440  |  Classes: 8
    angry: 192
    calm: 192
    disgust: 192
    fearful: 192
    happy: 192
    neutral: 96
    sad: 192
    surprised: 192
  Classes   : ['angry', 'calm', 'disgust', 'fearful', 'happy', 'neutral', 'sad', 'surprised']
  Split     : 1,008 train / 216 val / 216 test  (of 1,440)
  Feature extractor : Wav2Vec2FeatureExtractor  (sr=16000)
  Featurising splits ...
  Model             : WavLMForSequenceClassification  (315,717,576 params, 315,717,576 trainable)
  HPO: 20 trials × 3 epochs ...
  Model             : WavLMForSequenceClassification  (315,717,576 params, 315,717,576 trainable)
{'eval_loss': 1.4429253339767456, 'eval_f1_macro': 0.349834755308584, 'eval_f1_weighted': 0.3714611430257561, 'eval_precision_macro': 0.3597518900004011, 'eval_recall_macro': 0.43980911330049255, 'eval_accuracy': 0.4675925925925926, 'eval_runtime': 1.3259, 'eval_samples_per_second': 162.907, 'eval_steps_per_second': 20.363, 'epoch': 1.0}
{'loss': 1.5016, 'grad_norm': 3.3632988929748535, 'learning_rate': 6.927198625186853e-05, 'epoch': 1.98}
{'eval_loss': 0.8580088019371033, 'eval_f1_macro': 0.6467052130990641, 'eval_f1_weighted': 0.6658420758214617, 'eval_precision_macro': 0.6837347377525949, 'eval_recall_macro': 0.6695710180623973, 'eval_accuracy': 0.6944444444444444, 'eval_runtime': 1.2161, 'eval_samples_per_second': 177.613, 'eval_steps_per_second': 22.202, 'epoch': 2.0}
{'eval_loss': 0.6111568808555603, 'eval_f1_macro': 0.8080452846012723, 'eval_f1_weighted': 0.8206287061904106, 'eval_precision_macro': 0.8117874497814015, 'eval_recall_macro': 0.8142651888341543, 'eval_accuracy': 0.8194444444444444, 'eval_runtime': 1.2211, 'eval_samples_per_second': 176.895, 'eval_steps_per_second': 22.112, 'epoch': 3.0}
{'train_runtime': 78.4988, 'train_samples_per_second': 38.523, 'train_steps_per_second': 9.631, 'train_loss': 1.1952595382771165, 'epoch': 3.0}
  Model             : WavLMForSequenceClassification  (315,717,576 params, 315,717,576 trainable)
{'eval_loss': 2.063114881515503, 'eval_f1_macro': 0.13969535854781756, 'eval_f1_weighted': 0.14864024481510824, 'eval_precision_macro': 0.1758438134446199, 'eval_recall_macro': 0.2185960591133005, 'eval_accuracy': 0.23148148148148148, 'eval_runtime': 1.2519, 'eval_samples_per_second': 172.534, 'eval_steps_per_second': 21.567, 'epoch': 1.0}
{'eval_loss': 2.044306993484497, 'eval_f1_macro': 0.20571249414838766, 'eval_f1_weighted': 0.21912967037435294, 'eval_precision_macro': 0.4787301587301588, 'eval_recall_macro': 0.2710899014778325, 'eval_accuracy': 0.28703703703703703, 'eval_runtime': 1.2645, 'eval_samples_per_second': 170.813, 'eval_steps_per_second': 21.352, 'epoch': 2.0}
{'eval_loss': 2.0351381301879883, 'eval_f1_macro': 0.21771358543417368, 'eval_f1_weighted': 0.23120162879966805, 'eval_precision_macro': 0.4584525977968601, 'eval_recall_macro': 0.27586206896551724, 'eval_accuracy': 0.2916666666666667, 'eval_runtime': 1.2487, 'eval_samples_per_second': 172.985, 'eval_steps_per_second': 21.623, 'epoch': 3.0}
{'train_runtime': 38.0059, 'train_samples_per_second': 79.567, 'train_steps_per_second': 4.973, 'train_loss': 2.0563002490492726, 'epoch': 3.0}
  Model             : WavLMForSequenceClassification  (315,717,576 params, 315,717,576 trainable)
{'eval_loss': 1.8996423482894897, 'eval_f1_macro': 0.18574295804696167, 'eval_f1_weighted': 0.19680714894049472, 'eval_precision_macro': 0.16895344574780058, 'eval_recall_macro': 0.25508004926108374, 'eval_accuracy': 0.26851851851851855, 'eval_runtime': 1.2591, 'eval_samples_per_second': 171.556, 'eval_steps_per_second': 21.445, 'epoch': 1.0}
{'loss': 1.9269, 'grad_norm': 3.29182767868042, 'learning_rate': 0.0001916775010935381, 'epoch': 1.98}
{'eval_loss': 1.5866416692733765, 'eval_f1_macro': 0.2900720748957135, 'eval_f1_weighted': 0.3087274216348061, 'eval_precision_macro': 0.26525956090015074, 'eval_recall_macro': 0.3923953201970444, 'eval_accuracy': 0.4166666666666667, 'eval_runtime': 1.2555, 'eval_samples_per_second': 172.037, 'eval_steps_per_second': 21.505, 'epoch': 2.0}
{'eval_loss': 1.0834859609603882, 'eval_f1_macro': 0.5598808962687639, 'eval_f1_weighted': 0.5828740762686841, 'eval_precision_macro': 0.588064713064713, 'eval_recall_macro': 0.5920977011494253, 'eval_accuracy': 0.6203703703703703, 'eval_runtime': 1.2477, 'eval_samples_per_second': 173.112, 'eval_steps_per_second': 21.639, 'epoch': 3.0}
{'train_runtime': 76.1122, 'train_samples_per_second': 39.731, 'train_steps_per_second': 9.933, 'train_loss': 1.7174290248325892, 'epoch': 3.0}
  Model             : WavLMForSequenceClassification  (315,717,576 params, 315,717,576 trainable)
{'eval_loss': 1.867400050163269, 'eval_f1_macro': 0.17609683253738131, 'eval_f1_weighted': 0.18578010930653208, 'eval_precision_macro': 0.24232456140350878, 'eval_recall_macro': 0.28063423645320196, 'eval_accuracy': 0.2962962962962963, 'eval_runtime': 1.2703, 'eval_samples_per_second': 170.045, 'eval_steps_per_second': 21.256, 'epoch': 1.0}
{'eval_loss': 1.6470087766647339, 'eval_f1_macro': 0.31582263079991774, 'eval_f1_weighted': 0.3361386523332428, 'eval_precision_macro': 0.3644655797101449, 'eval_recall_macro': 0.3925492610837439, 'eval_accuracy': 0.4166666666666667, 'eval_runtime': 1.2343, 'eval_samples_per_second': 174.998, 'eval_steps_per_second': 21.875, 'epoch': 2.0}
{'eval_loss': 1.5787602663040161, 'eval_f1_macro': 0.33000443748735403, 'eval_f1_weighted': 0.3520706853202603, 'eval_precision_macro': 0.31820987654320987, 'eval_recall_macro': 0.41379310344827586, 'eval_accuracy': 0.4398148148148148, 'eval_runtime': 1.2405, 'eval_samples_per_second': 174.126, 'eval_steps_per_second': 21.766, 'epoch': 3.0}
{'train_runtime': 38.0761, 'train_samples_per_second': 79.42, 'train_steps_per_second': 4.964, 'train_loss': 1.8097813520481978, 'epoch': 3.0}
  Model             : WavLMForSequenceClassification  (315,717,576 params, 315,717,576 trainable)
{'eval_loss': 1.4757848978042603, 'eval_f1_macro': 0.3607889750091029, 'eval_f1_weighted': 0.38416661799867485, 'eval_precision_macro': 0.5078889089305756, 'eval_recall_macro': 0.44827586206896547, 'eval_accuracy': 0.47685185185185186, 'eval_runtime': 1.2397, 'eval_samples_per_second': 174.241, 'eval_steps_per_second': 21.78, 'epoch': 1.0}
{'loss': 1.5064, 'grad_norm': 6.417520523071289, 'learning_rate': 4.317903375125012e-05, 'epoch': 1.98}
{'eval_loss': 0.8769130110740662, 'eval_f1_macro': 0.6401909184410607, 'eval_f1_weighted': 0.6569023888824485, 'eval_precision_macro': 0.6870250289367936, 'eval_recall_macro': 0.6685139573070608, 'eval_accuracy': 0.6898148148148148, 'eval_runtime': 1.2398, 'eval_samples_per_second': 174.222, 'eval_steps_per_second': 21.778, 'epoch': 2.0}
{'eval_loss': 0.6664515137672424, 'eval_f1_macro': 0.7823741822360188, 'eval_f1_weighted': 0.7974777149921811, 'eval_precision_macro': 0.790360647417099, 'eval_recall_macro': 0.7889778325123153, 'eval_accuracy': 0.8009259259259259, 'eval_runtime': 1.2334, 'eval_samples_per_second': 175.128, 'eval_steps_per_second': 21.891, 'epoch': 3.0}
{'train_runtime': 75.6764, 'train_samples_per_second': 39.96, 'train_steps_per_second': 9.99, 'train_loss': 1.2273102412148127, 'epoch': 3.0}
  Model             : WavLMForSequenceClassification  (315,717,576 params, 315,717,576 trainable)
{'eval_loss': 2.054334878921509, 'eval_f1_macro': 0.17055686541665113, 'eval_f1_weighted': 0.18094784860489443, 'eval_precision_macro': 0.45171304083730496, 'eval_recall_macro': 0.2356834975369458, 'eval_accuracy': 0.25, 'eval_runtime': 1.2424, 'eval_samples_per_second': 173.855, 'eval_steps_per_second': 21.732, 'epoch': 1.0}
  Model             : WavLMForSequenceClassification  (315,717,576 params, 315,717,576 trainable)
{'eval_loss': 1.716181993484497, 'eval_f1_macro': 0.21064817671915942, 'eval_f1_weighted': 0.223705210181749, 'eval_precision_macro': 0.3672321330829177, 'eval_recall_macro': 0.301878078817734, 'eval_accuracy': 0.3194444444444444, 'eval_runtime': 1.2357, 'eval_samples_per_second': 174.805, 'eval_steps_per_second': 21.851, 'epoch': 1.0}
{'eval_loss': 1.3720816373825073, 'eval_f1_macro': 0.41038856440921523, 'eval_f1_weighted': 0.43690730564658614, 'eval_precision_macro': 0.4466290348070009, 'eval_recall_macro': 0.48768472906403937, 'eval_accuracy': 0.5185185185185185, 'eval_runtime': 1.2545, 'eval_samples_per_second': 172.177, 'eval_steps_per_second': 21.522, 'epoch': 2.0}
{'eval_loss': 1.1523008346557617, 'eval_f1_macro': 0.5370430311618325, 'eval_f1_weighted': 0.5714753572298558, 'eval_precision_macro': 0.5444997854823066, 'eval_recall_macro': 0.5965209359605912, 'eval_accuracy': 0.6342592592592593, 'eval_runtime': 1.2348, 'eval_samples_per_second': 174.922, 'eval_steps_per_second': 21.865, 'epoch': 3.0}
{'train_runtime': 38.0483, 'train_samples_per_second': 79.478, 'train_steps_per_second': 4.967, 'train_loss': 1.5964546001777447, 'epoch': 3.0}
  Model             : WavLMForSequenceClassification  (315,717,576 params, 315,717,576 trainable)
{'eval_loss': 2.037353515625, 'eval_f1_macro': 0.177409244667805, 'eval_f1_weighted': 0.18888351854251414, 'eval_precision_macro': 0.4669871794871795, 'eval_recall_macro': 0.24076354679802958, 'eval_accuracy': 0.25462962962962965, 'eval_runtime': 1.2486, 'eval_samples_per_second': 172.996, 'eval_steps_per_second': 21.624, 'epoch': 1.0}
  Model             : WavLMForSequenceClassification  (315,717,576 params, 315,717,576 trainable)
{'eval_loss': 1.7134376764297485, 'eval_f1_macro': 0.1531048230757627, 'eval_f1_weighted': 0.16171687624706674, 'eval_precision_macro': 0.1730410447761194, 'eval_recall_macro': 0.27155172413793105, 'eval_accuracy': 0.28703703703703703, 'eval_runtime': 1.2469, 'eval_samples_per_second': 173.225, 'eval_steps_per_second': 21.653, 'epoch': 1.0}
  Model             : WavLMForSequenceClassification  (315,717,576 params, 315,717,576 trainable)
{'eval_loss': 1.9855730533599854, 'eval_f1_macro': 0.2548753973203728, 'eval_f1_weighted': 0.27089650677462407, 'eval_precision_macro': 0.24053258145363407, 'eval_recall_macro': 0.3495997536945813, 'eval_accuracy': 0.37037037037037035, 'eval_runtime': 1.2561, 'eval_samples_per_second': 171.955, 'eval_steps_per_second': 21.494, 'epoch': 1.0}
  Model             : WavLMForSequenceClassification  (315,717,576 params, 315,717,576 trainable)
{'eval_loss': 2.0673646926879883, 'eval_f1_macro': 0.02959183673469388, 'eval_f1_weighted': 0.031783824640967503, 'eval_precision_macro': 0.01678240740740741, 'eval_recall_macro': 0.125, 'eval_accuracy': 0.13425925925925927, 'eval_runtime': 1.2516, 'eval_samples_per_second': 172.583, 'eval_steps_per_second': 21.573, 'epoch': 1.0}
  Model             : WavLMForSequenceClassification  (315,717,576 params, 315,717,576 trainable)
{'eval_loss': 1.4909645318984985, 'eval_f1_macro': 0.3760815596582455, 'eval_f1_weighted': 0.4005058109909551, 'eval_precision_macro': 0.444468031968032, 'eval_recall_macro': 0.4482758620689655, 'eval_accuracy': 0.47685185185185186, 'eval_runtime': 1.2603, 'eval_samples_per_second': 171.39, 'eval_steps_per_second': 21.424, 'epoch': 1.0}
{'loss': 1.4688, 'grad_norm': 6.986587047576904, 'learning_rate': 5.167753507661692e-05, 'epoch': 1.98}
{'eval_loss': 0.7730122208595276, 'eval_f1_macro': 0.7332352938316551, 'eval_f1_weighted': 0.7488349225508555, 'eval_precision_macro': 0.7599385276330248, 'eval_recall_macro': 0.741522988505747, 'eval_accuracy': 0.7592592592592593, 'eval_runtime': 1.2539, 'eval_samples_per_second': 172.259, 'eval_steps_per_second': 21.532, 'epoch': 2.0}
{'eval_loss': 0.6476051807403564, 'eval_f1_macro': 0.7819070161955903, 'eval_f1_weighted': 0.7985196591890181, 'eval_precision_macro': 0.7953182361717711, 'eval_recall_macro': 0.7883620689655173, 'eval_accuracy': 0.8009259259259259, 'eval_runtime': 1.2576, 'eval_samples_per_second': 171.749, 'eval_steps_per_second': 21.469, 'epoch': 3.0}
{'train_runtime': 75.9991, 'train_samples_per_second': 39.79, 'train_steps_per_second': 9.947, 'train_loss': 1.1740955171130953, 'epoch': 3.0}
  Model             : WavLMForSequenceClassification  (315,717,576 params, 315,717,576 trainable)
{'eval_loss': 1.8420274257659912, 'eval_f1_macro': 0.13044487046260794, 'eval_f1_weighted': 0.138097691760154, 'eval_precision_macro': 0.12022445300085563, 'eval_recall_macro': 0.23706896551724138, 'eval_accuracy': 0.25, 'eval_runtime': 1.248, 'eval_samples_per_second': 173.076, 'eval_steps_per_second': 21.635, 'epoch': 1.0}
  Model             : WavLMForSequenceClassification  (315,717,576 params, 315,717,576 trainable)
{'eval_loss': 1.5527162551879883, 'eval_f1_macro': 0.3800142685643453, 'eval_f1_weighted': 0.4039651585707024, 'eval_precision_macro': 0.4307342694614841, 'eval_recall_macro': 0.4490455665024631, 'eval_accuracy': 0.47685185185185186, 'eval_runtime': 21.223, 'eval_samples_per_second': 10.178, 'eval_steps_per_second': 1.272, 'epoch': 1.0}
{'loss': 1.5913, 'grad_norm': 6.031454086303711, 'learning_rate': 9.750161550256001e-05, 'epoch': 1.98}
{'eval_loss': 1.0764999389648438, 'eval_f1_macro': 0.5906819898323834, 'eval_f1_weighted': 0.6042056794809758, 'eval_precision_macro': 0.6316034455740338, 'eval_recall_macro': 0.6077278325123152, 'eval_accuracy': 0.6203703703703703, 'eval_runtime': 1.2427, 'eval_samples_per_second': 173.814, 'eval_steps_per_second': 21.727, 'epoch': 2.0}
  Model             : WavLMForSequenceClassification  (315,717,576 params, 315,717,576 trainable)
{'eval_loss': 1.5046318769454956, 'eval_f1_macro': 0.3476876422164068, 'eval_f1_weighted': 0.3699829202406674, 'eval_precision_macro': 0.38467287782428855, 'eval_recall_macro': 0.44427339901477836, 'eval_accuracy': 0.4722222222222222, 'eval_runtime': 1.2346, 'eval_samples_per_second': 174.962, 'eval_steps_per_second': 21.87, 'epoch': 1.0}
  Model             : WavLMForSequenceClassification  (315,717,576 params, 315,717,576 trainable)
{'eval_loss': 1.523772120475769, 'eval_f1_macro': 0.3461235923070022, 'eval_f1_weighted': 0.36861637377633255, 'eval_precision_macro': 0.39357827038861526, 'eval_recall_macro': 0.4270320197044335, 'eval_accuracy': 0.4537037037037037, 'eval_runtime': 1.2542, 'eval_samples_per_second': 172.217, 'eval_steps_per_second': 21.527, 'epoch': 1.0}
  Model             : WavLMForSequenceClassification  (315,717,576 params, 315,717,576 trainable)
{'eval_loss': 1.5246152877807617, 'eval_f1_macro': 0.30618892468748793, 'eval_f1_weighted': 0.3253716433886187, 'eval_precision_macro': 0.4042793673669813, 'eval_recall_macro': 0.4141009852216749, 'eval_accuracy': 0.4398148148148148, 'eval_runtime': 1.2455, 'eval_samples_per_second': 173.426, 'eval_steps_per_second': 21.678, 'epoch': 1.0}
  Model             : WavLMForSequenceClassification  (315,717,576 params, 315,717,576 trainable)
{'eval_loss': 1.4577139616012573, 'eval_f1_macro': 0.35827641233269514, 'eval_f1_weighted': 0.38132250044873045, 'eval_precision_macro': 0.37622302215582965, 'eval_recall_macro': 0.4401169950738916, 'eval_accuracy': 0.4675925925925926, 'eval_runtime': 1.261, 'eval_samples_per_second': 171.293, 'eval_steps_per_second': 21.412, 'epoch': 1.0}
  Model             : WavLMForSequenceClassification  (315,717,576 params, 315,717,576 trainable)
{'eval_loss': 1.9396611452102661, 'eval_f1_macro': 0.19356812639059218, 'eval_f1_weighted': 0.20430208064002991, 'eval_precision_macro': 0.23286491398984765, 'eval_recall_macro': 0.2894088669950739, 'eval_accuracy': 0.3055555555555556, 'eval_runtime': 1.2662, 'eval_samples_per_second': 170.585, 'eval_steps_per_second': 21.323, 'epoch': 1.0}
{'eval_loss': 1.7553259134292603, 'eval_f1_macro': 0.19135187728937728, 'eval_f1_weighted': 0.20292192375525708, 'eval_precision_macro': 0.271281503150315, 'eval_recall_macro': 0.2846366995073891, 'eval_accuracy': 0.30092592592592593, 'eval_runtime': 1.2359, 'eval_samples_per_second': 174.778, 'eval_steps_per_second': 21.847, 'epoch': 2.0}
  Model             : WavLMForSequenceClassification  (315,717,576 params, 315,717,576 trainable)
{'eval_loss': 1.496672511100769, 'eval_f1_macro': 0.3522451552724207, 'eval_f1_weighted': 0.3753573975105651, 'eval_precision_macro': 0.3874646792963853, 'eval_recall_macro': 0.43103448275862066, 'eval_accuracy': 0.4583333333333333, 'eval_runtime': 1.2398, 'eval_samples_per_second': 174.227, 'eval_steps_per_second': 21.778, 'epoch': 1.0}
{'eval_loss': 1.0106664896011353, 'eval_f1_macro': 0.5800511489815394, 'eval_f1_weighted': 0.6007226664555471, 'eval_precision_macro': 0.7091332976532218, 'eval_recall_macro': 0.6245997536945813, 'eval_accuracy': 0.6527777777777778, 'eval_runtime': 1.2658, 'eval_samples_per_second': 170.643, 'eval_steps_per_second': 21.33, 'epoch': 2.0}
{'eval_loss': 0.8207346796989441, 'eval_f1_macro': 0.6936727879653447, 'eval_f1_weighted': 0.7161969560377893, 'eval_precision_macro': 0.7337089789295672, 'eval_recall_macro': 0.7069991789819376, 'eval_accuracy': 0.7314814814814815, 'eval_runtime': 1.2926, 'eval_samples_per_second': 167.103, 'eval_steps_per_second': 20.888, 'epoch': 3.0}
{'train_runtime': 47.4062, 'train_samples_per_second': 63.789, 'train_steps_per_second': 7.974, 'train_loss': 1.3514643270502646, 'epoch': 3.0}
  Best f1_macro: 4.0742  |  params: {'learning_rate': 0.00017627968485884053, 'per_device_train_batch_size': 4, 'warmup_ratio': 0.13409777864005784, 'weight_decay': 0.0753271406426549}
  HPO complete. Skipping training (--hpo_only mode).

======================================================================
[8/10]  wavlm-large_emodb
  Model  : microsoft/wavlm-large
  Dataset: renumics/emodb
  Output : /home/tu/tu_tu/tu_zxord71/asp-project/outputs/wavlm-large_emodb

  Loading: renumics/emodb
  Label col : emotion
  Samples   : 535  |  Classes: 7
    0: 127
    1: 81
    2: 46
    3: 69
    4: 71
    5: 79
    6: 62
  Classes   : ['anger', 'boredom', 'disgust', 'fear', 'happiness', 'neutral', 'sadness']
  Split     : 374 train / 80 val / 81 test  (of 535)
  Feature extractor : Wav2Vec2FeatureExtractor  (sr=16000)
  Featurising splits ...
  Model             : WavLMForSequenceClassification  (315,717,319 params, 315,717,319 trainable)
  HPO: 20 trials × 3 epochs ...
  Model             : WavLMForSequenceClassification  (315,717,319 params, 315,717,319 trainable)
{'eval_loss': 1.530419945716858, 'eval_f1_macro': 0.15260965449644695, 'eval_f1_weighted': 0.2112607204116638, 'eval_precision_macro': 0.10861941675895163, 'eval_recall_macro': 0.2857142857142857, 'eval_accuracy': 0.3625, 'eval_runtime': 0.6024, 'eval_samples_per_second': 132.805, 'eval_steps_per_second': 16.601, 'epoch': 1.0}
{'eval_loss': 1.274969458580017, 'eval_f1_macro': 0.37211767824012726, 'eval_f1_weighted': 0.42221706864564, 'eval_precision_macro': 0.43474025974025976, 'eval_recall_macro': 0.45098460436806304, 'eval_accuracy': 0.525, 'eval_runtime': 0.5772, 'eval_samples_per_second': 138.59, 'eval_steps_per_second': 17.324, 'epoch': 2.0}
{'eval_loss': 1.0089813470840454, 'eval_f1_macro': 0.580412633375924, 'eval_f1_weighted': 0.5763094132772926, 'eval_precision_macro': 0.5926155289702087, 'eval_recall_macro': 0.6292158968850698, 'eval_accuracy': 0.65, 'eval_runtime': 0.6112, 'eval_samples_per_second': 130.899, 'eval_steps_per_second': 16.362, 'epoch': 3.0}
{'train_runtime': 15.8454, 'train_samples_per_second': 70.809, 'train_steps_per_second': 4.544, 'train_loss': 1.461722691853841, 'epoch': 3.0}
  Model             : WavLMForSequenceClassification  (315,717,319 params, 315,717,319 trainable)
{'eval_loss': 1.8645508289337158, 'eval_f1_macro': 0.05483405483405483, 'eval_f1_weighted': 0.09116161616161615, 'eval_precision_macro': 0.033928571428571426, 'eval_recall_macro': 0.14285714285714285, 'eval_accuracy': 0.2375, 'eval_runtime': 0.5855, 'eval_samples_per_second': 136.63, 'eval_steps_per_second': 17.079, 'epoch': 1.0}
{'eval_loss': 1.7347412109375, 'eval_f1_macro': 0.27110160965794766, 'eval_f1_weighted': 0.331487676056338, 'eval_precision_macro': 0.25934065934065936, 'eval_recall_macro': 0.34523809523809523, 'eval_accuracy': 0.45, 'eval_runtime': 0.5739, 'eval_samples_per_second': 139.392, 'eval_steps_per_second': 17.424, 'epoch': 2.0}
{'eval_loss': 1.65447998046875, 'eval_f1_macro': 0.2884312884312884, 'eval_f1_weighted': 0.3560935935935936, 'eval_precision_macro': 0.3286621315192744, 'eval_recall_macro': 0.37380952380952387, 'eval_accuracy': 0.475, 'eval_runtime': 0.5813, 'eval_samples_per_second': 137.62, 'eval_steps_per_second': 17.203, 'epoch': 3.0}
{'train_runtime': 18.4012, 'train_samples_per_second': 60.974, 'train_steps_per_second': 7.663, 'train_loss': 1.8278269666306517, 'epoch': 3.0}
  Model             : WavLMForSequenceClassification  (315,717,319 params, 315,717,319 trainable)
{'eval_loss': 1.866479516029358, 'eval_f1_macro': 0.05483405483405483, 'eval_f1_weighted': 0.09116161616161615, 'eval_precision_macro': 0.033928571428571426, 'eval_recall_macro': 0.14285714285714285, 'eval_accuracy': 0.2375, 'eval_runtime': 0.6005, 'eval_samples_per_second': 133.214, 'eval_steps_per_second': 16.652, 'epoch': 1.0}
{'eval_loss': 1.780114769935608, 'eval_f1_macro': 0.05483405483405483, 'eval_f1_weighted': 0.09116161616161615, 'eval_precision_macro': 0.033928571428571426, 'eval_recall_macro': 0.14285714285714285, 'eval_accuracy': 0.2375, 'eval_runtime': 0.5884, 'eval_samples_per_second': 135.955, 'eval_steps_per_second': 16.994, 'epoch': 2.0}
{'eval_loss': 1.698974609375, 'eval_f1_macro': 0.39564772145417304, 'eval_f1_weighted': 0.4486245519713261, 'eval_precision_macro': 0.3719665016199034, 'eval_recall_macro': 0.45952380952380956, 'eval_accuracy': 0.55, 'eval_runtime': 0.5909, 'eval_samples_per_second': 135.393, 'eval_steps_per_second': 16.924, 'epoch': 3.0}
{'train_runtime': 15.0596, 'train_samples_per_second': 74.504, 'train_steps_per_second': 4.781, 'train_loss': 1.8467542860243056, 'epoch': 3.0}
  Model             : WavLMForSequenceClassification  (315,717,319 params, 315,717,319 trainable)
{'eval_loss': 1.848840355873108, 'eval_f1_macro': 0.0553935860058309, 'eval_f1_weighted': 0.09209183673469387, 'eval_precision_macro': 0.034358047016274866, 'eval_recall_macro': 0.14285714285714285, 'eval_accuracy': 0.2375, 'eval_runtime': 0.5993, 'eval_samples_per_second': 133.479, 'eval_steps_per_second': 16.685, 'epoch': 1.0}
{'eval_loss': 1.67645263671875, 'eval_f1_macro': 0.18229832183320555, 'eval_f1_weighted': 0.24256708407871203, 'eval_precision_macro': 0.16192479796967874, 'eval_recall_macro': 0.29761904761904756, 'eval_accuracy': 0.4, 'eval_runtime': 0.5931, 'eval_samples_per_second': 134.878, 'eval_steps_per_second': 16.86, 'epoch': 2.0}
{'eval_loss': 1.605474829673767, 'eval_f1_macro': 0.22815914244485674, 'eval_f1_weighted': 0.28779942279942283, 'eval_precision_macro': 0.35335497835497837, 'eval_recall_macro': 0.3238095238095239, 'eval_accuracy': 0.425, 'eval_runtime': 0.5963, 'eval_samples_per_second': 134.153, 'eval_steps_per_second': 16.769, 'epoch': 3.0}
{'train_runtime': 28.9493, 'train_samples_per_second': 38.757, 'train_steps_per_second': 9.741, 'train_loss': 1.8036295572916667, 'epoch': 3.0}
  Model             : WavLMForSequenceClassification  (315,717,319 params, 315,717,319 trainable)
{'eval_loss': 1.83953857421875, 'eval_f1_macro': 0.05483405483405483, 'eval_f1_weighted': 0.09116161616161615, 'eval_precision_macro': 0.033928571428571426, 'eval_recall_macro': 0.14285714285714285, 'eval_accuracy': 0.2375, 'eval_runtime': 0.6, 'eval_samples_per_second': 133.336, 'eval_steps_per_second': 16.667, 'epoch': 1.0}
{'eval_loss': 1.5582396984100342, 'eval_f1_macro': 0.3963893249607535, 'eval_f1_weighted': 0.46586538461538457, 'eval_precision_macro': 0.3957431457431458, 'eval_recall_macro': 0.4857142857142857, 'eval_accuracy': 0.5875, 'eval_runtime': 0.6096, 'eval_samples_per_second': 131.234, 'eval_steps_per_second': 16.404, 'epoch': 2.0}
{'eval_loss': 1.454595923423767, 'eval_f1_macro': 0.3205350850699688, 'eval_f1_weighted': 0.3834841878083157, 'eval_precision_macro': 0.315562264950474, 'eval_recall_macro': 0.4142857142857143, 'eval_accuracy': 0.5, 'eval_runtime': 0.5936, 'eval_samples_per_second': 134.764, 'eval_steps_per_second': 16.845, 'epoch': 3.0}
{'train_runtime': 18.3805, 'train_samples_per_second': 61.043, 'train_steps_per_second': 7.671, 'train_loss': 1.734732228813442, 'epoch': 3.0}
  Model             : WavLMForSequenceClassification  (315,717,319 params, 315,717,319 trainable)
{'eval_loss': 1.9139525890350342, 'eval_f1_macro': 0.05483405483405483, 'eval_f1_weighted': 0.09116161616161615, 'eval_precision_macro': 0.033928571428571426, 'eval_recall_macro': 0.14285714285714285, 'eval_accuracy': 0.2375, 'eval_runtime': 0.5927, 'eval_samples_per_second': 134.968, 'eval_steps_per_second': 16.871, 'epoch': 1.0}
{'eval_loss': 1.888220191001892, 'eval_f1_macro': 0.05483405483405483, 'eval_f1_weighted': 0.09116161616161615, 'eval_precision_macro': 0.033928571428571426, 'eval_recall_macro': 0.14285714285714285, 'eval_accuracy': 0.2375, 'eval_runtime': 0.5799, 'eval_samples_per_second': 137.943, 'eval_steps_per_second': 17.243, 'epoch': 2.0}
  Model             : WavLMForSequenceClassification  (315,717,319 params, 315,717,319 trainable)
{'eval_loss': 1.648522973060608, 'eval_f1_macro': 0.4326194919186833, 'eval_f1_weighted': 0.49317679176169743, 'eval_precision_macro': 0.3763687293099058, 'eval_recall_macro': 0.5238095238095238, 'eval_accuracy': 0.6125, 'eval_runtime': 0.5848, 'eval_samples_per_second': 136.801, 'eval_steps_per_second': 17.1, 'epoch': 1.0}
{'eval_loss': 1.2930999994277954, 'eval_f1_macro': 0.4357245928674501, 'eval_f1_weighted': 0.5048304473304474, 'eval_precision_macro': 0.5488400488400488, 'eval_recall_macro': 0.5166666666666667, 'eval_accuracy': 0.6, 'eval_runtime': 0.5886, 'eval_samples_per_second': 135.905, 'eval_steps_per_second': 16.988, 'epoch': 2.0}
{'eval_loss': 1.148101806640625, 'eval_f1_macro': 0.5302120949492032, 'eval_f1_weighted': 0.5506216295921808, 'eval_precision_macro': 0.5863160648874934, 'eval_recall_macro': 0.5679914070891514, 'eval_accuracy': 0.6125, 'eval_runtime': 0.5852, 'eval_samples_per_second': 136.707, 'eval_steps_per_second': 17.088, 'epoch': 3.0}
{'train_runtime': 28.9514, 'train_samples_per_second': 38.755, 'train_steps_per_second': 9.74, 'train_loss': 1.5336582914311836, 'epoch': 3.0}
  Model             : WavLMForSequenceClassification  (315,717,319 params, 315,717,319 trainable)
{'eval_loss': 1.5293152332305908, 'eval_f1_macro': 0.261613432914879, 'eval_f1_weighted': 0.31165647015202075, 'eval_precision_macro': 0.20177838577291382, 'eval_recall_macro': 0.38095238095238093, 'eval_accuracy': 0.4625, 'eval_runtime': 0.5873, 'eval_samples_per_second': 136.21, 'eval_steps_per_second': 17.026, 'epoch': 1.0}
{'eval_loss': 1.040765404701233, 'eval_f1_macro': 0.5156910132474042, 'eval_f1_weighted': 0.5372047305764411, 'eval_precision_macro': 0.5752222528191686, 'eval_recall_macro': 0.573093447905478, 'eval_accuracy': 0.6125, 'eval_runtime': 0.5898, 'eval_samples_per_second': 135.646, 'eval_steps_per_second': 16.956, 'epoch': 2.0}
{'eval_loss': 0.8567169308662415, 'eval_f1_macro': 0.6383117619517442, 'eval_f1_weighted': 0.635929465915921, 'eval_precision_macro': 0.6932875553565208, 'eval_recall_macro': 0.6792158968850698, 'eval_accuracy': 0.7, 'eval_runtime': 0.5866, 'eval_samples_per_second': 136.378, 'eval_steps_per_second': 17.047, 'epoch': 3.0}
{'train_runtime': 15.0316, 'train_samples_per_second': 74.643, 'train_steps_per_second': 4.79, 'train_loss': 1.3489180670844183, 'epoch': 3.0}
  Model             : WavLMForSequenceClassification  (315,717,319 params, 315,717,319 trainable)
{'eval_loss': 1.7851684093475342, 'eval_f1_macro': 0.05483405483405483, 'eval_f1_weighted': 0.09116161616161615, 'eval_precision_macro': 0.033928571428571426, 'eval_recall_macro': 0.14285714285714285, 'eval_accuracy': 0.2375, 'eval_runtime': 0.5943, 'eval_samples_per_second': 134.605, 'eval_steps_per_second': 16.826, 'epoch': 1.0}
  Model             : WavLMForSequenceClassification  (315,717,319 params, 315,717,319 trainable)
{'eval_loss': 1.4851195812225342, 'eval_f1_macro': 0.16257625195063127, 'eval_f1_weighted': 0.23344091360476665, 'eval_precision_macro': 0.11792717086834734, 'eval_recall_macro': 0.2857142857142857, 'eval_accuracy': 0.3875, 'eval_runtime': 0.6126, 'eval_samples_per_second': 130.6, 'eval_steps_per_second': 16.325, 'epoch': 1.0}
{'eval_loss': 1.195459008216858, 'eval_f1_macro': 0.7507536347872482, 'eval_f1_weighted': 0.7727030812324929, 'eval_precision_macro': 0.8195393374741201, 'eval_recall_macro': 0.7418009308986752, 'eval_accuracy': 0.7875, 'eval_runtime': 0.5915, 'eval_samples_per_second': 135.251, 'eval_steps_per_second': 16.906, 'epoch': 2.0}
{'eval_loss': 0.9944976568222046, 'eval_f1_macro': 0.5550704693561836, 'eval_f1_weighted': 0.5758314483314483, 'eval_precision_macro': 0.6670036868502341, 'eval_recall_macro': 0.6251342642320086, 'eval_accuracy': 0.6625, 'eval_runtime': 0.5898, 'eval_samples_per_second': 135.632, 'eval_steps_per_second': 16.954, 'epoch': 3.0}
{'train_runtime': 18.4311, 'train_samples_per_second': 60.875, 'train_steps_per_second': 7.65, 'train_loss': 1.434175099041445, 'epoch': 3.0}
  Model             : WavLMForSequenceClassification  (315,717,319 params, 315,717,319 trainable)
{'eval_loss': 1.5750243663787842, 'eval_f1_macro': 0.1687218045112782, 'eval_f1_weighted': 0.2436578947368421, 'eval_precision_macro': 0.12565284178187405, 'eval_recall_macro': 0.2857142857142857, 'eval_accuracy': 0.3875, 'eval_runtime': 0.5977, 'eval_samples_per_second': 133.839, 'eval_steps_per_second': 16.73, 'epoch': 1.0}
{'eval_loss': 1.3558838367462158, 'eval_f1_macro': 0.18432754468246926, 'eval_f1_weighted': 0.25053149955634424, 'eval_precision_macro': 0.14114774114774115, 'eval_recall_macro': 0.29761904761904756, 'eval_accuracy': 0.375, 'eval_runtime': 0.5799, 'eval_samples_per_second': 137.963, 'eval_steps_per_second': 17.245, 'epoch': 2.0}
  Model             : WavLMForSequenceClassification  (315,717,319 params, 315,717,319 trainable)
{'eval_loss': 1.4175231456756592, 'eval_f1_macro': 0.3214734950584007, 'eval_f1_weighted': 0.3752830188679245, 'eval_precision_macro': 0.3817799847211612, 'eval_recall_macro': 0.42857142857142855, 'eval_accuracy': 0.5125, 'eval_runtime': 0.5829, 'eval_samples_per_second': 137.25, 'eval_steps_per_second': 17.156, 'epoch': 1.0}
{'eval_loss': 1.061192274093628, 'eval_f1_macro': 0.606102698997715, 'eval_f1_weighted': 0.622004964812494, 'eval_precision_macro': 0.6831224331224331, 'eval_recall_macro': 0.6537056928034372, 'eval_accuracy': 0.6875, 'eval_runtime': 0.5851, 'eval_samples_per_second': 136.728, 'eval_steps_per_second': 17.091, 'epoch': 2.0}
{'eval_loss': 0.8419342041015625, 'eval_f1_macro': 0.6607166610650931, 'eval_f1_weighted': 0.6666465772258455, 'eval_precision_macro': 0.8468794632477497, 'eval_recall_macro': 0.7064267812388113, 'eval_accuracy': 0.725, 'eval_runtime': 0.8528, 'eval_samples_per_second': 93.811, 'eval_steps_per_second': 11.726, 'epoch': 3.0}
{'train_runtime': 18.6331, 'train_samples_per_second': 60.216, 'train_steps_per_second': 7.567, 'train_loss': 1.3570418121121455, 'epoch': 3.0}
  Model             : WavLMForSequenceClassification  (315,717,319 params, 315,717,319 trainable)
{'eval_loss': 1.584344506263733, 'eval_f1_macro': 0.16071428571428573, 'eval_f1_weighted': 0.2296875, 'eval_precision_macro': 0.12216748768472906, 'eval_recall_macro': 0.2857142857142857, 'eval_accuracy': 0.3625, 'eval_runtime': 0.5923, 'eval_samples_per_second': 135.059, 'eval_steps_per_second': 16.882, 'epoch': 1.0}
{'eval_loss': 1.196893334388733, 'eval_f1_macro': 0.29718678730836784, 'eval_f1_weighted': 0.3619824611845888, 'eval_precision_macro': 0.2796674225245654, 'eval_recall_macro': 0.37581453634085216, 'eval_accuracy': 0.45, 'eval_runtime': 0.58, 'eval_samples_per_second': 137.921, 'eval_steps_per_second': 17.24, 'epoch': 2.0}
  Model             : WavLMForSequenceClassification  (315,717,319 params, 315,717,319 trainable)
{'eval_loss': 1.799096703529358, 'eval_f1_macro': 0.05483405483405483, 'eval_f1_weighted': 0.09116161616161615, 'eval_precision_macro': 0.033928571428571426, 'eval_recall_macro': 0.14285714285714285, 'eval_accuracy': 0.2375, 'eval_runtime': 0.5912, 'eval_samples_per_second': 135.31, 'eval_steps_per_second': 16.914, 'epoch': 1.0}
  Model             : WavLMForSequenceClassification  (315,717,319 params, 315,717,319 trainable)
{'eval_loss': 1.9070312976837158, 'eval_f1_macro': 0.149961666240736, 'eval_f1_weighted': 0.1969856887298748, 'eval_precision_macro': 0.10229625447016752, 'eval_recall_macro': 0.2857142857142857, 'eval_accuracy': 0.3625, 'eval_runtime': 0.5893, 'eval_samples_per_second': 135.765, 'eval_steps_per_second': 16.971, 'epoch': 1.0}
  Model             : WavLMForSequenceClassification  (315,717,319 params, 315,717,319 trainable)
{'eval_loss': 1.3749237060546875, 'eval_f1_macro': 0.2025216472655826, 'eval_f1_weighted': 0.2629894083903518, 'eval_precision_macro': 0.25833081647035133, 'eval_recall_macro': 0.31190476190476196, 'eval_accuracy': 0.3875, 'eval_runtime': 0.5807, 'eval_samples_per_second': 137.776, 'eval_steps_per_second': 17.222, 'epoch': 1.0}
{'eval_loss': 1.0701767206192017, 'eval_f1_macro': 0.5037360079598028, 'eval_f1_weighted': 0.5674173987776928, 'eval_precision_macro': 0.7150641755904914, 'eval_recall_macro': 0.5486036519871106, 'eval_accuracy': 0.6125, 'eval_runtime': 0.5976, 'eval_samples_per_second': 133.875, 'eval_steps_per_second': 16.734, 'epoch': 2.0}
{'eval_loss': 0.7058852910995483, 'eval_f1_macro': 0.6404516665600409, 'eval_f1_weighted': 0.6620510523958799, 'eval_precision_macro': 0.6869892121608369, 'eval_recall_macro': 0.6931614751163623, 'eval_accuracy': 0.725, 'eval_runtime': 0.6178, 'eval_samples_per_second': 129.497, 'eval_steps_per_second': 16.187, 'epoch': 3.0}
{'train_runtime': 18.5052, 'train_samples_per_second': 60.632, 'train_steps_per_second': 7.619, 'train_loss': 1.2368272280862145, 'epoch': 3.0}
  Model             : WavLMForSequenceClassification  (315,717,319 params, 315,717,319 trainable)
{'eval_loss': 1.4041045904159546, 'eval_f1_macro': 0.22649809277716254, 'eval_f1_weighted': 0.28776916451335055, 'eval_precision_macro': 0.18036487322201605, 'eval_recall_macro': 0.3452380952380953, 'eval_accuracy': 0.425, 'eval_runtime': 0.604, 'eval_samples_per_second': 132.447, 'eval_steps_per_second': 16.556, 'epoch': 1.0}
{'eval_loss': 0.8952392339706421, 'eval_f1_macro': 0.5988455988455988, 'eval_f1_weighted': 0.6411300505050506, 'eval_precision_macro': 0.7299010513296228, 'eval_recall_macro': 0.6472073039742213, 'eval_accuracy': 0.6875, 'eval_runtime': 1.5742, 'eval_samples_per_second': 50.819, 'eval_steps_per_second': 6.352, 'epoch': 2.0}
{'eval_loss': 0.69390869140625, 'eval_f1_macro': 0.6609392143954356, 'eval_f1_weighted': 0.6801766513056836, 'eval_precision_macro': 0.6996875305145982, 'eval_recall_macro': 0.7135696383816684, 'eval_accuracy': 0.7375, 'eval_runtime': 0.6261, 'eval_samples_per_second': 127.784, 'eval_steps_per_second': 15.973, 'epoch': 3.0}
{'train_runtime': 19.8907, 'train_samples_per_second': 56.408, 'train_steps_per_second': 7.089, 'train_loss': 1.2691167736729831, 'epoch': 3.0}
  Model             : WavLMForSequenceClassification  (315,717,319 params, 315,717,319 trainable)
{'eval_loss': 1.73919677734375, 'eval_f1_macro': 0.05483405483405483, 'eval_f1_weighted': 0.09116161616161615, 'eval_precision_macro': 0.033928571428571426, 'eval_recall_macro': 0.14285714285714285, 'eval_accuracy': 0.2375, 'eval_runtime': 0.612, 'eval_samples_per_second': 130.728, 'eval_steps_per_second': 16.341, 'epoch': 1.0}
  Model             : WavLMForSequenceClassification  (315,717,319 params, 315,717,319 trainable)
{'eval_loss': 1.39886474609375, 'eval_f1_macro': 0.17324448601044345, 'eval_f1_weighted': 0.2266850791052919, 'eval_precision_macro': 0.24766927205951594, 'eval_recall_macro': 0.29761904761904756, 'eval_accuracy': 0.375, 'eval_runtime': 0.5984, 'eval_samples_per_second': 133.693, 'eval_steps_per_second': 16.712, 'epoch': 1.0}
{'eval_loss': 0.9027618169784546, 'eval_f1_macro': 0.5957710732007407, 'eval_f1_weighted': 0.6336488594880538, 'eval_precision_macro': 0.6382166852755088, 'eval_recall_macro': 0.622001432151808, 'eval_accuracy': 0.65, 'eval_runtime': 0.5945, 'eval_samples_per_second': 134.57, 'eval_steps_per_second': 16.821, 'epoch': 2.0}
{'eval_loss': 0.6691558957099915, 'eval_f1_macro': 0.7362871630916948, 'eval_f1_weighted': 0.740927293035466, 'eval_precision_macro': 0.8546282149223325, 'eval_recall_macro': 0.7805764411027568, 'eval_accuracy': 0.7875, 'eval_runtime': 0.5843, 'eval_samples_per_second': 136.922, 'eval_steps_per_second': 17.115, 'epoch': 3.0}
{'train_runtime': 18.4208, 'train_samples_per_second': 60.909, 'train_steps_per_second': 7.654, 'train_loss': 1.2387462643021387, 'epoch': 3.0}
  Model             : WavLMForSequenceClassification  (315,717,319 params, 315,717,319 trainable)
{'eval_loss': 1.799072265625, 'eval_f1_macro': 0.05483405483405483, 'eval_f1_weighted': 0.09116161616161615, 'eval_precision_macro': 0.033928571428571426, 'eval_recall_macro': 0.14285714285714285, 'eval_accuracy': 0.2375, 'eval_runtime': 0.5832, 'eval_samples_per_second': 137.171, 'eval_steps_per_second': 17.146, 'epoch': 1.0}
  Best f1_macro: 3.8999  |  params: {'learning_rate': 0.00023166377425419896, 'per_device_train_batch_size': 8, 'warmup_ratio': 0.14453206036029334, 'weight_decay': 0.0193536212568312}
  HPO complete. Skipping training (--hpo_only mode).

======================================================================
[9/10]  distilhubert_ravdess
  Model  : ntu-spml/distilhubert
  Dataset: xbgoose/ravdess
  Output : /home/tu/tu_tu/tu_zxord71/asp-project/outputs/distilhubert_ravdess

  Loading: xbgoose/ravdess
  Label col : emotion
  Samples   : 1,440  |  Classes: 8
    angry: 192
    calm: 192
    disgust: 192
    fearful: 192
    happy: 192
    neutral: 96
    sad: 192
    surprised: 192
  Classes   : ['angry', 'calm', 'disgust', 'fearful', 'happy', 'neutral', 'sad', 'surprised']
  Split     : 1,008 train / 216 val / 216 test  (of 1,440)
  Feature extractor : Wav2Vec2FeatureExtractor  (sr=16000)
  Featurising splits ...
  Model             : HubertForSequenceClassification  (23,690,888 params, 23,690,888 trainable)
  HPO: 20 trials × 3 epochs ...
  Model             : HubertForSequenceClassification  (23,690,888 params, 23,690,888 trainable)
{'eval_loss': 1.871428370475769, 'eval_f1_macro': 0.19439527055291145, 'eval_f1_weighted': 0.20597373966794189, 'eval_precision_macro': 0.30147186147186145, 'eval_recall_macro': 0.2847906403940887, 'eval_accuracy': 0.30092592592592593, 'eval_runtime': 0.4523, 'eval_samples_per_second': 477.573, 'eval_steps_per_second': 59.697, 'epoch': 1.0}
{'eval_loss': 1.703364610671997, 'eval_f1_macro': 0.30191769541754654, 'eval_f1_weighted': 0.3210034106199978, 'eval_precision_macro': 0.3157099958703577, 'eval_recall_macro': 0.3751539408866995, 'eval_accuracy': 0.39814814814814814, 'eval_runtime': 0.456, 'eval_samples_per_second': 473.711, 'eval_steps_per_second': 59.214, 'epoch': 2.0}
{'eval_loss': 1.6447415351867676, 'eval_f1_macro': 0.28280146774700027, 'eval_f1_weighted': 0.3008132909925126, 'eval_precision_macro': 0.3637702118039424, 'eval_recall_macro': 0.35329433497536944, 'eval_accuracy': 0.375, 'eval_runtime': 0.4428, 'eval_samples_per_second': 487.806, 'eval_steps_per_second': 60.976, 'epoch': 3.0}
{'train_runtime': 9.4335, 'train_samples_per_second': 320.56, 'train_steps_per_second': 20.035, 'train_loss': 1.839887508008846, 'epoch': 3.0}
  Model             : HubertForSequenceClassification  (23,690,888 params, 23,690,888 trainable)
{'eval_loss': 1.7081434726715088, 'eval_f1_macro': 0.3698433297109406, 'eval_f1_weighted': 0.3933430280156471, 'eval_precision_macro': 0.37011448205667274, 'eval_recall_macro': 0.4042487684729064, 'eval_accuracy': 0.4305555555555556, 'eval_runtime': 0.465, 'eval_samples_per_second': 464.531, 'eval_steps_per_second': 58.066, 'epoch': 1.0}
{'eval_loss': 1.0729104280471802, 'eval_f1_macro': 0.6195693545264104, 'eval_f1_weighted': 0.6370885693245791, 'eval_precision_macro': 0.6643103236853236, 'eval_recall_macro': 0.6375718390804598, 'eval_accuracy': 0.6574074074074074, 'eval_runtime': 0.4638, 'eval_samples_per_second': 465.761, 'eval_steps_per_second': 58.22, 'epoch': 2.0}
{'eval_loss': 0.7693260908126831, 'eval_f1_macro': 0.7023711976356763, 'eval_f1_weighted': 0.7199111532209099, 'eval_precision_macro': 0.7043678301522496, 'eval_recall_macro': 0.7074815270935961, 'eval_accuracy': 0.7268518518518519, 'eval_runtime': 0.4485, 'eval_samples_per_second': 481.552, 'eval_steps_per_second': 60.194, 'epoch': 3.0}
{'train_runtime': 11.0116, 'train_samples_per_second': 274.619, 'train_steps_per_second': 34.327, 'train_loss': 1.346529037233383, 'epoch': 3.0}
  Model             : HubertForSequenceClassification  (23,690,888 params, 23,690,888 trainable)
{'eval_loss': 1.7338415384292603, 'eval_f1_macro': 0.2167261650294524, 'eval_f1_weighted': 0.22937286829121403, 'eval_precision_macro': 0.2783530457637601, 'eval_recall_macro': 0.2929495073891626, 'eval_accuracy': 0.3101851851851852, 'eval_runtime': 0.4657, 'eval_samples_per_second': 463.827, 'eval_steps_per_second': 57.978, 'epoch': 1.0}
{'eval_loss': 1.3707761764526367, 'eval_f1_macro': 0.4624735299323983, 'eval_f1_weighted': 0.4926483044966845, 'eval_precision_macro': 0.5268637483797667, 'eval_recall_macro': 0.5049261083743842, 'eval_accuracy': 0.5370370370370371, 'eval_runtime': 0.4669, 'eval_samples_per_second': 462.667, 'eval_steps_per_second': 57.833, 'epoch': 2.0}
{'eval_loss': 1.1839181184768677, 'eval_f1_macro': 0.5427955876583909, 'eval_f1_weighted': 0.5649655344140025, 'eval_precision_macro': 0.577830618854402, 'eval_recall_macro': 0.5646962233169129, 'eval_accuracy': 0.5925925925925926, 'eval_runtime': 0.4411, 'eval_samples_per_second': 489.637, 'eval_steps_per_second': 61.205, 'epoch': 3.0}
{'train_runtime': 10.913, 'train_samples_per_second': 277.1, 'train_steps_per_second': 34.637, 'train_loss': 1.575812122809193, 'epoch': 3.0}
  Model             : HubertForSequenceClassification  (23,690,888 params, 23,690,888 trainable)
{'eval_loss': 1.7570348978042603, 'eval_f1_macro': 0.22264272186147185, 'eval_f1_weighted': 0.2360433451579285, 'eval_precision_macro': 0.22856581311769988, 'eval_recall_macro': 0.291564039408867, 'eval_accuracy': 0.3101851851851852, 'eval_runtime': 0.4449, 'eval_samples_per_second': 485.526, 'eval_steps_per_second': 60.691, 'epoch': 1.0}
{'eval_loss': 1.4146790504455566, 'eval_f1_macro': 0.4303134844694947, 'eval_f1_weighted': 0.44260146329626293, 'eval_precision_macro': 0.4941214080734877, 'eval_recall_macro': 0.46038587848932677, 'eval_accuracy': 0.4675925925925926, 'eval_runtime': 0.4596, 'eval_samples_per_second': 469.949, 'eval_steps_per_second': 58.744, 'epoch': 2.0}
{'eval_loss': 0.9483795166015625, 'eval_f1_macro': 0.680285059555287, 'eval_f1_weighted': 0.6908569429560676, 'eval_precision_macro': 0.6856064234429391, 'eval_recall_macro': 0.6848932676518884, 'eval_accuracy': 0.6944444444444444, 'eval_runtime': 0.4514, 'eval_samples_per_second': 478.469, 'eval_steps_per_second': 59.809, 'epoch': 3.0}
{'train_runtime': 9.0415, 'train_samples_per_second': 334.458, 'train_steps_per_second': 20.904, 'train_loss': 1.434831730272404, 'epoch': 3.0}
  Model             : HubertForSequenceClassification  (23,690,888 params, 23,690,888 trainable)
{'eval_loss': 1.8123236894607544, 'eval_f1_macro': 0.16105421962507657, 'eval_f1_weighted': 0.17058031566568055, 'eval_precision_macro': 0.23658703912186885, 'eval_recall_macro': 0.28001847290640397, 'eval_accuracy': 0.2962962962962963, 'eval_runtime': 0.4555, 'eval_samples_per_second': 474.242, 'eval_steps_per_second': 59.28, 'epoch': 1.0}
{'eval_loss': 1.6432404518127441, 'eval_f1_macro': 0.31599596218122694, 'eval_f1_weighted': 0.3361012993320334, 'eval_precision_macro': 0.44573412698412695, 'eval_recall_macro': 0.3796182266009852, 'eval_accuracy': 0.4027777777777778, 'eval_runtime': 0.4446, 'eval_samples_per_second': 485.787, 'eval_steps_per_second': 60.723, 'epoch': 2.0}
{'eval_loss': 1.5622942447662354, 'eval_f1_macro': 0.35122821710154517, 'eval_f1_weighted': 0.37408342378838055, 'eval_precision_macro': 0.38205862424612425, 'eval_recall_macro': 0.41363916256157635, 'eval_accuracy': 0.4398148148148148, 'eval_runtime': 0.4606, 'eval_samples_per_second': 468.906, 'eval_steps_per_second': 58.613, 'epoch': 3.0}
{'train_runtime': 11.0093, 'train_samples_per_second': 274.677, 'train_steps_per_second': 34.335, 'train_loss': 1.7919342202484292, 'epoch': 3.0}
  Model             : HubertForSequenceClassification  (23,690,888 params, 23,690,888 trainable)
{'eval_loss': 1.7053086757659912, 'eval_f1_macro': 0.23331620757585975, 'eval_f1_weighted': 0.2473795341831805, 'eval_precision_macro': 0.29995889817704546, 'eval_recall_macro': 0.31465517241379315, 'eval_accuracy': 0.3333333333333333, 'eval_runtime': 0.449, 'eval_samples_per_second': 481.063, 'eval_steps_per_second': 60.133, 'epoch': 1.0}
{'eval_loss': 1.3985494375228882, 'eval_f1_macro': 0.4198367270260894, 'eval_f1_weighted': 0.44742599305905445, 'eval_precision_macro': 0.4330606184321354, 'eval_recall_macro': 0.4742918719211823, 'eval_accuracy': 0.5046296296296297, 'eval_runtime': 0.4414, 'eval_samples_per_second': 489.372, 'eval_steps_per_second': 61.171, 'epoch': 2.0}
{'eval_loss': 1.2737810611724854, 'eval_f1_macro': 0.5037482333256059, 'eval_f1_weighted': 0.5371467670829048, 'eval_precision_macro': 0.48723609257098344, 'eval_recall_macro': 0.5389470443349753, 'eval_accuracy': 0.5740740740740741, 'eval_runtime': 0.4553, 'eval_samples_per_second': 474.42, 'eval_steps_per_second': 59.303, 'epoch': 3.0}
{'train_runtime': 9.0426, 'train_samples_per_second': 334.418, 'train_steps_per_second': 20.901, 'train_loss': 1.6191138212012235, 'epoch': 3.0}
  Model             : HubertForSequenceClassification  (23,690,888 params, 23,690,888 trainable)
{'eval_loss': 1.5260190963745117, 'eval_f1_macro': 0.4517982209179643, 'eval_f1_weighted': 0.45592002645604707, 'eval_precision_macro': 0.5075395621535328, 'eval_recall_macro': 0.46867816091954023, 'eval_accuracy': 0.48148148148148145, 'eval_runtime': 0.4445, 'eval_samples_per_second': 485.97, 'eval_steps_per_second': 60.746, 'epoch': 1.0}
  Model             : HubertForSequenceClassification  (23,690,888 params, 23,690,888 trainable)
{'eval_loss': 1.7321008443832397, 'eval_f1_macro': 0.21058261227406747, 'eval_f1_weighted': 0.22308298367847196, 'eval_precision_macro': 0.27198039524763246, 'eval_recall_macro': 0.2974137931034483, 'eval_accuracy': 0.3148148148148148, 'eval_runtime': 0.4461, 'eval_samples_per_second': 484.155, 'eval_steps_per_second': 60.519, 'epoch': 1.0}
  Model             : HubertForSequenceClassification  (23,690,888 params, 23,690,888 trainable)
{'eval_loss': 1.6167851686477661, 'eval_f1_macro': 0.41073694019662454, 'eval_f1_weighted': 0.42463093606215496, 'eval_precision_macro': 0.4403665219189413, 'eval_recall_macro': 0.4381568144499179, 'eval_accuracy': 0.4583333333333333, 'eval_runtime': 0.4428, 'eval_samples_per_second': 487.767, 'eval_steps_per_second': 60.971, 'epoch': 1.0}
{'eval_loss': 1.0844495296478271, 'eval_f1_macro': 0.5874120926243568, 'eval_f1_weighted': 0.5994625840616408, 'eval_precision_macro': 0.5974778349778349, 'eval_recall_macro': 0.5946428571428571, 'eval_accuracy': 0.6064814814814815, 'eval_runtime': 0.4592, 'eval_samples_per_second': 470.413, 'eval_steps_per_second': 58.802, 'epoch': 2.0}
{'eval_loss': 0.8524681329727173, 'eval_f1_macro': 0.6877808403792951, 'eval_f1_weighted': 0.6991690842575687, 'eval_precision_macro': 0.6960808138731526, 'eval_recall_macro': 0.7027709359605911, 'eval_accuracy': 0.7083333333333334, 'eval_runtime': 0.4631, 'eval_samples_per_second': 466.392, 'eval_steps_per_second': 58.299, 'epoch': 3.0}
{'train_runtime': 9.0696, 'train_samples_per_second': 333.422, 'train_steps_per_second': 20.839, 'train_loss': 1.2958615419095156, 'epoch': 3.0}
  Model             : HubertForSequenceClassification  (23,690,888 params, 23,690,888 trainable)
{'eval_loss': 1.9051513671875, 'eval_f1_macro': 0.19339582464984972, 'eval_f1_weighted': 0.20497129350226362, 'eval_precision_macro': 0.30779612782039967, 'eval_recall_macro': 0.2847906403940887, 'eval_accuracy': 0.30092592592592593, 'eval_runtime': 0.4698, 'eval_samples_per_second': 459.803, 'eval_steps_per_second': 57.475, 'epoch': 1.0}
  Model             : HubertForSequenceClassification  (23,690,888 params, 23,690,888 trainable)
{'eval_loss': 1.8798692226409912, 'eval_f1_macro': 0.1540280482527318, 'eval_f1_weighted': 0.16272504517933492, 'eval_precision_macro': 0.16457834928229664, 'eval_recall_macro': 0.26724137931034486, 'eval_accuracy': 0.2824074074074074, 'eval_runtime': 0.4683, 'eval_samples_per_second': 461.259, 'eval_steps_per_second': 57.657, 'epoch': 1.0}
  Model             : HubertForSequenceClassification  (23,690,888 params, 23,690,888 trainable)
{'eval_loss': 1.9574788808822632, 'eval_f1_macro': 0.15279633242953314, 'eval_f1_weighted': 0.1611906026679781, 'eval_precision_macro': 0.14030265711300194, 'eval_recall_macro': 0.20535714285714288, 'eval_accuracy': 0.2175925925925926, 'eval_runtime': 0.4562, 'eval_samples_per_second': 473.468, 'eval_steps_per_second': 59.184, 'epoch': 1.0}
  Model             : HubertForSequenceClassification  (23,690,888 params, 23,690,888 trainable)
{'eval_loss': 1.7302992343902588, 'eval_f1_macro': 0.31415120045439193, 'eval_f1_weighted': 0.33423503156068174, 'eval_precision_macro': 0.40373183684750846, 'eval_recall_macro': 0.3471366995073891, 'eval_accuracy': 0.37037037037037035, 'eval_runtime': 0.4448, 'eval_samples_per_second': 485.569, 'eval_steps_per_second': 60.696, 'epoch': 1.0}
{'eval_loss': 1.130383014678955, 'eval_f1_macro': 0.5785801586263208, 'eval_f1_weighted': 0.5984726947127524, 'eval_precision_macro': 0.6116809069263515, 'eval_recall_macro': 0.5867302955665025, 'eval_accuracy': 0.6111111111111112, 'eval_runtime': 0.458, 'eval_samples_per_second': 471.593, 'eval_steps_per_second': 58.949, 'epoch': 2.0}
{'eval_loss': 0.8746677041053772, 'eval_f1_macro': 0.7020747481684981, 'eval_f1_weighted': 0.7203077304639804, 'eval_precision_macro': 0.7154089684331619, 'eval_recall_macro': 0.7034585385878489, 'eval_accuracy': 0.7268518518518519, 'eval_runtime': 0.4471, 'eval_samples_per_second': 483.064, 'eval_steps_per_second': 60.383, 'epoch': 3.0}
{'train_runtime': 9.1176, 'train_samples_per_second': 331.666, 'train_steps_per_second': 20.729, 'train_loss': 1.392486572265625, 'epoch': 3.0}
  Model             : HubertForSequenceClassification  (23,690,888 params, 23,690,888 trainable)
{'eval_loss': 1.6331923007965088, 'eval_f1_macro': 0.3931991096077784, 'eval_f1_weighted': 0.41828539078424415, 'eval_precision_macro': 0.46650967856658815, 'eval_recall_macro': 0.4040948275862069, 'eval_accuracy': 0.4305555555555556, 'eval_runtime': 0.4498, 'eval_samples_per_second': 480.262, 'eval_steps_per_second': 60.033, 'epoch': 1.0}
  Model             : HubertForSequenceClassification  (23,690,888 params, 23,690,888 trainable)
{'eval_loss': 1.5800069570541382, 'eval_f1_macro': 0.3873317016623588, 'eval_f1_weighted': 0.41160160322547634, 'eval_precision_macro': 0.42105344492631647, 'eval_recall_macro': 0.4057881773399015, 'eval_accuracy': 0.4305555555555556, 'eval_runtime': 0.4521, 'eval_samples_per_second': 477.795, 'eval_steps_per_second': 59.724, 'epoch': 1.0}
  Model             : HubertForSequenceClassification  (23,690,888 params, 23,690,888 trainable)
{'eval_loss': 1.694977879524231, 'eval_f1_macro': 0.29493675956746246, 'eval_f1_weighted': 0.31287762955471154, 'eval_precision_macro': 0.4050420303658273, 'eval_recall_macro': 0.3448275862068966, 'eval_accuracy': 0.36574074074074076, 'eval_runtime': 0.4496, 'eval_samples_per_second': 480.427, 'eval_steps_per_second': 60.053, 'epoch': 1.0}
{'eval_loss': 1.3255423307418823, 'eval_f1_macro': 0.43926942264777125, 'eval_f1_weighted': 0.46804972846481746, 'eval_precision_macro': 0.5004951467652181, 'eval_recall_macro': 0.4873768472906404, 'eval_accuracy': 0.5185185185185185, 'eval_runtime': 0.4497, 'eval_samples_per_second': 480.334, 'eval_steps_per_second': 60.042, 'epoch': 2.0}
{'eval_loss': 1.1559504270553589, 'eval_f1_macro': 0.601922779828117, 'eval_f1_weighted': 0.6242548567699155, 'eval_precision_macro': 0.6120731148011094, 'eval_recall_macro': 0.6122844827586207, 'eval_accuracy': 0.6388888888888888, 'eval_runtime': 0.4575, 'eval_samples_per_second': 472.093, 'eval_steps_per_second': 59.012, 'epoch': 3.0}
  Model             : HubertForSequenceClassification  (23,690,888 params, 23,690,888 trainable)
{'eval_loss': 1.7759218215942383, 'eval_f1_macro': 0.27373033299320726, 'eval_f1_weighted': 0.2904141951915733, 'eval_precision_macro': 0.27103487531269543, 'eval_recall_macro': 0.32204433497536944, 'eval_accuracy': 0.3425925925925926, 'eval_runtime': 0.4758, 'eval_samples_per_second': 453.974, 'eval_steps_per_second': 56.747, 'epoch': 1.0}
  Model             : HubertForSequenceClassification  (23,690,888 params, 23,690,888 trainable)
{'eval_loss': 1.6723428964614868, 'eval_f1_macro': 0.375129613469791, 'eval_f1_weighted': 0.3991208231949247, 'eval_precision_macro': 0.3819839444330157, 'eval_recall_macro': 0.41302339901477836, 'eval_accuracy': 0.4398148148148148, 'eval_runtime': 0.4624, 'eval_samples_per_second': 467.174, 'eval_steps_per_second': 58.397, 'epoch': 1.0}
  Model             : HubertForSequenceClassification  (23,690,888 params, 23,690,888 trainable)
{'eval_loss': 1.6551874876022339, 'eval_f1_macro': 0.3581871240439015, 'eval_f1_weighted': 0.3813712058099668, 'eval_precision_macro': 0.41921835839111654, 'eval_recall_macro': 0.38177339901477836, 'eval_accuracy': 0.4074074074074074, 'eval_runtime': 0.4587, 'eval_samples_per_second': 470.944, 'eval_steps_per_second': 58.868, 'epoch': 1.0}
{'eval_loss': 1.0476148128509521, 'eval_f1_macro': 0.5929529877142433, 'eval_f1_weighted': 0.6136742315768439, 'eval_precision_macro': 0.6131288402457757, 'eval_recall_macro': 0.6122844827586207, 'eval_accuracy': 0.6388888888888888, 'eval_runtime': 0.4601, 'eval_samples_per_second': 469.46, 'eval_steps_per_second': 58.682, 'epoch': 2.0}
{'eval_loss': 0.8167037963867188, 'eval_f1_macro': 0.6928707653349617, 'eval_f1_weighted': 0.7158257121462767, 'eval_precision_macro': 0.6988515369942303, 'eval_recall_macro': 0.6994355500821019, 'eval_accuracy': 0.7268518518518519, 'eval_runtime': 0.458, 'eval_samples_per_second': 471.58, 'eval_steps_per_second': 58.948, 'epoch': 3.0}
{'train_runtime': 9.0906, 'train_samples_per_second': 332.653, 'train_steps_per_second': 20.791, 'train_loss': 1.3050283603567294, 'epoch': 3.0}
  Model             : HubertForSequenceClassification  (23,690,888 params, 23,690,888 trainable)
{'eval_loss': 1.4426145553588867, 'eval_f1_macro': 0.41972439788950366, 'eval_f1_weighted': 0.44641694588131875, 'eval_precision_macro': 0.4721735072541524, 'eval_recall_macro': 0.45689655172413796, 'eval_accuracy': 0.4861111111111111, 'eval_runtime': 0.4544, 'eval_samples_per_second': 475.337, 'eval_steps_per_second': 59.417, 'epoch': 1.0}
  Best f1_macro: 3.5681  |  params: {'learning_rate': 0.00019745988081990303, 'per_device_train_batch_size': 16, 'warmup_ratio': 0.13747213170335276, 'weight_decay': 0.08147914338708914}
  HPO complete. Skipping training (--hpo_only mode).

======================================================================
[10/10]  distilhubert_emodb
  Model  : ntu-spml/distilhubert
  Dataset: renumics/emodb
  Output : /home/tu/tu_tu/tu_zxord71/asp-project/outputs/distilhubert_emodb

  Loading: renumics/emodb
  Label col : emotion
  Samples   : 535  |  Classes: 7
    0: 127
    1: 81
    2: 46
    3: 69
    4: 71
    5: 79
    6: 62
  Classes   : ['anger', 'boredom', 'disgust', 'fear', 'happiness', 'neutral', 'sadness']
  Split     : 374 train / 80 val / 81 test  (of 535)
  Feature extractor : Wav2Vec2FeatureExtractor  (sr=16000)
  Featurising splits ...
  Model             : HubertForSequenceClassification  (23,690,631 params, 23,690,631 trainable)
  HPO: 20 trials × 3 epochs ...
  Model             : HubertForSequenceClassification  (23,690,631 params, 23,690,631 trainable)
{'eval_loss': 1.8083007335662842, 'eval_f1_macro': 0.08752834467120182, 'eval_f1_weighted': 0.12884920634920632, 'eval_precision_macro': 0.06997540800357702, 'eval_recall_macro': 0.16666666666666669, 'eval_accuracy': 0.2625, 'eval_runtime': 0.2947, 'eval_samples_per_second': 271.496, 'eval_steps_per_second': 33.937, 'epoch': 1.0}
{'eval_loss': 1.650366187095642, 'eval_f1_macro': 0.286117925431042, 'eval_f1_weighted': 0.3280239922055779, 'eval_precision_macro': 0.26546583850931676, 'eval_recall_macro': 0.37380952380952376, 'eval_accuracy': 0.4625, 'eval_runtime': 0.297, 'eval_samples_per_second': 269.395, 'eval_steps_per_second': 33.674, 'epoch': 2.0}
{'eval_loss': 1.5837829113006592, 'eval_f1_macro': 0.30778164924506385, 'eval_f1_weighted': 0.360075493612079, 'eval_precision_macro': 0.3090013434841021, 'eval_recall_macro': 0.4023809523809524, 'eval_accuracy': 0.4875, 'eval_runtime': 0.323, 'eval_samples_per_second': 247.685, 'eval_steps_per_second': 30.961, 'epoch': 3.0}
{'train_runtime': 6.3944, 'train_samples_per_second': 175.467, 'train_steps_per_second': 44.101, 'train_loss': 1.767339178856383, 'epoch': 3.0}
  Model             : HubertForSequenceClassification  (23,690,631 params, 23,690,631 trainable)
{'eval_loss': 1.5255553722381592, 'eval_f1_macro': 0.1457450904890258, 'eval_f1_weighted': 0.19984838274932618, 'eval_precision_macro': 0.10272066086019574, 'eval_recall_macro': 0.2781954887218045, 'eval_accuracy': 0.35, 'eval_runtime': 0.2883, 'eval_samples_per_second': 277.489, 'eval_steps_per_second': 34.686, 'epoch': 1.0}
{'eval_loss': 1.1187744140625, 'eval_f1_macro': 0.4492962387265749, 'eval_f1_weighted': 0.4778300626773516, 'eval_precision_macro': 0.6352040816326531, 'eval_recall_macro': 0.4737737200143215, 'eval_accuracy': 0.525, 'eval_runtime': 0.3031, 'eval_samples_per_second': 263.973, 'eval_steps_per_second': 32.997, 'epoch': 2.0}
{'eval_loss': 0.9278961420059204, 'eval_f1_macro': 0.7514850221024866, 'eval_f1_weighted': 0.7483253140721171, 'eval_precision_macro': 0.8044455544455545, 'eval_recall_macro': 0.7458825635517364, 'eval_accuracy': 0.7625, 'eval_runtime': 0.2958, 'eval_samples_per_second': 270.451, 'eval_steps_per_second': 33.806, 'epoch': 3.0}
{'train_runtime': 4.8357, 'train_samples_per_second': 232.024, 'train_steps_per_second': 29.158, 'train_loss': 1.3719692365497562, 'epoch': 3.0}
  Model             : HubertForSequenceClassification  (23,690,631 params, 23,690,631 trainable)
{'eval_loss': 1.658074975013733, 'eval_f1_macro': 0.2233201107055319, 'eval_f1_weighted': 0.2650362622972837, 'eval_precision_macro': 0.26372549019607844, 'eval_recall_macro': 0.2928571428571428, 'eval_accuracy': 0.3875, 'eval_runtime': 0.3006, 'eval_samples_per_second': 266.155, 'eval_steps_per_second': 33.269, 'epoch': 1.0}
{'eval_loss': 1.3376586437225342, 'eval_f1_macro': 0.3928386572020112, 'eval_f1_weighted': 0.4366653726708075, 'eval_precision_macro': 0.45876810876810875, 'eval_recall_macro': 0.4585034013605442, 'eval_accuracy': 0.5375, 'eval_runtime': 0.2918, 'eval_samples_per_second': 274.145, 'eval_steps_per_second': 34.268, 'epoch': 2.0}
{'eval_loss': 1.232305884361267, 'eval_f1_macro': 0.4616548507852855, 'eval_f1_weighted': 0.4846281657151222, 'eval_precision_macro': 0.5934131228248875, 'eval_recall_macro': 0.5040816326530613, 'eval_accuracy': 0.5625, 'eval_runtime': 0.2983, 'eval_samples_per_second': 268.209, 'eval_steps_per_second': 33.526, 'epoch': 3.0}
{'train_runtime': 4.2248, 'train_samples_per_second': 265.578, 'train_steps_per_second': 17.042, 'train_loss': 1.5700934727986653, 'epoch': 3.0}
  Model             : HubertForSequenceClassification  (23,690,631 params, 23,690,631 trainable)
{'eval_loss': 1.8625977039337158, 'eval_f1_macro': 0.05837173579109063, 'eval_f1_weighted': 0.09704301075268817, 'eval_precision_macro': 0.036679536679536676, 'eval_recall_macro': 0.14285714285714285, 'eval_accuracy': 0.2375, 'eval_runtime': 0.3044, 'eval_samples_per_second': 262.802, 'eval_steps_per_second': 32.85, 'epoch': 1.0}
{'eval_loss': 1.81427001953125, 'eval_f1_macro': 0.059006211180124224, 'eval_f1_weighted': 0.09809782608695652, 'eval_precision_macro': 0.03718199608610567, 'eval_recall_macro': 0.14285714285714285, 'eval_accuracy': 0.2375, 'eval_runtime': 0.2981, 'eval_samples_per_second': 268.381, 'eval_steps_per_second': 33.548, 'epoch': 2.0}
{'eval_loss': 1.7923705577850342, 'eval_f1_macro': 0.10066625104219089, 'eval_f1_weighted': 0.13769257058730744, 'eval_precision_macro': 0.20096371882086167, 'eval_recall_macro': 0.16904761904761906, 'eval_accuracy': 0.2625, 'eval_runtime': 0.3028, 'eval_samples_per_second': 264.228, 'eval_steps_per_second': 33.029, 'epoch': 3.0}
{'train_runtime': 4.2167, 'train_samples_per_second': 266.082, 'train_steps_per_second': 17.075, 'train_loss': 1.866813023885091, 'epoch': 3.0}
  Model             : HubertForSequenceClassification  (23,690,631 params, 23,690,631 trainable)
{'eval_loss': 1.853515625, 'eval_f1_macro': 0.055964653902798235, 'eval_f1_weighted': 0.09304123711340206, 'eval_precision_macro': 0.0347985347985348, 'eval_recall_macro': 0.14285714285714285, 'eval_accuracy': 0.2375, 'eval_runtime': 0.3013, 'eval_samples_per_second': 265.513, 'eval_steps_per_second': 33.189, 'epoch': 1.0}
{'eval_loss': 1.777490258216858, 'eval_f1_macro': 0.08498023715415019, 'eval_f1_weighted': 0.12082509881422925, 'eval_precision_macro': 0.18003913894324852, 'eval_recall_macro': 0.15714285714285717, 'eval_accuracy': 0.25, 'eval_runtime': 0.3008, 'eval_samples_per_second': 266.001, 'eval_steps_per_second': 33.25, 'epoch': 2.0}
{'eval_loss': 1.7349364757537842, 'eval_f1_macro': 0.2634564230949773, 'eval_f1_weighted': 0.2979394852135816, 'eval_precision_macro': 0.28526785714285713, 'eval_recall_macro': 0.31190476190476196, 'eval_accuracy': 0.4, 'eval_runtime': 0.2874, 'eval_samples_per_second': 278.343, 'eval_steps_per_second': 34.793, 'epoch': 3.0}
{'train_runtime': 4.2516, 'train_samples_per_second': 263.903, 'train_steps_per_second': 16.935, 'train_loss': 1.8472167121039496, 'epoch': 3.0}
  Model             : HubertForSequenceClassification  (23,690,631 params, 23,690,631 trainable)
{'eval_loss': 1.8824341297149658, 'eval_f1_macro': 0.059006211180124224, 'eval_f1_weighted': 0.09809782608695652, 'eval_precision_macro': 0.03718199608610567, 'eval_recall_macro': 0.14285714285714285, 'eval_accuracy': 0.2375, 'eval_runtime': 0.2934, 'eval_samples_per_second': 272.656, 'eval_steps_per_second': 34.082, 'epoch': 1.0}
{'eval_loss': 1.84649658203125, 'eval_f1_macro': 0.059006211180124224, 'eval_f1_weighted': 0.09809782608695652, 'eval_precision_macro': 0.03718199608610567, 'eval_recall_macro': 0.14285714285714285, 'eval_accuracy': 0.2375, 'eval_runtime': 0.3008, 'eval_samples_per_second': 265.941, 'eval_steps_per_second': 33.243, 'epoch': 2.0}
  Model             : HubertForSequenceClassification  (23,690,631 params, 23,690,631 trainable)
{'eval_loss': 1.3157256841659546, 'eval_f1_macro': 0.30357373718718256, 'eval_f1_weighted': 0.34847769877181645, 'eval_precision_macro': 0.37718802936194246, 'eval_recall_macro': 0.3904761904761905, 'eval_accuracy': 0.475, 'eval_runtime': 0.3063, 'eval_samples_per_second': 261.197, 'eval_steps_per_second': 32.65, 'epoch': 1.0}
{'eval_loss': 0.6830520629882812, 'eval_f1_macro': 0.7837216806016459, 'eval_f1_weighted': 0.7853410677627058, 'eval_precision_macro': 0.8468614718614719, 'eval_recall_macro': 0.8043859649122806, 'eval_accuracy': 0.8125, 'eval_runtime': 0.3189, 'eval_samples_per_second': 250.879, 'eval_steps_per_second': 31.36, 'epoch': 2.0}
{'eval_loss': 0.5372325778007507, 'eval_f1_macro': 0.7284860067468764, 'eval_f1_weighted': 0.7337014796797405, 'eval_precision_macro': 0.7016928309785452, 'eval_recall_macro': 0.7781954887218046, 'eval_accuracy': 0.7875, 'eval_runtime': 0.297, 'eval_samples_per_second': 269.318, 'eval_steps_per_second': 33.665, 'epoch': 3.0}
{'train_runtime': 6.522, 'train_samples_per_second': 172.033, 'train_steps_per_second': 43.238, 'train_loss': 1.0708031620539673, 'epoch': 3.0}
  Model             : HubertForSequenceClassification  (23,690,631 params, 23,690,631 trainable)
{'eval_loss': 1.4220306873321533, 'eval_f1_macro': 0.2325868434527178, 'eval_f1_weighted': 0.28468732314657613, 'eval_precision_macro': 0.25700047460844805, 'eval_recall_macro': 0.33333333333333337, 'eval_accuracy': 0.4125, 'eval_runtime': 0.3022, 'eval_samples_per_second': 264.756, 'eval_steps_per_second': 33.094, 'epoch': 1.0}
{'eval_loss': 0.9761718511581421, 'eval_f1_macro': 0.5244210038327686, 'eval_f1_weighted': 0.5519715252068192, 'eval_precision_macro': 0.6292176870748298, 'eval_recall_macro': 0.5560866451843895, 'eval_accuracy': 0.6, 'eval_runtime': 0.2998, 'eval_samples_per_second': 266.805, 'eval_steps_per_second': 33.351, 'epoch': 2.0}
{'eval_loss': 0.7359558343887329, 'eval_f1_macro': 0.7398744113029826, 'eval_f1_weighted': 0.7376282051282053, 'eval_precision_macro': 0.7706234414308949, 'eval_recall_macro': 0.7587719298245614, 'eval_accuracy': 0.7625, 'eval_runtime': 0.3027, 'eval_samples_per_second': 264.297, 'eval_steps_per_second': 33.037, 'epoch': 3.0}
{'train_runtime': 4.284, 'train_samples_per_second': 261.904, 'train_steps_per_second': 16.807, 'train_loss': 1.2506227493286133, 'epoch': 3.0}
  Model             : HubertForSequenceClassification  (23,690,631 params, 23,690,631 trainable)
{'eval_loss': 1.857031226158142, 'eval_f1_macro': 0.05837173579109063, 'eval_f1_weighted': 0.09704301075268817, 'eval_precision_macro': 0.036679536679536676, 'eval_recall_macro': 0.14285714285714285, 'eval_accuracy': 0.2375, 'eval_runtime': 0.2943, 'eval_samples_per_second': 271.812, 'eval_steps_per_second': 33.977, 'epoch': 1.0}
  Model             : HubertForSequenceClassification  (23,690,631 params, 23,690,631 trainable)
{'eval_loss': 1.4219452142715454, 'eval_f1_macro': 0.17440413992138132, 'eval_f1_weighted': 0.22908829676071055, 'eval_precision_macro': 0.13542340012928247, 'eval_recall_macro': 0.29761904761904756, 'eval_accuracy': 0.375, 'eval_runtime': 0.2977, 'eval_samples_per_second': 268.688, 'eval_steps_per_second': 33.586, 'epoch': 1.0}
{'eval_loss': 0.9735870361328125, 'eval_f1_macro': 0.5023882828363829, 'eval_f1_weighted': 0.5265336175367952, 'eval_precision_macro': 0.5504947433518861, 'eval_recall_macro': 0.5441818832796276, 'eval_accuracy': 0.5875, 'eval_runtime': 0.2887, 'eval_samples_per_second': 277.114, 'eval_steps_per_second': 34.639, 'epoch': 2.0}
{'eval_loss': 0.7763458490371704, 'eval_f1_macro': 0.7141324513995322, 'eval_f1_weighted': 0.7223099002446828, 'eval_precision_macro': 0.6775740925740926, 'eval_recall_macro': 0.7615288220551378, 'eval_accuracy': 0.775, 'eval_runtime': 0.2985, 'eval_samples_per_second': 268.032, 'eval_steps_per_second': 33.504, 'epoch': 3.0}
{'train_runtime': 4.1969, 'train_samples_per_second': 267.341, 'train_steps_per_second': 17.156, 'train_loss': 1.2592051823933919, 'epoch': 3.0}
  Model             : HubertForSequenceClassification  (23,690,631 params, 23,690,631 trainable)
{'eval_loss': 1.6255004405975342, 'eval_f1_macro': 0.16933436104768693, 'eval_f1_weighted': 0.22443550850045807, 'eval_precision_macro': 0.13044677330391616, 'eval_recall_macro': 0.2901002506265664, 'eval_accuracy': 0.3625, 'eval_runtime': 0.2964, 'eval_samples_per_second': 269.95, 'eval_steps_per_second': 33.744, 'epoch': 1.0}
{'eval_loss': 1.2567260265350342, 'eval_f1_macro': 0.36244789693065554, 'eval_f1_weighted': 0.3925361037430003, 'eval_precision_macro': 0.4532722179781004, 'eval_recall_macro': 0.41663086287146445, 'eval_accuracy': 0.475, 'eval_runtime': 0.3113, 'eval_samples_per_second': 256.964, 'eval_steps_per_second': 32.12, 'epoch': 2.0}
{'eval_loss': 1.1103241443634033, 'eval_f1_macro': 0.5880925212894522, 'eval_f1_weighted': 0.6092957898878615, 'eval_precision_macro': 0.6516296203796204, 'eval_recall_macro': 0.6088435374149659, 'eval_accuracy': 0.6625, 'eval_runtime': 0.2971, 'eval_samples_per_second': 269.3, 'eval_steps_per_second': 33.662, 'epoch': 3.0}
  Model             : HubertForSequenceClassification  (23,690,631 params, 23,690,631 trainable)
{'eval_loss': 1.27178955078125, 'eval_f1_macro': 0.2846062667491239, 'eval_f1_weighted': 0.3428548881673882, 'eval_precision_macro': 0.2566446118677356, 'eval_recall_macro': 0.380952380952381, 'eval_accuracy': 0.45, 'eval_runtime': 0.2963, 'eval_samples_per_second': 270.038, 'eval_steps_per_second': 33.755, 'epoch': 1.0}
{'eval_loss': 0.8497268557548523, 'eval_f1_macro': 0.548100279072668, 'eval_f1_weighted': 0.5964754992906253, 'eval_precision_macro': 0.6054865424430641, 'eval_recall_macro': 0.5904761904761904, 'eval_accuracy': 0.6625, 'eval_runtime': 0.3024, 'eval_samples_per_second': 264.546, 'eval_steps_per_second': 33.068, 'epoch': 2.0}
{'eval_loss': 0.6057777404785156, 'eval_f1_macro': 0.7391830391830393, 'eval_f1_weighted': 0.7502204739704741, 'eval_precision_macro': 0.8469126111983255, 'eval_recall_macro': 0.7568027210884354, 'eval_accuracy': 0.7875, 'eval_runtime': 0.2897, 'eval_samples_per_second': 276.114, 'eval_steps_per_second': 34.514, 'epoch': 3.0}
{'train_runtime': 4.8587, 'train_samples_per_second': 230.927, 'train_steps_per_second': 29.02, 'train_loss': 1.2011648408064606, 'epoch': 3.0}
  Model             : HubertForSequenceClassification  (23,690,631 params, 23,690,631 trainable)
{'eval_loss': 1.387725830078125, 'eval_f1_macro': 0.2940472740820467, 'eval_f1_weighted': 0.3305038394668212, 'eval_precision_macro': 0.29152803978734354, 'eval_recall_macro': 0.35714285714285715, 'eval_accuracy': 0.4375, 'eval_runtime': 0.3037, 'eval_samples_per_second': 263.394, 'eval_steps_per_second': 32.924, 'epoch': 1.0}
{'eval_loss': 0.8822357058525085, 'eval_f1_macro': 0.6251036326198214, 'eval_f1_weighted': 0.6375759031286321, 'eval_precision_macro': 0.6973050758765044, 'eval_recall_macro': 0.6486394557823127, 'eval_accuracy': 0.675, 'eval_runtime': 0.2888, 'eval_samples_per_second': 277.052, 'eval_steps_per_second': 34.631, 'epoch': 2.0}
{'eval_loss': 0.5486046075820923, 'eval_f1_macro': 0.7452071737786025, 'eval_f1_weighted': 0.7492153679653679, 'eval_precision_macro': 0.8315151515151514, 'eval_recall_macro': 0.7714285714285715, 'eval_accuracy': 0.7875, 'eval_runtime': 0.2914, 'eval_samples_per_second': 274.551, 'eval_steps_per_second': 34.319, 'epoch': 3.0}
{'train_runtime': 4.8721, 'train_samples_per_second': 230.292, 'train_steps_per_second': 28.94, 'train_loss': 1.1783577127659575, 'epoch': 3.0}
  Model             : HubertForSequenceClassification  (23,690,631 params, 23,690,631 trainable)
{'eval_loss': 1.498590111732483, 'eval_f1_macro': 0.2705307348164491, 'eval_f1_weighted': 0.30769653582153583, 'eval_precision_macro': 0.3467412217412217, 'eval_recall_macro': 0.3656462585034013, 'eval_accuracy': 0.4375, 'eval_runtime': 0.2911, 'eval_samples_per_second': 274.814, 'eval_steps_per_second': 34.352, 'epoch': 1.0}
{'eval_loss': 0.9098472595214844, 'eval_f1_macro': 0.5282467532467532, 'eval_f1_weighted': 0.5336174242424242, 'eval_precision_macro': 0.48702009539447966, 'eval_recall_macro': 0.6190476190476192, 'eval_accuracy': 0.6375, 'eval_runtime': 0.2945, 'eval_samples_per_second': 271.669, 'eval_steps_per_second': 33.959, 'epoch': 2.0}
{'eval_loss': 0.609880805015564, 'eval_f1_macro': 0.7485384456813028, 'eval_f1_weighted': 0.7486529581529581, 'eval_precision_macro': 0.8392274392274393, 'eval_recall_macro': 0.7738095238095238, 'eval_accuracy': 0.7875, 'eval_runtime': 0.2874, 'eval_samples_per_second': 278.355, 'eval_steps_per_second': 34.794, 'epoch': 3.0}
{'train_runtime': 4.8497, 'train_samples_per_second': 231.354, 'train_steps_per_second': 29.074, 'train_loss': 1.2259248774102394, 'epoch': 3.0}
  Model             : HubertForSequenceClassification  (23,690,631 params, 23,690,631 trainable)
{'eval_loss': 1.6591217517852783, 'eval_f1_macro': 0.2666773454249735, 'eval_f1_weighted': 0.3107264533379334, 'eval_precision_macro': 0.21830085417625694, 'eval_recall_macro': 0.36428571428571427, 'eval_accuracy': 0.45, 'eval_runtime': 0.2931, 'eval_samples_per_second': 272.921, 'eval_steps_per_second': 34.115, 'epoch': 1.0}
  Model             : HubertForSequenceClassification  (23,690,631 params, 23,690,631 trainable)
{'eval_loss': 1.2365448474884033, 'eval_f1_macro': 0.3367695522867936, 'eval_f1_weighted': 0.37246679326420706, 'eval_precision_macro': 0.44123268036311514, 'eval_recall_macro': 0.41802721088435374, 'eval_accuracy': 0.4875, 'eval_runtime': 0.2943, 'eval_samples_per_second': 271.855, 'eval_steps_per_second': 33.982, 'epoch': 1.0}
{'eval_loss': 0.7948226928710938, 'eval_f1_macro': 0.6284528963100391, 'eval_f1_weighted': 0.6402574855699855, 'eval_precision_macro': 0.7840722495894908, 'eval_recall_macro': 0.6387755102040816, 'eval_accuracy': 0.675, 'eval_runtime': 0.3018, 'eval_samples_per_second': 265.092, 'eval_steps_per_second': 33.136, 'epoch': 2.0}
{'eval_loss': 0.4986564517021179, 'eval_f1_macro': 0.8060898127343311, 'eval_f1_weighted': 0.8055255790720907, 'eval_precision_macro': 0.8637652030509174, 'eval_recall_macro': 0.8142857142857143, 'eval_accuracy': 0.825, 'eval_runtime': 0.298, 'eval_samples_per_second': 268.489, 'eval_steps_per_second': 33.561, 'epoch': 3.0}
{'train_runtime': 4.8543, 'train_samples_per_second': 231.135, 'train_steps_per_second': 29.046, 'train_loss': 1.0771383731923205, 'epoch': 3.0}
  Model             : HubertForSequenceClassification  (23,690,631 params, 23,690,631 trainable)
{'eval_loss': 1.4145629405975342, 'eval_f1_macro': 0.2641536374669808, 'eval_f1_weighted': 0.30830834582708644, 'eval_precision_macro': 0.22038277511961724, 'eval_recall_macro': 0.36904761904761907, 'eval_accuracy': 0.45, 'eval_runtime': 0.2952, 'eval_samples_per_second': 271.042, 'eval_steps_per_second': 33.88, 'epoch': 1.0}
  Model             : HubertForSequenceClassification  (23,690,631 params, 23,690,631 trainable)
{'eval_loss': 1.2688506841659546, 'eval_f1_macro': 0.33203808702083076, 'eval_f1_weighted': 0.3718981880931838, 'eval_precision_macro': 0.42803030303030304, 'eval_recall_macro': 0.401360544217687, 'eval_accuracy': 0.475, 'eval_runtime': 0.2836, 'eval_samples_per_second': 282.072, 'eval_steps_per_second': 35.259, 'epoch': 1.0}
{'eval_loss': 0.7709915041923523, 'eval_f1_macro': 0.7042475945107524, 'eval_f1_weighted': 0.711818618881119, 'eval_precision_macro': 0.838908286568385, 'eval_recall_macro': 0.7187074829931973, 'eval_accuracy': 0.75, 'eval_runtime': 0.2974, 'eval_samples_per_second': 269.019, 'eval_steps_per_second': 33.627, 'epoch': 2.0}
{'eval_loss': 0.6112045049667358, 'eval_f1_macro': 0.8330773574251834, 'eval_f1_weighted': 0.8365148221343872, 'eval_precision_macro': 0.9217582417582417, 'eval_recall_macro': 0.8595238095238095, 'eval_accuracy': 0.875, 'eval_runtime': 0.2988, 'eval_samples_per_second': 267.753, 'eval_steps_per_second': 33.469, 'epoch': 3.0}
{'train_runtime': 4.8288, 'train_samples_per_second': 232.355, 'train_steps_per_second': 29.2, 'train_loss': 1.1220816754280252, 'epoch': 3.0}
  Model             : HubertForSequenceClassification  (23,690,631 params, 23,690,631 trainable)
{'eval_loss': 1.2764679193496704, 'eval_f1_macro': 0.31496886890349357, 'eval_f1_weighted': 0.3558232445520581, 'eval_precision_macro': 0.3946969696969697, 'eval_recall_macro': 0.38945578231292516, 'eval_accuracy': 0.4625, 'eval_runtime': 0.3056, 'eval_samples_per_second': 261.793, 'eval_steps_per_second': 32.724, 'epoch': 1.0}
{'eval_loss': 0.7541275024414062, 'eval_f1_macro': 0.7074341117819378, 'eval_f1_weighted': 0.7157323654606265, 'eval_precision_macro': 0.8318216175359032, 'eval_recall_macro': 0.735374149659864, 'eval_accuracy': 0.7625, 'eval_runtime': 0.2943, 'eval_samples_per_second': 271.795, 'eval_steps_per_second': 33.974, 'epoch': 2.0}
{'eval_loss': 0.594342052936554, 'eval_f1_macro': 0.8330773574251834, 'eval_f1_weighted': 0.8365148221343872, 'eval_precision_macro': 0.9217582417582417, 'eval_recall_macro': 0.8595238095238095, 'eval_accuracy': 0.875, 'eval_runtime': 0.2911, 'eval_samples_per_second': 274.855, 'eval_steps_per_second': 34.357, 'epoch': 3.0}
{'train_runtime': 4.8443, 'train_samples_per_second': 231.614, 'train_steps_per_second': 29.107, 'train_loss': 1.1049715948443042, 'epoch': 3.0}
  Model             : HubertForSequenceClassification  (23,690,631 params, 23,690,631 trainable)
{'eval_loss': 1.1291015148162842, 'eval_f1_macro': 0.3657719222235351, 'eval_f1_weighted': 0.41796709861225995, 'eval_precision_macro': 0.3741496598639456, 'eval_recall_macro': 0.4714285714285714, 'eval_accuracy': 0.55, 'eval_runtime': 0.3032, 'eval_samples_per_second': 263.811, 'eval_steps_per_second': 32.976, 'epoch': 1.0}
  Best f1_macro: 4.3259  |  params: {'learning_rate': 0.00015346635536860157, 'per_device_train_batch_size': 8, 'warmup_ratio': 0.060496360286116144, 'weight_decay': 0.04051128550107485}
  HPO complete. Skipping training (--hpo_only mode).

Stage 1 complete. Run Stage 2 to train with the selected hyperparameters.

Stage 1 exit code: 0

============================================
Stage 2: Full training (4-GPU DDP, torchrun)
============================================


  Loading: xbgoose/ravdess

  Loading: xbgoose/ravdess
  Loading: xbgoose/ravdess

======================================================================
Emotion Recognition Pipeline  [Stage 2 — Training]
======================================================================
Device    : cuda  (4 GPU(s))
Models    : ['wav2vec2-base', 'hubert-xlarge', 'emotion2vec-base', 'wavlm-large', 'distilhubert']
Datasets  : ['ravdess', 'emodb']
Epochs    : 30  |  Batch: 8  |  LR: 3e-05
Output    : /home/tu/tu_tu/tu_zxord71/asp-project/outputs
======================================================================

======================================================================
[1/10]  wav2vec2-base_ravdess
  Model  : facebook/wav2vec2-base
  Dataset: xbgoose/ravdess
  Output : /home/tu/tu_tu/tu_zxord71/asp-project/outputs/wav2vec2-base_ravdess

  Loading: xbgoose/ravdess
  Label col : emotion
  Samples   : 1,440  |  Classes: 8
    angry: 192
    calm: 192
    disgust: 192
    fearful: 192
    happy: 192
    neutral: 96
    sad: 192
    surprised: 192
  Label col : emotion
  Samples   : 1,440  |  Classes: 8
    angry: 192
    calm: 192
    disgust: 192
    fearful: 192
    happy: 192
    neutral: 96
    sad: 192
    surprised: 192
  Classes   : ['angry', 'calm', 'disgust', 'fearful', 'happy', 'neutral', 'sad', 'surprised']
  Label col : emotion
  Samples   : 1,440  |  Classes: 8
    angry: 192
    calm: 192
    disgust: 192
    fearful: 192
    happy: 192
    neutral: 96
    sad: 192
    surprised: 192
  Classes   : ['angry', 'calm', 'disgust', 'fearful', 'happy', 'neutral', 'sad', 'surprised']
  Label col : emotion
  Samples   : 1,440  |  Classes: 8
    angry: 192
    calm: 192
    disgust: 192
    fearful: 192
    happy: 192
    neutral: 96
    sad: 192
    surprised: 192
  Classes   : ['angry', 'calm', 'disgust', 'fearful', 'happy', 'neutral', 'sad', 'surprised']
  Split     : 1,008 train / 216 val / 216 test  (of 1,440)
  Classes   : ['angry', 'calm', 'disgust', 'fearful', 'happy', 'neutral', 'sad', 'surprised']
  Split     : 1,008 train / 216 val / 216 test  (of 1,440)
  Split     : 1,008 train / 216 val / 216 test  (of 1,440)
  Split     : 1,008 train / 216 val / 216 test  (of 1,440)
  Feature extractor : Wav2Vec2FeatureExtractor  (sr=16000)
  Featurising splits ...
  Feature extractor : Wav2Vec2FeatureExtractor  (sr=16000)
  Featurising splits ...
  Feature extractor : Wav2Vec2FeatureExtractor  (sr=16000)
  Featurising splits ...
  Loaded hyperparameters: lr=2.939801799656426e-05  bs=4  warmup=0.1415920699772818  wd=0.07403315427052488
  Feature extractor : Wav2Vec2FeatureExtractor  (sr=16000)
  Featurising splits ...
  Model             : Wav2Vec2ForSequenceClassification  (94,570,632 params, 94,570,632 trainable)
  Training  : lr=2.939801799656426e-05  bs=4  epochs=30  patience=5
  Model             : Wav2Vec2ForSequenceClassification  (94,570,632 params, 94,570,632 trainable)
  Model             : Wav2Vec2ForSequenceClassification  (94,570,632 params, 94,570,632 trainable)  Training  : lr=2.939801799656426e-05  bs=4  epochs=30  patience=5

  Training  : lr=2.939801799656426e-05  bs=4  epochs=30  patience=5
  Model             : Wav2Vec2ForSequenceClassification  (94,570,632 params, 94,570,632 trainable)
  Training  : lr=2.939801799656426e-05  bs=4  epochs=30  patience=5
{'loss': 2.0848, 'grad_norm': 1.3047250509262085, 'learning_rate': 9.87246873018949e-07, 'epoch': 0.16}
{'loss': 2.0863, 'grad_norm': 1.4109385013580322, 'learning_rate': 2.084187843040003e-06, 'epoch': 0.32}
{'loss': 2.079, 'grad_norm': 1.1485904455184937, 'learning_rate': 3.1811288130610577e-06, 'epoch': 0.48}
{'loss': 2.0784, 'grad_norm': 1.21364426612854, 'learning_rate': 4.278069783082112e-06, 'epoch': 0.63}
{'loss': 2.0683, 'grad_norm': nan, 'learning_rate': 5.375010753103167e-06, 'epoch': 0.79}
{'loss': 2.0726, 'grad_norm': 1.4402191638946533, 'learning_rate': 6.471951723124221e-06, 'epoch': 0.95}
{'eval_loss': 2.0562021732330322, 'eval_f1_macro': 0.1446518759018759, 'eval_f1_weighted': 0.1530005745283523, 'eval_precision_macro': 0.11303763440860215, 'eval_recall_macro': 0.24923029556650245, 'eval_accuracy': 0.2638888888888889, 'eval_runtime': 6.4489, 'eval_samples_per_second': 33.494, 'eval_steps_per_second': 2.171, 'epoch': 1.0}
{'loss': 2.0569, 'grad_norm': 1.657825231552124, 'learning_rate': 7.5688926931452765e-06, 'epoch': 1.11}
{'loss': 2.0432, 'grad_norm': 1.6009759902954102, 'learning_rate': 8.665833663166331e-06, 'epoch': 1.27}
{'loss': 2.0254, 'grad_norm': 3.160712480545044, 'learning_rate': 9.762774633187385e-06, 'epoch': 1.43}
{'loss': 1.9954, 'grad_norm': 2.7175776958465576, 'learning_rate': 1.085971560320844e-05, 'epoch': 1.59}
{'loss': 1.9464, 'grad_norm': inf, 'learning_rate': 1.1956656573229494e-05, 'epoch': 1.75}
{'loss': 1.895, 'grad_norm': 2.852092981338501, 'learning_rate': 1.3053597543250549e-05, 'epoch': 1.9}
{'eval_loss': 1.8809226751327515, 'eval_f1_macro': 0.2600551789336036, 'eval_f1_weighted': 0.2773544402238593, 'eval_precision_macro': 0.2857155344655345, 'eval_recall_macro': 0.3318965517241379, 'eval_accuracy': 0.35185185185185186, 'eval_runtime': 0.3865, 'eval_samples_per_second': 558.89, 'eval_steps_per_second': 36.224, 'epoch': 2.0}
{'loss': 1.8719, 'grad_norm': 7.9962029457092285, 'learning_rate': 1.4150538513271603e-05, 'epoch': 2.06}
{'loss': 1.7873, 'grad_norm': 2.2292251586914062, 'learning_rate': 1.5247479483292656e-05, 'epoch': 2.22}
{'loss': 1.7811, 'grad_norm': 2.185425281524658, 'learning_rate': 1.634442045331371e-05, 'epoch': 2.38}
{'loss': 1.7756, 'grad_norm': 5.29391622543335, 'learning_rate': 1.7441361423334767e-05, 'epoch': 2.54}
{'loss': 1.7615, 'grad_norm': 6.050212383270264, 'learning_rate': 1.853830239335582e-05, 'epoch': 2.7}
{'loss': 1.701, 'grad_norm': 9.927268028259277, 'learning_rate': 1.9635243363376876e-05, 'epoch': 2.86}
{'eval_loss': 1.6855649948120117, 'eval_f1_macro': 0.3621577928553758, 'eval_f1_weighted': 0.38424773202018625, 'eval_precision_macro': 0.38310763296292083, 'eval_recall_macro': 0.4054802955665025, 'eval_accuracy': 0.4305555555555556, 'eval_runtime': 0.4031, 'eval_samples_per_second': 535.886, 'eval_steps_per_second': 34.733, 'epoch': 3.0}
{'loss': 1.6857, 'grad_norm': 6.680123805999756, 'learning_rate': 2.073218433339793e-05, 'epoch': 3.02}
{'loss': 1.6352, 'grad_norm': 4.491087913513184, 'learning_rate': 2.1829125303418985e-05, 'epoch': 3.17}
{'loss': 1.572, 'grad_norm': 14.279603958129883, 'learning_rate': 2.2926066273440038e-05, 'epoch': 3.33}
{'loss': 1.5162, 'grad_norm': 5.42651891708374, 'learning_rate': 2.402300724346109e-05, 'epoch': 3.49}
{'loss': 1.5328, 'grad_norm': 4.082327842712402, 'learning_rate': 2.5119948213482147e-05, 'epoch': 3.65}
{'loss': 1.4023, 'grad_norm': 5.107330799102783, 'learning_rate': 2.62168891835032e-05, 'epoch': 3.81}
{'loss': 1.3611, 'grad_norm': 4.382719039916992, 'learning_rate': 2.7313830153524255e-05, 'epoch': 3.97}
{'eval_loss': 1.3857941627502441, 'eval_f1_macro': 0.5358918107002941, 'eval_f1_weighted': 0.5708866456809427, 'eval_precision_macro': 0.5545946656001004, 'eval_recall_macro': 0.5575738916256158, 'eval_accuracy': 0.5925925925925926, 'eval_runtime': 0.3898, 'eval_samples_per_second': 554.081, 'eval_steps_per_second': 35.913, 'epoch': 4.0}
{'loss': 1.3361, 'grad_norm': 8.98898983001709, 'learning_rate': 2.8410771123545308e-05, 'epoch': 4.13}
{'loss': 1.2737, 'grad_norm': 10.023590087890625, 'learning_rate': 2.9379893447861075e-05, 'epoch': 4.29}
{'loss': 1.2262, 'grad_norm': 9.56788444519043, 'learning_rate': 2.919864796082924e-05, 'epoch': 4.44}
{'loss': 1.208, 'grad_norm': 19.9755916595459, 'learning_rate': 2.90174024737974e-05, 'epoch': 4.6}
{'loss': 1.1585, 'grad_norm': 9.099932670593262, 'learning_rate': 2.883615698676556e-05, 'epoch': 4.76}
{'loss': 1.0968, 'grad_norm': 9.032330513000488, 'learning_rate': 2.865491149973372e-05, 'epoch': 4.92}
{'eval_loss': 1.070744276046753, 'eval_f1_macro': 0.6633958080868132, 'eval_f1_weighted': 0.6987411932704211, 'eval_precision_macro': 0.7655232253704816, 'eval_recall_macro': 0.678438013136289, 'eval_accuracy': 0.7175925925925926, 'eval_runtime': 0.4075, 'eval_samples_per_second': 530.082, 'eval_steps_per_second': 34.357, 'epoch': 5.0}
{'loss': 1.1401, 'grad_norm': 8.394220352172852, 'learning_rate': 2.8473666012701884e-05, 'epoch': 5.08}
{'loss': 1.0085, 'grad_norm': 9.83333969116211, 'learning_rate': 2.8292420525670045e-05, 'epoch': 5.24}
{'loss': 1.0311, 'grad_norm': 9.71425724029541, 'learning_rate': 2.8111175038638205e-05, 'epoch': 5.4}
{'loss': 0.9282, 'grad_norm': 21.463777542114258, 'learning_rate': 2.7929929551606366e-05, 'epoch': 5.56}
{'loss': 0.931, 'grad_norm': 8.644837379455566, 'learning_rate': 2.7748684064574526e-05, 'epoch': 5.71}
{'loss': 0.8344, 'grad_norm': 10.22007942199707, 'learning_rate': 2.7567438577542687e-05, 'epoch': 5.87}
{'eval_loss': 0.9427626132965088, 'eval_f1_macro': 0.687291500017801, 'eval_f1_weighted': 0.716698707260857, 'eval_precision_macro': 0.7867201791897532, 'eval_recall_macro': 0.6995484400656814, 'eval_accuracy': 0.7361111111111112, 'eval_runtime': 0.4031, 'eval_samples_per_second': 535.863, 'eval_steps_per_second': 34.732, 'epoch': 6.0}
{'loss': 0.8912, 'grad_norm': 16.27774429321289, 'learning_rate': 2.7386193090510847e-05, 'epoch': 6.03}
{'loss': 0.8047, 'grad_norm': 5.579971790313721, 'learning_rate': 2.7204947603479007e-05, 'epoch': 6.19}
{'loss': 0.7018, 'grad_norm': 15.090072631835938, 'learning_rate': 2.7023702116447168e-05, 'epoch': 6.35}
{'loss': 0.7128, 'grad_norm': 16.00391387939453, 'learning_rate': 2.6842456629415332e-05, 'epoch': 6.51}
{'loss': 0.647, 'grad_norm': 5.695817947387695, 'learning_rate': 2.6661211142383492e-05, 'epoch': 6.67}
{'loss': 0.6251, 'grad_norm': 10.73123550415039, 'learning_rate': 2.6479965655351653e-05, 'epoch': 6.83}
{'loss': 0.6531, 'grad_norm': 3.676783561706543, 'learning_rate': 2.6298720168319813e-05, 'epoch': 6.98}
{'eval_loss': 0.5955776572227478, 'eval_f1_macro': 0.8506603456264035, 'eval_f1_weighted': 0.8607527502063158, 'eval_precision_macro': 0.8528606276052726, 'eval_recall_macro': 0.8564655172413793, 'eval_accuracy': 0.8611111111111112, 'eval_runtime': 0.3843, 'eval_samples_per_second': 562.036, 'eval_steps_per_second': 36.428, 'epoch': 7.0}
{'loss': 0.532, 'grad_norm': 19.82784652709961, 'learning_rate': 2.6117474681287977e-05, 'epoch': 7.14}
{'loss': 0.5733, 'grad_norm': 6.419867515563965, 'learning_rate': 2.5936229194256137e-05, 'epoch': 7.3}
{'loss': 0.5537, 'grad_norm': 6.280424118041992, 'learning_rate': 2.5754983707224298e-05, 'epoch': 7.46}
{'loss': 0.4289, 'grad_norm': 4.488962173461914, 'learning_rate': 2.557373822019246e-05, 'epoch': 7.62}
{'loss': 0.4572, 'grad_norm': 15.464003562927246, 'learning_rate': 2.5392492733160622e-05, 'epoch': 7.78}
{'loss': 0.447, 'grad_norm': 1.496440052986145, 'learning_rate': 2.5211247246128783e-05, 'epoch': 7.94}
{'eval_loss': 0.7747910022735596, 'eval_f1_macro': 0.7875609761952775, 'eval_f1_weighted': 0.8005333549924193, 'eval_precision_macro': 0.8088258346311885, 'eval_recall_macro': 0.8003181444991789, 'eval_accuracy': 0.7916666666666666, 'eval_runtime': 0.3943, 'eval_samples_per_second': 547.787, 'eval_steps_per_second': 35.505, 'epoch': 8.0}
{'loss': 0.4286, 'grad_norm': 32.31392288208008, 'learning_rate': 2.5030001759096943e-05, 'epoch': 8.1}
{'loss': 0.3661, 'grad_norm': 5.365170001983643, 'learning_rate': 2.4848756272065104e-05, 'epoch': 8.25}
{'loss': 0.3376, 'grad_norm': 1.0088940858840942, 'learning_rate': 2.4667510785033267e-05, 'epoch': 8.41}
{'loss': 0.3562, 'grad_norm': 14.743000030517578, 'learning_rate': 2.4486265298001428e-05, 'epoch': 8.57}
{'loss': 0.322, 'grad_norm': 8.923969268798828, 'learning_rate': 2.430501981096959e-05, 'epoch': 8.73}
{'loss': 0.3538, 'grad_norm': 7.805647373199463, 'learning_rate': 2.412377432393775e-05, 'epoch': 8.89}
{'eval_loss': 0.5919342041015625, 'eval_f1_macro': 0.8180092647851172, 'eval_f1_weighted': 0.8270093575810376, 'eval_precision_macro': 0.8392241659282405, 'eval_recall_macro': 0.8343185550082102, 'eval_accuracy': 0.8333333333333334, 'eval_runtime': 0.3737, 'eval_samples_per_second': 577.949, 'eval_steps_per_second': 37.46, 'epoch': 9.0}
{'loss': 0.3413, 'grad_norm': 21.029634475708008, 'learning_rate': 2.3942528836905913e-05, 'epoch': 9.05}
{'loss': 0.2498, 'grad_norm': 23.344440460205078, 'learning_rate': 2.3761283349874073e-05, 'epoch': 9.21}
{'loss': 0.2255, 'grad_norm': 0.7262070178985596, 'learning_rate': 2.3580037862842234e-05, 'epoch': 9.37}
{'loss': 0.2302, 'grad_norm': 18.545528411865234, 'learning_rate': 2.3398792375810394e-05, 'epoch': 9.52}
{'loss': 0.1607, 'grad_norm': 4.178224563598633, 'learning_rate': 2.3217546888778558e-05, 'epoch': 9.68}
{'loss': 0.2164, 'grad_norm': 8.17403793334961, 'learning_rate': 2.3036301401746718e-05, 'epoch': 9.84}
{'loss': 0.2886, 'grad_norm': 27.073204040527344, 'learning_rate': 2.285505591471488e-05, 'epoch': 10.0}
{'eval_loss': 0.6542460322380066, 'eval_f1_macro': 0.803147856364768, 'eval_f1_weighted': 0.8125888498403476, 'eval_precision_macro': 0.8176588332669334, 'eval_recall_macro': 0.8211001642036124, 'eval_accuracy': 0.8148148148148148, 'eval_runtime': 0.384, 'eval_samples_per_second': 562.539, 'eval_steps_per_second': 36.461, 'epoch': 10.0}
{'loss': 0.1301, 'grad_norm': 2.2311227321624756, 'learning_rate': 2.267381042768304e-05, 'epoch': 10.16}
{'loss': 0.1648, 'grad_norm': 0.5517762303352356, 'learning_rate': 2.24925649406512e-05, 'epoch': 10.32}
{'loss': 0.128, 'grad_norm': 0.42080220580101013, 'learning_rate': 2.231131945361936e-05, 'epoch': 10.48}
{'loss': 0.1649, 'grad_norm': 134.7065887451172, 'learning_rate': 2.213007396658752e-05, 'epoch': 10.63}
{'loss': 0.0903, 'grad_norm': 0.4706529378890991, 'learning_rate': 2.194882847955568e-05, 'epoch': 10.79}
{'loss': 0.1903, 'grad_norm': 1.364641785621643, 'learning_rate': 2.1767582992523845e-05, 'epoch': 10.95}
{'eval_loss': 0.5088523626327515, 'eval_f1_macro': 0.8630865462206847, 'eval_f1_weighted': 0.8720820502631619, 'eval_precision_macro': 0.8658339467059225, 'eval_recall_macro': 0.8698788998357965, 'eval_accuracy': 0.8703703703703703, 'eval_runtime': 0.3874, 'eval_samples_per_second': 557.619, 'eval_steps_per_second': 36.142, 'epoch': 11.0}
{'loss': 0.0618, 'grad_norm': 0.31593549251556396, 'learning_rate': 2.1586337505492005e-05, 'epoch': 11.11}
{'loss': 0.0802, 'grad_norm': 1.4531556367874146, 'learning_rate': 2.1405092018460166e-05, 'epoch': 11.27}
{'loss': 0.2375, 'grad_norm': 70.99327087402344, 'learning_rate': 2.1223846531428326e-05, 'epoch': 11.43}
{'loss': 0.1516, 'grad_norm': 0.4524722397327423, 'learning_rate': 2.1042601044396487e-05, 'epoch': 11.59}
{'loss': 0.0587, 'grad_norm': 0.6673132181167603, 'learning_rate': 2.086135555736465e-05, 'epoch': 11.75}
{'loss': 0.2355, 'grad_norm': 0.2661086618900299, 'learning_rate': 2.068011007033281e-05, 'epoch': 11.9}
{'eval_loss': 0.5842522382736206, 'eval_f1_macro': 0.8641051230190574, 'eval_f1_weighted': 0.8719265037229518, 'eval_precision_macro': 0.8915334032521532, 'eval_recall_macro': 0.8540948275862068, 'eval_accuracy': 0.8703703703703703, 'eval_runtime': 0.3824, 'eval_samples_per_second': 564.804, 'eval_steps_per_second': 36.608, 'epoch': 12.0}
{'loss': 0.1034, 'grad_norm': 0.21362295746803284, 'learning_rate': 2.049886458330097e-05, 'epoch': 12.06}
{'loss': 0.182, 'grad_norm': 1.3540509939193726, 'learning_rate': 2.0317619096269132e-05, 'epoch': 12.22}
{'loss': 0.0541, 'grad_norm': 0.44950637221336365, 'learning_rate': 2.0136373609237296e-05, 'epoch': 12.38}
{'loss': 0.157, 'grad_norm': 0.24600249528884888, 'learning_rate': 1.9955128122205456e-05, 'epoch': 12.54}
{'loss': 0.1175, 'grad_norm': 3.0167458057403564, 'learning_rate': 1.9773882635173617e-05, 'epoch': 12.7}
{'loss': 0.169, 'grad_norm': 0.4477393627166748, 'learning_rate': 1.9592637148141777e-05, 'epoch': 12.86}
{'eval_loss': 0.7606762051582336, 'eval_f1_macro': 0.8224065953334669, 'eval_f1_weighted': 0.8305336800380654, 'eval_precision_macro': 0.8474057479368259, 'eval_recall_macro': 0.8307779146141214, 'eval_accuracy': 0.8287037037037037, 'eval_runtime': 0.376, 'eval_samples_per_second': 574.514, 'eval_steps_per_second': 37.237, 'epoch': 13.0}
{'loss': 0.099, 'grad_norm': 68.6742935180664, 'learning_rate': 1.941139166110994e-05, 'epoch': 13.02}
{'loss': 0.1, 'grad_norm': 2.5021843910217285, 'learning_rate': 1.92301461740781e-05, 'epoch': 13.17}
{'loss': 0.0809, 'grad_norm': 41.34244155883789, 'learning_rate': 1.9048900687046262e-05, 'epoch': 13.33}
{'loss': 0.0958, 'grad_norm': 0.14212501049041748, 'learning_rate': 1.8867655200014422e-05, 'epoch': 13.49}
{'loss': 0.0888, 'grad_norm': 0.15948393940925598, 'learning_rate': 1.8686409712982586e-05, 'epoch': 13.65}
{'loss': 0.1193, 'grad_norm': 2.4774880409240723, 'learning_rate': 1.8505164225950747e-05, 'epoch': 13.81}
{'loss': 0.0567, 'grad_norm': 0.5590017437934875, 'learning_rate': 1.8323918738918907e-05, 'epoch': 13.97}
{'eval_loss': 0.46679961681365967, 'eval_f1_macro': 0.9021041420804755, 'eval_f1_weighted': 0.9038569108173587, 'eval_precision_macro': 0.9018159550311288, 'eval_recall_macro': 0.9045361247947454, 'eval_accuracy': 0.9027777777777778, 'eval_runtime': 0.3898, 'eval_samples_per_second': 554.13, 'eval_steps_per_second': 35.916, 'epoch': 14.0}
{'loss': 0.0508, 'grad_norm': 0.5883362293243408, 'learning_rate': 1.8142673251887068e-05, 'epoch': 14.13}
{'loss': 0.0666, 'grad_norm': 0.15691103041172028, 'learning_rate': 1.796142776485523e-05, 'epoch': 14.29}
{'loss': 0.0549, 'grad_norm': 0.14147436618804932, 'learning_rate': 1.7780182277823392e-05, 'epoch': 14.44}
{'loss': 0.0302, 'grad_norm': 0.121087945997715, 'learning_rate': 1.7598936790791552e-05, 'epoch': 14.6}
{'loss': 0.0439, 'grad_norm': 11.728687286376953, 'learning_rate': 1.7417691303759713e-05, 'epoch': 14.76}
{'loss': 0.0423, 'grad_norm': 0.13079309463500977, 'learning_rate': 1.7236445816727873e-05, 'epoch': 14.92}
{'eval_loss': 0.5021253824234009, 'eval_f1_macro': 0.8984071699013316, 'eval_f1_weighted': 0.9000172863766691, 'eval_precision_macro': 0.9017716349532645, 'eval_recall_macro': 0.9002257799671594, 'eval_accuracy': 0.8981481481481481, 'eval_runtime': 0.3625, 'eval_samples_per_second': 595.802, 'eval_steps_per_second': 38.617, 'epoch': 15.0}
{'loss': 0.0247, 'grad_norm': 0.11081736534833908, 'learning_rate': 1.7055200329696034e-05, 'epoch': 15.08}
{'loss': 0.0262, 'grad_norm': 0.10802730917930603, 'learning_rate': 1.6873954842664194e-05, 'epoch': 15.24}
{'loss': 0.1156, 'grad_norm': 0.11467471718788147, 'learning_rate': 1.6692709355632355e-05, 'epoch': 15.4}
{'loss': 0.0164, 'grad_norm': 0.09130021184682846, 'learning_rate': 1.651146386860052e-05, 'epoch': 15.56}
{'loss': 0.0671, 'grad_norm': 0.10290013998746872, 'learning_rate': 1.633021838156868e-05, 'epoch': 15.71}
{'loss': 0.0375, 'grad_norm': 0.2441278100013733, 'learning_rate': 1.614897289453684e-05, 'epoch': 15.87}
{'eval_loss': 0.7559109926223755, 'eval_f1_macro': 0.8512567902040595, 'eval_f1_weighted': 0.8514518107522774, 'eval_precision_macro': 0.870840760546643, 'eval_recall_macro': 0.8571223316912973, 'eval_accuracy': 0.8518518518518519, 'eval_runtime': 0.359, 'eval_samples_per_second': 601.647, 'eval_steps_per_second': 38.996, 'epoch': 16.0}
{'loss': 0.1074, 'grad_norm': 66.69618225097656, 'learning_rate': 1.5967727407505e-05, 'epoch': 16.03}
{'loss': 0.0367, 'grad_norm': 0.10707039386034012, 'learning_rate': 1.5786481920473164e-05, 'epoch': 16.19}
{'loss': 0.0844, 'grad_norm': 0.0989362969994545, 'learning_rate': 1.5605236433441324e-05, 'epoch': 16.35}
{'loss': 0.014, 'grad_norm': 0.1306769698858261, 'learning_rate': 1.5423990946409485e-05, 'epoch': 16.51}
{'loss': 0.0451, 'grad_norm': 0.07952018082141876, 'learning_rate': 1.5242745459377645e-05, 'epoch': 16.67}
{'loss': 0.0215, 'grad_norm': 0.0822189673781395, 'learning_rate': 1.5061499972345809e-05, 'epoch': 16.83}
{'loss': 0.0435, 'grad_norm': 0.10531731694936752, 'learning_rate': 1.488025448531397e-05, 'epoch': 16.98}
{'eval_loss': 0.5357174873352051, 'eval_f1_macro': 0.8990424536329011, 'eval_f1_weighted': 0.903212452524259, 'eval_precision_macro': 0.9019527116402116, 'eval_recall_macro': 0.9000513136288998, 'eval_accuracy': 0.9027777777777778, 'eval_runtime': 0.3977, 'eval_samples_per_second': 543.182, 'eval_steps_per_second': 35.206, 'epoch': 17.0}
{'loss': 0.0115, 'grad_norm': 0.07806409895420074, 'learning_rate': 1.469900899828213e-05, 'epoch': 17.14}
{'loss': 0.0297, 'grad_norm': 0.07491957396268845, 'learning_rate': 1.451776351125029e-05, 'epoch': 17.3}
{'loss': 0.06, 'grad_norm': 0.08419349044561386, 'learning_rate': 1.4336518024218452e-05, 'epoch': 17.46}
{'loss': 0.0277, 'grad_norm': 0.07334903627634048, 'learning_rate': 1.4155272537186613e-05, 'epoch': 17.62}
{'loss': 0.1061, 'grad_norm': 0.07169093191623688, 'learning_rate': 1.3974027050154775e-05, 'epoch': 17.78}
{'loss': 0.0108, 'grad_norm': 0.09392387419939041, 'learning_rate': 1.3792781563122935e-05, 'epoch': 17.94}
{'eval_loss': 0.4701731503009796, 'eval_f1_macro': 0.9040087633885232, 'eval_f1_weighted': 0.9082844649241353, 'eval_precision_macro': 0.9062093941245817, 'eval_recall_macro': 0.904669540229885, 'eval_accuracy': 0.9074074074074074, 'eval_runtime': 0.3945, 'eval_samples_per_second': 547.473, 'eval_steps_per_second': 35.484, 'epoch': 18.0}
{'loss': 0.0135, 'grad_norm': 0.08633500337600708, 'learning_rate': 1.3611536076091098e-05, 'epoch': 18.1}
{'loss': 0.0097, 'grad_norm': 0.06329993903636932, 'learning_rate': 1.3430290589059258e-05, 'epoch': 18.25}
{'loss': 0.0185, 'grad_norm': 0.09045200049877167, 'learning_rate': 1.3249045102027418e-05, 'epoch': 18.41}
{'loss': 0.0157, 'grad_norm': 0.06502601504325867, 'learning_rate': 1.3067799614995579e-05, 'epoch': 18.57}
{'loss': 0.0442, 'grad_norm': 0.06346262246370316, 'learning_rate': 1.2886554127963741e-05, 'epoch': 18.73}
{'loss': 0.0314, 'grad_norm': 0.06785035133361816, 'learning_rate': 1.2705308640931902e-05, 'epoch': 18.89}
{'eval_loss': 0.41955798864364624, 'eval_f1_macro': 0.9154913900216644, 'eval_f1_weighted': 0.9220988927710048, 'eval_precision_macro': 0.9153473665451843, 'eval_recall_macro': 0.9182163382594417, 'eval_accuracy': 0.9212962962962963, 'eval_runtime': 0.4037, 'eval_samples_per_second': 535.008, 'eval_steps_per_second': 34.676, 'epoch': 19.0}
{'loss': 0.046, 'grad_norm': 2.156636953353882, 'learning_rate': 1.2524063153900064e-05, 'epoch': 19.05}
{'loss': 0.0089, 'grad_norm': 0.05756954848766327, 'learning_rate': 1.2342817666868224e-05, 'epoch': 19.21}
{'loss': 0.0195, 'grad_norm': 0.17210185527801514, 'learning_rate': 1.2161572179836386e-05, 'epoch': 19.37}
{'loss': 0.0158, 'grad_norm': 0.05549105629324913, 'learning_rate': 1.1980326692804547e-05, 'epoch': 19.52}
{'loss': 0.0384, 'grad_norm': 0.06774886697530746, 'learning_rate': 1.1799081205772709e-05, 'epoch': 19.68}
{'loss': 0.0083, 'grad_norm': 0.059774041175842285, 'learning_rate': 1.161783571874087e-05, 'epoch': 19.84}
{'loss': 0.0077, 'grad_norm': 0.04944929480552673, 'learning_rate': 1.1436590231709032e-05, 'epoch': 20.0}
{'eval_loss': 0.3650495707988739, 'eval_f1_macro': 0.9253256859156689, 'eval_f1_weighted': 0.9309068907470152, 'eval_precision_macro': 0.9258278339636098, 'eval_recall_macro': 0.9266830870279146, 'eval_accuracy': 0.9305555555555556, 'eval_runtime': 0.3798, 'eval_samples_per_second': 568.795, 'eval_steps_per_second': 36.866, 'epoch': 20.0}
{'loss': 0.0391, 'grad_norm': 0.05028266832232475, 'learning_rate': 1.1255344744677192e-05, 'epoch': 20.16}
{'loss': 0.0073, 'grad_norm': 0.05368759483098984, 'learning_rate': 1.1074099257645354e-05, 'epoch': 20.32}
{'loss': 0.0413, 'grad_norm': 0.054096996784210205, 'learning_rate': 1.0892853770613515e-05, 'epoch': 20.48}
{'loss': 0.0073, 'grad_norm': 0.048639968037605286, 'learning_rate': 1.0711608283581675e-05, 'epoch': 20.63}
{'loss': 0.0071, 'grad_norm': 0.04833133518695831, 'learning_rate': 1.0530362796549835e-05, 'epoch': 20.79}
{'loss': 0.0254, 'grad_norm': 0.04738413542509079, 'learning_rate': 1.0349117309517998e-05, 'epoch': 20.95}
{'eval_loss': 0.35077667236328125, 'eval_f1_macro': 0.9311668111258792, 'eval_f1_weighted': 0.935511835047281, 'eval_precision_macro': 0.9333952814182583, 'eval_recall_macro': 0.9309934318555009, 'eval_accuracy': 0.9351851851851852, 'eval_runtime': 0.4017, 'eval_samples_per_second': 537.773, 'eval_steps_per_second': 34.856, 'epoch': 21.0}
{'loss': 0.0073, 'grad_norm': 0.04524744674563408, 'learning_rate': 1.0167871822486158e-05, 'epoch': 21.11}
{'loss': 0.0117, 'grad_norm': 0.05937005579471588, 'learning_rate': 9.98662633545432e-06, 'epoch': 21.27}
{'loss': 0.0188, 'grad_norm': 0.049955010414123535, 'learning_rate': 9.80538084842248e-06, 'epoch': 21.43}
{'loss': 0.0064, 'grad_norm': 0.06442166119813919, 'learning_rate': 9.624135361390643e-06, 'epoch': 21.59}
{'loss': 0.0065, 'grad_norm': 0.06262467056512833, 'learning_rate': 9.442889874358803e-06, 'epoch': 21.75}
{'loss': 0.0194, 'grad_norm': 0.04836732894182205, 'learning_rate': 9.261644387326965e-06, 'epoch': 21.9}
{'eval_loss': 0.4279319941997528, 'eval_f1_macro': 0.9169694321251607, 'eval_f1_weighted': 0.9220826371132267, 'eval_precision_macro': 0.9185994860025033, 'eval_recall_macro': 0.9180623973727422, 'eval_accuracy': 0.9212962962962963, 'eval_runtime': 0.3948, 'eval_samples_per_second': 547.072, 'eval_steps_per_second': 35.458, 'epoch': 22.0}
{'loss': 0.0063, 'grad_norm': 0.049461182206869125, 'learning_rate': 9.080398900295126e-06, 'epoch': 22.06}
{'loss': 0.0064, 'grad_norm': 0.04381183534860611, 'learning_rate': 8.899153413263288e-06, 'epoch': 22.22}
{'loss': 0.0113, 'grad_norm': 0.04675822705030441, 'learning_rate': 8.717907926231449e-06, 'epoch': 22.38}
{'loss': 0.0062, 'grad_norm': 0.04208943620324135, 'learning_rate': 8.53666243919961e-06, 'epoch': 22.54}
{'loss': 0.0063, 'grad_norm': 0.0458366796374321, 'learning_rate': 8.355416952167771e-06, 'epoch': 22.7}
{'loss': 0.036, 'grad_norm': 0.05009456351399422, 'learning_rate': 8.174171465135932e-06, 'epoch': 22.86}
{'eval_loss': 0.4242580533027649, 'eval_f1_macro': 0.9247554667028102, 'eval_f1_weighted': 0.9265253682118008, 'eval_precision_macro': 0.9280820639187575, 'eval_recall_macro': 0.925933908045977, 'eval_accuracy': 0.9259259259259259, 'eval_runtime': 0.416, 'eval_samples_per_second': 519.185, 'eval_steps_per_second': 33.651, 'epoch': 23.0}
{'loss': 0.0059, 'grad_norm': 0.04564950615167618, 'learning_rate': 7.992925978104092e-06, 'epoch': 23.02}
{'loss': 0.0139, 'grad_norm': 0.04224418103694916, 'learning_rate': 7.811680491072253e-06, 'epoch': 23.17}
{'loss': 0.0436, 'grad_norm': 0.04876251891255379, 'learning_rate': 7.630435004040415e-06, 'epoch': 23.33}
{'loss': 0.0058, 'grad_norm': 0.04469374939799309, 'learning_rate': 7.449189517008576e-06, 'epoch': 23.49}
{'loss': 0.0177, 'grad_norm': 0.04288117215037346, 'learning_rate': 7.267944029976737e-06, 'epoch': 23.65}
{'loss': 0.0055, 'grad_norm': 0.040013715624809265, 'learning_rate': 7.0866985429448986e-06, 'epoch': 23.81}
{'loss': 0.0054, 'grad_norm': 0.048267003148794174, 'learning_rate': 6.90545305591306e-06, 'epoch': 23.97}
{'eval_loss': 0.5002996921539307, 'eval_f1_macro': 0.9163508327811867, 'eval_f1_weighted': 0.9175821709357116, 'eval_precision_macro': 0.9232234081372013, 'eval_recall_macro': 0.9139059934318555, 'eval_accuracy': 0.9166666666666666, 'eval_runtime': 0.3665, 'eval_samples_per_second': 589.365, 'eval_steps_per_second': 38.2, 'epoch': 24.0}
{'loss': 0.0054, 'grad_norm': 0.049285802990198135, 'learning_rate': 6.724207568881221e-06, 'epoch': 24.13}
{'loss': 0.0212, 'grad_norm': 0.0394417867064476, 'learning_rate': 6.5429620818493825e-06, 'epoch': 24.29}
{'loss': 0.0163, 'grad_norm': 0.03844483196735382, 'learning_rate': 6.361716594817544e-06, 'epoch': 24.44}
{'loss': 0.0053, 'grad_norm': 0.03983980789780617, 'learning_rate': 6.180471107785704e-06, 'epoch': 24.6}
{'loss': 0.0052, 'grad_norm': 0.04824322462081909, 'learning_rate': 5.9992256207538655e-06, 'epoch': 24.76}
{'loss': 0.0052, 'grad_norm': 0.07815522700548172, 'learning_rate': 5.817980133722027e-06, 'epoch': 24.92}
{'eval_loss': 0.5015999674797058, 'eval_f1_macro': 0.9247654467935774, 'eval_f1_weighted': 0.926620089689761, 'eval_precision_macro': 0.9301670476619766, 'eval_recall_macro': 0.922526683087028, 'eval_accuracy': 0.9259259259259259, 'eval_runtime': 0.4148, 'eval_samples_per_second': 520.754, 'eval_steps_per_second': 33.753, 'epoch': 25.0}
{'loss': 0.0053, 'grad_norm': 0.04058237001299858, 'learning_rate': 5.636734646690188e-06, 'epoch': 25.08}
{'loss': 0.0126, 'grad_norm': 0.036931104958057404, 'learning_rate': 5.4554891596583494e-06, 'epoch': 25.24}
{'loss': 0.0049, 'grad_norm': 0.0403401218354702, 'learning_rate': 5.274243672626511e-06, 'epoch': 25.4}
{'loss': 0.0276, 'grad_norm': 0.07955607771873474, 'learning_rate': 5.092998185594671e-06, 'epoch': 25.56}
{'loss': 0.0051, 'grad_norm': 0.041227422654628754, 'learning_rate': 4.9117526985628325e-06, 'epoch': 25.71}
{'loss': 0.0446, 'grad_norm': 0.8573909997940063, 'learning_rate': 4.730507211530993e-06, 'epoch': 25.87}
{'eval_loss': 0.3936006426811218, 'eval_f1_macro': 0.9268445495845008, 'eval_f1_weighted': 0.9308894653713287, 'eval_precision_macro': 0.9286733102465861, 'eval_recall_macro': 0.9265291461412152, 'eval_accuracy': 0.9305555555555556, 'eval_runtime': 0.4048, 'eval_samples_per_second': 533.591, 'eval_steps_per_second': 34.585, 'epoch': 26.0}
{'train_runtime': 179.9455, 'train_samples_per_second': 168.051, 'train_steps_per_second': 10.503, 'train_loss': 0.4639319338641324, 'epoch': 26.0}
  Finished  : epoch 26/30 | runtime 180s | 168.0 samples/s
  Finished  : epoch 26/30 | runtime 180s | 168.0 samples/s
  Finished  : epoch 26/30 | runtime 180s | 168.1 samples/s
  Finished  : epoch 26/30 | runtime 180s | 168.1 samples/s
              precision    recall  f1-score   support

       angry       1.00      0.93      0.96        28
        calm       0.96      0.86      0.91        29
     disgust       0.97      1.00      0.98        29
     fearful       0.96      0.83      0.89        29
       happy       0.79      0.93      0.86        29
     neutral       0.80      0.86      0.83        14
         sad       0.78      0.86      0.82        29
   surprised       0.93      0.90      0.91        29

    accuracy                           0.90       216
   macro avg       0.90      0.90      0.90       216
weighted avg       0.91      0.90      0.90       216


  Loading: renumics/emodb
  Loading: renumics/emodb


  Loading: renumics/emodb
  F1-Macro 0.8951 | Accuracy 0.8981 | Precision 0.8990 | Recall 0.8956

======================================================================
[2/10]  wav2vec2-base_emodb
  Model  : facebook/wav2vec2-base
  Dataset: renumics/emodb
  Output : /home/tu/tu_tu/tu_zxord71/asp-project/outputs/wav2vec2-base_emodb

  Loading: renumics/emodb
  Label col : emotion
  Samples   : 535  |  Classes: 7
    0: 127
    1: 81
    2: 46
    3: 69
    4: 71
    5: 79
    6: 62
  Classes   : ['anger', 'boredom', 'disgust', 'fear', 'happiness', 'neutral', 'sadness']
  Split     : 374 train / 80 val / 81 test  (of 535)
  Label col : emotion
  Samples   : 535  |  Classes: 7
    0: 127
    1: 81
    2: 46
    3: 69
    4: 71
    5: 79
    6: 62
  Classes   : ['anger', 'boredom', 'disgust', 'fear', 'happiness', 'neutral', 'sadness']
  Label col : emotion
  Samples   : 535  |  Classes: 7
    0: 127
    1: 81
    2: 46
    3: 69
    4: 71
    5: 79
    6: 62
  Classes   : ['anger', 'boredom', 'disgust', 'fear', 'happiness', 'neutral', 'sadness']
  Split     : 374 train / 80 val / 81 test  (of 535)
  Split     : 374 train / 80 val / 81 test  (of 535)
  Feature extractor : Wav2Vec2FeatureExtractor  (sr=16000)
  Featurising splits ...
  Feature extractor : Wav2Vec2FeatureExtractor  (sr=16000)
  Featurising splits ...
  Feature extractor : Wav2Vec2FeatureExtractor  (sr=16000)
  Featurising splits ...
  Label col : emotion
  Samples   : 535  |  Classes: 7
    0: 127
    1: 81
    2: 46
    3: 69
    4: 71
    5: 79
    6: 62
  Classes   : ['anger', 'boredom', 'disgust', 'fear', 'happiness', 'neutral', 'sadness']
  Split     : 374 train / 80 val / 81 test  (of 535)
  Model             : Wav2Vec2ForSequenceClassification  (94,570,375 params, 94,570,375 trainable)
  Training  : lr=0.00010529819352620075  bs=16  epochs=30  patience=5
  Model             : Wav2Vec2ForSequenceClassification  (94,570,375 params, 94,570,375 trainable)
  Training  : lr=0.00010529819352620075  bs=16  epochs=30  patience=5
  Model             : Wav2Vec2ForSequenceClassification  (94,570,375 params, 94,570,375 trainable)
  Training  : lr=0.00010529819352620075  bs=16  epochs=30  patience=5
  Feature extractor : Wav2Vec2FeatureExtractor  (sr=16000)
  Featurising splits ...
  Loaded hyperparameters: lr=0.00010529819352620075  bs=16  warmup=0.19962095191820634  wd=0.09659454580045361
  Model             : Wav2Vec2ForSequenceClassification  (94,570,375 params, 94,570,375 trainable)
  Training  : lr=0.00010529819352620075  bs=16  epochs=30  patience=5
{'eval_loss': 1.9398071765899658, 'eval_f1_macro': 0.055964653902798235, 'eval_f1_weighted': 0.09304123711340206, 'eval_precision_macro': 0.0347985347985348, 'eval_recall_macro': 0.14285714285714285, 'eval_accuracy': 0.2375, 'eval_runtime': 0.9376, 'eval_samples_per_second': 85.32, 'eval_steps_per_second': 2.133, 'epoch': 1.0}
{'loss': 1.9341, 'grad_norm': 0.7646571397781372, 'learning_rate': 2.632454838155019e-05, 'epoch': 1.67}
{'eval_loss': 1.8744995594024658, 'eval_f1_macro': 0.05483405483405483, 'eval_f1_weighted': 0.09116161616161615, 'eval_precision_macro': 0.033928571428571426, 'eval_recall_macro': 0.14285714285714285, 'eval_accuracy': 0.2375, 'eval_runtime': 0.2522, 'eval_samples_per_second': 317.259, 'eval_steps_per_second': 7.931, 'epoch': 2.0}
{'eval_loss': 1.7427246570587158, 'eval_f1_macro': 0.17134126377823858, 'eval_f1_weighted': 0.2230901451489687, 'eval_precision_macro': 0.12472010747872816, 'eval_recall_macro': 0.2857142857142857, 'eval_accuracy': 0.3875, 'eval_runtime': 0.2417, 'eval_samples_per_second': 330.981, 'eval_steps_per_second': 8.275, 'epoch': 3.0}
{'loss': 1.8272, 'grad_norm': 1.325827956199646, 'learning_rate': 5.557404658327262e-05, 'epoch': 3.33}
{'eval_loss': 1.5247681140899658, 'eval_f1_macro': 0.4258481170245876, 'eval_f1_weighted': 0.4848856209150327, 'eval_precision_macro': 0.3952380952380952, 'eval_recall_macro': 0.5047619047619047, 'eval_accuracy': 0.6, 'eval_runtime': 0.2417, 'eval_samples_per_second': 330.966, 'eval_steps_per_second': 8.274, 'epoch': 4.0}
{'loss': 1.5233, 'grad_norm': 3.7866878509521484, 'learning_rate': 8.482354478499505e-05, 'epoch': 5.0}
{'eval_loss': 1.283575415611267, 'eval_f1_macro': 0.5491705454111468, 'eval_f1_weighted': 0.5978522695627959, 'eval_precision_macro': 0.5567176870748299, 'eval_recall_macro': 0.5928571428571429, 'eval_accuracy': 0.675, 'eval_runtime': 0.2671, 'eval_samples_per_second': 299.502, 'eval_steps_per_second': 7.488, 'epoch': 5.0}
{'eval_loss': 1.0894286632537842, 'eval_f1_macro': 0.6543718270034059, 'eval_f1_weighted': 0.6739964012595592, 'eval_precision_macro': 0.7899385560675883, 'eval_recall_macro': 0.6445578231292517, 'eval_accuracy': 0.7, 'eval_runtime': 0.2486, 'eval_samples_per_second': 321.821, 'eval_steps_per_second': 8.046, 'epoch': 6.0}
{'loss': 1.1384, 'grad_norm': 6.892817497253418, 'learning_rate': 0.00010310448116107156, 'epoch': 6.67}
{'eval_loss': 0.8394134640693665, 'eval_f1_macro': 0.8632671676149937, 'eval_f1_weighted': 0.8594823654606263, 'eval_precision_macro': 0.9372637944066515, 'eval_recall_macro': 0.85578231292517, 'eval_accuracy': 0.875, 'eval_runtime': 0.2419, 'eval_samples_per_second': 330.727, 'eval_steps_per_second': 8.268, 'epoch': 7.0}
{'eval_loss': 0.6933807134628296, 'eval_f1_macro': 0.8858254217001696, 'eval_f1_weighted': 0.8813272267420214, 'eval_precision_macro': 0.9086580086580086, 'eval_recall_macro': 0.8829573934837093, 'eval_accuracy': 0.8875, 'eval_runtime': 0.2342, 'eval_samples_per_second': 341.592, 'eval_steps_per_second': 8.54, 'epoch': 8.0}
{'loss': 0.7622, 'grad_norm': 2.5625526905059814, 'learning_rate': 9.579210661064096e-05, 'epoch': 8.33}
{'eval_loss': 0.6223281621932983, 'eval_f1_macro': 0.8482404819635364, 'eval_f1_weighted': 0.8516548615493628, 'eval_precision_macro': 0.896883116883117, 'eval_recall_macro': 0.8547619047619047, 'eval_accuracy': 0.8625, 'eval_runtime': 0.2395, 'eval_samples_per_second': 334.095, 'eval_steps_per_second': 8.352, 'epoch': 9.0}
{'loss': 0.4989, 'grad_norm': 5.8535542488098145, 'learning_rate': 8.847973206021036e-05, 'epoch': 10.0}
{'eval_loss': 0.7298202514648438, 'eval_f1_macro': 0.7356146499003643, 'eval_f1_weighted': 0.7194853294853295, 'eval_precision_macro': 0.8477272727272728, 'eval_recall_macro': 0.7791979949874687, 'eval_accuracy': 0.7375, 'eval_runtime': 0.2376, 'eval_samples_per_second': 336.698, 'eval_steps_per_second': 8.417, 'epoch': 10.0}
{'eval_loss': 0.5489212274551392, 'eval_f1_macro': 0.8338204091688411, 'eval_f1_weighted': 0.8384179886847569, 'eval_precision_macro': 0.8827561327561327, 'eval_recall_macro': 0.8424812030075187, 'eval_accuracy': 0.85, 'eval_runtime': 0.2454, 'eval_samples_per_second': 326.042, 'eval_steps_per_second': 8.151, 'epoch': 11.0}
{'loss': 0.3941, 'grad_norm': 1.082057237625122, 'learning_rate': 8.116735750977975e-05, 'epoch': 11.67}
{'eval_loss': 0.3214370608329773, 'eval_f1_macro': 0.9406229381384661, 'eval_f1_weighted': 0.9378921802834845, 'eval_precision_macro': 0.935760667903525, 'eval_recall_macro': 0.9512531328320801, 'eval_accuracy': 0.9375, 'eval_runtime': 0.2453, 'eval_samples_per_second': 326.14, 'eval_steps_per_second': 8.154, 'epoch': 12.0}
{'eval_loss': 0.3031967282295227, 'eval_f1_macro': 0.953968253968254, 'eval_f1_weighted': 0.9484722222222223, 'eval_precision_macro': 0.9617346938775511, 'eval_recall_macro': 0.9496240601503759, 'eval_accuracy': 0.95, 'eval_runtime': 0.2579, 'eval_samples_per_second': 310.145, 'eval_steps_per_second': 7.754, 'epoch': 13.0}
{'loss': 0.2544, 'grad_norm': 0.8741693496704102, 'learning_rate': 7.385498295934913e-05, 'epoch': 13.33}
{'eval_loss': 0.2842765748500824, 'eval_f1_macro': 0.9251419698314108, 'eval_f1_weighted': 0.9249724378881987, 'eval_precision_macro': 0.9242979242979243, 'eval_recall_macro': 0.9417293233082706, 'eval_accuracy': 0.925, 'eval_runtime': 0.2498, 'eval_samples_per_second': 320.274, 'eval_steps_per_second': 8.007, 'epoch': 14.0}
{'loss': 0.1642, 'grad_norm': 0.91408771276474, 'learning_rate': 6.654260840891853e-05, 'epoch': 15.0}
{'eval_loss': 0.3795814514160156, 'eval_f1_macro': 0.9103056699398163, 'eval_f1_weighted': 0.90921272172949, 'eval_precision_macro': 0.9312909312909313, 'eval_recall_macro': 0.9115288220551377, 'eval_accuracy': 0.9125, 'eval_runtime': 0.2663, 'eval_samples_per_second': 300.439, 'eval_steps_per_second': 7.511, 'epoch': 15.0}
{'eval_loss': 0.23882178962230682, 'eval_f1_macro': 0.9520111968232269, 'eval_f1_weighted': 0.9498669400774663, 'eval_precision_macro': 0.9473443223443223, 'eval_recall_macro': 0.9631578947368421, 'eval_accuracy': 0.95, 'eval_runtime': 0.2295, 'eval_samples_per_second': 348.616, 'eval_steps_per_second': 8.715, 'epoch': 16.0}
{'loss': 0.1244, 'grad_norm': 0.7670825123786926, 'learning_rate': 5.923023385848793e-05, 'epoch': 16.67}
{'eval_loss': 0.190521240234375, 'eval_f1_macro': 0.9624409407018103, 'eval_f1_weighted': 0.9637704384986993, 'eval_precision_macro': 0.967032967032967, 'eval_recall_macro': 0.9645542427497314, 'eval_accuracy': 0.9625, 'eval_runtime': 0.2521, 'eval_samples_per_second': 317.362, 'eval_steps_per_second': 7.934, 'epoch': 17.0}
{'eval_loss': 0.34959182143211365, 'eval_f1_macro': 0.9251762523191094, 'eval_f1_weighted': 0.9205422077922076, 'eval_precision_macro': 0.9511792555270816, 'eval_recall_macro': 0.919047619047619, 'eval_accuracy': 0.925, 'eval_runtime': 0.2319, 'eval_samples_per_second': 344.948, 'eval_steps_per_second': 8.624, 'epoch': 18.0}
{'loss': 0.0894, 'grad_norm': 0.6965457201004028, 'learning_rate': 5.191785930805732e-05, 'epoch': 18.33}
{'eval_loss': 0.4015701413154602, 'eval_f1_macro': 0.897935397935398, 'eval_f1_weighted': 0.8940413752913752, 'eval_precision_macro': 0.9453061224489795, 'eval_recall_macro': 0.8843537414965986, 'eval_accuracy': 0.9, 'eval_runtime': 0.2351, 'eval_samples_per_second': 340.215, 'eval_steps_per_second': 8.505, 'epoch': 19.0}
{'loss': 0.0668, 'grad_norm': 0.29655519127845764, 'learning_rate': 4.460548475762671e-05, 'epoch': 20.0}
{'eval_loss': 0.13263873755931854, 'eval_f1_macro': 0.9746897207766773, 'eval_f1_weighted': 0.975226008617313, 'eval_precision_macro': 0.9711538461538461, 'eval_recall_macro': 0.9805764411027569, 'eval_accuracy': 0.975, 'eval_runtime': 0.2474, 'eval_samples_per_second': 323.391, 'eval_steps_per_second': 8.085, 'epoch': 20.0}
{'eval_loss': 0.15798187255859375, 'eval_f1_macro': 0.9638114956127379, 'eval_f1_weighted': 0.9624981021394066, 'eval_precision_macro': 0.9581668331668333, 'eval_recall_macro': 0.9730576441102757, 'eval_accuracy': 0.9625, 'eval_runtime': 0.2383, 'eval_samples_per_second': 335.656, 'eval_steps_per_second': 8.391, 'epoch': 21.0}
{'loss': 0.0516, 'grad_norm': 0.2605757415294647, 'learning_rate': 3.72931102071961e-05, 'epoch': 21.67}
{'eval_loss': 0.170429989695549, 'eval_f1_macro': 0.9533188136914845, 'eval_f1_weighted': 0.9499241483154526, 'eval_precision_macro': 0.9473443223443223, 'eval_recall_macro': 0.9655388471177945, 'eval_accuracy': 0.95, 'eval_runtime': 0.2398, 'eval_samples_per_second': 333.602, 'eval_steps_per_second': 8.34, 'epoch': 22.0}
{'eval_loss': 0.1961355209350586, 'eval_f1_macro': 0.9638114956127379, 'eval_f1_weighted': 0.9624981021394066, 'eval_precision_macro': 0.9581668331668333, 'eval_recall_macro': 0.9730576441102757, 'eval_accuracy': 0.9625, 'eval_runtime': 0.238, 'eval_samples_per_second': 336.085, 'eval_steps_per_second': 8.402, 'epoch': 23.0}
{'loss': 0.0439, 'grad_norm': 0.23798440396785736, 'learning_rate': 2.9980735656765493e-05, 'epoch': 23.33}
{'eval_loss': 0.16193275153636932, 'eval_f1_macro': 0.9638114956127379, 'eval_f1_weighted': 0.9624981021394066, 'eval_precision_macro': 0.9581668331668333, 'eval_recall_macro': 0.9730576441102757, 'eval_accuracy': 0.9625, 'eval_runtime': 0.2319, 'eval_samples_per_second': 344.941, 'eval_steps_per_second': 8.624, 'epoch': 24.0}
{'loss': 0.0384, 'grad_norm': 0.20576541125774384, 'learning_rate': 2.2668361106334884e-05, 'epoch': 25.0}
{'eval_loss': 0.12159786373376846, 'eval_f1_macro': 0.9757369614512471, 'eval_f1_weighted': 0.9750198412698413, 'eval_precision_macro': 0.9691558441558442, 'eval_recall_macro': 0.9849624060150377, 'eval_accuracy': 0.975, 'eval_runtime': 0.2469, 'eval_samples_per_second': 323.953, 'eval_steps_per_second': 8.099, 'epoch': 25.0}
{'eval_loss': 0.10619010776281357, 'eval_f1_macro': 0.9757369614512471, 'eval_f1_weighted': 0.9750198412698413, 'eval_precision_macro': 0.9691558441558442, 'eval_recall_macro': 0.9849624060150377, 'eval_accuracy': 0.975, 'eval_runtime': 0.2314, 'eval_samples_per_second': 345.651, 'eval_steps_per_second': 8.641, 'epoch': 26.0}
{'loss': 0.0351, 'grad_norm': 0.19290666282176971, 'learning_rate': 1.535598655590428e-05, 'epoch': 26.67}
{'eval_loss': 0.10154533386230469, 'eval_f1_macro': 0.9757369614512471, 'eval_f1_weighted': 0.9750198412698413, 'eval_precision_macro': 0.9691558441558442, 'eval_recall_macro': 0.9849624060150377, 'eval_accuracy': 0.975, 'eval_runtime': 0.253, 'eval_samples_per_second': 316.191, 'eval_steps_per_second': 7.905, 'epoch': 27.0}
{'eval_loss': 0.09950027614831924, 'eval_f1_macro': 0.9757369614512471, 'eval_f1_weighted': 0.9750198412698413, 'eval_precision_macro': 0.9691558441558442, 'eval_recall_macro': 0.9849624060150377, 'eval_accuracy': 0.975, 'eval_runtime': 0.245, 'eval_samples_per_second': 326.502, 'eval_steps_per_second': 8.163, 'epoch': 28.0}
{'loss': 0.0332, 'grad_norm': 0.18786287307739258, 'learning_rate': 8.043612005473669e-06, 'epoch': 28.33}
{'eval_loss': 0.09864120185375214, 'eval_f1_macro': 0.9866151866151867, 'eval_f1_weighted': 0.9877477477477477, 'eval_precision_macro': 0.9821428571428571, 'eval_recall_macro': 0.9924812030075189, 'eval_accuracy': 0.9875, 'eval_runtime': 0.257, 'eval_samples_per_second': 311.248, 'eval_steps_per_second': 7.781, 'epoch': 29.0}
{'loss': 0.0323, 'grad_norm': 0.18649567663669586, 'learning_rate': 7.312374550430607e-07, 'epoch': 30.0}
{'eval_loss': 0.09840259701013565, 'eval_f1_macro': 0.9866151866151867, 'eval_f1_weighted': 0.9877477477477477, 'eval_precision_macro': 0.9821428571428571, 'eval_recall_macro': 0.9924812030075189, 'eval_accuracy': 0.9875, 'eval_runtime': 0.2339, 'eval_samples_per_second': 342.059, 'eval_steps_per_second': 8.551, 'epoch': 30.0}
{'train_runtime': 61.5182, 'train_samples_per_second': 182.385, 'train_steps_per_second': 2.926, 'train_loss': 0.5006622751553853, 'epoch': 30.0}
  Finished  : epoch 30/30 | runtime 62s | 182.4 samples/s  Finished  : epoch 30/30 | runtime 62s | 182.4 samples/s  Finished  : epoch 30/30 | runtime 62s | 182.4 samples/s


  Finished  : epoch 30/30 | runtime 62s | 182.4 samples/s

  Loading: xbgoose/ravdess
  Loading: xbgoose/ravdess
  Loading: xbgoose/ravdess


              precision    recall  f1-score   support

       anger       0.90      1.00      0.95        19
     boredom       1.00      0.92      0.96        12
     disgust       1.00      1.00      1.00         7
        fear       0.92      1.00      0.96        11
   happiness       1.00      0.64      0.78        11
     neutral       0.86      1.00      0.92        12
     sadness       1.00      1.00      1.00         9

    accuracy                           0.94        81
   macro avg       0.95      0.94      0.94        81
weighted avg       0.95      0.94      0.93        81

  F1-Macro 0.9377 | Accuracy 0.9383 | Precision 0.9541 | Recall 0.9361

======================================================================
[3/10]  hubert-xlarge_ravdess
  Model  : facebook/hubert-xlarge-ls960-ft
  Dataset: xbgoose/ravdess
  Output : /home/tu/tu_tu/tu_zxord71/asp-project/outputs/hubert-xlarge_ravdess

  Loading: xbgoose/ravdess
  Label col : emotion
  Samples   : 1,440  |  Classes: 8
    angry: 192
    calm: 192
    disgust: 192
    fearful: 192
    happy: 192
    neutral: 96
    sad: 192
    surprised: 192
  Label col : emotion
  Samples   : 1,440  |  Classes: 8
    angry: 192
    calm: 192
    disgust: 192
    fearful: 192
    happy: 192
    neutral: 96
    sad: 192
    surprised: 192
  Label col : emotion
  Samples   : 1,440  |  Classes: 8
    angry: 192
    calm: 192
    disgust: 192
    fearful: 192
    happy: 192
    neutral: 96
    sad: 192
    surprised: 192
  Classes   : ['angry', 'calm', 'disgust', 'fearful', 'happy', 'neutral', 'sad', 'surprised']
  Classes   : ['angry', 'calm', 'disgust', 'fearful', 'happy', 'neutral', 'sad', 'surprised']
  Classes   : ['angry', 'calm', 'disgust', 'fearful', 'happy', 'neutral', 'sad', 'surprised']
  Split     : 1,008 train / 216 val / 216 test  (of 1,440)
  Split     : 1,008 train / 216 val / 216 test  (of 1,440)
  Split     : 1,008 train / 216 val / 216 test  (of 1,440)
  Feature extractor : Wav2Vec2FeatureExtractor  (sr=16000)
  Featurising splits ...
  Feature extractor : Wav2Vec2FeatureExtractor  (sr=16000)
  Featurising splits ...
  Feature extractor : Wav2Vec2FeatureExtractor  (sr=16000)
  Featurising splits ...
  Label col : emotion
  Samples   : 1,440  |  Classes: 8
    angry: 192
    calm: 192
    disgust: 192
    fearful: 192
    happy: 192
    neutral: 96
    sad: 192
    surprised: 192
  Classes   : ['angry', 'calm', 'disgust', 'fearful', 'happy', 'neutral', 'sad', 'surprised']
  Split     : 1,008 train / 216 val / 216 test  (of 1,440)
  Feature extractor : Wav2Vec2FeatureExtractor  (sr=16000)
  Featurising splits ...
  Loaded hyperparameters: lr=0.00032793161204654653  bs=8  warmup=0.06259061213265944  wd=0.06201754392304891
  Model             : HubertForSequenceClassification  (962,827,400 params, 962,827,400 trainable)
  Training  : lr=0.00032793161204654653  bs=8  epochs=30  patience=5
  Model             : HubertForSequenceClassification  (962,827,400 params, 962,827,400 trainable)
  Training  : lr=0.00032793161204654653  bs=8  epochs=30  patience=5
  Model             : HubertForSequenceClassification  (962,827,400 params, 962,827,400 trainable)
  Training  : lr=0.00032793161204654653  bs=8  epochs=30  patience=5
  Model             : HubertForSequenceClassification  (962,827,400 params, 962,827,400 trainable)
  Training  : lr=0.00032793161204654653  bs=8  epochs=30  patience=5
{'loss': 2.0818, 'grad_norm': 1.6660233736038208, 'learning_rate': 4.8383352597031454e-05, 'epoch': 0.31}
{'loss': 2.0678, 'grad_norm': 2.670828342437744, 'learning_rate': 0.00010214263326039974, 'epoch': 0.62}
{'loss': 2.0441, 'grad_norm': 2.178406238555908, 'learning_rate': 0.000155901913923768, 'epoch': 0.94}
{'eval_loss': 1.957148790359497, 'eval_f1_macro': 0.16009468566738477, 'eval_f1_weighted': 0.17052117967425875, 'eval_precision_macro': 0.2542044333456653, 'eval_recall_macro': 0.2543103448275862, 'eval_accuracy': 0.26851851851851855, 'eval_runtime': 6.3179, 'eval_samples_per_second': 34.188, 'eval_steps_per_second': 1.108, 'epoch': 1.0}
{'loss': 1.9342, 'grad_norm': inf, 'learning_rate': 0.00020966119458713632, 'epoch': 1.25}
{'loss': 1.7491, 'grad_norm': 31.896337509155273, 'learning_rate': 0.0002634204752505046, 'epoch': 1.56}
{'loss': 1.5449, 'grad_norm': 21.72260856628418, 'learning_rate': 0.00031717975591387284, 'epoch': 1.88}
{'eval_loss': 1.2674199342727661, 'eval_f1_macro': 0.4715915228276538, 'eval_f1_weighted': 0.5028333846008957, 'eval_precision_macro': 0.43877469302165045, 'eval_recall_macro': 0.5387931034482758, 'eval_accuracy': 0.5740740740740741, 'eval_runtime': 0.5955, 'eval_samples_per_second': 362.702, 'eval_steps_per_second': 11.754, 'epoch': 2.0}
{'loss': 1.2952, 'grad_norm': 17.762243270874023, 'learning_rate': 0.00032501342195047047, 'epoch': 2.19}
{'loss': 1.4256, 'grad_norm': 32.180755615234375, 'learning_rate': 0.0003213656843303754, 'epoch': 2.5}
{'loss': 1.1983, 'grad_norm': 17.913646697998047, 'learning_rate': 0.00031771794671028034, 'epoch': 2.81}
{'eval_loss': 1.0696730613708496, 'eval_f1_macro': 0.5852494329877354, 'eval_f1_weighted': 0.5984481144956597, 'eval_precision_macro': 0.6222309145103263, 'eval_recall_macro': 0.5904454022988506, 'eval_accuracy': 0.6111111111111112, 'eval_runtime': 0.578, 'eval_samples_per_second': 373.734, 'eval_steps_per_second': 12.112, 'epoch': 3.0}
{'loss': 1.1713, 'grad_norm': 21.81031608581543, 'learning_rate': 0.0003140702090901853, 'epoch': 3.12}
{'loss': 1.1037, 'grad_norm': 9.344841957092285, 'learning_rate': 0.0003104224714700902, 'epoch': 3.44}
{'loss': 0.8555, 'grad_norm': 12.007932662963867, 'learning_rate': 0.00030677473384999515, 'epoch': 3.75}
{'eval_loss': 0.8032509088516235, 'eval_f1_macro': 0.751391278078095, 'eval_f1_weighted': 0.7622813446410769, 'eval_precision_macro': 0.7896599085364078, 'eval_recall_macro': 0.7416769293924466, 'eval_accuracy': 0.7592592592592593, 'eval_runtime': 0.5743, 'eval_samples_per_second': 376.089, 'eval_steps_per_second': 12.188, 'epoch': 4.0}
{'loss': 0.9297, 'grad_norm': 16.454879760742188, 'learning_rate': 0.0003031269962299001, 'epoch': 4.06}
{'loss': 0.7219, 'grad_norm': 11.26706600189209, 'learning_rate': 0.000299479258609805, 'epoch': 4.38}
{'loss': 0.7389, 'grad_norm': 10.198542594909668, 'learning_rate': 0.00029583152098970996, 'epoch': 4.69}
{'loss': 0.8816, 'grad_norm': 14.10112190246582, 'learning_rate': 0.0002921837833696149, 'epoch': 5.0}
{'eval_loss': 0.7095080018043518, 'eval_f1_macro': 0.7370786649568732, 'eval_f1_weighted': 0.7531621459246914, 'eval_precision_macro': 0.7534938116328402, 'eval_recall_macro': 0.7419848111658456, 'eval_accuracy': 0.7592592592592593, 'eval_runtime': 0.5649, 'eval_samples_per_second': 382.385, 'eval_steps_per_second': 12.392, 'epoch': 5.0}
{'loss': 0.6598, 'grad_norm': 7.036530017852783, 'learning_rate': 0.0002885360457495198, 'epoch': 5.31}
{'loss': 0.5448, 'grad_norm': 14.758995056152344, 'learning_rate': 0.00028488830812942477, 'epoch': 5.62}
{'loss': 0.5097, 'grad_norm': 23.935232162475586, 'learning_rate': 0.00028124057050932965, 'epoch': 5.94}
{'eval_loss': 0.7707601189613342, 'eval_f1_macro': 0.753567811498846, 'eval_f1_weighted': 0.7727391127391128, 'eval_precision_macro': 0.7915480554739551, 'eval_recall_macro': 0.7555110837438423, 'eval_accuracy': 0.7777777777777778, 'eval_runtime': 0.5829, 'eval_samples_per_second': 370.583, 'eval_steps_per_second': 12.01, 'epoch': 6.0}
{'loss': 0.5746, 'grad_norm': 16.201852798461914, 'learning_rate': 0.00027759283288923464, 'epoch': 6.25}
{'loss': 0.5544, 'grad_norm': 14.433422088623047, 'learning_rate': 0.0002739450952691395, 'epoch': 6.56}
{'loss': 0.33, 'grad_norm': 7.616291522979736, 'learning_rate': 0.00027029735764904446, 'epoch': 6.88}
{'eval_loss': 0.7452942132949829, 'eval_f1_macro': 0.7766914290749721, 'eval_f1_weighted': 0.7850158612877183, 'eval_precision_macro': 0.8153737968414168, 'eval_recall_macro': 0.7875205254515599, 'eval_accuracy': 0.7824074074074074, 'eval_runtime': 0.5811, 'eval_samples_per_second': 371.713, 'eval_steps_per_second': 12.046, 'epoch': 7.0}
{'loss': 0.3748, 'grad_norm': 14.879668235778809, 'learning_rate': 0.0002666496200289494, 'epoch': 7.19}
{'loss': 0.4357, 'grad_norm': 16.114585876464844, 'learning_rate': 0.00026300188240885433, 'epoch': 7.5}
{'loss': 0.4198, 'grad_norm': 11.948287010192871, 'learning_rate': 0.00025935414478875927, 'epoch': 7.81}
{'eval_loss': 0.49016761779785156, 'eval_f1_macro': 0.830180385443516, 'eval_f1_weighted': 0.8436467810171037, 'eval_precision_macro': 0.8461029774822879, 'eval_recall_macro': 0.824055829228243, 'eval_accuracy': 0.8425925925925926, 'eval_runtime': 0.586, 'eval_samples_per_second': 368.582, 'eval_steps_per_second': 11.945, 'epoch': 8.0}
{'loss': 0.3492, 'grad_norm': 20.165611267089844, 'learning_rate': 0.0002557064071686642, 'epoch': 8.12}
{'loss': 0.2895, 'grad_norm': 10.952372550964355, 'learning_rate': 0.00025205866954856914, 'epoch': 8.44}
{'loss': 0.2222, 'grad_norm': 33.001502990722656, 'learning_rate': 0.0002484109319284741, 'epoch': 8.75}
{'eval_loss': 0.8025493025779724, 'eval_f1_macro': 0.768432714213275, 'eval_f1_weighted': 0.7806937810107184, 'eval_precision_macro': 0.8001568969979296, 'eval_recall_macro': 0.774394499178982, 'eval_accuracy': 0.7777777777777778, 'eval_runtime': 0.5734, 'eval_samples_per_second': 376.714, 'eval_steps_per_second': 12.208, 'epoch': 9.0}
{'loss': 0.3419, 'grad_norm': 7.327126502990723, 'learning_rate': 0.000244763194308379, 'epoch': 9.06}
{'loss': 0.1714, 'grad_norm': 3.8867249488830566, 'learning_rate': 0.00024111545668828395, 'epoch': 9.38}
{'loss': 0.1325, 'grad_norm': 28.81532096862793, 'learning_rate': 0.00023746771906818886, 'epoch': 9.69}
{'loss': 0.2455, 'grad_norm': 15.349449157714844, 'learning_rate': 0.0002338199814480938, 'epoch': 10.0}
{'eval_loss': 0.5988833904266357, 'eval_f1_macro': 0.8540180321579589, 'eval_f1_weighted': 0.8575920174460129, 'eval_precision_macro': 0.8651691986174745, 'eval_recall_macro': 0.8605090311986864, 'eval_accuracy': 0.8564814814814815, 'eval_runtime': 0.5716, 'eval_samples_per_second': 377.859, 'eval_steps_per_second': 12.245, 'epoch': 10.0}
{'loss': 0.138, 'grad_norm': 12.215215682983398, 'learning_rate': 0.00023017224382799873, 'epoch': 10.31}
{'loss': 0.2565, 'grad_norm': 4.648958206176758, 'learning_rate': 0.00022652450620790367, 'epoch': 10.62}
{'loss': 0.4562, 'grad_norm': 19.705472946166992, 'learning_rate': 0.0002228767685878086, 'epoch': 10.94}
{'eval_loss': 0.7719557881355286, 'eval_f1_macro': 0.8183483797954558, 'eval_f1_weighted': 0.8316498723753596, 'eval_precision_macro': 0.8346091265713691, 'eval_recall_macro': 0.8158969622331691, 'eval_accuracy': 0.8333333333333334, 'eval_runtime': 0.5852, 'eval_samples_per_second': 369.132, 'eval_steps_per_second': 11.963, 'epoch': 11.0}
{'loss': 0.1492, 'grad_norm': 5.034453392028809, 'learning_rate': 0.00021922903096771354, 'epoch': 11.25}
{'loss': 0.1268, 'grad_norm': 6.943197250366211, 'learning_rate': 0.00021558129334761845, 'epoch': 11.56}
{'loss': 0.2206, 'grad_norm': 26.45408058166504, 'learning_rate': 0.0002119335557275234, 'epoch': 11.88}
{'eval_loss': 0.579617977142334, 'eval_f1_macro': 0.8675096945019284, 'eval_f1_weighted': 0.8723806935221107, 'eval_precision_macro': 0.8728831065733179, 'eval_recall_macro': 0.8772885878489327, 'eval_accuracy': 0.875, 'eval_runtime': 0.5947, 'eval_samples_per_second': 363.203, 'eval_steps_per_second': 11.77, 'epoch': 12.0}
{'loss': 0.142, 'grad_norm': 3.094731569290161, 'learning_rate': 0.00020828581810742832, 'epoch': 12.19}
{'loss': 0.0935, 'grad_norm': 1.5628461837768555, 'learning_rate': 0.00020463808048733328, 'epoch': 12.5}
{'loss': 0.0878, 'grad_norm': 0.8177218437194824, 'learning_rate': 0.0002009903428672382, 'epoch': 12.81}
{'eval_loss': 0.5161266326904297, 'eval_f1_macro': 0.8955383042460205, 'eval_f1_weighted': 0.9035914960064012, 'eval_precision_macro': 0.8972611350574713, 'eval_recall_macro': 0.8961822660098522, 'eval_accuracy': 0.9027777777777778, 'eval_runtime': 0.5774, 'eval_samples_per_second': 374.062, 'eval_steps_per_second': 12.122, 'epoch': 13.0}
{'loss': 0.1116, 'grad_norm': 0.09939207136631012, 'learning_rate': 0.00019734260524714313, 'epoch': 13.12}
{'loss': 0.1253, 'grad_norm': 8.328790664672852, 'learning_rate': 0.00019369486762704807, 'epoch': 13.44}
{'loss': 0.4068, 'grad_norm': 21.476823806762695, 'learning_rate': 0.000190047130006953, 'epoch': 13.75}
{'eval_loss': 0.622137725353241, 'eval_f1_macro': 0.8660976743752844, 'eval_f1_weighted': 0.8745174609545235, 'eval_precision_macro': 0.8721878815628815, 'eval_recall_macro': 0.8734195402298851, 'eval_accuracy': 0.875, 'eval_runtime': 0.5584, 'eval_samples_per_second': 386.812, 'eval_steps_per_second': 12.536, 'epoch': 14.0}
{'loss': 0.1883, 'grad_norm': 9.452037811279297, 'learning_rate': 0.0001863993923868579, 'epoch': 14.06}
{'loss': 0.0963, 'grad_norm': 0.6262025833129883, 'learning_rate': 0.00018275165476676288, 'epoch': 14.38}
{'loss': 0.1038, 'grad_norm': 5.1035661697387695, 'learning_rate': 0.00017910391714666778, 'epoch': 14.69}
{'loss': 0.1839, 'grad_norm': 28.151445388793945, 'learning_rate': 0.00017545617952657275, 'epoch': 15.0}
{'eval_loss': 0.48371031880378723, 'eval_f1_macro': 0.8958965398306928, 'eval_f1_weighted': 0.9037950809756131, 'eval_precision_macro': 0.9018455801860974, 'eval_recall_macro': 0.8960283251231527, 'eval_accuracy': 0.9027777777777778, 'eval_runtime': 0.5829, 'eval_samples_per_second': 370.572, 'eval_steps_per_second': 12.009, 'epoch': 15.0}
{'loss': 0.0575, 'grad_norm': 0.09615874290466309, 'learning_rate': 0.00017180844190647766, 'epoch': 15.31}
{'loss': 0.0422, 'grad_norm': 0.6137568950653076, 'learning_rate': 0.00016816070428638257, 'epoch': 15.62}
{'loss': 0.1181, 'grad_norm': 15.212875366210938, 'learning_rate': 0.00016451296666628753, 'epoch': 15.94}
{'eval_loss': 0.5808811187744141, 'eval_f1_macro': 0.8752931456987372, 'eval_f1_weighted': 0.8858437507831732, 'eval_precision_macro': 0.8823846943748259, 'eval_recall_macro': 0.8747639573070607, 'eval_accuracy': 0.8842592592592593, 'eval_runtime': 0.6005, 'eval_samples_per_second': 359.716, 'eval_steps_per_second': 11.657, 'epoch': 16.0}
{'loss': 0.0839, 'grad_norm': 0.10770667344331741, 'learning_rate': 0.00016086522904619244, 'epoch': 16.25}
{'loss': 0.0302, 'grad_norm': 2.2824039459228516, 'learning_rate': 0.00015721749142609738, 'epoch': 16.56}
{'loss': 0.0407, 'grad_norm': 1.0108075141906738, 'learning_rate': 0.0001535697538060023, 'epoch': 16.88}
{'eval_loss': 0.7959895730018616, 'eval_f1_macro': 0.8628202429113572, 'eval_f1_weighted': 0.8710389375129108, 'eval_precision_macro': 0.8676861939853806, 'eval_recall_macro': 0.8694170771756979, 'eval_accuracy': 0.8703703703703703, 'eval_runtime': 0.5775, 'eval_samples_per_second': 374.007, 'eval_steps_per_second': 12.121, 'epoch': 17.0}
{'loss': 0.0688, 'grad_norm': 16.534984588623047, 'learning_rate': 0.00014992201618590725, 'epoch': 17.19}
{'loss': 0.0992, 'grad_norm': 0.0076436931267380714, 'learning_rate': 0.00014627427856581218, 'epoch': 17.5}
{'loss': 0.099, 'grad_norm': 4.129941940307617, 'learning_rate': 0.00014262654094571712, 'epoch': 17.81}
{'eval_loss': 0.5154387950897217, 'eval_f1_macro': 0.898922699871608, 'eval_f1_weighted': 0.9065679010297216, 'eval_precision_macro': 0.9058824819044508, 'eval_recall_macro': 0.8966235632183908, 'eval_accuracy': 0.9074074074074074, 'eval_runtime': 0.5981, 'eval_samples_per_second': 361.114, 'eval_steps_per_second': 11.703, 'epoch': 18.0}
{'loss': 0.0592, 'grad_norm': 60.58234786987305, 'learning_rate': 0.00013897880332562206, 'epoch': 18.12}
{'loss': 0.0533, 'grad_norm': 23.249004364013672, 'learning_rate': 0.000135331065705527, 'epoch': 18.44}
{'loss': 0.0731, 'grad_norm': 0.23301425576210022, 'learning_rate': 0.00013168332808543193, 'epoch': 18.75}
{'eval_loss': 0.5370728969573975, 'eval_f1_macro': 0.9058896961450956, 'eval_f1_weighted': 0.911922555275577, 'eval_precision_macro': 0.9051251692653188, 'eval_recall_macro': 0.9091338259441707, 'eval_accuracy': 0.9120370370370371, 'eval_runtime': 0.569, 'eval_samples_per_second': 379.623, 'eval_steps_per_second': 12.303, 'epoch': 19.0}
{'loss': 0.086, 'grad_norm': 7.420699596405029, 'learning_rate': 0.00012803559046533687, 'epoch': 19.06}
{'loss': 0.0225, 'grad_norm': 0.07337889075279236, 'learning_rate': 0.00012438785284524177, 'epoch': 19.38}
{'loss': 0.0532, 'grad_norm': 0.007211737800389528, 'learning_rate': 0.00012074011522514671, 'epoch': 19.69}
{'loss': 0.0433, 'grad_norm': 6.914824485778809, 'learning_rate': 0.00011709237760505166, 'epoch': 20.0}
{'eval_loss': 0.5539008378982544, 'eval_f1_macro': 0.8938261807609817, 'eval_f1_weighted': 0.8980749818742145, 'eval_precision_macro': 0.9015480298885472, 'eval_recall_macro': 0.8921798029556651, 'eval_accuracy': 0.8981481481481481, 'eval_runtime': 0.5914, 'eval_samples_per_second': 365.256, 'eval_steps_per_second': 11.837, 'epoch': 20.0}
{'loss': 0.0783, 'grad_norm': 0.01139004621654749, 'learning_rate': 0.0001134446399849566, 'epoch': 20.31}
{'loss': 0.0252, 'grad_norm': 0.014353406615555286, 'learning_rate': 0.0001097969023648615, 'epoch': 20.62}
{'loss': 0.0095, 'grad_norm': 0.007611779496073723, 'learning_rate': 0.00010614916474476644, 'epoch': 20.94}
{'eval_loss': 0.6112480163574219, 'eval_f1_macro': 0.8873490756555272, 'eval_f1_weighted': 0.8969234121115841, 'eval_precision_macro': 0.891949100428702, 'eval_recall_macro': 0.8917385057471264, 'eval_accuracy': 0.8935185185185185, 'eval_runtime': 0.5948, 'eval_samples_per_second': 363.159, 'eval_steps_per_second': 11.769, 'epoch': 21.0}
{'loss': 0.021, 'grad_norm': 4.222077369689941, 'learning_rate': 0.00010250142712467138, 'epoch': 21.25}
{'loss': 0.0159, 'grad_norm': 0.4671204388141632, 'learning_rate': 9.885368950457632e-05, 'epoch': 21.56}
{'loss': 0.0116, 'grad_norm': 0.23224738240242004, 'learning_rate': 9.520595188448125e-05, 'epoch': 21.88}
{'eval_loss': 0.566723644733429, 'eval_f1_macro': 0.8920866583816636, 'eval_f1_weighted': 0.8989299381912401, 'eval_precision_macro': 0.8915178571428571, 'eval_recall_macro': 0.8960488505747126, 'eval_accuracy': 0.8981481481481481, 'eval_runtime': 0.5829, 'eval_samples_per_second': 370.562, 'eval_steps_per_second': 12.009, 'epoch': 22.0}
{'loss': 0.004, 'grad_norm': 0.008177968673408031, 'learning_rate': 9.155821426438617e-05, 'epoch': 22.19}
{'loss': 0.0345, 'grad_norm': 0.04508247971534729, 'learning_rate': 8.791047664429111e-05, 'epoch': 22.5}
{'loss': 0.0126, 'grad_norm': 0.020996352657675743, 'learning_rate': 8.426273902419605e-05, 'epoch': 22.81}
{'eval_loss': 0.5160022974014282, 'eval_f1_macro': 0.9104220589052968, 'eval_f1_weighted': 0.9168689694126129, 'eval_precision_macro': 0.9102140628509796, 'eval_recall_macro': 0.9134441707717569, 'eval_accuracy': 0.9166666666666666, 'eval_runtime': 0.5877, 'eval_samples_per_second': 367.505, 'eval_steps_per_second': 11.91, 'epoch': 23.0}
{'loss': 0.0035, 'grad_norm': 0.008268598467111588, 'learning_rate': 8.061500140410098e-05, 'epoch': 23.12}
{'loss': 0.0756, 'grad_norm': 0.0071996781043708324, 'learning_rate': 7.696726378400592e-05, 'epoch': 23.44}
{'loss': 0.0073, 'grad_norm': 0.0065432945266366005, 'learning_rate': 7.331952616391086e-05, 'epoch': 23.75}
{'eval_loss': 0.5488067269325256, 'eval_f1_macro': 0.9141582367117802, 'eval_f1_weighted': 0.9223088780145359, 'eval_precision_macro': 0.9146537211192384, 'eval_recall_macro': 0.9177545155993432, 'eval_accuracy': 0.9212962962962963, 'eval_runtime': 0.6036, 'eval_samples_per_second': 357.881, 'eval_steps_per_second': 11.598, 'epoch': 24.0}
{'loss': 0.0304, 'grad_norm': 0.004956946242600679, 'learning_rate': 6.967178854381578e-05, 'epoch': 24.06}
{'loss': 0.0179, 'grad_norm': 3.3096091747283936, 'learning_rate': 6.602405092372072e-05, 'epoch': 24.38}
{'loss': 0.0203, 'grad_norm': 1.0033303499221802, 'learning_rate': 6.237631330362564e-05, 'epoch': 24.69}
{'loss': 0.0185, 'grad_norm': 0.004819934256374836, 'learning_rate': 5.872857568353058e-05, 'epoch': 25.0}
{'eval_loss': 0.5141404271125793, 'eval_f1_macro': 0.9206435870214089, 'eval_f1_weighted': 0.9258897837593415, 'eval_precision_macro': 0.9203838976728993, 'eval_recall_macro': 0.9223727422003284, 'eval_accuracy': 0.9259259259259259, 'eval_runtime': 0.5936, 'eval_samples_per_second': 363.885, 'eval_steps_per_second': 11.793, 'epoch': 25.0}
{'loss': 0.0057, 'grad_norm': 0.005011288914829493, 'learning_rate': 5.508083806343552e-05, 'epoch': 25.31}
{'loss': 0.0291, 'grad_norm': 0.007552803959697485, 'learning_rate': 5.143310044334045e-05, 'epoch': 25.62}
{'loss': 0.0275, 'grad_norm': 0.003395038191229105, 'learning_rate': 4.778536282324538e-05, 'epoch': 25.94}
{'eval_loss': 0.5304272174835205, 'eval_f1_macro': 0.9238636618331559, 'eval_f1_weighted': 0.9310501115312348, 'eval_precision_macro': 0.9233969437870934, 'eval_recall_macro': 0.9265291461412151, 'eval_accuracy': 0.9305555555555556, 'eval_runtime': 0.5811, 'eval_samples_per_second': 371.699, 'eval_steps_per_second': 12.046, 'epoch': 26.0}
{'loss': 0.0062, 'grad_norm': 0.005042415577918291, 'learning_rate': 4.4137625203150306e-05, 'epoch': 26.25}
{'loss': 0.0123, 'grad_norm': 0.0032019878271967173, 'learning_rate': 4.048988758305524e-05, 'epoch': 26.56}
{'loss': 0.0005, 'grad_norm': 0.002956750337034464, 'learning_rate': 3.684214996296018e-05, 'epoch': 26.88}
{'eval_loss': 0.5205240845680237, 'eval_f1_macro': 0.9281767073780526, 'eval_f1_weighted': 0.935682641931309, 'eval_precision_macro': 0.92755334772798, 'eval_recall_macro': 0.9308394909688014, 'eval_accuracy': 0.9351851851851852, 'eval_runtime': 0.5982, 'eval_samples_per_second': 361.092, 'eval_steps_per_second': 11.702, 'epoch': 27.0}
{'loss': 0.0066, 'grad_norm': 0.004331941716372967, 'learning_rate': 3.319441234286511e-05, 'epoch': 27.19}
{'loss': 0.0315, 'grad_norm': 3.5011825561523438, 'learning_rate': 2.954667472277004e-05, 'epoch': 27.5}
{'loss': 0.0046, 'grad_norm': 0.002740640891715884, 'learning_rate': 2.5898937102674974e-05, 'epoch': 27.81}
{'eval_loss': 0.5094961524009705, 'eval_f1_macro': 0.9196303970152654, 'eval_f1_weighted': 0.9265754216137988, 'eval_precision_macro': 0.9192655660279, 'eval_recall_macro': 0.9222188013136289, 'eval_accuracy': 0.9259259259259259, 'eval_runtime': 0.5653, 'eval_samples_per_second': 382.084, 'eval_steps_per_second': 12.382, 'epoch': 28.0}
{'loss': 0.0009, 'grad_norm': 0.004412000998854637, 'learning_rate': 2.225119948257991e-05, 'epoch': 28.12}
{'loss': 0.0096, 'grad_norm': 34.96648025512695, 'learning_rate': 1.860346186248484e-05, 'epoch': 28.44}
{'loss': 0.0108, 'grad_norm': 0.005216616205871105, 'learning_rate': 1.4955724242389776e-05, 'epoch': 28.75}
{'eval_loss': 0.503460705280304, 'eval_f1_macro': 0.9196303970152654, 'eval_f1_weighted': 0.9265754216137988, 'eval_precision_macro': 0.9192655660279, 'eval_recall_macro': 0.9222188013136289, 'eval_accuracy': 0.9259259259259259, 'eval_runtime': 0.5814, 'eval_samples_per_second': 371.492, 'eval_steps_per_second': 12.039, 'epoch': 29.0}
{'loss': 0.0288, 'grad_norm': 0.004748381674289703, 'learning_rate': 1.1307986622294707e-05, 'epoch': 29.06}
{'loss': 0.0092, 'grad_norm': 0.0038021509535610676, 'learning_rate': 7.660249002199642e-06, 'epoch': 29.38}
{'loss': 0.0321, 'grad_norm': 0.34893426299095154, 'learning_rate': 4.012511382104574e-06, 'epoch': 29.69}
{'loss': 0.005, 'grad_norm': 0.003407745622098446, 'learning_rate': 3.647737620095067e-07, 'epoch': 30.0}
{'eval_loss': 0.49887794256210327, 'eval_f1_macro': 0.925179333965412, 'eval_f1_weighted': 0.9307524404581563, 'eval_precision_macro': 0.9252398307337824, 'eval_recall_macro': 0.9266830870279146, 'eval_accuracy': 0.9305555555555556, 'eval_runtime': 0.5875, 'eval_samples_per_second': 367.653, 'eval_steps_per_second': 11.915, 'epoch': 30.0}
{'train_runtime': 546.7529, 'train_samples_per_second': 55.308, 'train_steps_per_second': 1.756, 'train_loss': 0.3377370693255216, 'epoch': 30.0}
  Finished  : epoch 30/30 | runtime 547s | 55.3 samples/s
  Finished  : epoch 30/30 | runtime 547s | 55.3 samples/s
  Finished  : epoch 30/30 | runtime 547s | 55.3 samples/s
  Finished  : epoch 30/30 | runtime 547s | 55.3 samples/s

  Loading: renumics/emodb
  Loading: renumics/emodb
  Loading: renumics/emodb


              precision    recall  f1-score   support

       angry       0.96      0.89      0.93        28
        calm       0.87      0.90      0.88        29
     disgust       0.90      0.93      0.92        29
     fearful       0.96      0.93      0.95        29
       happy       0.89      0.86      0.88        29
     neutral       0.81      0.93      0.87        14
         sad       0.86      0.83      0.84        29
   surprised       0.93      0.97      0.95        29

    accuracy                           0.90       216
   macro avg       0.90      0.90      0.90       216
weighted avg       0.90      0.90      0.90       216

  Label col : emotion
  Samples   : 535  |  Classes: 7
    0: 127
    1: 81
    2: 46
    3: 69
    4: 71
    5: 79
    6: 62
  Classes   : ['anger', 'boredom', 'disgust', 'fear', 'happiness', 'neutral', 'sadness']
  Label col : emotion
  Samples   : 535  |  Classes: 7
    0: 127
    1: 81
    2: 46
    3: 69
    4: 71
    5: 79
    6: 62
  Classes   : ['anger', 'boredom', 'disgust', 'fear', 'happiness', 'neutral', 'sadness']
  Split     : 374 train / 80 val / 81 test  (of 535)
  Split     : 374 train / 80 val / 81 test  (of 535)
  Label col : emotion
  Samples   : 535  |  Classes: 7
    0: 127
    1: 81
    2: 46
    3: 69
    4: 71
    5: 79
    6: 62
  Classes   : ['anger', 'boredom', 'disgust', 'fear', 'happiness', 'neutral', 'sadness']
  Split     : 374 train / 80 val / 81 test  (of 535)
  Feature extractor : Wav2Vec2FeatureExtractor  (sr=16000)
  Featurising splits ...
  Feature extractor : Wav2Vec2FeatureExtractor  (sr=16000)
  Featurising splits ...
  Feature extractor : Wav2Vec2FeatureExtractor  (sr=16000)
  Featurising splits ...
  Model             : HubertForSequenceClassification  (962,827,143 params, 962,827,143 trainable)
  Training  : lr=9.568500026873492e-05  bs=4  epochs=30  patience=5
  Model             : HubertForSequenceClassification  (962,827,143 params, 962,827,143 trainable)
  Training  : lr=9.568500026873492e-05  bs=4  epochs=30  patience=5
  Model             : HubertForSequenceClassification  (962,827,143 params, 962,827,143 trainable)
  Training  : lr=9.568500026873492e-05  bs=4  epochs=30  patience=5
  F1-Macro 0.9006 | Accuracy 0.9028 | Precision 0.8985 | Recall 0.9044

======================================================================
[4/10]  hubert-xlarge_emodb
  Model  : facebook/hubert-xlarge-ls960-ft
  Dataset: renumics/emodb
  Output : /home/tu/tu_tu/tu_zxord71/asp-project/outputs/hubert-xlarge_emodb

  Loading: renumics/emodb
  Label col : emotion
  Samples   : 535  |  Classes: 7
    0: 127
    1: 81
    2: 46
    3: 69
    4: 71
    5: 79
    6: 62
  Classes   : ['anger', 'boredom', 'disgust', 'fear', 'happiness', 'neutral', 'sadness']
  Split     : 374 train / 80 val / 81 test  (of 535)
  Feature extractor : Wav2Vec2FeatureExtractor  (sr=16000)
  Featurising splits ...
  Loaded hyperparameters: lr=9.568500026873492e-05  bs=4  warmup=0.0836491002059612  wd=0.08800181956668994
  Model             : HubertForSequenceClassification  (962,827,143 params, 962,827,143 trainable)
  Training  : lr=9.568500026873492e-05  bs=4  epochs=30  patience=5
{'loss': 1.9432, 'grad_norm': 2.22275710105896, 'learning_rate': 1.4117459056042857e-05, 'epoch': 0.42}
{'loss': 1.9197, 'grad_norm': 4.207454204559326, 'learning_rate': 2.9803524673868255e-05, 'epoch': 0.83}
{'eval_loss': 1.900903344154358, 'eval_f1_macro': 0.05483405483405483, 'eval_f1_weighted': 0.09116161616161615, 'eval_precision_macro': 0.033928571428571426, 'eval_recall_macro': 0.14285714285714285, 'eval_accuracy': 0.2375, 'eval_runtime': 2.3356, 'eval_samples_per_second': 34.252, 'eval_steps_per_second': 2.141, 'epoch': 1.0}
{'loss': 1.907, 'grad_norm': 3.0509767532348633, 'learning_rate': 4.548959029169365e-05, 'epoch': 1.25}
{'loss': 1.9201, 'grad_norm': 6.61884069442749, 'learning_rate': 6.117565590951905e-05, 'epoch': 1.67}
{'eval_loss': 1.742211937904358, 'eval_f1_macro': 0.261140114960713, 'eval_f1_weighted': 0.31030823181985967, 'eval_precision_macro': 0.2598449937159614, 'eval_recall_macro': 0.35714285714285715, 'eval_accuracy': 0.45, 'eval_runtime': 0.4068, 'eval_samples_per_second': 196.636, 'eval_steps_per_second': 12.29, 'epoch': 2.0}
{'loss': 1.821, 'grad_norm': inf, 'learning_rate': 7.686172152734444e-05, 'epoch': 2.08}
{'loss': 1.7001, 'grad_norm': 25.44245719909668, 'learning_rate': 9.254778714516984e-05, 'epoch': 2.5}
{'loss': 1.5742, 'grad_norm': 30.02448081970215, 'learning_rate': 9.452342211676242e-05, 'epoch': 2.92}
{'eval_loss': 1.409600853919983, 'eval_f1_macro': 0.15183946488294314, 'eval_f1_weighted': 0.2105852842809365, 'eval_precision_macro': 0.10522469857508221, 'eval_recall_macro': 0.2738095238095238, 'eval_accuracy': 0.375, 'eval_runtime': 0.3969, 'eval_samples_per_second': 201.568, 'eval_steps_per_second': 12.598, 'epoch': 3.0}
{'loss': 1.4407, 'grad_norm': 10.60852336883545, 'learning_rate': 9.30714494267968e-05, 'epoch': 3.33}
{'loss': 1.3484, 'grad_norm': 5.555437088012695, 'learning_rate': 9.161947673683117e-05, 'epoch': 3.75}
{'eval_loss': 1.178900122642517, 'eval_f1_macro': 0.19506987577639753, 'eval_f1_weighted': 0.2411514945652174, 'eval_precision_macro': 0.25359477124183005, 'eval_recall_macro': 0.30612244897959184, 'eval_accuracy': 0.4, 'eval_runtime': 0.3793, 'eval_samples_per_second': 210.922, 'eval_steps_per_second': 13.183, 'epoch': 4.0}
{'loss': 1.256, 'grad_norm': 12.138937950134277, 'learning_rate': 9.016750404686553e-05, 'epoch': 4.17}
{'loss': 1.1974, 'grad_norm': 13.80924129486084, 'learning_rate': 8.87155313568999e-05, 'epoch': 4.58}
{'loss': 1.0586, 'grad_norm': 9.74221420288086, 'learning_rate': 8.726355866693427e-05, 'epoch': 5.0}
{'eval_loss': 0.9053802490234375, 'eval_f1_macro': 0.6083965801473857, 'eval_f1_weighted': 0.6107457517419924, 'eval_precision_macro': 0.6142857142857142, 'eval_recall_macro': 0.673469387755102, 'eval_accuracy': 0.7, 'eval_runtime': 0.3798, 'eval_samples_per_second': 210.662, 'eval_steps_per_second': 13.166, 'epoch': 5.0}
{'loss': 0.8758, 'grad_norm': 61.003963470458984, 'learning_rate': 8.581158597696864e-05, 'epoch': 5.42}
{'loss': 0.7669, 'grad_norm': 20.001625061035156, 'learning_rate': 8.435961328700302e-05, 'epoch': 5.83}
{'eval_loss': 0.704820990562439, 'eval_f1_macro': 0.6341747712540721, 'eval_f1_weighted': 0.6373343500112965, 'eval_precision_macro': 0.6990093240093239, 'eval_recall_macro': 0.7119047619047618, 'eval_accuracy': 0.725, 'eval_runtime': 0.4431, 'eval_samples_per_second': 180.553, 'eval_steps_per_second': 11.285, 'epoch': 6.0}
{'loss': 0.7685, 'grad_norm': 42.38923645019531, 'learning_rate': 8.29076405970374e-05, 'epoch': 6.25}
{'loss': 0.5923, 'grad_norm': 11.733786582946777, 'learning_rate': 8.145566790707177e-05, 'epoch': 6.67}
{'eval_loss': 0.40247344970703125, 'eval_f1_macro': 0.7976190476190477, 'eval_f1_weighted': 0.8036011904761905, 'eval_precision_macro': 0.8454313543599258, 'eval_recall_macro': 0.8166666666666667, 'eval_accuracy': 0.825, 'eval_runtime': 0.4172, 'eval_samples_per_second': 191.745, 'eval_steps_per_second': 11.984, 'epoch': 7.0}
{'loss': 0.4281, 'grad_norm': 8.054102897644043, 'learning_rate': 8.000369521710613e-05, 'epoch': 7.08}
{'loss': 0.3425, 'grad_norm': 31.646839141845703, 'learning_rate': 7.855172252714051e-05, 'epoch': 7.5}
{'loss': 0.2464, 'grad_norm': 35.55246353149414, 'learning_rate': 7.709974983717487e-05, 'epoch': 7.92}
{'eval_loss': 0.45211276412010193, 'eval_f1_macro': 0.8361690130597693, 'eval_f1_weighted': 0.8292047046091163, 'eval_precision_macro': 0.9121830550401978, 'eval_recall_macro': 0.85, 'eval_accuracy': 0.85, 'eval_runtime': 0.3917, 'eval_samples_per_second': 204.249, 'eval_steps_per_second': 12.766, 'epoch': 8.0}
{'loss': 0.2052, 'grad_norm': 2.1417689323425293, 'learning_rate': 7.564777714720925e-05, 'epoch': 8.33}
{'loss': 0.1938, 'grad_norm': 0.6926555633544922, 'learning_rate': 7.419580445724362e-05, 'epoch': 8.75}
{'eval_loss': 0.3001733720302582, 'eval_f1_macro': 0.9267042481328197, 'eval_f1_weighted': 0.9209561272061272, 'eval_precision_macro': 0.9547471162377994, 'eval_recall_macro': 0.919047619047619, 'eval_accuracy': 0.925, 'eval_runtime': 0.4136, 'eval_samples_per_second': 193.431, 'eval_steps_per_second': 12.089, 'epoch': 9.0}
{'loss': 0.0736, 'grad_norm': 0.7508103251457214, 'learning_rate': 7.2743831767278e-05, 'epoch': 9.17}
{'loss': 0.0449, 'grad_norm': 11.954723358154297, 'learning_rate': 7.129185907731236e-05, 'epoch': 9.58}
{'loss': 0.1545, 'grad_norm': 0.2201533317565918, 'learning_rate': 6.983988638734673e-05, 'epoch': 10.0}
{'eval_loss': 0.3735925555229187, 'eval_f1_macro': 0.9138023630504832, 'eval_f1_weighted': 0.9103806390977442, 'eval_precision_macro': 0.9348072562358276, 'eval_recall_macro': 0.9095238095238095, 'eval_accuracy': 0.9125, 'eval_runtime': 0.3938, 'eval_samples_per_second': 203.15, 'eval_steps_per_second': 12.697, 'epoch': 10.0}
{'loss': 0.0862, 'grad_norm': 0.1286902278661728, 'learning_rate': 6.83879136973811e-05, 'epoch': 10.42}
{'loss': 0.0581, 'grad_norm': 0.920802652835846, 'learning_rate': 6.693594100741547e-05, 'epoch': 10.83}
{'eval_loss': 0.17087802290916443, 'eval_f1_macro': 0.9496852353995211, 'eval_f1_weighted': 0.9488941613941615, 'eval_precision_macro': 0.9594619666048237, 'eval_recall_macro': 0.9476190476190477, 'eval_accuracy': 0.95, 'eval_runtime': 0.4341, 'eval_samples_per_second': 184.286, 'eval_steps_per_second': 11.518, 'epoch': 11.0}
{'loss': 0.0749, 'grad_norm': 0.07283587008714676, 'learning_rate': 6.548396831744985e-05, 'epoch': 11.25}
{'loss': 0.1233, 'grad_norm': 42.707481384277344, 'learning_rate': 6.403199562748422e-05, 'epoch': 11.67}
{'eval_loss': 0.33297020196914673, 'eval_f1_macro': 0.9506802721088435, 'eval_f1_weighted': 0.9461309523809524, 'eval_precision_macro': 0.9751552795031057, 'eval_recall_macro': 0.9428571428571428, 'eval_accuracy': 0.95, 'eval_runtime': 0.4256, 'eval_samples_per_second': 187.955, 'eval_steps_per_second': 11.747, 'epoch': 12.0}
{'loss': 0.1079, 'grad_norm': 0.04699235409498215, 'learning_rate': 6.25800229375186e-05, 'epoch': 12.08}
{'loss': 0.0862, 'grad_norm': 1.5958633422851562, 'learning_rate': 6.112805024755296e-05, 'epoch': 12.5}
{'loss': 0.0406, 'grad_norm': 0.0856417566537857, 'learning_rate': 5.967607755758733e-05, 'epoch': 12.92}
{'eval_loss': 0.37048855423927307, 'eval_f1_macro': 0.9105152992371037, 'eval_f1_weighted': 0.9102448428764218, 'eval_precision_macro': 0.926984126984127, 'eval_recall_macro': 0.9095238095238095, 'eval_accuracy': 0.9125, 'eval_runtime': 0.4191, 'eval_samples_per_second': 190.902, 'eval_steps_per_second': 11.931, 'epoch': 13.0}
{'loss': 0.008, 'grad_norm': 0.20989291369915009, 'learning_rate': 5.8224104867621704e-05, 'epoch': 13.33}
{'loss': 0.0292, 'grad_norm': 0.0277115385979414, 'learning_rate': 5.677213217765608e-05, 'epoch': 13.75}
{'eval_loss': 0.3282279968261719, 'eval_f1_macro': 0.9321658733423439, 'eval_f1_weighted': 0.9354877965172083, 'eval_precision_macro': 0.9452380952380952, 'eval_recall_macro': 0.9333333333333333, 'eval_accuracy': 0.9375, 'eval_runtime': 0.398, 'eval_samples_per_second': 200.983, 'eval_steps_per_second': 12.561, 'epoch': 14.0}
{'loss': 0.0371, 'grad_norm': 225.647216796875, 'learning_rate': 5.532015948769045e-05, 'epoch': 14.17}
{'loss': 0.0041, 'grad_norm': 0.030995232984423637, 'learning_rate': 5.3868186797724824e-05, 'epoch': 14.58}
{'loss': 0.0038, 'grad_norm': 1.51380455493927, 'learning_rate': 5.2416214107759186e-05, 'epoch': 15.0}
{'eval_loss': 0.38072243332862854, 'eval_f1_macro': 0.9245310245310245, 'eval_f1_weighted': 0.9254419191919192, 'eval_precision_macro': 0.9238095238095239, 'eval_recall_macro': 0.9325814536340852, 'eval_accuracy': 0.925, 'eval_runtime': 0.3996, 'eval_samples_per_second': 200.201, 'eval_steps_per_second': 12.513, 'epoch': 15.0}
{'loss': 0.004, 'grad_norm': 0.11053253710269928, 'learning_rate': 5.096424141779356e-05, 'epoch': 15.42}
{'loss': 0.0681, 'grad_norm': 102.2169189453125, 'learning_rate': 4.951226872782793e-05, 'epoch': 15.83}
{'eval_loss': 0.12966260313987732, 'eval_f1_macro': 0.960647358162886, 'eval_f1_weighted': 0.9615948664861709, 'eval_precision_macro': 0.9668831168831169, 'eval_recall_macro': 0.9595238095238096, 'eval_accuracy': 0.9625, 'eval_runtime': 0.3961, 'eval_samples_per_second': 201.946, 'eval_steps_per_second': 12.622, 'epoch': 16.0}
{'loss': 0.0174, 'grad_norm': 0.030817661434412003, 'learning_rate': 4.8060296037862305e-05, 'epoch': 16.25}
{'loss': 0.0019, 'grad_norm': 0.01980058290064335, 'learning_rate': 4.6608323347896674e-05, 'epoch': 16.67}
{'eval_loss': 0.1470939815044403, 'eval_f1_macro': 0.9737530160805742, 'eval_f1_weighted': 0.9749469325487633, 'eval_precision_macro': 0.9760239760239761, 'eval_recall_macro': 0.9738095238095238, 'eval_accuracy': 0.975, 'eval_runtime': 0.4067, 'eval_samples_per_second': 196.71, 'eval_steps_per_second': 12.294, 'epoch': 17.0}
{'loss': 0.003, 'grad_norm': 0.019424624741077423, 'learning_rate': 4.515635065793104e-05, 'epoch': 17.08}
{'loss': 0.0018, 'grad_norm': 0.02026766911149025, 'learning_rate': 4.370437796796542e-05, 'epoch': 17.5}
{'loss': 0.0019, 'grad_norm': 0.01765645481646061, 'learning_rate': 4.2252405277999794e-05, 'epoch': 17.92}
{'eval_loss': 0.07954929023981094, 'eval_f1_macro': 0.9856784819190835, 'eval_f1_weighted': 0.987468671679198, 'eval_precision_macro': 0.987012987012987, 'eval_recall_macro': 0.9857142857142858, 'eval_accuracy': 0.9875, 'eval_runtime': 0.4, 'eval_samples_per_second': 200.0, 'eval_steps_per_second': 12.5, 'epoch': 18.0}
{'loss': 0.0248, 'grad_norm': 0.017324145883321762, 'learning_rate': 4.080043258803416e-05, 'epoch': 18.33}
{'loss': 0.0358, 'grad_norm': 66.09243774414062, 'learning_rate': 3.934845989806853e-05, 'epoch': 18.75}
{'eval_loss': 0.3395000398159027, 'eval_f1_macro': 0.9493973027807614, 'eval_f1_weighted': 0.94937343358396, 'eval_precision_macro': 0.9584415584415584, 'eval_recall_macro': 0.9500000000000001, 'eval_accuracy': 0.95, 'eval_runtime': 0.4197, 'eval_samples_per_second': 190.623, 'eval_steps_per_second': 11.914, 'epoch': 19.0}
{'loss': 0.0025, 'grad_norm': 0.013167052529752254, 'learning_rate': 3.789648720810291e-05, 'epoch': 19.17}
{'loss': 0.0015, 'grad_norm': 0.01273410115391016, 'learning_rate': 3.6444514518137275e-05, 'epoch': 19.58}
{'loss': 0.1144, 'grad_norm': 270.3197326660156, 'learning_rate': 3.4992541828171644e-05, 'epoch': 20.0}
{'eval_loss': 0.47768449783325195, 'eval_f1_macro': 0.9366988900823487, 'eval_f1_weighted': 0.9360401002506265, 'eval_precision_macro': 0.9512987012987013, 'eval_recall_macro': 0.9380952380952381, 'eval_accuracy': 0.9375, 'eval_runtime': 0.4185, 'eval_samples_per_second': 191.181, 'eval_steps_per_second': 11.949, 'epoch': 20.0}
{'loss': 0.0022, 'grad_norm': 0.011965373530983925, 'learning_rate': 3.354056913820602e-05, 'epoch': 20.42}
{'loss': 0.0012, 'grad_norm': 0.00951444823294878, 'learning_rate': 3.2088596448240395e-05, 'epoch': 20.83}
{'eval_loss': 0.0936056599020958, 'eval_f1_macro': 0.9856784819190835, 'eval_f1_weighted': 0.987468671679198, 'eval_precision_macro': 0.987012987012987, 'eval_recall_macro': 0.9857142857142858, 'eval_accuracy': 0.9875, 'eval_runtime': 0.401, 'eval_samples_per_second': 199.484, 'eval_steps_per_second': 12.468, 'epoch': 21.0}
{'loss': 0.0011, 'grad_norm': 0.013960293494164944, 'learning_rate': 3.063662375827476e-05, 'epoch': 21.25}
{'loss': 0.0023, 'grad_norm': 0.010227306745946407, 'learning_rate': 2.9184651068309133e-05, 'epoch': 21.67}
{'eval_loss': 0.16567525267601013, 'eval_f1_macro': 0.9726645807064245, 'eval_f1_weighted': 0.9749945515963823, 'eval_precision_macro': 0.974025974025974, 'eval_recall_macro': 0.9738095238095238, 'eval_accuracy': 0.975, 'eval_runtime': 0.4059, 'eval_samples_per_second': 197.103, 'eval_steps_per_second': 12.319, 'epoch': 22.0}
{'loss': 0.002, 'grad_norm': 0.009684678167104721, 'learning_rate': 2.7732678378343505e-05, 'epoch': 22.08}
{'loss': 0.0882, 'grad_norm': 0.011259467341005802, 'learning_rate': 2.6280705688377873e-05, 'epoch': 22.5}
{'loss': 0.0015, 'grad_norm': 0.02822580561041832, 'learning_rate': 2.4828732998412245e-05, 'epoch': 22.92}
{'eval_loss': 0.2676575779914856, 'eval_f1_macro': 0.9493973027807614, 'eval_f1_weighted': 0.94937343358396, 'eval_precision_macro': 0.9584415584415584, 'eval_recall_macro': 0.9500000000000001, 'eval_accuracy': 0.95, 'eval_runtime': 0.4199, 'eval_samples_per_second': 190.544, 'eval_steps_per_second': 11.909, 'epoch': 23.0}
{'train_runtime': 304.4446, 'train_samples_per_second': 36.854, 'train_steps_per_second': 2.365, 'train_loss': 0.4495263788579167, 'epoch': 23.0}
  Finished  : epoch 23/30 | runtime 305s | 36.8 samples/s  Finished  : epoch 23/30 | runtime 305s | 36.8 samples/s

  Finished  : epoch 23/30 | runtime 304s | 36.9 samples/s
  Finished  : epoch 23/30 | runtime 305s | 36.8 samples/s

  Loading: xbgoose/ravdess
  Loading: xbgoose/ravdess
  Loading: xbgoose/ravdess


              precision    recall  f1-score   support

       anger       0.83      1.00      0.90        19
     boredom       1.00      0.75      0.86        12
     disgust       1.00      1.00      1.00         7
        fear       1.00      1.00      1.00        11
   happiness       1.00      0.64      0.78        11
     neutral       0.86      1.00      0.92        12
     sadness       0.90      1.00      0.95         9

    accuracy                           0.91        81
   macro avg       0.94      0.91      0.92        81
weighted avg       0.93      0.91      0.91        81

  F1-Macro 0.9157 | Accuracy 0.9136 | Precision 0.9405 | Recall 0.9123
  Label col : emotion
  Samples   : 1,440  |  Classes: 8
    angry: 192
    calm: 192
    disgust: 192
    fearful: 192
    happy: 192
    neutral: 96
    sad: 192
    surprised: 192
  Label col : emotion
  Samples   : 1,440  |  Classes: 8
    angry: 192
    calm: 192
    disgust: 192
    fearful: 192
    happy: 192
    neutral: 96
    sad: 192
    surprised: 192
  Label col : emotion
  Samples   : 1,440  |  Classes: 8
    angry: 192
    calm: 192
    disgust: 192
    fearful: 192
    happy: 192
    neutral: 96
    sad: 192
    surprised: 192
  Classes   : ['angry', 'calm', 'disgust', 'fearful', 'happy', 'neutral', 'sad', 'surprised']
  Classes   : ['angry', 'calm', 'disgust', 'fearful', 'happy', 'neutral', 'sad', 'surprised']
  Classes   : ['angry', 'calm', 'disgust', 'fearful', 'happy', 'neutral', 'sad', 'surprised']
  Split     : 1,008 train / 216 val / 216 test  (of 1,440)
  Split     : 1,008 train / 216 val / 216 test  (of 1,440)
  Split     : 1,008 train / 216 val / 216 test  (of 1,440)

======================================================================
[5/10]  emotion2vec-base_ravdess
  Model  : emotion2vec/emotion2vec_plus_base
  Dataset: xbgoose/ravdess
  Output : /home/tu/tu_tu/tu_zxord71/asp-project/outputs/emotion2vec-base_ravdess

  Loading: xbgoose/ravdess
  AutoFeatureExtractor failed (Can't load feature extractor for 'emotion2vec/emotion2vec_plus_base'. If you were trying to load it from 'https://huggingface.co/models', make sure you don't have a local directory with the same name. Otherwise, make sure 'emotion2vec/emotion2vec_plus_base' is the correct path to a directory containing a preprocessor_config.json file), falling back to wav2vec2-base extractor.
  AutoFeatureExtractor failed (Can't load feature extractor for 'emotion2vec/emotion2vec_plus_base'. If you were trying to load it from 'https://huggingface.co/models', make sure you don't have a local directory with the same name. Otherwise, make sure 'emotion2vec/emotion2vec_plus_base' is the correct path to a directory containing a preprocessor_config.json file), falling back to wav2vec2-base extractor.
  AutoFeatureExtractor failed (Can't load feature extractor for 'emotion2vec/emotion2vec_plus_base'. If you were trying to load it from 'https://huggingface.co/models', make sure you don't have a local directory with the same name. Otherwise, make sure 'emotion2vec/emotion2vec_plus_base' is the correct path to a directory containing a preprocessor_config.json file), falling back to wav2vec2-base extractor.
  Featurising splits ...
  Featurising splits ...
  Featurising splits ...
  AutoModelForAudioClassification failed (Unrecognized model in emotion2vec/emotion2vec_plus_base. Should have a `model_type` key in its config.json, or contain one of the following strings in its name: aimv2, aimv2_vision_model, albert, align, altclip, apertus, arcee, aria, aria_text, audio-spectrogram-transformer, autoformer, aya_vision, bamba, bark, bart, beit, bert, bert-generation, big_bird, bigbird_pegasus, biogpt, bit, bitnet, blenderbot, blenderbot-small, blip, blip-2, blip_2_qformer, bloom, blt, bridgetower, bros, camembert, canine, chameleon, chinese_clip, chinese_clip_vision_model, clap, clip, clip_text_model, clip_vision_model, clipseg, clvp, code_llama, codegen, cohere, cohere2, cohere2_vision, colpali, colqwen2, conditional_detr, convbert, convnext, convnextv2, cpmant, csm, ctrl, cvt, d_fine, dab-detr, dac, data2vec-audio, data2vec-text, data2vec-vision, dbrx, deberta, deberta-v2, decision_transformer, deepseek_v2, deepseek_v3, deepseek_vl, deepseek_vl_hybrid, deformable_detr, deit, depth_anything, depth_pro, deta, detr, dia, diffllama, dinat, dinov2, dinov2_with_registers, dinov3_convnext, dinov3_vit, distilbert, doge, donut-swin, dots1, dpr, dpt, edgetam, edgetam_video, edgetam_vision_model, efficientformer, efficientloftr, efficientnet, electra, emu3, encodec, encoder-decoder, eomt, ernie, ernie4_5, ernie4_5_moe, ernie_m, esm, evolla, exaone4, falcon, falcon_h1, falcon_mamba, fastspeech2_conformer, fastspeech2_conformer_with_hifigan, flaubert, flava, flex_olmo, florence2, fnet, focalnet, fsmt, funnel, fuyu, gemma, gemma2, gemma3, gemma3_text, gemma3n, gemma3n_audio, gemma3n_text, gemma3n_vision, git, glm, glm4, glm4_moe, glm4v, glm4v_moe, glm4v_moe_text, glm4v_text, glpn, got_ocr2, gpt-sw3, gpt2, gpt_bigcode, gpt_neo, gpt_neox, gpt_neox_japanese, gpt_oss, gptj, gptsan-japanese, granite, granite_speech, granitemoe, granitemoehybrid, granitemoeshared, granitevision, graphormer, grounding-dino, groupvit, helium, hgnet_v2, hiera, hubert, hunyuan_v1_dense, hunyuan_v1_moe, ibert, idefics, idefics2, idefics3, idefics3_vision, ijepa, imagegpt, informer, instructblip, instructblipvideo, internvl, internvl_vision, jamba, janus, jetmoe, jukebox, kosmos-2, kosmos-2.5, kyutai_speech_to_text, layoutlm, layoutlmv2, layoutlmv3, led, levit, lfm2, lfm2_vl, lightglue, lilt, llama, llama4, llama4_text, llava, llava_next, llava_next_video, llava_onevision, longcat_flash, longformer, longt5, luke, lxmert, m2m_100, mamba, mamba2, marian, markuplm, mask2former, maskformer, maskformer-swin, mbart, mctct, mega, megatron-bert, metaclip_2, mgp-str, mimi, minimax, ministral, mistral, mistral3, mixtral, mlcd, mllama, mm-grounding-dino, mobilebert, mobilenet_v1, mobilenet_v2, mobilevit, mobilevitv2, modernbert, modernbert-decoder, moonshine, moshi, mpnet, mpt, mra, mt5, musicgen, musicgen_melody, mvp, nat, nemotron, nezha, nllb-moe, nougat, nystromformer, olmo, olmo2, olmo3, olmoe, omdet-turbo, oneformer, open-llama, openai-gpt, opt, ovis2, owlv2, owlvit, paligemma, parakeet_ctc, parakeet_encoder, patchtsmixer, patchtst, pegasus, pegasus_x, perceiver, perception_encoder, perception_lm, persimmon, phi, phi3, phi4_multimodal, phimoe, pix2struct, pixtral, plbart, poolformer, pop2piano, prompt_depth_anything, prophetnet, pvt, pvt_v2, qdqbert, qwen2, qwen2_5_omni, qwen2_5_vl, qwen2_5_vl_text, qwen2_audio, qwen2_audio_encoder, qwen2_moe, qwen2_vl, qwen2_vl_text, qwen3, qwen3_moe, qwen3_next, qwen3_omni_moe, qwen3_vl, qwen3_vl_moe, qwen3_vl_moe_text, qwen3_vl_text, rag, realm, recurrent_gemma, reformer, regnet, rembert, resnet, retribert, roberta, roberta-prelayernorm, roc_bert, roformer, rt_detr, rt_detr_resnet, rt_detr_v2, rwkv, sam, sam2, sam2_hiera_det_model, sam2_video, sam2_vision_model, sam_hq, sam_hq_vision_model, sam_vision_model, seamless_m4t, seamless_m4t_v2, seed_oss, segformer, seggpt, sew, sew-d, shieldgemma2, siglip, siglip2, siglip2_vision_model, siglip_vision_model, smollm3, smolvlm, smolvlm_vision, speech-encoder-decoder, speech_to_text, speech_to_text_2, speecht5, splinter, squeezebert, stablelm, starcoder2, superglue, superpoint, swiftformer, swin, swin2sr, swinv2, switch_transformers, t5, t5gemma, table-transformer, tapas, textnet, time_series_transformer, timesfm, timesformer, timm_backbone, timm_wrapper, trajectory_transformer, transfo-xl, trocr, tvlt, tvp, udop, umt5, unispeech, unispeech-sat, univnet, upernet, van, vaultgemma, video_llava, videomae, vilt, vipllava, vision-encoder-decoder, vision-text-dual-encoder, visual_bert, vit, vit_hybrid, vit_mae, vit_msn, vitdet, vitmatte, vitpose, vitpose_backbone, vits, vivit, vjepa2, voxtral, voxtral_encoder, wav2vec2, wav2vec2-bert, wav2vec2-conformer, wavlm, whisper, xclip, xcodec, xglm, xlm, xlm-prophetnet, xlm-roberta, xlm-roberta-xl, xlnet, xlstm, xmod, yolos, yoso, zamba, zamba2, zoedepth), trying Wav2Vec2ForSequenceClassification.
  AutoModelForAudioClassification failed (Unrecognized model in emotion2vec/emotion2vec_plus_base. Should have a `model_type` key in its config.json, or contain one of the following strings in its name: aimv2, aimv2_vision_model, albert, align, altclip, apertus, arcee, aria, aria_text, audio-spectrogram-transformer, autoformer, aya_vision, bamba, bark, bart, beit, bert, bert-generation, big_bird, bigbird_pegasus, biogpt, bit, bitnet, blenderbot, blenderbot-small, blip, blip-2, blip_2_qformer, bloom, blt, bridgetower, bros, camembert, canine, chameleon, chinese_clip, chinese_clip_vision_model, clap, clip, clip_text_model, clip_vision_model, clipseg, clvp, code_llama, codegen, cohere, cohere2, cohere2_vision, colpali, colqwen2, conditional_detr, convbert, convnext, convnextv2, cpmant, csm, ctrl, cvt, d_fine, dab-detr, dac, data2vec-audio, data2vec-text, data2vec-vision, dbrx, deberta, deberta-v2, decision_transformer, deepseek_v2, deepseek_v3, deepseek_vl, deepseek_vl_hybrid, deformable_detr, deit, depth_anything, depth_pro, deta, detr, dia, diffllama, dinat, dinov2, dinov2_with_registers, dinov3_convnext, dinov3_vit, distilbert, doge, donut-swin, dots1, dpr, dpt, edgetam, edgetam_video, edgetam_vision_model, efficientformer, efficientloftr, efficientnet, electra, emu3, encodec, encoder-decoder, eomt, ernie, ernie4_5, ernie4_5_moe, ernie_m, esm, evolla, exaone4, falcon, falcon_h1, falcon_mamba, fastspeech2_conformer, fastspeech2_conformer_with_hifigan, flaubert, flava, flex_olmo, florence2, fnet, focalnet, fsmt, funnel, fuyu, gemma, gemma2, gemma3, gemma3_text, gemma3n, gemma3n_audio, gemma3n_text, gemma3n_vision, git, glm, glm4, glm4_moe, glm4v, glm4v_moe, glm4v_moe_text, glm4v_text, glpn, got_ocr2, gpt-sw3, gpt2, gpt_bigcode, gpt_neo, gpt_neox, gpt_neox_japanese, gpt_oss, gptj, gptsan-japanese, granite, granite_speech, granitemoe, granitemoehybrid, granitemoeshared, granitevision, graphormer, grounding-dino, groupvit, helium, hgnet_v2, hiera, hubert, hunyuan_v1_dense, hunyuan_v1_moe, ibert, idefics, idefics2, idefics3, idefics3_vision, ijepa, imagegpt, informer, instructblip, instructblipvideo, internvl, internvl_vision, jamba, janus, jetmoe, jukebox, kosmos-2, kosmos-2.5, kyutai_speech_to_text, layoutlm, layoutlmv2, layoutlmv3, led, levit, lfm2, lfm2_vl, lightglue, lilt, llama, llama4, llama4_text, llava, llava_next, llava_next_video, llava_onevision, longcat_flash, longformer, longt5, luke, lxmert, m2m_100, mamba, mamba2, marian, markuplm, mask2former, maskformer, maskformer-swin, mbart, mctct, mega, megatron-bert, metaclip_2, mgp-str, mimi, minimax, ministral, mistral, mistral3, mixtral, mlcd, mllama, mm-grounding-dino, mobilebert, mobilenet_v1, mobilenet_v2, mobilevit, mobilevitv2, modernbert, modernbert-decoder, moonshine, moshi, mpnet, mpt, mra, mt5, musicgen, musicgen_melody, mvp, nat, nemotron, nezha, nllb-moe, nougat, nystromformer, olmo, olmo2, olmo3, olmoe, omdet-turbo, oneformer, open-llama, openai-gpt, opt, ovis2, owlv2, owlvit, paligemma, parakeet_ctc, parakeet_encoder, patchtsmixer, patchtst, pegasus, pegasus_x, perceiver, perception_encoder, perception_lm, persimmon, phi, phi3, phi4_multimodal, phimoe, pix2struct, pixtral, plbart, poolformer, pop2piano, prompt_depth_anything, prophetnet, pvt, pvt_v2, qdqbert, qwen2, qwen2_5_omni, qwen2_5_vl, qwen2_5_vl_text, qwen2_audio, qwen2_audio_encoder, qwen2_moe, qwen2_vl, qwen2_vl_text, qwen3, qwen3_moe, qwen3_next, qwen3_omni_moe, qwen3_vl, qwen3_vl_moe, qwen3_vl_moe_text, qwen3_vl_text, rag, realm, recurrent_gemma, reformer, regnet, rembert, resnet, retribert, roberta, roberta-prelayernorm, roc_bert, roformer, rt_detr, rt_detr_resnet, rt_detr_v2, rwkv, sam, sam2, sam2_hiera_det_model, sam2_video, sam2_vision_model, sam_hq, sam_hq_vision_model, sam_vision_model, seamless_m4t, seamless_m4t_v2, seed_oss, segformer, seggpt, sew, sew-d, shieldgemma2, siglip, siglip2, siglip2_vision_model, siglip_vision_model, smollm3, smolvlm, smolvlm_vision, speech-encoder-decoder, speech_to_text, speech_to_text_2, speecht5, splinter, squeezebert, stablelm, starcoder2, superglue, superpoint, swiftformer, swin, swin2sr, swinv2, switch_transformers, t5, t5gemma, table-transformer, tapas, textnet, time_series_transformer, timesfm, timesformer, timm_backbone, timm_wrapper, trajectory_transformer, transfo-xl, trocr, tvlt, tvp, udop, umt5, unispeech, unispeech-sat, univnet, upernet, van, vaultgemma, video_llava, videomae, vilt, vipllava, vision-encoder-decoder, vision-text-dual-encoder, visual_bert, vit, vit_hybrid, vit_mae, vit_msn, vitdet, vitmatte, vitpose, vitpose_backbone, vits, vivit, vjepa2, voxtral, voxtral_encoder, wav2vec2, wav2vec2-bert, wav2vec2-conformer, wavlm, whisper, xclip, xcodec, xglm, xlm, xlm-prophetnet, xlm-roberta, xlm-roberta-xl, xlnet, xlstm, xmod, yolos, yoso, zamba, zamba2, zoedepth), trying Wav2Vec2ForSequenceClassification.
  AutoModelForAudioClassification failed (Unrecognized model in emotion2vec/emotion2vec_plus_base. Should have a `model_type` key in its config.json, or contain one of the following strings in its name: aimv2, aimv2_vision_model, albert, align, altclip, apertus, arcee, aria, aria_text, audio-spectrogram-transformer, autoformer, aya_vision, bamba, bark, bart, beit, bert, bert-generation, big_bird, bigbird_pegasus, biogpt, bit, bitnet, blenderbot, blenderbot-small, blip, blip-2, blip_2_qformer, bloom, blt, bridgetower, bros, camembert, canine, chameleon, chinese_clip, chinese_clip_vision_model, clap, clip, clip_text_model, clip_vision_model, clipseg, clvp, code_llama, codegen, cohere, cohere2, cohere2_vision, colpali, colqwen2, conditional_detr, convbert, convnext, convnextv2, cpmant, csm, ctrl, cvt, d_fine, dab-detr, dac, data2vec-audio, data2vec-text, data2vec-vision, dbrx, deberta, deberta-v2, decision_transformer, deepseek_v2, deepseek_v3, deepseek_vl, deepseek_vl_hybrid, deformable_detr, deit, depth_anything, depth_pro, deta, detr, dia, diffllama, dinat, dinov2, dinov2_with_registers, dinov3_convnext, dinov3_vit, distilbert, doge, donut-swin, dots1, dpr, dpt, edgetam, edgetam_video, edgetam_vision_model, efficientformer, efficientloftr, efficientnet, electra, emu3, encodec, encoder-decoder, eomt, ernie, ernie4_5, ernie4_5_moe, ernie_m, esm, evolla, exaone4, falcon, falcon_h1, falcon_mamba, fastspeech2_conformer, fastspeech2_conformer_with_hifigan, flaubert, flava, flex_olmo, florence2, fnet, focalnet, fsmt, funnel, fuyu, gemma, gemma2, gemma3, gemma3_text, gemma3n, gemma3n_audio, gemma3n_text, gemma3n_vision, git, glm, glm4, glm4_moe, glm4v, glm4v_moe, glm4v_moe_text, glm4v_text, glpn, got_ocr2, gpt-sw3, gpt2, gpt_bigcode, gpt_neo, gpt_neox, gpt_neox_japanese, gpt_oss, gptj, gptsan-japanese, granite, granite_speech, granitemoe, granitemoehybrid, granitemoeshared, granitevision, graphormer, grounding-dino, groupvit, helium, hgnet_v2, hiera, hubert, hunyuan_v1_dense, hunyuan_v1_moe, ibert, idefics, idefics2, idefics3, idefics3_vision, ijepa, imagegpt, informer, instructblip, instructblipvideo, internvl, internvl_vision, jamba, janus, jetmoe, jukebox, kosmos-2, kosmos-2.5, kyutai_speech_to_text, layoutlm, layoutlmv2, layoutlmv3, led, levit, lfm2, lfm2_vl, lightglue, lilt, llama, llama4, llama4_text, llava, llava_next, llava_next_video, llava_onevision, longcat_flash, longformer, longt5, luke, lxmert, m2m_100, mamba, mamba2, marian, markuplm, mask2former, maskformer, maskformer-swin, mbart, mctct, mega, megatron-bert, metaclip_2, mgp-str, mimi, minimax, ministral, mistral, mistral3, mixtral, mlcd, mllama, mm-grounding-dino, mobilebert, mobilenet_v1, mobilenet_v2, mobilevit, mobilevitv2, modernbert, modernbert-decoder, moonshine, moshi, mpnet, mpt, mra, mt5, musicgen, musicgen_melody, mvp, nat, nemotron, nezha, nllb-moe, nougat, nystromformer, olmo, olmo2, olmo3, olmoe, omdet-turbo, oneformer, open-llama, openai-gpt, opt, ovis2, owlv2, owlvit, paligemma, parakeet_ctc, parakeet_encoder, patchtsmixer, patchtst, pegasus, pegasus_x, perceiver, perception_encoder, perception_lm, persimmon, phi, phi3, phi4_multimodal, phimoe, pix2struct, pixtral, plbart, poolformer, pop2piano, prompt_depth_anything, prophetnet, pvt, pvt_v2, qdqbert, qwen2, qwen2_5_omni, qwen2_5_vl, qwen2_5_vl_text, qwen2_audio, qwen2_audio_encoder, qwen2_moe, qwen2_vl, qwen2_vl_text, qwen3, qwen3_moe, qwen3_next, qwen3_omni_moe, qwen3_vl, qwen3_vl_moe, qwen3_vl_moe_text, qwen3_vl_text, rag, realm, recurrent_gemma, reformer, regnet, rembert, resnet, retribert, roberta, roberta-prelayernorm, roc_bert, roformer, rt_detr, rt_detr_resnet, rt_detr_v2, rwkv, sam, sam2, sam2_hiera_det_model, sam2_video, sam2_vision_model, sam_hq, sam_hq_vision_model, sam_vision_model, seamless_m4t, seamless_m4t_v2, seed_oss, segformer, seggpt, sew, sew-d, shieldgemma2, siglip, siglip2, siglip2_vision_model, siglip_vision_model, smollm3, smolvlm, smolvlm_vision, speech-encoder-decoder, speech_to_text, speech_to_text_2, speecht5, splinter, squeezebert, stablelm, starcoder2, superglue, superpoint, swiftformer, swin, swin2sr, swinv2, switch_transformers, t5, t5gemma, table-transformer, tapas, textnet, time_series_transformer, timesfm, timesformer, timm_backbone, timm_wrapper, trajectory_transformer, transfo-xl, trocr, tvlt, tvp, udop, umt5, unispeech, unispeech-sat, univnet, upernet, van, vaultgemma, video_llava, videomae, vilt, vipllava, vision-encoder-decoder, vision-text-dual-encoder, visual_bert, vit, vit_hybrid, vit_mae, vit_msn, vitdet, vitmatte, vitpose, vitpose_backbone, vits, vivit, vjepa2, voxtral, voxtral_encoder, wav2vec2, wav2vec2-bert, wav2vec2-conformer, wavlm, whisper, xclip, xcodec, xglm, xlm, xlm-prophetnet, xlm-roberta, xlm-roberta-xl, xlnet, xlstm, xmod, yolos, yoso, zamba, zamba2, zoedepth), trying Wav2Vec2ForSequenceClassification.
  Label col : emotion
  Samples   : 1,440  |  Classes: 8
    angry: 192
    calm: 192
    disgust: 192
    fearful: 192
    happy: 192
    neutral: 96
    sad: 192
    surprised: 192
  Classes   : ['angry', 'calm', 'disgust', 'fearful', 'happy', 'neutral', 'sad', 'surprised']

  Loading: renumics/emodb

  Loading: renumics/emodb

  Loading: renumics/emodb
  Split     : 1,008 train / 216 val / 216 test  (of 1,440)
  AutoFeatureExtractor failed (Can't load feature extractor for 'emotion2vec/emotion2vec_plus_base'. If you were trying to load it from 'https://huggingface.co/models', make sure you don't have a local directory with the same name. Otherwise, make sure 'emotion2vec/emotion2vec_plus_base' is the correct path to a directory containing a preprocessor_config.json file), falling back to wav2vec2-base extractor.
  Featurising splits ...
  WARNING: HPO cannot run under DDP (WORLD_SIZE > 1). Run Stage 1 (--hpo_only) on a single GPU first.
  Label col : emotion
  Samples   : 535  |  Classes: 7
    0: 127
    1: 81
    2: 46
    3: 69
    4: 71
    5: 79
    6: 62
  Classes   : ['anger', 'boredom', 'disgust', 'fear', 'happiness', 'neutral', 'sadness']
  Label col : emotion
  Samples   : 535  |  Classes: 7
    0: 127
    1: 81
    2: 46
    3: 69
    4: 71
    5: 79
    6: 62
  Classes   : ['anger', 'boredom', 'disgust', 'fear', 'happiness', 'neutral', 'sadness']
  Split     : 374 train / 80 val / 81 test  (of 535)
  AutoModelForAudioClassification failed (Unrecognized model in emotion2vec/emotion2vec_plus_base. Should have a `model_type` key in its config.json, or contain one of the following strings in its name: aimv2, aimv2_vision_model, albert, align, altclip, apertus, arcee, aria, aria_text, audio-spectrogram-transformer, autoformer, aya_vision, bamba, bark, bart, beit, bert, bert-generation, big_bird, bigbird_pegasus, biogpt, bit, bitnet, blenderbot, blenderbot-small, blip, blip-2, blip_2_qformer, bloom, blt, bridgetower, bros, camembert, canine, chameleon, chinese_clip, chinese_clip_vision_model, clap, clip, clip_text_model, clip_vision_model, clipseg, clvp, code_llama, codegen, cohere, cohere2, cohere2_vision, colpali, colqwen2, conditional_detr, convbert, convnext, convnextv2, cpmant, csm, ctrl, cvt, d_fine, dab-detr, dac, data2vec-audio, data2vec-text, data2vec-vision, dbrx, deberta, deberta-v2, decision_transformer, deepseek_v2, deepseek_v3, deepseek_vl, deepseek_vl_hybrid, deformable_detr, deit, depth_anything, depth_pro, deta, detr, dia, diffllama, dinat, dinov2, dinov2_with_registers, dinov3_convnext, dinov3_vit, distilbert, doge, donut-swin, dots1, dpr, dpt, edgetam, edgetam_video, edgetam_vision_model, efficientformer, efficientloftr, efficientnet, electra, emu3, encodec, encoder-decoder, eomt, ernie, ernie4_5, ernie4_5_moe, ernie_m, esm, evolla, exaone4, falcon, falcon_h1, falcon_mamba, fastspeech2_conformer, fastspeech2_conformer_with_hifigan, flaubert, flava, flex_olmo, florence2, fnet, focalnet, fsmt, funnel, fuyu, gemma, gemma2, gemma3, gemma3_text, gemma3n, gemma3n_audio, gemma3n_text, gemma3n_vision, git, glm, glm4, glm4_moe, glm4v, glm4v_moe, glm4v_moe_text, glm4v_text, glpn, got_ocr2, gpt-sw3, gpt2, gpt_bigcode, gpt_neo, gpt_neox, gpt_neox_japanese, gpt_oss, gptj, gptsan-japanese, granite, granite_speech, granitemoe, granitemoehybrid, granitemoeshared, granitevision, graphormer, grounding-dino, groupvit, helium, hgnet_v2, hiera, hubert, hunyuan_v1_dense, hunyuan_v1_moe, ibert, idefics, idefics2, idefics3, idefics3_vision, ijepa, imagegpt, informer, instructblip, instructblipvideo, internvl, internvl_vision, jamba, janus, jetmoe, jukebox, kosmos-2, kosmos-2.5, kyutai_speech_to_text, layoutlm, layoutlmv2, layoutlmv3, led, levit, lfm2, lfm2_vl, lightglue, lilt, llama, llama4, llama4_text, llava, llava_next, llava_next_video, llava_onevision, longcat_flash, longformer, longt5, luke, lxmert, m2m_100, mamba, mamba2, marian, markuplm, mask2former, maskformer, maskformer-swin, mbart, mctct, mega, megatron-bert, metaclip_2, mgp-str, mimi, minimax, ministral, mistral, mistral3, mixtral, mlcd, mllama, mm-grounding-dino, mobilebert, mobilenet_v1, mobilenet_v2, mobilevit, mobilevitv2, modernbert, modernbert-decoder, moonshine, moshi, mpnet, mpt, mra, mt5, musicgen, musicgen_melody, mvp, nat, nemotron, nezha, nllb-moe, nougat, nystromformer, olmo, olmo2, olmo3, olmoe, omdet-turbo, oneformer, open-llama, openai-gpt, opt, ovis2, owlv2, owlvit, paligemma, parakeet_ctc, parakeet_encoder, patchtsmixer, patchtst, pegasus, pegasus_x, perceiver, perception_encoder, perception_lm, persimmon, phi, phi3, phi4_multimodal, phimoe, pix2struct, pixtral, plbart, poolformer, pop2piano, prompt_depth_anything, prophetnet, pvt, pvt_v2, qdqbert, qwen2, qwen2_5_omni, qwen2_5_vl, qwen2_5_vl_text, qwen2_audio, qwen2_audio_encoder, qwen2_moe, qwen2_vl, qwen2_vl_text, qwen3, qwen3_moe, qwen3_next, qwen3_omni_moe, qwen3_vl, qwen3_vl_moe, qwen3_vl_moe_text, qwen3_vl_text, rag, realm, recurrent_gemma, reformer, regnet, rembert, resnet, retribert, roberta, roberta-prelayernorm, roc_bert, roformer, rt_detr, rt_detr_resnet, rt_detr_v2, rwkv, sam, sam2, sam2_hiera_det_model, sam2_video, sam2_vision_model, sam_hq, sam_hq_vision_model, sam_vision_model, seamless_m4t, seamless_m4t_v2, seed_oss, segformer, seggpt, sew, sew-d, shieldgemma2, siglip, siglip2, siglip2_vision_model, siglip_vision_model, smollm3, smolvlm, smolvlm_vision, speech-encoder-decoder, speech_to_text, speech_to_text_2, speecht5, splinter, squeezebert, stablelm, starcoder2, superglue, superpoint, swiftformer, swin, swin2sr, swinv2, switch_transformers, t5, t5gemma, table-transformer, tapas, textnet, time_series_transformer, timesfm, timesformer, timm_backbone, timm_wrapper, trajectory_transformer, transfo-xl, trocr, tvlt, tvp, udop, umt5, unispeech, unispeech-sat, univnet, upernet, van, vaultgemma, video_llava, videomae, vilt, vipllava, vision-encoder-decoder, vision-text-dual-encoder, visual_bert, vit, vit_hybrid, vit_mae, vit_msn, vitdet, vitmatte, vitpose, vitpose_backbone, vits, vivit, vjepa2, voxtral, voxtral_encoder, wav2vec2, wav2vec2-bert, wav2vec2-conformer, wavlm, whisper, xclip, xcodec, xglm, xlm, xlm-prophetnet, xlm-roberta, xlm-roberta-xl, xlnet, xlstm, xmod, yolos, yoso, zamba, zamba2, zoedepth), trying Wav2Vec2ForSequenceClassification.
  Label col : emotion
  Samples   : 535  |  Classes: 7
    0: 127
    1: 81
    2: 46
    3: 69
    4: 71
    5: 79
    6: 62
  Split     : 374 train / 80 val / 81 test  (of 535)
  Classes   : ['anger', 'boredom', 'disgust', 'fear', 'happiness', 'neutral', 'sadness']
  Split     : 374 train / 80 val / 81 test  (of 535)
  AutoFeatureExtractor failed (Can't load feature extractor for 'emotion2vec/emotion2vec_plus_base'. If you were trying to load it from 'https://huggingface.co/models', make sure you don't have a local directory with the same name. Otherwise, make sure 'emotion2vec/emotion2vec_plus_base' is the correct path to a directory containing a preprocessor_config.json file), falling back to wav2vec2-base extractor.
  AutoFeatureExtractor failed (Can't load feature extractor for 'emotion2vec/emotion2vec_plus_base'. If you were trying to load it from 'https://huggingface.co/models', make sure you don't have a local directory with the same name. Otherwise, make sure 'emotion2vec/emotion2vec_plus_base' is the correct path to a directory containing a preprocessor_config.json file), falling back to wav2vec2-base extractor.
  AutoFeatureExtractor failed (Can't load feature extractor for 'emotion2vec/emotion2vec_plus_base'. If you were trying to load it from 'https://huggingface.co/models', make sure you don't have a local directory with the same name. Otherwise, make sure 'emotion2vec/emotion2vec_plus_base' is the correct path to a directory containing a preprocessor_config.json file), falling back to wav2vec2-base extractor.
  Featurising splits ...
  Featurising splits ...
  Featurising splits ...
  AutoModelForAudioClassification failed (Unrecognized model in emotion2vec/emotion2vec_plus_base. Should have a `model_type` key in its config.json, or contain one of the following strings in its name: aimv2, aimv2_vision_model, albert, align, altclip, apertus, arcee, aria, aria_text, audio-spectrogram-transformer, autoformer, aya_vision, bamba, bark, bart, beit, bert, bert-generation, big_bird, bigbird_pegasus, biogpt, bit, bitnet, blenderbot, blenderbot-small, blip, blip-2, blip_2_qformer, bloom, blt, bridgetower, bros, camembert, canine, chameleon, chinese_clip, chinese_clip_vision_model, clap, clip, clip_text_model, clip_vision_model, clipseg, clvp, code_llama, codegen, cohere, cohere2, cohere2_vision, colpali, colqwen2, conditional_detr, convbert, convnext, convnextv2, cpmant, csm, ctrl, cvt, d_fine, dab-detr, dac, data2vec-audio, data2vec-text, data2vec-vision, dbrx, deberta, deberta-v2, decision_transformer, deepseek_v2, deepseek_v3, deepseek_vl, deepseek_vl_hybrid, deformable_detr, deit, depth_anything, depth_pro, deta, detr, dia, diffllama, dinat, dinov2, dinov2_with_registers, dinov3_convnext, dinov3_vit, distilbert, doge, donut-swin, dots1, dpr, dpt, edgetam, edgetam_video, edgetam_vision_model, efficientformer, efficientloftr, efficientnet, electra, emu3, encodec, encoder-decoder, eomt, ernie, ernie4_5, ernie4_5_moe, ernie_m, esm, evolla, exaone4, falcon, falcon_h1, falcon_mamba, fastspeech2_conformer, fastspeech2_conformer_with_hifigan, flaubert, flava, flex_olmo, florence2, fnet, focalnet, fsmt, funnel, fuyu, gemma, gemma2, gemma3, gemma3_text, gemma3n, gemma3n_audio, gemma3n_text, gemma3n_vision, git, glm, glm4, glm4_moe, glm4v, glm4v_moe, glm4v_moe_text, glm4v_text, glpn, got_ocr2, gpt-sw3, gpt2, gpt_bigcode, gpt_neo, gpt_neox, gpt_neox_japanese, gpt_oss, gptj, gptsan-japanese, granite, granite_speech, granitemoe, granitemoehybrid, granitemoeshared, granitevision, graphormer, grounding-dino, groupvit, helium, hgnet_v2, hiera, hubert, hunyuan_v1_dense, hunyuan_v1_moe, ibert, idefics, idefics2, idefics3, idefics3_vision, ijepa, imagegpt, informer, instructblip, instructblipvideo, internvl, internvl_vision, jamba, janus, jetmoe, jukebox, kosmos-2, kosmos-2.5, kyutai_speech_to_text, layoutlm, layoutlmv2, layoutlmv3, led, levit, lfm2, lfm2_vl, lightglue, lilt, llama, llama4, llama4_text, llava, llava_next, llava_next_video, llava_onevision, longcat_flash, longformer, longt5, luke, lxmert, m2m_100, mamba, mamba2, marian, markuplm, mask2former, maskformer, maskformer-swin, mbart, mctct, mega, megatron-bert, metaclip_2, mgp-str, mimi, minimax, ministral, mistral, mistral3, mixtral, mlcd, mllama, mm-grounding-dino, mobilebert, mobilenet_v1, mobilenet_v2, mobilevit, mobilevitv2, modernbert, modernbert-decoder, moonshine, moshi, mpnet, mpt, mra, mt5, musicgen, musicgen_melody, mvp, nat, nemotron, nezha, nllb-moe, nougat, nystromformer, olmo, olmo2, olmo3, olmoe, omdet-turbo, oneformer, open-llama, openai-gpt, opt, ovis2, owlv2, owlvit, paligemma, parakeet_ctc, parakeet_encoder, patchtsmixer, patchtst, pegasus, pegasus_x, perceiver, perception_encoder, perception_lm, persimmon, phi, phi3, phi4_multimodal, phimoe, pix2struct, pixtral, plbart, poolformer, pop2piano, prompt_depth_anything, prophetnet, pvt, pvt_v2, qdqbert, qwen2, qwen2_5_omni, qwen2_5_vl, qwen2_5_vl_text, qwen2_audio, qwen2_audio_encoder, qwen2_moe, qwen2_vl, qwen2_vl_text, qwen3, qwen3_moe, qwen3_next, qwen3_omni_moe, qwen3_vl, qwen3_vl_moe, qwen3_vl_moe_text, qwen3_vl_text, rag, realm, recurrent_gemma, reformer, regnet, rembert, resnet, retribert, roberta, roberta-prelayernorm, roc_bert, roformer, rt_detr, rt_detr_resnet, rt_detr_v2, rwkv, sam, sam2, sam2_hiera_det_model, sam2_video, sam2_vision_model, sam_hq, sam_hq_vision_model, sam_vision_model, seamless_m4t, seamless_m4t_v2, seed_oss, segformer, seggpt, sew, sew-d, shieldgemma2, siglip, siglip2, siglip2_vision_model, siglip_vision_model, smollm3, smolvlm, smolvlm_vision, speech-encoder-decoder, speech_to_text, speech_to_text_2, speecht5, splinter, squeezebert, stablelm, starcoder2, superglue, superpoint, swiftformer, swin, swin2sr, swinv2, switch_transformers, t5, t5gemma, table-transformer, tapas, textnet, time_series_transformer, timesfm, timesformer, timm_backbone, timm_wrapper, trajectory_transformer, transfo-xl, trocr, tvlt, tvp, udop, umt5, unispeech, unispeech-sat, univnet, upernet, van, vaultgemma, video_llava, videomae, vilt, vipllava, vision-encoder-decoder, vision-text-dual-encoder, visual_bert, vit, vit_hybrid, vit_mae, vit_msn, vitdet, vitmatte, vitpose, vitpose_backbone, vits, vivit, vjepa2, voxtral, voxtral_encoder, wav2vec2, wav2vec2-bert, wav2vec2-conformer, wavlm, whisper, xclip, xcodec, xglm, xlm, xlm-prophetnet, xlm-roberta, xlm-roberta-xl, xlnet, xlstm, xmod, yolos, yoso, zamba, zamba2, zoedepth), trying Wav2Vec2ForSequenceClassification.
  AutoModelForAudioClassification failed (Unrecognized model in emotion2vec/emotion2vec_plus_base. Should have a `model_type` key in its config.json, or contain one of the following strings in its name: aimv2, aimv2_vision_model, albert, align, altclip, apertus, arcee, aria, aria_text, audio-spectrogram-transformer, autoformer, aya_vision, bamba, bark, bart, beit, bert, bert-generation, big_bird, bigbird_pegasus, biogpt, bit, bitnet, blenderbot, blenderbot-small, blip, blip-2, blip_2_qformer, bloom, blt, bridgetower, bros, camembert, canine, chameleon, chinese_clip, chinese_clip_vision_model, clap, clip, clip_text_model, clip_vision_model, clipseg, clvp, code_llama, codegen, cohere, cohere2, cohere2_vision, colpali, colqwen2, conditional_detr, convbert, convnext, convnextv2, cpmant, csm, ctrl, cvt, d_fine, dab-detr, dac, data2vec-audio, data2vec-text, data2vec-vision, dbrx, deberta, deberta-v2, decision_transformer, deepseek_v2, deepseek_v3, deepseek_vl, deepseek_vl_hybrid, deformable_detr, deit, depth_anything, depth_pro, deta, detr, dia, diffllama, dinat, dinov2, dinov2_with_registers, dinov3_convnext, dinov3_vit, distilbert, doge, donut-swin, dots1, dpr, dpt, edgetam, edgetam_video, edgetam_vision_model, efficientformer, efficientloftr, efficientnet, electra, emu3, encodec, encoder-decoder, eomt, ernie, ernie4_5, ernie4_5_moe, ernie_m, esm, evolla, exaone4, falcon, falcon_h1, falcon_mamba, fastspeech2_conformer, fastspeech2_conformer_with_hifigan, flaubert, flava, flex_olmo, florence2, fnet, focalnet, fsmt, funnel, fuyu, gemma, gemma2, gemma3, gemma3_text, gemma3n, gemma3n_audio, gemma3n_text, gemma3n_vision, git, glm, glm4, glm4_moe, glm4v, glm4v_moe, glm4v_moe_text, glm4v_text, glpn, got_ocr2, gpt-sw3, gpt2, gpt_bigcode, gpt_neo, gpt_neox, gpt_neox_japanese, gpt_oss, gptj, gptsan-japanese, granite, granite_speech, granitemoe, granitemoehybrid, granitemoeshared, granitevision, graphormer, grounding-dino, groupvit, helium, hgnet_v2, hiera, hubert, hunyuan_v1_dense, hunyuan_v1_moe, ibert, idefics, idefics2, idefics3, idefics3_vision, ijepa, imagegpt, informer, instructblip, instructblipvideo, internvl, internvl_vision, jamba, janus, jetmoe, jukebox, kosmos-2, kosmos-2.5, kyutai_speech_to_text, layoutlm, layoutlmv2, layoutlmv3, led, levit, lfm2, lfm2_vl, lightglue, lilt, llama, llama4, llama4_text, llava, llava_next, llava_next_video, llava_onevision, longcat_flash, longformer, longt5, luke, lxmert, m2m_100, mamba, mamba2, marian, markuplm, mask2former, maskformer, maskformer-swin, mbart, mctct, mega, megatron-bert, metaclip_2, mgp-str, mimi, minimax, ministral, mistral, mistral3, mixtral, mlcd, mllama, mm-grounding-dino, mobilebert, mobilenet_v1, mobilenet_v2, mobilevit, mobilevitv2, modernbert, modernbert-decoder, moonshine, moshi, mpnet, mpt, mra, mt5, musicgen, musicgen_melody, mvp, nat, nemotron, nezha, nllb-moe, nougat, nystromformer, olmo, olmo2, olmo3, olmoe, omdet-turbo, oneformer, open-llama, openai-gpt, opt, ovis2, owlv2, owlvit, paligemma, parakeet_ctc, parakeet_encoder, patchtsmixer, patchtst, pegasus, pegasus_x, perceiver, perception_encoder, perception_lm, persimmon, phi, phi3, phi4_multimodal, phimoe, pix2struct, pixtral, plbart, poolformer, pop2piano, prompt_depth_anything, prophetnet, pvt, pvt_v2, qdqbert, qwen2, qwen2_5_omni, qwen2_5_vl, qwen2_5_vl_text, qwen2_audio, qwen2_audio_encoder, qwen2_moe, qwen2_vl, qwen2_vl_text, qwen3, qwen3_moe, qwen3_next, qwen3_omni_moe, qwen3_vl, qwen3_vl_moe, qwen3_vl_moe_text, qwen3_vl_text, rag, realm, recurrent_gemma, reformer, regnet, rembert, resnet, retribert, roberta, roberta-prelayernorm, roc_bert, roformer, rt_detr, rt_detr_resnet, rt_detr_v2, rwkv, sam, sam2, sam2_hiera_det_model, sam2_video, sam2_vision_model, sam_hq, sam_hq_vision_model, sam_vision_model, seamless_m4t, seamless_m4t_v2, seed_oss, segformer, seggpt, sew, sew-d, shieldgemma2, siglip, siglip2, siglip2_vision_model, siglip_vision_model, smollm3, smolvlm, smolvlm_vision, speech-encoder-decoder, speech_to_text, speech_to_text_2, speecht5, splinter, squeezebert, stablelm, starcoder2, superglue, superpoint, swiftformer, swin, swin2sr, swinv2, switch_transformers, t5, t5gemma, table-transformer, tapas, textnet, time_series_transformer, timesfm, timesformer, timm_backbone, timm_wrapper, trajectory_transformer, transfo-xl, trocr, tvlt, tvp, udop, umt5, unispeech, unispeech-sat, univnet, upernet, van, vaultgemma, video_llava, videomae, vilt, vipllava, vision-encoder-decoder, vision-text-dual-encoder, visual_bert, vit, vit_hybrid, vit_mae, vit_msn, vitdet, vitmatte, vitpose, vitpose_backbone, vits, vivit, vjepa2, voxtral, voxtral_encoder, wav2vec2, wav2vec2-bert, wav2vec2-conformer, wavlm, whisper, xclip, xcodec, xglm, xlm, xlm-prophetnet, xlm-roberta, xlm-roberta-xl, xlnet, xlstm, xmod, yolos, yoso, zamba, zamba2, zoedepth), trying Wav2Vec2ForSequenceClassification.
  AutoModelForAudioClassification failed (Unrecognized model in emotion2vec/emotion2vec_plus_base. Should have a `model_type` key in its config.json, or contain one of the following strings in its name: aimv2, aimv2_vision_model, albert, align, altclip, apertus, arcee, aria, aria_text, audio-spectrogram-transformer, autoformer, aya_vision, bamba, bark, bart, beit, bert, bert-generation, big_bird, bigbird_pegasus, biogpt, bit, bitnet, blenderbot, blenderbot-small, blip, blip-2, blip_2_qformer, bloom, blt, bridgetower, bros, camembert, canine, chameleon, chinese_clip, chinese_clip_vision_model, clap, clip, clip_text_model, clip_vision_model, clipseg, clvp, code_llama, codegen, cohere, cohere2, cohere2_vision, colpali, colqwen2, conditional_detr, convbert, convnext, convnextv2, cpmant, csm, ctrl, cvt, d_fine, dab-detr, dac, data2vec-audio, data2vec-text, data2vec-vision, dbrx, deberta, deberta-v2, decision_transformer, deepseek_v2, deepseek_v3, deepseek_vl, deepseek_vl_hybrid, deformable_detr, deit, depth_anything, depth_pro, deta, detr, dia, diffllama, dinat, dinov2, dinov2_with_registers, dinov3_convnext, dinov3_vit, distilbert, doge, donut-swin, dots1, dpr, dpt, edgetam, edgetam_video, edgetam_vision_model, efficientformer, efficientloftr, efficientnet, electra, emu3, encodec, encoder-decoder, eomt, ernie, ernie4_5, ernie4_5_moe, ernie_m, esm, evolla, exaone4, falcon, falcon_h1, falcon_mamba, fastspeech2_conformer, fastspeech2_conformer_with_hifigan, flaubert, flava, flex_olmo, florence2, fnet, focalnet, fsmt, funnel, fuyu, gemma, gemma2, gemma3, gemma3_text, gemma3n, gemma3n_audio, gemma3n_text, gemma3n_vision, git, glm, glm4, glm4_moe, glm4v, glm4v_moe, glm4v_moe_text, glm4v_text, glpn, got_ocr2, gpt-sw3, gpt2, gpt_bigcode, gpt_neo, gpt_neox, gpt_neox_japanese, gpt_oss, gptj, gptsan-japanese, granite, granite_speech, granitemoe, granitemoehybrid, granitemoeshared, granitevision, graphormer, grounding-dino, groupvit, helium, hgnet_v2, hiera, hubert, hunyuan_v1_dense, hunyuan_v1_moe, ibert, idefics, idefics2, idefics3, idefics3_vision, ijepa, imagegpt, informer, instructblip, instructblipvideo, internvl, internvl_vision, jamba, janus, jetmoe, jukebox, kosmos-2, kosmos-2.5, kyutai_speech_to_text, layoutlm, layoutlmv2, layoutlmv3, led, levit, lfm2, lfm2_vl, lightglue, lilt, llama, llama4, llama4_text, llava, llava_next, llava_next_video, llava_onevision, longcat_flash, longformer, longt5, luke, lxmert, m2m_100, mamba, mamba2, marian, markuplm, mask2former, maskformer, maskformer-swin, mbart, mctct, mega, megatron-bert, metaclip_2, mgp-str, mimi, minimax, ministral, mistral, mistral3, mixtral, mlcd, mllama, mm-grounding-dino, mobilebert, mobilenet_v1, mobilenet_v2, mobilevit, mobilevitv2, modernbert, modernbert-decoder, moonshine, moshi, mpnet, mpt, mra, mt5, musicgen, musicgen_melody, mvp, nat, nemotron, nezha, nllb-moe, nougat, nystromformer, olmo, olmo2, olmo3, olmoe, omdet-turbo, oneformer, open-llama, openai-gpt, opt, ovis2, owlv2, owlvit, paligemma, parakeet_ctc, parakeet_encoder, patchtsmixer, patchtst, pegasus, pegasus_x, perceiver, perception_encoder, perception_lm, persimmon, phi, phi3, phi4_multimodal, phimoe, pix2struct, pixtral, plbart, poolformer, pop2piano, prompt_depth_anything, prophetnet, pvt, pvt_v2, qdqbert, qwen2, qwen2_5_omni, qwen2_5_vl, qwen2_5_vl_text, qwen2_audio, qwen2_audio_encoder, qwen2_moe, qwen2_vl, qwen2_vl_text, qwen3, qwen3_moe, qwen3_next, qwen3_omni_moe, qwen3_vl, qwen3_vl_moe, qwen3_vl_moe_text, qwen3_vl_text, rag, realm, recurrent_gemma, reformer, regnet, rembert, resnet, retribert, roberta, roberta-prelayernorm, roc_bert, roformer, rt_detr, rt_detr_resnet, rt_detr_v2, rwkv, sam, sam2, sam2_hiera_det_model, sam2_video, sam2_vision_model, sam_hq, sam_hq_vision_model, sam_vision_model, seamless_m4t, seamless_m4t_v2, seed_oss, segformer, seggpt, sew, sew-d, shieldgemma2, siglip, siglip2, siglip2_vision_model, siglip_vision_model, smollm3, smolvlm, smolvlm_vision, speech-encoder-decoder, speech_to_text, speech_to_text_2, speecht5, splinter, squeezebert, stablelm, starcoder2, superglue, superpoint, swiftformer, swin, swin2sr, swinv2, switch_transformers, t5, t5gemma, table-transformer, tapas, textnet, time_series_transformer, timesfm, timesformer, timm_backbone, timm_wrapper, trajectory_transformer, transfo-xl, trocr, tvlt, tvp, udop, umt5, unispeech, unispeech-sat, univnet, upernet, van, vaultgemma, video_llava, videomae, vilt, vipllava, vision-encoder-decoder, vision-text-dual-encoder, visual_bert, vit, vit_hybrid, vit_mae, vit_msn, vitdet, vitmatte, vitpose, vitpose_backbone, vits, vivit, vjepa2, voxtral, voxtral_encoder, wav2vec2, wav2vec2-bert, wav2vec2-conformer, wavlm, whisper, xclip, xcodec, xglm, xlm, xlm-prophetnet, xlm-roberta, xlm-roberta-xl, xlnet, xlstm, xmod, yolos, yoso, zamba, zamba2, zoedepth), trying Wav2Vec2ForSequenceClassification.

ERROR in emotion2vec-base_ravdess:
Traceback (most recent call last):
  File "/home/tu/tu_tu/tu_zxord71/asp-project/experiments/pipeline/model.py", line 33, in load_model
    model = AutoModelForAudioClassification.from_pretrained(
            ^^^^^^^^^^^^^^^^^^^^^^^^^^^^^^^^^^^^^^^^^^^^^^^^
  File "/pfs/data6/home/tu/tu_tu/tu_zxord71/asp-project/.venv/lib64/python3.11/site-packages/transformers/models/auto/auto_factory.py", line 549, in from_pretrained
    config, kwargs = AutoConfig.from_pretrained(
                     ^^^^^^^^^^^^^^^^^^^^^^^^^^^
  File "/pfs/data6/home/tu/tu_tu/tu_zxord71/asp-project/.venv/lib64/python3.11/site-packages/transformers/models/auto/configuration_auto.py", line 1380, in from_pretrained
    raise ValueError(
ValueError: Unrecognized model in emotion2vec/emotion2vec_plus_base. Should have a `model_type` key in its config.json, or contain one of the following strings in its name: aimv2, aimv2_vision_model, albert, align, altclip, apertus, arcee, aria, aria_text, audio-spectrogram-transformer, autoformer, aya_vision, bamba, bark, bart, beit, bert, bert-generation, big_bird, bigbird_pegasus, biogpt, bit, bitnet, blenderbot, blenderbot-small, blip, blip-2, blip_2_qformer, bloom, blt, bridgetower, bros, camembert, canine, chameleon, chinese_clip, chinese_clip_vision_model, clap, clip, clip_text_model, clip_vision_model, clipseg, clvp, code_llama, codegen, cohere, cohere2, cohere2_vision, colpali, colqwen2, conditional_detr, convbert, convnext, convnextv2, cpmant, csm, ctrl, cvt, d_fine, dab-detr, dac, data2vec-audio, data2vec-text, data2vec-vision, dbrx, deberta, deberta-v2, decision_transformer, deepseek_v2, deepseek_v3, deepseek_vl, deepseek_vl_hybrid, deformable_detr, deit, depth_anything, depth_pro, deta, detr, dia, diffllama, dinat, dinov2, dinov2_with_registers, dinov3_convnext, dinov3_vit, distilbert, doge, donut-swin, dots1, dpr, dpt, edgetam, edgetam_video, edgetam_vision_model, efficientformer, efficientloftr, efficientnet, electra, emu3, encodec, encoder-decoder, eomt, ernie, ernie4_5, ernie4_5_moe, ernie_m, esm, evolla, exaone4, falcon, falcon_h1, falcon_mamba, fastspeech2_conformer, fastspeech2_conformer_with_hifigan, flaubert, flava, flex_olmo, florence2, fnet, focalnet, fsmt, funnel, fuyu, gemma, gemma2, gemma3, gemma3_text, gemma3n, gemma3n_audio, gemma3n_text, gemma3n_vision, git, glm, glm4, glm4_moe, glm4v, glm4v_moe, glm4v_moe_text, glm4v_text, glpn, got_ocr2, gpt-sw3, gpt2, gpt_bigcode, gpt_neo, gpt_neox, gpt_neox_japanese, gpt_oss, gptj, gptsan-japanese, granite, granite_speech, granitemoe, granitemoehybrid, granitemoeshared, granitevision, graphormer, grounding-dino, groupvit, helium, hgnet_v2, hiera, hubert, hunyuan_v1_dense, hunyuan_v1_moe, ibert, idefics, idefics2, idefics3, idefics3_vision, ijepa, imagegpt, informer, instructblip, instructblipvideo, internvl, internvl_vision, jamba, janus, jetmoe, jukebox, kosmos-2, kosmos-2.5, kyutai_speech_to_text, layoutlm, layoutlmv2, layoutlmv3, led, levit, lfm2, lfm2_vl, lightglue, lilt, llama, llama4, llama4_text, llava, llava_next, llava_next_video, llava_onevision, longcat_flash, longformer, longt5, luke, lxmert, m2m_100, mamba, mamba2, marian, markuplm, mask2former, maskformer, maskformer-swin, mbart, mctct, mega, megatron-bert, metaclip_2, mgp-str, mimi, minimax, ministral, mistral, mistral3, mixtral, mlcd, mllama, mm-grounding-dino, mobilebert, mobilenet_v1, mobilenet_v2, mobilevit, mobilevitv2, modernbert, modernbert-decoder, moonshine, moshi, mpnet, mpt, mra, mt5, musicgen, musicgen_melody, mvp, nat, nemotron, nezha, nllb-moe, nougat, nystromformer, olmo, olmo2, olmo3, olmoe, omdet-turbo, oneformer, open-llama, openai-gpt, opt, ovis2, owlv2, owlvit, paligemma, parakeet_ctc, parakeet_encoder, patchtsmixer, patchtst, pegasus, pegasus_x, perceiver, perception_encoder, perception_lm, persimmon, phi, phi3, phi4_multimodal, phimoe, pix2struct, pixtral, plbart, poolformer, pop2piano, prompt_depth_anything, prophetnet, pvt, pvt_v2, qdqbert, qwen2, qwen2_5_omni, qwen2_5_vl, qwen2_5_vl_text, qwen2_audio, qwen2_audio_encoder, qwen2_moe, qwen2_vl, qwen2_vl_text, qwen3, qwen3_moe, qwen3_next, qwen3_omni_moe, qwen3_vl, qwen3_vl_moe, qwen3_vl_moe_text, qwen3_vl_text, rag, realm, recurrent_gemma, reformer, regnet, rembert, resnet, retribert, roberta, roberta-prelayernorm, roc_bert, roformer, rt_detr, rt_detr_resnet, rt_detr_v2, rwkv, sam, sam2, sam2_hiera_det_model, sam2_video, sam2_vision_model, sam_hq, sam_hq_vision_model, sam_vision_model, seamless_m4t, seamless_m4t_v2, seed_oss, segformer, seggpt, sew, sew-d, shieldgemma2, siglip, siglip2, siglip2_vision_model, siglip_vision_model, smollm3, smolvlm, smolvlm_vision, speech-encoder-decoder, speech_to_text, speech_to_text_2, speecht5, splinter, squeezebert, stablelm, starcoder2, superglue, superpoint, swiftformer, swin, swin2sr, swinv2, switch_transformers, t5, t5gemma, table-transformer, tapas, textnet, time_series_transformer, timesfm, timesformer, timm_backbone, timm_wrapper, trajectory_transformer, transfo-xl, trocr, tvlt, tvp, udop, umt5, unispeech, unispeech-sat, univnet, upernet, van, vaultgemma, video_llava, videomae, vilt, vipllava, vision-encoder-decoder, vision-text-dual-encoder, visual_bert, vit, vit_hybrid, vit_mae, vit_msn, vitdet, vitmatte, vitpose, vitpose_backbone, vits, vivit, vjepa2, voxtral, voxtral_encoder, wav2vec2, wav2vec2-bert, wav2vec2-conformer, wavlm, whisper, xclip, xcodec, xglm, xlm, xlm-prophetnet, xlm-roberta, xlm-roberta-xl, xlnet, xlstm, xmod, yolos, yoso, zamba, zamba2, zoedepth

During handling of the above exception, another exception occurred:

Traceback (most recent call last):
  File "/home/tu/tu_tu/tu_zxord71/asp-project/experiments/pipeline/model.py", line 40, in load_model
    model = Wav2Vec2ForSequenceClassification.from_pretrained(hf_name, **kwargs)
            ^^^^^^^^^^^^^^^^^^^^^^^^^^^^^^^^^^^^^^^^^^^^^^^^^^^^^^^^^^^^^^^^^^^^
  File "/pfs/data6/home/tu/tu_tu/tu_zxord71/asp-project/.venv/lib64/python3.11/site-packages/transformers/modeling_utils.py", line 277, in _wrapper
    return func(*args, **kwargs)
           ^^^^^^^^^^^^^^^^^^^^^
  File "/pfs/data6/home/tu/tu_tu/tu_zxord71/asp-project/.venv/lib64/python3.11/site-packages/transformers/modeling_utils.py", line 4900, in from_pretrained
    checkpoint_files, sharded_metadata = _get_resolved_checkpoint_files(
                                         ^^^^^^^^^^^^^^^^^^^^^^^^^^^^^^^
  File "/pfs/data6/home/tu/tu_tu/tu_zxord71/asp-project/.venv/lib64/python3.11/site-packages/transformers/modeling_utils.py", line 1148, in _get_resolved_checkpoint_files
    raise OSError(
OSError: emotion2vec/emotion2vec_plus_base does not appear to have a file named pytorch_model.bin, model.safetensors, tf_model.h5, model.ckpt or flax_model.msgpack.

The above exception was the direct cause of the following exception:

Traceback (most recent call last):
  File "/home/tu/tu_tu/tu_zxord71/asp-project/experiments/run_all.py", line 267, in main
    metrics = run_experiment(
              ^^^^^^^^^^^^^^^
  File "/home/tu/tu_tu/tu_zxord71/asp-project/experiments/run_all.py", line 153, in run_experiment
    model = load_model(hf_model, num_labels, id2label, label2id)
            ^^^^^^^^^^^^^^^^^^^^^^^^^^^^^^^^^^^^^^^^^^^^^^^^^^^^
  File "/home/tu/tu_tu/tu_zxord71/asp-project/experiments/pipeline/model.py", line 42, in load_model
    raise RuntimeError(
RuntimeError: Could not load model 'emotion2vec/emotion2vec_plus_base'.
  Attempt 1: Unrecognized model in emotion2vec/emotion2vec_plus_base. Should have a `model_type` key in its config.json, or contain one of the following strings in its name: aimv2, aimv2_vision_model, albert, align, altclip, apertus, arcee, aria, aria_text, audio-spectrogram-transformer, autoformer, aya_vision, bamba, bark, bart, beit, bert, bert-generation, big_bird, bigbird_pegasus, biogpt, bit, bitnet, blenderbot, blenderbot-small, blip, blip-2, blip_2_qformer, bloom, blt, bridgetower, bros, camembert, canine, chameleon, chinese_clip, chinese_clip_vision_model, clap, clip, clip_text_model, clip_vision_model, clipseg, clvp, code_llama, codegen, cohere, cohere2, cohere2_vision, colpali, colqwen2, conditional_detr, convbert, convnext, convnextv2, cpmant, csm, ctrl, cvt, d_fine, dab-detr, dac, data2vec-audio, data2vec-text, data2vec-vision, dbrx, deberta, deberta-v2, decision_transformer, deepseek_v2, deepseek_v3, deepseek_vl, deepseek_vl_hybrid, deformable_detr, deit, depth_anything, depth_pro, deta, detr, dia, diffllama, dinat, dinov2, dinov2_with_registers, dinov3_convnext, dinov3_vit, distilbert, doge, donut-swin, dots1, dpr, dpt, edgetam, edgetam_video, edgetam_vision_model, efficientformer, efficientloftr, efficientnet, electra, emu3, encodec, encoder-decoder, eomt, ernie, ernie4_5, ernie4_5_moe, ernie_m, esm, evolla, exaone4, falcon, falcon_h1, falcon_mamba, fastspeech2_conformer, fastspeech2_conformer_with_hifigan, flaubert, flava, flex_olmo, florence2, fnet, focalnet, fsmt, funnel, fuyu, gemma, gemma2, gemma3, gemma3_text, gemma3n, gemma3n_audio, gemma3n_text, gemma3n_vision, git, glm, glm4, glm4_moe, glm4v, glm4v_moe, glm4v_moe_text, glm4v_text, glpn, got_ocr2, gpt-sw3, gpt2, gpt_bigcode, gpt_neo, gpt_neox, gpt_neox_japanese, gpt_oss, gptj, gptsan-japanese, granite, granite_speech, granitemoe, granitemoehybrid, granitemoeshared, granitevision, graphormer, grounding-dino, groupvit, helium, hgnet_v2, hiera, hubert, hunyuan_v1_dense, hunyuan_v1_moe, ibert, idefics, idefics2, idefics3, idefics3_vision, ijepa, imagegpt, informer, instructblip, instructblipvideo, internvl, internvl_vision, jamba, janus, jetmoe, jukebox, kosmos-2, kosmos-2.5, kyutai_speech_to_text, layoutlm, layoutlmv2, layoutlmv3, led, levit, lfm2, lfm2_vl, lightglue, lilt, llama, llama4, llama4_text, llava, llava_next, llava_next_video, llava_onevision, longcat_flash, longformer, longt5, luke, lxmert, m2m_100, mamba, mamba2, marian, markuplm, mask2former, maskformer, maskformer-swin, mbart, mctct, mega, megatron-bert, metaclip_2, mgp-str, mimi, minimax, ministral, mistral, mistral3, mixtral, mlcd, mllama, mm-grounding-dino, mobilebert, mobilenet_v1, mobilenet_v2, mobilevit, mobilevitv2, modernbert, modernbert-decoder, moonshine, moshi, mpnet, mpt, mra, mt5, musicgen, musicgen_melody, mvp, nat, nemotron, nezha, nllb-moe, nougat, nystromformer, olmo, olmo2, olmo3, olmoe, omdet-turbo, oneformer, open-llama, openai-gpt, opt, ovis2, owlv2, owlvit, paligemma, parakeet_ctc, parakeet_encoder, patchtsmixer, patchtst, pegasus, pegasus_x, perceiver, perception_encoder, perception_lm, persimmon, phi, phi3, phi4_multimodal, phimoe, pix2struct, pixtral, plbart, poolformer, pop2piano, prompt_depth_anything, prophetnet, pvt, pvt_v2, qdqbert, qwen2, qwen2_5_omni, qwen2_5_vl, qwen2_5_vl_text, qwen2_audio, qwen2_audio_encoder, qwen2_moe, qwen2_vl, qwen2_vl_text, qwen3, qwen3_moe, qwen3_next, qwen3_omni_moe, qwen3_vl, qwen3_vl_moe, qwen3_vl_moe_text, qwen3_vl_text, rag, realm, recurrent_gemma, reformer, regnet, rembert, resnet, retribert, roberta, roberta-prelayernorm, roc_bert, roformer, rt_detr, rt_detr_resnet, rt_detr_v2, rwkv, sam, sam2, sam2_hiera_det_model, sam2_video, sam2_vision_model, sam_hq, sam_hq_vision_model, sam_vision_model, seamless_m4t, seamless_m4t_v2, seed_oss, segformer, seggpt, sew, sew-d, shieldgemma2, siglip, siglip2, siglip2_vision_model, siglip_vision_model, smollm3, smolvlm, smolvlm_vision, speech-encoder-decoder, speech_to_text, speech_to_text_2, speecht5, splinter, squeezebert, stablelm, starcoder2, superglue, superpoint, swiftformer, swin, swin2sr, swinv2, switch_transformers, t5, t5gemma, table-transformer, tapas, textnet, time_series_transformer, timesfm, timesformer, timm_backbone, timm_wrapper, trajectory_transformer, transfo-xl, trocr, tvlt, tvp, udop, umt5, unispeech, unispeech-sat, univnet, upernet, van, vaultgemma, video_llava, videomae, vilt, vipllava, vision-encoder-decoder, vision-text-dual-encoder, visual_bert, vit, vit_hybrid, vit_mae, vit_msn, vitdet, vitmatte, vitpose, vitpose_backbone, vits, vivit, vjepa2, voxtral, voxtral_encoder, wav2vec2, wav2vec2-bert, wav2vec2-conformer, wavlm, whisper, xclip, xcodec, xglm, xlm, xlm-prophetnet, xlm-roberta, xlm-roberta-xl, xlnet, xlstm, xmod, yolos, yoso, zamba, zamba2, zoedepth
  Attempt 2: emotion2vec/emotion2vec_plus_base does not appear to have a file named pytorch_model.bin, model.safetensors, tf_model.h5, model.ckpt or flax_model.msgpack.


======================================================================
[6/10]  emotion2vec-base_emodb
  Model  : emotion2vec/emotion2vec_plus_base
  Dataset: renumics/emodb
  Output : /home/tu/tu_tu/tu_zxord71/asp-project/outputs/emotion2vec-base_emodb

  Loading: renumics/emodb
  Label col : emotion
  Samples   : 535  |  Classes: 7
    0: 127
    1: 81
    2: 46
    3: 69
    4: 71
    5: 79
    6: 62
  Classes   : ['anger', 'boredom', 'disgust', 'fear', 'happiness', 'neutral', 'sadness']

  Loading: xbgoose/ravdess

  Loading: xbgoose/ravdess
  Split     : 374 train / 80 val / 81 test  (of 535)

  Loading: xbgoose/ravdess
  AutoFeatureExtractor failed (Can't load feature extractor for 'emotion2vec/emotion2vec_plus_base'. If you were trying to load it from 'https://huggingface.co/models', make sure you don't have a local directory with the same name. Otherwise, make sure 'emotion2vec/emotion2vec_plus_base' is the correct path to a directory containing a preprocessor_config.json file), falling back to wav2vec2-base extractor.
  Featurising splits ...
  WARNING: HPO cannot run under DDP (WORLD_SIZE > 1). Run Stage 1 (--hpo_only) on a single GPU first.
  Label col : emotion
  Samples   : 1,440  |  Classes: 8
    angry: 192
    calm: 192
    disgust: 192
    fearful: 192
    happy: 192
    neutral: 96
    sad: 192
    surprised: 192
  AutoModelForAudioClassification failed (Unrecognized model in emotion2vec/emotion2vec_plus_base. Should have a `model_type` key in its config.json, or contain one of the following strings in its name: aimv2, aimv2_vision_model, albert, align, altclip, apertus, arcee, aria, aria_text, audio-spectrogram-transformer, autoformer, aya_vision, bamba, bark, bart, beit, bert, bert-generation, big_bird, bigbird_pegasus, biogpt, bit, bitnet, blenderbot, blenderbot-small, blip, blip-2, blip_2_qformer, bloom, blt, bridgetower, bros, camembert, canine, chameleon, chinese_clip, chinese_clip_vision_model, clap, clip, clip_text_model, clip_vision_model, clipseg, clvp, code_llama, codegen, cohere, cohere2, cohere2_vision, colpali, colqwen2, conditional_detr, convbert, convnext, convnextv2, cpmant, csm, ctrl, cvt, d_fine, dab-detr, dac, data2vec-audio, data2vec-text, data2vec-vision, dbrx, deberta, deberta-v2, decision_transformer, deepseek_v2, deepseek_v3, deepseek_vl, deepseek_vl_hybrid, deformable_detr, deit, depth_anything, depth_pro, deta, detr, dia, diffllama, dinat, dinov2, dinov2_with_registers, dinov3_convnext, dinov3_vit, distilbert, doge, donut-swin, dots1, dpr, dpt, edgetam, edgetam_video, edgetam_vision_model, efficientformer, efficientloftr, efficientnet, electra, emu3, encodec, encoder-decoder, eomt, ernie, ernie4_5, ernie4_5_moe, ernie_m, esm, evolla, exaone4, falcon, falcon_h1, falcon_mamba, fastspeech2_conformer, fastspeech2_conformer_with_hifigan, flaubert, flava, flex_olmo, florence2, fnet, focalnet, fsmt, funnel, fuyu, gemma, gemma2, gemma3, gemma3_text, gemma3n, gemma3n_audio, gemma3n_text, gemma3n_vision, git, glm, glm4, glm4_moe, glm4v, glm4v_moe, glm4v_moe_text, glm4v_text, glpn, got_ocr2, gpt-sw3, gpt2, gpt_bigcode, gpt_neo, gpt_neox, gpt_neox_japanese, gpt_oss, gptj, gptsan-japanese, granite, granite_speech, granitemoe, granitemoehybrid, granitemoeshared, granitevision, graphormer, grounding-dino, groupvit, helium, hgnet_v2, hiera, hubert, hunyuan_v1_dense, hunyuan_v1_moe, ibert, idefics, idefics2, idefics3, idefics3_vision, ijepa, imagegpt, informer, instructblip, instructblipvideo, internvl, internvl_vision, jamba, janus, jetmoe, jukebox, kosmos-2, kosmos-2.5, kyutai_speech_to_text, layoutlm, layoutlmv2, layoutlmv3, led, levit, lfm2, lfm2_vl, lightglue, lilt, llama, llama4, llama4_text, llava, llava_next, llava_next_video, llava_onevision, longcat_flash, longformer, longt5, luke, lxmert, m2m_100, mamba, mamba2, marian, markuplm, mask2former, maskformer, maskformer-swin, mbart, mctct, mega, megatron-bert, metaclip_2, mgp-str, mimi, minimax, ministral, mistral, mistral3, mixtral, mlcd, mllama, mm-grounding-dino, mobilebert, mobilenet_v1, mobilenet_v2, mobilevit, mobilevitv2, modernbert, modernbert-decoder, moonshine, moshi, mpnet, mpt, mra, mt5, musicgen, musicgen_melody, mvp, nat, nemotron, nezha, nllb-moe, nougat, nystromformer, olmo, olmo2, olmo3, olmoe, omdet-turbo, oneformer, open-llama, openai-gpt, opt, ovis2, owlv2, owlvit, paligemma, parakeet_ctc, parakeet_encoder, patchtsmixer, patchtst, pegasus, pegasus_x, perceiver, perception_encoder, perception_lm, persimmon, phi, phi3, phi4_multimodal, phimoe, pix2struct, pixtral, plbart, poolformer, pop2piano, prompt_depth_anything, prophetnet, pvt, pvt_v2, qdqbert, qwen2, qwen2_5_omni, qwen2_5_vl, qwen2_5_vl_text, qwen2_audio, qwen2_audio_encoder, qwen2_moe, qwen2_vl, qwen2_vl_text, qwen3, qwen3_moe, qwen3_next, qwen3_omni_moe, qwen3_vl, qwen3_vl_moe, qwen3_vl_moe_text, qwen3_vl_text, rag, realm, recurrent_gemma, reformer, regnet, rembert, resnet, retribert, roberta, roberta-prelayernorm, roc_bert, roformer, rt_detr, rt_detr_resnet, rt_detr_v2, rwkv, sam, sam2, sam2_hiera_det_model, sam2_video, sam2_vision_model, sam_hq, sam_hq_vision_model, sam_vision_model, seamless_m4t, seamless_m4t_v2, seed_oss, segformer, seggpt, sew, sew-d, shieldgemma2, siglip, siglip2, siglip2_vision_model, siglip_vision_model, smollm3, smolvlm, smolvlm_vision, speech-encoder-decoder, speech_to_text, speech_to_text_2, speecht5, splinter, squeezebert, stablelm, starcoder2, superglue, superpoint, swiftformer, swin, swin2sr, swinv2, switch_transformers, t5, t5gemma, table-transformer, tapas, textnet, time_series_transformer, timesfm, timesformer, timm_backbone, timm_wrapper, trajectory_transformer, transfo-xl, trocr, tvlt, tvp, udop, umt5, unispeech, unispeech-sat, univnet, upernet, van, vaultgemma, video_llava, videomae, vilt, vipllava, vision-encoder-decoder, vision-text-dual-encoder, visual_bert, vit, vit_hybrid, vit_mae, vit_msn, vitdet, vitmatte, vitpose, vitpose_backbone, vits, vivit, vjepa2, voxtral, voxtral_encoder, wav2vec2, wav2vec2-bert, wav2vec2-conformer, wavlm, whisper, xclip, xcodec, xglm, xlm, xlm-prophetnet, xlm-roberta, xlm-roberta-xl, xlnet, xlstm, xmod, yolos, yoso, zamba, zamba2, zoedepth), trying Wav2Vec2ForSequenceClassification.
  Label col : emotion
  Samples   : 1,440  |  Classes: 8
    angry: 192
    calm: 192
    disgust: 192
    fearful: 192
    happy: 192
    neutral: 96
    sad: 192
    surprised: 192
  Classes   : ['angry', 'calm', 'disgust', 'fearful', 'happy', 'neutral', 'sad', 'surprised']
  Label col : emotion
  Samples   : 1,440  |  Classes: 8
    angry: 192
    calm: 192
    disgust: 192
    fearful: 192
    happy: 192
    neutral: 96
    sad: 192
    surprised: 192
  Classes   : ['angry', 'calm', 'disgust', 'fearful', 'happy', 'neutral', 'sad', 'surprised']
  Classes   : ['angry', 'calm', 'disgust', 'fearful', 'happy', 'neutral', 'sad', 'surprised']
  Split     : 1,008 train / 216 val / 216 test  (of 1,440)
  Split     : 1,008 train / 216 val / 216 test  (of 1,440)
  Split     : 1,008 train / 216 val / 216 test  (of 1,440)
  Feature extractor : Wav2Vec2FeatureExtractor  (sr=16000)
  Featurising splits ...
  Feature extractor : Wav2Vec2FeatureExtractor  (sr=16000)
  Featurising splits ...
  Feature extractor : Wav2Vec2FeatureExtractor  (sr=16000)
  Featurising splits ...

ERROR in emotion2vec-base_emodb:
Traceback (most recent call last):
  File "/home/tu/tu_tu/tu_zxord71/asp-project/experiments/pipeline/model.py", line 33, in load_model
    model = AutoModelForAudioClassification.from_pretrained(
            ^^^^^^^^^^^^^^^^^^^^^^^^^^^^^^^^^^^^^^^^^^^^^^^^
  File "/pfs/data6/home/tu/tu_tu/tu_zxord71/asp-project/.venv/lib64/python3.11/site-packages/transformers/models/auto/auto_factory.py", line 549, in from_pretrained
    config, kwargs = AutoConfig.from_pretrained(
                     ^^^^^^^^^^^^^^^^^^^^^^^^^^^
  File "/pfs/data6/home/tu/tu_tu/tu_zxord71/asp-project/.venv/lib64/python3.11/site-packages/transformers/models/auto/configuration_auto.py", line 1380, in from_pretrained
    raise ValueError(
ValueError: Unrecognized model in emotion2vec/emotion2vec_plus_base. Should have a `model_type` key in its config.json, or contain one of the following strings in its name: aimv2, aimv2_vision_model, albert, align, altclip, apertus, arcee, aria, aria_text, audio-spectrogram-transformer, autoformer, aya_vision, bamba, bark, bart, beit, bert, bert-generation, big_bird, bigbird_pegasus, biogpt, bit, bitnet, blenderbot, blenderbot-small, blip, blip-2, blip_2_qformer, bloom, blt, bridgetower, bros, camembert, canine, chameleon, chinese_clip, chinese_clip_vision_model, clap, clip, clip_text_model, clip_vision_model, clipseg, clvp, code_llama, codegen, cohere, cohere2, cohere2_vision, colpali, colqwen2, conditional_detr, convbert, convnext, convnextv2, cpmant, csm, ctrl, cvt, d_fine, dab-detr, dac, data2vec-audio, data2vec-text, data2vec-vision, dbrx, deberta, deberta-v2, decision_transformer, deepseek_v2, deepseek_v3, deepseek_vl, deepseek_vl_hybrid, deformable_detr, deit, depth_anything, depth_pro, deta, detr, dia, diffllama, dinat, dinov2, dinov2_with_registers, dinov3_convnext, dinov3_vit, distilbert, doge, donut-swin, dots1, dpr, dpt, edgetam, edgetam_video, edgetam_vision_model, efficientformer, efficientloftr, efficientnet, electra, emu3, encodec, encoder-decoder, eomt, ernie, ernie4_5, ernie4_5_moe, ernie_m, esm, evolla, exaone4, falcon, falcon_h1, falcon_mamba, fastspeech2_conformer, fastspeech2_conformer_with_hifigan, flaubert, flava, flex_olmo, florence2, fnet, focalnet, fsmt, funnel, fuyu, gemma, gemma2, gemma3, gemma3_text, gemma3n, gemma3n_audio, gemma3n_text, gemma3n_vision, git, glm, glm4, glm4_moe, glm4v, glm4v_moe, glm4v_moe_text, glm4v_text, glpn, got_ocr2, gpt-sw3, gpt2, gpt_bigcode, gpt_neo, gpt_neox, gpt_neox_japanese, gpt_oss, gptj, gptsan-japanese, granite, granite_speech, granitemoe, granitemoehybrid, granitemoeshared, granitevision, graphormer, grounding-dino, groupvit, helium, hgnet_v2, hiera, hubert, hunyuan_v1_dense, hunyuan_v1_moe, ibert, idefics, idefics2, idefics3, idefics3_vision, ijepa, imagegpt, informer, instructblip, instructblipvideo, internvl, internvl_vision, jamba, janus, jetmoe, jukebox, kosmos-2, kosmos-2.5, kyutai_speech_to_text, layoutlm, layoutlmv2, layoutlmv3, led, levit, lfm2, lfm2_vl, lightglue, lilt, llama, llama4, llama4_text, llava, llava_next, llava_next_video, llava_onevision, longcat_flash, longformer, longt5, luke, lxmert, m2m_100, mamba, mamba2, marian, markuplm, mask2former, maskformer, maskformer-swin, mbart, mctct, mega, megatron-bert, metaclip_2, mgp-str, mimi, minimax, ministral, mistral, mistral3, mixtral, mlcd, mllama, mm-grounding-dino, mobilebert, mobilenet_v1, mobilenet_v2, mobilevit, mobilevitv2, modernbert, modernbert-decoder, moonshine, moshi, mpnet, mpt, mra, mt5, musicgen, musicgen_melody, mvp, nat, nemotron, nezha, nllb-moe, nougat, nystromformer, olmo, olmo2, olmo3, olmoe, omdet-turbo, oneformer, open-llama, openai-gpt, opt, ovis2, owlv2, owlvit, paligemma, parakeet_ctc, parakeet_encoder, patchtsmixer, patchtst, pegasus, pegasus_x, perceiver, perception_encoder, perception_lm, persimmon, phi, phi3, phi4_multimodal, phimoe, pix2struct, pixtral, plbart, poolformer, pop2piano, prompt_depth_anything, prophetnet, pvt, pvt_v2, qdqbert, qwen2, qwen2_5_omni, qwen2_5_vl, qwen2_5_vl_text, qwen2_audio, qwen2_audio_encoder, qwen2_moe, qwen2_vl, qwen2_vl_text, qwen3, qwen3_moe, qwen3_next, qwen3_omni_moe, qwen3_vl, qwen3_vl_moe, qwen3_vl_moe_text, qwen3_vl_text, rag, realm, recurrent_gemma, reformer, regnet, rembert, resnet, retribert, roberta, roberta-prelayernorm, roc_bert, roformer, rt_detr, rt_detr_resnet, rt_detr_v2, rwkv, sam, sam2, sam2_hiera_det_model, sam2_video, sam2_vision_model, sam_hq, sam_hq_vision_model, sam_vision_model, seamless_m4t, seamless_m4t_v2, seed_oss, segformer, seggpt, sew, sew-d, shieldgemma2, siglip, siglip2, siglip2_vision_model, siglip_vision_model, smollm3, smolvlm, smolvlm_vision, speech-encoder-decoder, speech_to_text, speech_to_text_2, speecht5, splinter, squeezebert, stablelm, starcoder2, superglue, superpoint, swiftformer, swin, swin2sr, swinv2, switch_transformers, t5, t5gemma, table-transformer, tapas, textnet, time_series_transformer, timesfm, timesformer, timm_backbone, timm_wrapper, trajectory_transformer, transfo-xl, trocr, tvlt, tvp, udop, umt5, unispeech, unispeech-sat, univnet, upernet, van, vaultgemma, video_llava, videomae, vilt, vipllava, vision-encoder-decoder, vision-text-dual-encoder, visual_bert, vit, vit_hybrid, vit_mae, vit_msn, vitdet, vitmatte, vitpose, vitpose_backbone, vits, vivit, vjepa2, voxtral, voxtral_encoder, wav2vec2, wav2vec2-bert, wav2vec2-conformer, wavlm, whisper, xclip, xcodec, xglm, xlm, xlm-prophetnet, xlm-roberta, xlm-roberta-xl, xlnet, xlstm, xmod, yolos, yoso, zamba, zamba2, zoedepth

During handling of the above exception, another exception occurred:

Traceback (most recent call last):
  File "/home/tu/tu_tu/tu_zxord71/asp-project/experiments/pipeline/model.py", line 40, in load_model
    model = Wav2Vec2ForSequenceClassification.from_pretrained(hf_name, **kwargs)
            ^^^^^^^^^^^^^^^^^^^^^^^^^^^^^^^^^^^^^^^^^^^^^^^^^^^^^^^^^^^^^^^^^^^^
  File "/pfs/data6/home/tu/tu_tu/tu_zxord71/asp-project/.venv/lib64/python3.11/site-packages/transformers/modeling_utils.py", line 277, in _wrapper
    return func(*args, **kwargs)
           ^^^^^^^^^^^^^^^^^^^^^
  File "/pfs/data6/home/tu/tu_tu/tu_zxord71/asp-project/.venv/lib64/python3.11/site-packages/transformers/modeling_utils.py", line 4900, in from_pretrained
    checkpoint_files, sharded_metadata = _get_resolved_checkpoint_files(
                                         ^^^^^^^^^^^^^^^^^^^^^^^^^^^^^^^
  File "/pfs/data6/home/tu/tu_tu/tu_zxord71/asp-project/.venv/lib64/python3.11/site-packages/transformers/modeling_utils.py", line 1148, in _get_resolved_checkpoint_files
    raise OSError(
OSError: emotion2vec/emotion2vec_plus_base does not appear to have a file named pytorch_model.bin, model.safetensors, tf_model.h5, model.ckpt or flax_model.msgpack.

The above exception was the direct cause of the following exception:

Traceback (most recent call last):
  File "/home/tu/tu_tu/tu_zxord71/asp-project/experiments/run_all.py", line 267, in main
    metrics = run_experiment(
              ^^^^^^^^^^^^^^^
  File "/home/tu/tu_tu/tu_zxord71/asp-project/experiments/run_all.py", line 153, in run_experiment
    model = load_model(hf_model, num_labels, id2label, label2id)
            ^^^^^^^^^^^^^^^^^^^^^^^^^^^^^^^^^^^^^^^^^^^^^^^^^^^^
  File "/home/tu/tu_tu/tu_zxord71/asp-project/experiments/pipeline/model.py", line 42, in load_model
    raise RuntimeError(
RuntimeError: Could not load model 'emotion2vec/emotion2vec_plus_base'.
  Attempt 1: Unrecognized model in emotion2vec/emotion2vec_plus_base. Should have a `model_type` key in its config.json, or contain one of the following strings in its name: aimv2, aimv2_vision_model, albert, align, altclip, apertus, arcee, aria, aria_text, audio-spectrogram-transformer, autoformer, aya_vision, bamba, bark, bart, beit, bert, bert-generation, big_bird, bigbird_pegasus, biogpt, bit, bitnet, blenderbot, blenderbot-small, blip, blip-2, blip_2_qformer, bloom, blt, bridgetower, bros, camembert, canine, chameleon, chinese_clip, chinese_clip_vision_model, clap, clip, clip_text_model, clip_vision_model, clipseg, clvp, code_llama, codegen, cohere, cohere2, cohere2_vision, colpali, colqwen2, conditional_detr, convbert, convnext, convnextv2, cpmant, csm, ctrl, cvt, d_fine, dab-detr, dac, data2vec-audio, data2vec-text, data2vec-vision, dbrx, deberta, deberta-v2, decision_transformer, deepseek_v2, deepseek_v3, deepseek_vl, deepseek_vl_hybrid, deformable_detr, deit, depth_anything, depth_pro, deta, detr, dia, diffllama, dinat, dinov2, dinov2_with_registers, dinov3_convnext, dinov3_vit, distilbert, doge, donut-swin, dots1, dpr, dpt, edgetam, edgetam_video, edgetam_vision_model, efficientformer, efficientloftr, efficientnet, electra, emu3, encodec, encoder-decoder, eomt, ernie, ernie4_5, ernie4_5_moe, ernie_m, esm, evolla, exaone4, falcon, falcon_h1, falcon_mamba, fastspeech2_conformer, fastspeech2_conformer_with_hifigan, flaubert, flava, flex_olmo, florence2, fnet, focalnet, fsmt, funnel, fuyu, gemma, gemma2, gemma3, gemma3_text, gemma3n, gemma3n_audio, gemma3n_text, gemma3n_vision, git, glm, glm4, glm4_moe, glm4v, glm4v_moe, glm4v_moe_text, glm4v_text, glpn, got_ocr2, gpt-sw3, gpt2, gpt_bigcode, gpt_neo, gpt_neox, gpt_neox_japanese, gpt_oss, gptj, gptsan-japanese, granite, granite_speech, granitemoe, granitemoehybrid, granitemoeshared, granitevision, graphormer, grounding-dino, groupvit, helium, hgnet_v2, hiera, hubert, hunyuan_v1_dense, hunyuan_v1_moe, ibert, idefics, idefics2, idefics3, idefics3_vision, ijepa, imagegpt, informer, instructblip, instructblipvideo, internvl, internvl_vision, jamba, janus, jetmoe, jukebox, kosmos-2, kosmos-2.5, kyutai_speech_to_text, layoutlm, layoutlmv2, layoutlmv3, led, levit, lfm2, lfm2_vl, lightglue, lilt, llama, llama4, llama4_text, llava, llava_next, llava_next_video, llava_onevision, longcat_flash, longformer, longt5, luke, lxmert, m2m_100, mamba, mamba2, marian, markuplm, mask2former, maskformer, maskformer-swin, mbart, mctct, mega, megatron-bert, metaclip_2, mgp-str, mimi, minimax, ministral, mistral, mistral3, mixtral, mlcd, mllama, mm-grounding-dino, mobilebert, mobilenet_v1, mobilenet_v2, mobilevit, mobilevitv2, modernbert, modernbert-decoder, moonshine, moshi, mpnet, mpt, mra, mt5, musicgen, musicgen_melody, mvp, nat, nemotron, nezha, nllb-moe, nougat, nystromformer, olmo, olmo2, olmo3, olmoe, omdet-turbo, oneformer, open-llama, openai-gpt, opt, ovis2, owlv2, owlvit, paligemma, parakeet_ctc, parakeet_encoder, patchtsmixer, patchtst, pegasus, pegasus_x, perceiver, perception_encoder, perception_lm, persimmon, phi, phi3, phi4_multimodal, phimoe, pix2struct, pixtral, plbart, poolformer, pop2piano, prompt_depth_anything, prophetnet, pvt, pvt_v2, qdqbert, qwen2, qwen2_5_omni, qwen2_5_vl, qwen2_5_vl_text, qwen2_audio, qwen2_audio_encoder, qwen2_moe, qwen2_vl, qwen2_vl_text, qwen3, qwen3_moe, qwen3_next, qwen3_omni_moe, qwen3_vl, qwen3_vl_moe, qwen3_vl_moe_text, qwen3_vl_text, rag, realm, recurrent_gemma, reformer, regnet, rembert, resnet, retribert, roberta, roberta-prelayernorm, roc_bert, roformer, rt_detr, rt_detr_resnet, rt_detr_v2, rwkv, sam, sam2, sam2_hiera_det_model, sam2_video, sam2_vision_model, sam_hq, sam_hq_vision_model, sam_vision_model, seamless_m4t, seamless_m4t_v2, seed_oss, segformer, seggpt, sew, sew-d, shieldgemma2, siglip, siglip2, siglip2_vision_model, siglip_vision_model, smollm3, smolvlm, smolvlm_vision, speech-encoder-decoder, speech_to_text, speech_to_text_2, speecht5, splinter, squeezebert, stablelm, starcoder2, superglue, superpoint, swiftformer, swin, swin2sr, swinv2, switch_transformers, t5, t5gemma, table-transformer, tapas, textnet, time_series_transformer, timesfm, timesformer, timm_backbone, timm_wrapper, trajectory_transformer, transfo-xl, trocr, tvlt, tvp, udop, umt5, unispeech, unispeech-sat, univnet, upernet, van, vaultgemma, video_llava, videomae, vilt, vipllava, vision-encoder-decoder, vision-text-dual-encoder, visual_bert, vit, vit_hybrid, vit_mae, vit_msn, vitdet, vitmatte, vitpose, vitpose_backbone, vits, vivit, vjepa2, voxtral, voxtral_encoder, wav2vec2, wav2vec2-bert, wav2vec2-conformer, wavlm, whisper, xclip, xcodec, xglm, xlm, xlm-prophetnet, xlm-roberta, xlm-roberta-xl, xlnet, xlstm, xmod, yolos, yoso, zamba, zamba2, zoedepth
  Attempt 2: emotion2vec/emotion2vec_plus_base does not appear to have a file named pytorch_model.bin, model.safetensors, tf_model.h5, model.ckpt or flax_model.msgpack.


======================================================================
[7/10]  wavlm-large_ravdess
  Model  : microsoft/wavlm-large
  Dataset: xbgoose/ravdess
  Output : /home/tu/tu_tu/tu_zxord71/asp-project/outputs/wavlm-large_ravdess

  Loading: xbgoose/ravdess
  Label col : emotion
  Samples   : 1,440  |  Classes: 8
    angry: 192
    calm: 192
    disgust: 192
    fearful: 192
    happy: 192
    neutral: 96
    sad: 192
    surprised: 192
  Classes   : ['angry', 'calm', 'disgust', 'fearful', 'happy', 'neutral', 'sad', 'surprised']
  Split     : 1,008 train / 216 val / 216 test  (of 1,440)
  Feature extractor : Wav2Vec2FeatureExtractor  (sr=16000)
  Featurising splits ...
  Model             : WavLMForSequenceClassification  (315,717,576 params, 315,717,576 trainable)
  Training  : lr=0.00017627968485884053  bs=4  epochs=30  patience=5
  Model             : WavLMForSequenceClassification  (315,717,576 params, 315,717,576 trainable)
  Training  : lr=0.00017627968485884053  bs=4  epochs=30  patience=5
  Loaded hyperparameters: lr=0.00017627968485884053  bs=4  warmup=0.13409777864005784  wd=0.0753271406426549
  Model             : WavLMForSequenceClassification  (315,717,576 params, 315,717,576 trainable)
  Training  : lr=0.00017627968485884053  bs=4  epochs=30  patience=5
  Model             : WavLMForSequenceClassification  (315,717,576 params, 315,717,576 trainable)
  Training  : lr=0.00017627968485884053  bs=4  epochs=30  patience=5
{'loss': 2.0805, 'grad_norm': 0.5731480121612549, 'learning_rate': 6.2461305658644285e-06, 'epoch': 0.16}
{'loss': 2.0805, 'grad_norm': 0.48898017406463623, 'learning_rate': 1.3186275639047127e-05, 'epoch': 0.32}
{'loss': 2.0746, 'grad_norm': 0.3611839711666107, 'learning_rate': 2.0126420712229824e-05, 'epoch': 0.48}
{'loss': 2.0687, 'grad_norm': 0.49828818440437317, 'learning_rate': 2.7066565785412524e-05, 'epoch': 0.63}
{'loss': 2.0621, 'grad_norm': 0.4976803660392761, 'learning_rate': 3.400671085859522e-05, 'epoch': 0.79}
{'loss': 2.0662, 'grad_norm': 0.6469566226005554, 'learning_rate': 4.094685593177792e-05, 'epoch': 0.95}
{'eval_loss': 2.049574136734009, 'eval_f1_macro': 0.08948408962530596, 'eval_f1_weighted': 0.09496537584468294, 'eval_precision_macro': 0.09406565656565657, 'eval_recall_macro': 0.1724137931034483, 'eval_accuracy': 0.18055555555555555, 'eval_runtime': 7.1376, 'eval_samples_per_second': 30.262, 'eval_steps_per_second': 1.961, 'epoch': 1.0}
{'loss': 2.0475, 'grad_norm': 0.6976031064987183, 'learning_rate': 4.788700100496062e-05, 'epoch': 1.11}
{'loss': 2.0282, 'grad_norm': 0.5939134955406189, 'learning_rate': 5.482714607814332e-05, 'epoch': 1.27}
{'loss': 2.0042, 'grad_norm': 1.1518280506134033, 'learning_rate': 6.176729115132601e-05, 'epoch': 1.43}
{'loss': 1.933, 'grad_norm': 2.6073379516601562, 'learning_rate': 6.870743622450871e-05, 'epoch': 1.59}
{'loss': 1.8204, 'grad_norm': 3.6931674480438232, 'learning_rate': 7.564758129769141e-05, 'epoch': 1.75}
{'loss': 1.8101, 'grad_norm': 20.73600196838379, 'learning_rate': 8.258772637087411e-05, 'epoch': 1.9}
{'eval_loss': 1.826655626296997, 'eval_f1_macro': 0.2674110103752686, 'eval_f1_weighted': 0.2853805152152543, 'eval_precision_macro': 0.33915797513695745, 'eval_recall_macro': 0.3275862068965517, 'eval_accuracy': 0.3472222222222222, 'eval_runtime': 0.7236, 'eval_samples_per_second': 298.505, 'eval_steps_per_second': 19.348, 'epoch': 2.0}
{'loss': 1.7354, 'grad_norm': 2.902982711791992, 'learning_rate': 8.952787144405681e-05, 'epoch': 2.06}
{'loss': 1.7345, 'grad_norm': 25.573461532592773, 'learning_rate': 9.64680165172395e-05, 'epoch': 2.22}
{'loss': 1.5979, 'grad_norm': 4.074850082397461, 'learning_rate': 0.00010340816159042219, 'epoch': 2.38}
{'loss': 1.6227, 'grad_norm': 2.189030647277832, 'learning_rate': 0.0001103483066636049, 'epoch': 2.54}
{'loss': 1.5644, 'grad_norm': 7.382778644561768, 'learning_rate': 0.0001172884517367876, 'epoch': 2.7}
{'loss': 1.4192, 'grad_norm': 4.7159342765808105, 'learning_rate': 0.0001242285968099703, 'epoch': 2.86}
{'eval_loss': 1.3496726751327515, 'eval_f1_macro': 0.3786740673776668, 'eval_f1_weighted': 0.4025080125493357, 'eval_precision_macro': 0.3957153324702413, 'eval_recall_macro': 0.4448891625615764, 'eval_accuracy': 0.4722222222222222, 'eval_runtime': 0.7756, 'eval_samples_per_second': 278.498, 'eval_steps_per_second': 18.051, 'epoch': 3.0}
{'loss': 1.3014, 'grad_norm': 2.710642099380493, 'learning_rate': 0.000131168741883153, 'epoch': 3.02}
{'loss': 1.239, 'grad_norm': 5.2506279945373535, 'learning_rate': 0.0001381088869563357, 'epoch': 3.17}
{'loss': 1.309, 'grad_norm': 40.973628997802734, 'learning_rate': 0.0001450490320295184, 'epoch': 3.33}
{'loss': 1.2875, 'grad_norm': 8.364397048950195, 'learning_rate': 0.0001519891771027011, 'epoch': 3.49}
{'loss': 1.1209, 'grad_norm': 5.706601142883301, 'learning_rate': 0.00015892932217588377, 'epoch': 3.65}
{'loss': 0.9477, 'grad_norm': 3.3765883445739746, 'learning_rate': 0.0001658694672490665, 'epoch': 3.81}
{'loss': 1.037, 'grad_norm': 17.010498046875, 'learning_rate': 0.0001728096123222492, 'epoch': 3.97}
{'eval_loss': 0.8289461731910706, 'eval_f1_macro': 0.6518055433844907, 'eval_f1_weighted': 0.6870519005216861, 'eval_precision_macro': 0.6871573037817278, 'eval_recall_macro': 0.6707409688013137, 'eval_accuracy': 0.7083333333333334, 'eval_runtime': 0.7428, 'eval_samples_per_second': 290.779, 'eval_steps_per_second': 18.847, 'epoch': 4.0}
{'loss': 0.8713, 'grad_norm': 9.152359008789062, 'learning_rate': 0.00017574093276575116, 'epoch': 4.13}
{'loss': 1.0472, 'grad_norm': 13.892338752746582, 'learning_rate': 0.00017466342857957244, 'epoch': 4.29}
{'loss': 0.8648, 'grad_norm': 6.086962699890137, 'learning_rate': 0.0001735859243933937, 'epoch': 4.44}
{'loss': 0.7129, 'grad_norm': 5.006455898284912, 'learning_rate': 0.00017250842020721498, 'epoch': 4.6}
{'loss': 0.8011, 'grad_norm': 12.693497657775879, 'learning_rate': 0.00017143091602103624, 'epoch': 4.76}
{'loss': 0.8126, 'grad_norm': 7.775639533996582, 'learning_rate': 0.00017035341183485752, 'epoch': 4.92}
{'eval_loss': 0.8807111382484436, 'eval_f1_macro': 0.7338935741058382, 'eval_f1_weighted': 0.7373259755553605, 'eval_precision_macro': 0.805923258671345, 'eval_recall_macro': 0.7289408866995073, 'eval_accuracy': 0.7361111111111112, 'eval_runtime': 0.7385, 'eval_samples_per_second': 292.491, 'eval_steps_per_second': 18.958, 'epoch': 5.0}
{'loss': 0.7913, 'grad_norm': 13.890372276306152, 'learning_rate': 0.00016927590764867877, 'epoch': 5.08}
{'loss': 0.6789, 'grad_norm': 12.894594192504883, 'learning_rate': 0.00016819840346250005, 'epoch': 5.24}
{'loss': 0.5913, 'grad_norm': 9.777202606201172, 'learning_rate': 0.0001671208992763213, 'epoch': 5.4}
{'loss': 0.5139, 'grad_norm': 27.266651153564453, 'learning_rate': 0.0001660433950901426, 'epoch': 5.56}
{'loss': 0.5061, 'grad_norm': 7.979305267333984, 'learning_rate': 0.00016496589090396385, 'epoch': 5.71}
{'loss': 0.568, 'grad_norm': 3.9977095127105713, 'learning_rate': 0.00016388838671778513, 'epoch': 5.87}
{'eval_loss': 0.5776576399803162, 'eval_f1_macro': 0.8139155234909914, 'eval_f1_weighted': 0.8350112671665486, 'eval_precision_macro': 0.8286827620058064, 'eval_recall_macro': 0.8170874384236453, 'eval_accuracy': 0.8425925925925926, 'eval_runtime': 0.7375, 'eval_samples_per_second': 292.863, 'eval_steps_per_second': 18.982, 'epoch': 6.0}
{'loss': 0.4774, 'grad_norm': 10.541440963745117, 'learning_rate': 0.00016281088253160638, 'epoch': 6.03}
{'loss': 0.6379, 'grad_norm': 8.512402534484863, 'learning_rate': 0.00016173337834542766, 'epoch': 6.19}
{'loss': 0.4793, 'grad_norm': 12.383477210998535, 'learning_rate': 0.00016065587415924892, 'epoch': 6.35}
{'loss': 0.4089, 'grad_norm': 4.9491987228393555, 'learning_rate': 0.0001595783699730702, 'epoch': 6.51}
{'loss': 0.539, 'grad_norm': 25.060457229614258, 'learning_rate': 0.00015850086578689146, 'epoch': 6.67}
{'loss': 0.3453, 'grad_norm': 4.360212802886963, 'learning_rate': 0.00015742336160071274, 'epoch': 6.83}
{'loss': 0.4274, 'grad_norm': 6.497943878173828, 'learning_rate': 0.000156345857414534, 'epoch': 6.98}
{'eval_loss': 0.4552106559276581, 'eval_f1_macro': 0.8480086085775652, 'eval_f1_weighted': 0.8617169182076494, 'eval_precision_macro': 0.8590189623594796, 'eval_recall_macro': 0.8453201970443349, 'eval_accuracy': 0.8611111111111112, 'eval_runtime': 0.7315, 'eval_samples_per_second': 295.271, 'eval_steps_per_second': 19.138, 'epoch': 7.0}
{'loss': 0.2579, 'grad_norm': 20.173290252685547, 'learning_rate': 0.00015526835322835528, 'epoch': 7.14}
{'loss': 0.3236, 'grad_norm': 9.311897277832031, 'learning_rate': 0.00015419084904217653, 'epoch': 7.3}
{'loss': 0.4387, 'grad_norm': 19.68596649169922, 'learning_rate': 0.0001531133448559978, 'epoch': 7.46}
{'loss': 0.4098, 'grad_norm': 11.784480094909668, 'learning_rate': 0.00015203584066981907, 'epoch': 7.62}
{'loss': 0.2642, 'grad_norm': 2.0364105701446533, 'learning_rate': 0.00015095833648364035, 'epoch': 7.78}
{'loss': 0.2693, 'grad_norm': 7.073917865753174, 'learning_rate': 0.0001498808322974616, 'epoch': 7.94}
{'eval_loss': 0.6900635361671448, 'eval_f1_macro': 0.8023491270540504, 'eval_f1_weighted': 0.8024750364173614, 'eval_precision_macro': 0.8266476418783888, 'eval_recall_macro': 0.8169437602627259, 'eval_accuracy': 0.8101851851851852, 'eval_runtime': 0.7226, 'eval_samples_per_second': 298.928, 'eval_steps_per_second': 19.375, 'epoch': 8.0}
{'loss': 0.4442, 'grad_norm': 0.9565122127532959, 'learning_rate': 0.00014880332811128289, 'epoch': 8.1}
{'loss': 0.327, 'grad_norm': 7.711205959320068, 'learning_rate': 0.00014772582392510414, 'epoch': 8.25}
{'loss': 0.2808, 'grad_norm': 0.5591572523117065, 'learning_rate': 0.00014664831973892542, 'epoch': 8.41}
{'loss': 0.1954, 'grad_norm': 23.099029541015625, 'learning_rate': 0.00014557081555274668, 'epoch': 8.57}
{'loss': 0.2975, 'grad_norm': 7.754354476928711, 'learning_rate': 0.00014449331136656796, 'epoch': 8.73}
{'loss': 0.3645, 'grad_norm': 25.012229919433594, 'learning_rate': 0.00014341580718038921, 'epoch': 8.89}
{'eval_loss': 0.36833348870277405, 'eval_f1_macro': 0.8891045164782979, 'eval_f1_weighted': 0.8938462641088265, 'eval_precision_macro': 0.8954130545725696, 'eval_recall_macro': 0.895299671592775, 'eval_accuracy': 0.8935185185185185, 'eval_runtime': 0.7432, 'eval_samples_per_second': 290.627, 'eval_steps_per_second': 18.837, 'epoch': 9.0}
{'loss': 0.2973, 'grad_norm': 9.247665405273438, 'learning_rate': 0.0001423383029942105, 'epoch': 9.05}
{'loss': 0.1735, 'grad_norm': 12.999220848083496, 'learning_rate': 0.00014126079880803175, 'epoch': 9.21}
{'loss': 0.2129, 'grad_norm': 2.5740678310394287, 'learning_rate': 0.000140183294621853, 'epoch': 9.37}
{'loss': 0.2373, 'grad_norm': 5.403647422790527, 'learning_rate': 0.0001391057904356743, 'epoch': 9.52}
{'loss': 0.1376, 'grad_norm': 0.10759139806032181, 'learning_rate': 0.00013802828624949554, 'epoch': 9.68}
{'loss': 0.1154, 'grad_norm': 0.28745678067207336, 'learning_rate': 0.00013695078206331682, 'epoch': 9.84}
{'loss': 0.2067, 'grad_norm': 2.538062572479248, 'learning_rate': 0.00013587327787713808, 'epoch': 10.0}
{'eval_loss': 0.5623173117637634, 'eval_f1_macro': 0.8759817424326675, 'eval_f1_weighted': 0.8792697180658015, 'eval_precision_macro': 0.8825578282287427, 'eval_recall_macro': 0.8747844827586208, 'eval_accuracy': 0.8796296296296297, 'eval_runtime': 0.74, 'eval_samples_per_second': 291.901, 'eval_steps_per_second': 18.92, 'epoch': 10.0}
{'loss': 0.1472, 'grad_norm': 0.34333622455596924, 'learning_rate': 0.00013479577369095936, 'epoch': 10.16}
{'loss': 0.2101, 'grad_norm': 0.10101008415222168, 'learning_rate': 0.00013371826950478062, 'epoch': 10.32}
{'loss': 0.1493, 'grad_norm': 5.342428684234619, 'learning_rate': 0.0001326407653186019, 'epoch': 10.48}
{'loss': 0.168, 'grad_norm': 0.21243026852607727, 'learning_rate': 0.00013156326113242315, 'epoch': 10.63}
{'loss': 0.1272, 'grad_norm': 0.6046318411827087, 'learning_rate': 0.0001304857569462444, 'epoch': 10.79}
{'loss': 0.3374, 'grad_norm': 1.856144905090332, 'learning_rate': 0.0001294082527600657, 'epoch': 10.95}
{'eval_loss': 0.4879901111125946, 'eval_f1_macro': 0.8824775534985867, 'eval_f1_weighted': 0.8882995578684453, 'eval_precision_macro': 0.8821428571428571, 'eval_recall_macro': 0.8908353858784893, 'eval_accuracy': 0.8888888888888888, 'eval_runtime': 0.7292, 'eval_samples_per_second': 296.227, 'eval_steps_per_second': 19.2, 'epoch': 11.0}
{'loss': 0.1918, 'grad_norm': 10.017207145690918, 'learning_rate': 0.00012833074857388695, 'epoch': 11.11}
{'loss': 0.0823, 'grad_norm': 2.7243709564208984, 'learning_rate': 0.00012725324438770823, 'epoch': 11.27}
{'loss': 0.1769, 'grad_norm': 3.017160177230835, 'learning_rate': 0.00012617574020152948, 'epoch': 11.43}
{'loss': 0.0449, 'grad_norm': 1.068784475326538, 'learning_rate': 0.00012509823601535076, 'epoch': 11.59}
{'loss': 0.1336, 'grad_norm': 0.6312301754951477, 'learning_rate': 0.00012402073182917202, 'epoch': 11.75}
{'loss': 0.1457, 'grad_norm': 6.3267669677734375, 'learning_rate': 0.0001229432276429933, 'epoch': 11.9}
{'eval_loss': 0.42748355865478516, 'eval_f1_macro': 0.9025810832681327, 'eval_f1_weighted': 0.9068032750614963, 'eval_precision_macro': 0.9071099171036602, 'eval_recall_macro': 0.9045155993431855, 'eval_accuracy': 0.9074074074074074, 'eval_runtime': 0.7773, 'eval_samples_per_second': 277.89, 'eval_steps_per_second': 18.011, 'epoch': 12.0}
{'loss': 0.1268, 'grad_norm': 0.3182497024536133, 'learning_rate': 0.00012186572345681457, 'epoch': 12.06}
{'loss': 0.0804, 'grad_norm': 25.922626495361328, 'learning_rate': 0.00012078821927063584, 'epoch': 12.22}
{'loss': 0.0705, 'grad_norm': 10.369229316711426, 'learning_rate': 0.0001197107150844571, 'epoch': 12.38}
{'loss': 0.1217, 'grad_norm': 5.004083156585693, 'learning_rate': 0.00011863321089827837, 'epoch': 12.54}
{'loss': 0.1232, 'grad_norm': 0.028877219185233116, 'learning_rate': 0.00011755570671209964, 'epoch': 12.7}
{'loss': 0.0774, 'grad_norm': 0.8055489659309387, 'learning_rate': 0.00011647820252592091, 'epoch': 12.86}
{'eval_loss': 0.6198094487190247, 'eval_f1_macro': 0.8764558177319892, 'eval_f1_weighted': 0.8866501660997801, 'eval_precision_macro': 0.8807902557937621, 'eval_recall_macro': 0.8828099343185549, 'eval_accuracy': 0.8842592592592593, 'eval_runtime': 0.7184, 'eval_samples_per_second': 300.659, 'eval_steps_per_second': 19.487, 'epoch': 13.0}
{'loss': 0.2057, 'grad_norm': 34.90968704223633, 'learning_rate': 0.00011540069833974218, 'epoch': 13.02}
{'loss': 0.0505, 'grad_norm': 2.421159029006958, 'learning_rate': 0.00011432319415356345, 'epoch': 13.17}
{'loss': 0.0201, 'grad_norm': 49.451316833496094, 'learning_rate': 0.00011324568996738472, 'epoch': 13.33}
{'loss': 0.0203, 'grad_norm': 0.466347336769104, 'learning_rate': 0.00011216818578120599, 'epoch': 13.49}
{'loss': 0.1582, 'grad_norm': 7.6421990394592285, 'learning_rate': 0.00011109068159502724, 'epoch': 13.65}
{'loss': 0.1609, 'grad_norm': 13.791062355041504, 'learning_rate': 0.00011001317740884852, 'epoch': 13.81}
{'loss': 0.2051, 'grad_norm': 12.576125144958496, 'learning_rate': 0.00010893567322266978, 'epoch': 13.97}
{'eval_loss': 0.5790567994117737, 'eval_f1_macro': 0.8772489132435608, 'eval_f1_weighted': 0.8836533161738832, 'eval_precision_macro': 0.8820462760876093, 'eval_recall_macro': 0.8897783251231528, 'eval_accuracy': 0.8842592592592593, 'eval_runtime': 0.7472, 'eval_samples_per_second': 289.068, 'eval_steps_per_second': 18.736, 'epoch': 14.0}
{'loss': 0.1696, 'grad_norm': 20.645896911621094, 'learning_rate': 0.00010785816903649106, 'epoch': 14.13}
{'loss': 0.1073, 'grad_norm': 0.06340162456035614, 'learning_rate': 0.00010678066485031231, 'epoch': 14.29}
{'loss': 0.1554, 'grad_norm': 0.512488842010498, 'learning_rate': 0.0001057031606641336, 'epoch': 14.44}
{'loss': 0.0724, 'grad_norm': 50.54472351074219, 'learning_rate': 0.00010462565647795485, 'epoch': 14.6}
{'loss': 0.0795, 'grad_norm': 0.06668923050165176, 'learning_rate': 0.00010354815229177613, 'epoch': 14.76}
{'loss': 0.0925, 'grad_norm': 0.043715763837099075, 'learning_rate': 0.00010247064810559741, 'epoch': 14.92}
{'eval_loss': 0.7926338315010071, 'eval_f1_macro': 0.8396436403055385, 'eval_f1_weighted': 0.8487775800985295, 'eval_precision_macro': 0.8466356185621553, 'eval_recall_macro': 0.8477114121510674, 'eval_accuracy': 0.8472222222222222, 'eval_runtime': 0.7374, 'eval_samples_per_second': 292.919, 'eval_steps_per_second': 18.986, 'epoch': 15.0}
{'loss': 0.0339, 'grad_norm': 0.03755125775933266, 'learning_rate': 0.00010139314391941867, 'epoch': 15.08}
{'loss': 0.1234, 'grad_norm': 4.702866077423096, 'learning_rate': 0.00010031563973323995, 'epoch': 15.24}
{'loss': 0.0653, 'grad_norm': 0.04017673432826996, 'learning_rate': 9.92381355470612e-05, 'epoch': 15.4}
{'loss': 0.0581, 'grad_norm': 0.07699763029813766, 'learning_rate': 9.816063136088249e-05, 'epoch': 15.56}
{'loss': 0.1148, 'grad_norm': 0.01876046694815159, 'learning_rate': 9.708312717470374e-05, 'epoch': 15.71}
{'loss': 0.0959, 'grad_norm': 0.741668701171875, 'learning_rate': 9.600562298852503e-05, 'epoch': 15.87}
{'eval_loss': 0.5167429447174072, 'eval_f1_macro': 0.9032602359566294, 'eval_f1_weighted': 0.9072583178396294, 'eval_precision_macro': 0.9194999305451892, 'eval_recall_macro': 0.8967775041050903, 'eval_accuracy': 0.9074074074074074, 'eval_runtime': 0.7358, 'eval_samples_per_second': 293.553, 'eval_steps_per_second': 19.027, 'epoch': 16.0}
{'loss': 0.027, 'grad_norm': 30.758798599243164, 'learning_rate': 9.492811880234628e-05, 'epoch': 16.03}
{'loss': 0.0515, 'grad_norm': 0.034102912992239, 'learning_rate': 9.385061461616755e-05, 'epoch': 16.19}
{'loss': 0.0628, 'grad_norm': 0.026244834065437317, 'learning_rate': 9.277311042998882e-05, 'epoch': 16.35}
{'loss': 0.0659, 'grad_norm': 14.343328475952148, 'learning_rate': 9.169560624381009e-05, 'epoch': 16.51}
{'loss': 0.1159, 'grad_norm': 0.03774753212928772, 'learning_rate': 9.061810205763135e-05, 'epoch': 16.67}
{'loss': 0.0069, 'grad_norm': 2.583343505859375, 'learning_rate': 8.954059787145262e-05, 'epoch': 16.83}
{'loss': 0.0315, 'grad_norm': 0.03055054321885109, 'learning_rate': 8.846309368527389e-05, 'epoch': 16.98}
{'eval_loss': 0.5035141706466675, 'eval_f1_macro': 0.9018129822155245, 'eval_f1_weighted': 0.9082513897485649, 'eval_precision_macro': 0.9031106811348747, 'eval_recall_macro': 0.9090004105090312, 'eval_accuracy': 0.9074074074074074, 'eval_runtime': 0.7583, 'eval_samples_per_second': 284.846, 'eval_steps_per_second': 18.462, 'epoch': 17.0}
{'train_runtime': 231.9047, 'train_samples_per_second': 130.398, 'train_steps_per_second': 8.15, 'train_loss': 0.5993028133411924, 'epoch': 17.0}
  Finished  : epoch 17/30 | runtime 232s | 130.4 samples/s  Finished  : epoch 17/30 | runtime 232s | 130.4 samples/s

  Finished  : epoch 17/30 | runtime 232s | 130.4 samples/s
  Finished  : epoch 17/30 | runtime 232s | 130.4 samples/s

  Loading: renumics/emodb
              precision    recall  f1-score   support

       angry       0.90      0.93      0.91        28
        calm       0.90      0.90      0.90        29
     disgust       0.96      0.90      0.93        29
     fearful       0.93      0.93      0.93        29
       happy       0.92      0.83      0.87        29
     neutral       0.73      0.79      0.76        14
         sad       0.82      0.93      0.87        29
   surprised       0.96      0.93      0.95        29

    accuracy                           0.90       216
   macro avg       0.89      0.89      0.89       216
weighted avg       0.90      0.90      0.90       216


  Loading: renumics/emodb
  Loading: renumics/emodb

  F1-Macro 0.8898 | Accuracy 0.8981 | Precision 0.8907 | Recall 0.8910
  Label col : emotion
  Samples   : 535  |  Classes: 7
    0: 127
    1: 81
    2: 46
    3: 69
    4: 71
    5: 79
    6: 62
  Classes   : ['anger', 'boredom', 'disgust', 'fear', 'happiness', 'neutral', 'sadness']

======================================================================
[8/10]  wavlm-large_emodb
  Model  : microsoft/wavlm-large
  Dataset: renumics/emodb
  Output : /home/tu/tu_tu/tu_zxord71/asp-project/outputs/wavlm-large_emodb

  Loading: renumics/emodb
  Label col : emotion
  Samples   : 535  |  Classes: 7
    0: 127
    1: 81
    2: 46
    3: 69
    4: 71
    5: 79
    6: 62
  Classes   : ['anger', 'boredom', 'disgust', 'fear', 'happiness', 'neutral', 'sadness']
  Split     : 374 train / 80 val / 81 test  (of 535)
  Label col : emotion
  Samples   : 535  |  Classes: 7
    0: 127
    1: 81
    2: 46
    3: 69
    4: 71
    5: 79
    6: 62
  Classes   : ['anger', 'boredom', 'disgust', 'fear', 'happiness', 'neutral', 'sadness']
  Split     : 374 train / 80 val / 81 test  (of 535)
  Split     : 374 train / 80 val / 81 test  (of 535)
  Feature extractor : Wav2Vec2FeatureExtractor  (sr=16000)
  Featurising splits ...
  Feature extractor : Wav2Vec2FeatureExtractor  (sr=16000)
  Featurising splits ...
  Feature extractor : Wav2Vec2FeatureExtractor  (sr=16000)
  Featurising splits ...
  Label col : emotion
  Samples   : 535  |  Classes: 7
    0: 127
    1: 81
    2: 46
    3: 69
    4: 71
    5: 79
    6: 62
  Classes   : ['anger', 'boredom', 'disgust', 'fear', 'happiness', 'neutral', 'sadness']
  Split     : 374 train / 80 val / 81 test  (of 535)
  Model             : WavLMForSequenceClassification  (315,717,319 params, 315,717,319 trainable)
  Training  : lr=0.00023166377425419896  bs=8  epochs=30  patience=5
  Model             : WavLMForSequenceClassification  (315,717,319 params, 315,717,319 trainable)
  Training  : lr=0.00023166377425419896  bs=8  epochs=30  patience=5
  Model             : WavLMForSequenceClassification  (315,717,319 params, 315,717,319 trainable)
  Training  : lr=0.00023166377425419896  bs=8  epochs=30  patience=5
  Feature extractor : Wav2Vec2FeatureExtractor  (sr=16000)
  Featurising splits ...
  Loaded hyperparameters: lr=0.00023166377425419896  bs=8  warmup=0.14453206036029334  wd=0.0193536212568312
  Model             : WavLMForSequenceClassification  (315,717,319 params, 315,717,319 trainable)
  Training  : lr=0.00023166377425419896  bs=8  epochs=30  patience=5
{'loss': 1.943, 'grad_norm': 0.4691365361213684, 'learning_rate': 3.9339131477128125e-05, 'epoch': 0.83}
{'eval_loss': 1.916345238685608, 'eval_f1_macro': 0.05483405483405483, 'eval_f1_weighted': 0.09116161616161615, 'eval_precision_macro': 0.033928571428571426, 'eval_recall_macro': 0.14285714285714285, 'eval_accuracy': 0.2375, 'eval_runtime': 4.1053, 'eval_samples_per_second': 19.487, 'eval_steps_per_second': 0.731, 'epoch': 1.0}
{'loss': 1.9194, 'grad_norm': 0.4756903052330017, 'learning_rate': 8.304927756282603e-05, 'epoch': 1.67}
{'eval_loss': 1.8399779796600342, 'eval_f1_macro': 0.05483405483405483, 'eval_f1_weighted': 0.09116161616161615, 'eval_precision_macro': 0.033928571428571426, 'eval_recall_macro': 0.14285714285714285, 'eval_accuracy': 0.2375, 'eval_runtime': 0.3327, 'eval_samples_per_second': 240.442, 'eval_steps_per_second': 9.017, 'epoch': 2.0}
{'loss': 1.8698, 'grad_norm': 0.6706879138946533, 'learning_rate': 0.00012675942364852395, 'epoch': 2.5}
{'eval_loss': 1.5546081066131592, 'eval_f1_macro': 0.2913644405130473, 'eval_f1_weighted': 0.36277476780185763, 'eval_precision_macro': 0.25057085771371485, 'eval_recall_macro': 0.4091478696741855, 'eval_accuracy': 0.4875, 'eval_runtime': 0.3478, 'eval_samples_per_second': 230.01, 'eval_steps_per_second': 8.625, 'epoch': 3.0}
{'loss': 1.6412, 'grad_norm': 2.2906486988067627, 'learning_rate': 0.00017046956973422187, 'epoch': 3.33}
{'eval_loss': 1.2048676013946533, 'eval_f1_macro': 0.29381598793363495, 'eval_f1_weighted': 0.35267722473604823, 'eval_precision_macro': 0.338301282051282, 'eval_recall_macro': 0.37142857142857144, 'eval_accuracy': 0.4625, 'eval_runtime': 0.3433, 'eval_samples_per_second': 233.028, 'eval_steps_per_second': 8.739, 'epoch': 4.0}
{'loss': 1.3521, 'grad_norm': 1.8850092887878418, 'learning_rate': 0.0002141797158199198, 'epoch': 4.17}
{'loss': 1.1276, 'grad_norm': 8.34299087524414, 'learning_rate': 0.0002271361434870159, 'epoch': 5.0}
{'eval_loss': 1.0995696783065796, 'eval_f1_macro': 0.32788913984566154, 'eval_f1_weighted': 0.3890089756258234, 'eval_precision_macro': 0.38211146527576545, 'eval_recall_macro': 0.4428571428571429, 'eval_accuracy': 0.525, 'eval_runtime': 0.3409, 'eval_samples_per_second': 234.668, 'eval_steps_per_second': 8.8, 'epoch': 5.0}
{'loss': 0.9882, 'grad_norm': 2.5783379077911377, 'learning_rate': 0.00021959009220837752, 'epoch': 5.83}
{'eval_loss': 0.6156097650527954, 'eval_f1_macro': 0.7492666064094635, 'eval_f1_weighted': 0.7501595626595627, 'eval_precision_macro': 0.7359307359307359, 'eval_recall_macro': 0.7938775510204081, 'eval_accuracy': 0.8, 'eval_runtime': 0.3421, 'eval_samples_per_second': 233.84, 'eval_steps_per_second': 8.769, 'epoch': 6.0}
{'loss': 0.802, 'grad_norm': 3.268402576446533, 'learning_rate': 0.0002120440409297391, 'epoch': 6.67}
{'eval_loss': 0.5168216824531555, 'eval_f1_macro': 0.8100178810262845, 'eval_f1_weighted': 0.8046221641809878, 'eval_precision_macro': 0.8363636363636365, 'eval_recall_macro': 0.8305764411027569, 'eval_accuracy': 0.825, 'eval_runtime': 0.3504, 'eval_samples_per_second': 228.287, 'eval_steps_per_second': 8.561, 'epoch': 7.0}
{'loss': 0.6346, 'grad_norm': 6.808437824249268, 'learning_rate': 0.0002044979896511007, 'epoch': 7.5}
{'eval_loss': 0.5622032284736633, 'eval_f1_macro': 0.8755476549594198, 'eval_f1_weighted': 0.8837324032176973, 'eval_precision_macro': 0.8860544217687075, 'eval_recall_macro': 0.8812209094163982, 'eval_accuracy': 0.8875, 'eval_runtime': 0.4669, 'eval_samples_per_second': 171.348, 'eval_steps_per_second': 6.426, 'epoch': 8.0}
{'loss': 0.6797, 'grad_norm': 5.586705207824707, 'learning_rate': 0.0001969519383724623, 'epoch': 8.33}
{'eval_loss': 0.4717479646205902, 'eval_f1_macro': 0.9048445688197242, 'eval_f1_weighted': 0.9079599657588788, 'eval_precision_macro': 0.9318491032776748, 'eval_recall_macro': 0.8986394557823129, 'eval_accuracy': 0.9125, 'eval_runtime': 0.3445, 'eval_samples_per_second': 232.204, 'eval_steps_per_second': 8.708, 'epoch': 9.0}
{'loss': 0.4215, 'grad_norm': 7.638998031616211, 'learning_rate': 0.0001894058870938239, 'epoch': 9.17}
{'loss': 0.4307, 'grad_norm': 4.6232991218566895, 'learning_rate': 0.00018185983581518552, 'epoch': 10.0}
{'eval_loss': 0.34008464217185974, 'eval_f1_macro': 0.9448526077097507, 'eval_f1_weighted': 0.9498531746031744, 'eval_precision_macro': 0.9413300984729557, 'eval_recall_macro': 0.9502685284640172, 'eval_accuracy': 0.95, 'eval_runtime': 0.3618, 'eval_samples_per_second': 221.113, 'eval_steps_per_second': 8.292, 'epoch': 10.0}
{'loss': 0.3889, 'grad_norm': 5.361593723297119, 'learning_rate': 0.0001743137845365471, 'epoch': 10.83}
{'eval_loss': 0.2061937302350998, 'eval_f1_macro': 0.9572588286874002, 'eval_f1_weighted': 0.96244554994555, 'eval_precision_macro': 0.9597402597402598, 'eval_recall_macro': 0.9577873254564985, 'eval_accuracy': 0.9625, 'eval_runtime': 0.3315, 'eval_samples_per_second': 241.334, 'eval_steps_per_second': 9.05, 'epoch': 11.0}
{'loss': 0.2603, 'grad_norm': 4.183286666870117, 'learning_rate': 0.0001667677332579087, 'epoch': 11.67}
{'eval_loss': 0.2197391539812088, 'eval_f1_macro': 0.9513230530812538, 'eval_f1_weighted': 0.9480890076072847, 'eval_precision_macro': 0.9675324675324675, 'eval_recall_macro': 0.9452380952380952, 'eval_accuracy': 0.95, 'eval_runtime': 0.3533, 'eval_samples_per_second': 226.467, 'eval_steps_per_second': 8.493, 'epoch': 12.0}
{'loss': 0.2323, 'grad_norm': 3.14272141456604, 'learning_rate': 0.00015922168197927028, 'epoch': 12.5}
{'eval_loss': 0.09914769977331161, 'eval_f1_macro': 0.9893362750505608, 'eval_f1_weighted': 0.9876287001287001, 'eval_precision_macro': 0.987012987012987, 'eval_recall_macro': 0.9924812030075189, 'eval_accuracy': 0.9875, 'eval_runtime': 0.372, 'eval_samples_per_second': 215.044, 'eval_steps_per_second': 8.064, 'epoch': 13.0}
{'loss': 0.1171, 'grad_norm': 0.817760169506073, 'learning_rate': 0.00015167563070063187, 'epoch': 13.33}
{'eval_loss': 0.07427654415369034, 'eval_f1_macro': 0.970940170940171, 'eval_f1_weighted': 0.9741880341880341, 'eval_precision_macro': 0.975, 'eval_recall_macro': 0.9714285714285714, 'eval_accuracy': 0.975, 'eval_runtime': 0.3262, 'eval_samples_per_second': 245.258, 'eval_steps_per_second': 9.197, 'epoch': 14.0}
{'loss': 0.14, 'grad_norm': 7.175165176391602, 'learning_rate': 0.0001441295794219935, 'epoch': 14.17}
{'loss': 0.0828, 'grad_norm': 17.685884475708008, 'learning_rate': 0.0001365835281433551, 'epoch': 15.0}
{'eval_loss': 0.32245349884033203, 'eval_f1_macro': 0.9073695248850528, 'eval_f1_weighted': 0.901520468661773, 'eval_precision_macro': 0.9547252747252747, 'eval_recall_macro': 0.9023809523809524, 'eval_accuracy': 0.9125, 'eval_runtime': 0.3492, 'eval_samples_per_second': 229.066, 'eval_steps_per_second': 8.59, 'epoch': 15.0}
{'loss': 0.1079, 'grad_norm': 0.1726016253232956, 'learning_rate': 0.0001290374768647167, 'epoch': 15.83}
{'eval_loss': 0.07455019652843475, 'eval_f1_macro': 0.9711399711399711, 'eval_f1_weighted': 0.9747474747474747, 'eval_precision_macro': 0.9761904761904763, 'eval_recall_macro': 0.9714285714285714, 'eval_accuracy': 0.975, 'eval_runtime': 0.3184, 'eval_samples_per_second': 251.238, 'eval_steps_per_second': 9.421, 'epoch': 16.0}
{'loss': 0.171, 'grad_norm': 35.1693000793457, 'learning_rate': 0.00012149142558607828, 'epoch': 16.67}
{'eval_loss': 0.24129733443260193, 'eval_f1_macro': 0.9484126984126985, 'eval_f1_weighted': 0.9492361111111111, 'eval_precision_macro': 0.9578231292517007, 'eval_recall_macro': 0.9428571428571428, 'eval_accuracy': 0.95, 'eval_runtime': 0.3226, 'eval_samples_per_second': 248.023, 'eval_steps_per_second': 9.301, 'epoch': 17.0}
{'loss': 0.0818, 'grad_norm': 9.277748107910156, 'learning_rate': 0.00011394537430743988, 'epoch': 17.5}
{'eval_loss': 0.2367968112230301, 'eval_f1_macro': 0.9405501330967169, 'eval_f1_weighted': 0.9383385093167702, 'eval_precision_macro': 0.9384615384615385, 'eval_recall_macro': 0.9488721804511278, 'eval_accuracy': 0.9375, 'eval_runtime': 0.3484, 'eval_samples_per_second': 229.615, 'eval_steps_per_second': 8.611, 'epoch': 18.0}
{'train_runtime': 102.7586, 'train_samples_per_second': 109.188, 'train_steps_per_second': 3.503, 'train_loss': 0.7129436157367848, 'epoch': 18.0}
  Finished  : epoch 18/30 | runtime 103s | 109.2 samples/s  Finished  : epoch 18/30 | runtime 103s | 109.2 samples/s

  Finished  : epoch 18/30 | runtime 103s | 109.2 samples/s
  Finished  : epoch 18/30 | runtime 103s | 109.2 samples/s

  Loading: xbgoose/ravdess
              precision    recall  f1-score   support

       anger       1.00      1.00      1.00        19
     boredom       1.00      0.92      0.96        12
     disgust       1.00      1.00      1.00         7
        fear       1.00      1.00      1.00        11
   happiness       1.00      1.00      1.00        11
     neutral       1.00      1.00      1.00        12
     sadness       0.90      1.00      0.95         9

    accuracy                           0.99        81
   macro avg       0.99      0.99      0.99        81
weighted avg       0.99      0.99      0.99        81


  Loading: xbgoose/ravdess

  Loading: xbgoose/ravdess
  F1-Macro 0.9863 | Accuracy 0.9877 | Precision 0.9857 | Recall 0.9881

======================================================================
[9/10]  distilhubert_ravdess
  Model  : ntu-spml/distilhubert
  Dataset: xbgoose/ravdess
  Output : /home/tu/tu_tu/tu_zxord71/asp-project/outputs/distilhubert_ravdess

  Loading: xbgoose/ravdess
  Label col : emotion
  Samples   : 1,440  |  Classes: 8
    angry: 192
    calm: 192
    disgust: 192
    fearful: 192
    happy: 192
    neutral: 96
    sad: 192
    surprised: 192
  Label col : emotion
  Samples   : 1,440  |  Classes: 8
    angry: 192
    calm: 192
    disgust: 192
    fearful: 192
    happy: 192
    neutral: 96
    sad: 192
    surprised: 192
  Label col : emotion
  Samples   : 1,440  |  Classes: 8
    angry: 192
    calm: 192
    disgust: 192
    fearful: 192
    happy: 192
    neutral: 96
    sad: 192
    surprised: 192
  Classes   : ['angry', 'calm', 'disgust', 'fearful', 'happy', 'neutral', 'sad', 'surprised']
  Classes   : ['angry', 'calm', 'disgust', 'fearful', 'happy', 'neutral', 'sad', 'surprised']
  Classes   : ['angry', 'calm', 'disgust', 'fearful', 'happy', 'neutral', 'sad', 'surprised']
  Split     : 1,008 train / 216 val / 216 test  (of 1,440)
  Split     : 1,008 train / 216 val / 216 test  (of 1,440)
  Split     : 1,008 train / 216 val / 216 test  (of 1,440)
  Feature extractor : Wav2Vec2FeatureExtractor  (sr=16000)
  Featurising splits ...
  Feature extractor : Wav2Vec2FeatureExtractor  (sr=16000)
  Featurising splits ...
  Feature extractor : Wav2Vec2FeatureExtractor  (sr=16000)
  Featurising splits ...
  Label col : emotion
  Samples   : 1,440  |  Classes: 8
    angry: 192
    calm: 192
    disgust: 192
    fearful: 192
    happy: 192
    neutral: 96
    sad: 192
    surprised: 192
  Model             : HubertForSequenceClassification  (23,690,888 params, 23,690,888 trainable)
  Training  : lr=0.00019745988081990303  bs=16  epochs=30  patience=5
  Model             : HubertForSequenceClassification  (23,690,888 params, 23,690,888 trainable)
  Training  : lr=0.00019745988081990303  bs=16  epochs=30  patience=5
  Model             : HubertForSequenceClassification  (23,690,888 params, 23,690,888 trainable)
  Training  : lr=0.00019745988081990303  bs=16  epochs=30  patience=5
  Classes   : ['angry', 'calm', 'disgust', 'fearful', 'happy', 'neutral', 'sad', 'surprised']
  Split     : 1,008 train / 216 val / 216 test  (of 1,440)
  Feature extractor : Wav2Vec2FeatureExtractor  (sr=16000)
  Featurising splits ...
  Loaded hyperparameters: lr=0.00019745988081990303  bs=16  warmup=0.13747213170335276  wd=0.08147914338708914
  Model             : HubertForSequenceClassification  (23,690,888 params, 23,690,888 trainable)
  Training  : lr=0.00019745988081990303  bs=16  epochs=30  patience=5
{'loss': 2.076, 'grad_norm': 0.5077902674674988, 'learning_rate': 2.6926347384532228e-05, 'epoch': 0.62}
{'eval_loss': 2.038079261779785, 'eval_f1_macro': 0.17531204938716655, 'eval_f1_weighted': 0.1845249956607653, 'eval_precision_macro': 0.2325513521501404, 'eval_recall_macro': 0.28571428571428575, 'eval_accuracy': 0.30092592592592593, 'eval_runtime': 7.792, 'eval_samples_per_second': 27.721, 'eval_steps_per_second': 0.513, 'epoch': 1.0}
{'loss': 2.0408, 'grad_norm': 0.5400956869125366, 'learning_rate': 5.68445111451236e-05, 'epoch': 1.25}
{'loss': 1.9459, 'grad_norm': 0.8128051161766052, 'learning_rate': 8.676267490571497e-05, 'epoch': 1.88}
{'eval_loss': 1.7978492975234985, 'eval_f1_macro': 0.17656056564311812, 'eval_f1_weighted': 0.187146153066679, 'eval_precision_macro': 0.30991532976827096, 'eval_recall_macro': 0.2801724137931035, 'eval_accuracy': 0.2962962962962963, 'eval_runtime': 0.2904, 'eval_samples_per_second': 743.798, 'eval_steps_per_second': 13.774, 'epoch': 2.0}
{'loss': 1.784, 'grad_norm': 1.5061397552490234, 'learning_rate': 0.00011668083866630634, 'epoch': 2.5}
{'eval_loss': 1.5942891836166382, 'eval_f1_macro': 0.35164918071223883, 'eval_f1_weighted': 0.36588823169231555, 'eval_precision_macro': 0.518186884442532, 'eval_recall_macro': 0.38764367816091955, 'eval_accuracy': 0.4074074074074074, 'eval_runtime': 0.2991, 'eval_samples_per_second': 722.09, 'eval_steps_per_second': 13.372, 'epoch': 3.0}
{'loss': 1.6791, 'grad_norm': 3.4432404041290283, 'learning_rate': 0.0001465990024268977, 'epoch': 3.12}
{'loss': 1.4997, 'grad_norm': 1.9472780227661133, 'learning_rate': 0.00017651716618748907, 'epoch': 3.75}
{'eval_loss': 1.3497291803359985, 'eval_f1_macro': 0.39908279428695115, 'eval_f1_weighted': 0.40628555267152583, 'eval_precision_macro': 0.5307394040847673, 'eval_recall_macro': 0.4560344827586207, 'eval_accuracy': 0.4722222222222222, 'eval_runtime': 0.3074, 'eval_samples_per_second': 702.662, 'eval_steps_per_second': 13.012, 'epoch': 4.0}
{'loss': 1.2252, 'grad_norm': 3.6082284450531006, 'learning_rate': 0.00019602901211830952, 'epoch': 4.38}
{'loss': 1.0171, 'grad_norm': 2.977545976638794, 'learning_rate': 0.00019125944977966452, 'epoch': 5.0}
{'eval_loss': 1.0783499479293823, 'eval_f1_macro': 0.5463129168791377, 'eval_f1_weighted': 0.5737637082585292, 'eval_precision_macro': 0.5885322890710822, 'eval_recall_macro': 0.5734708538587848, 'eval_accuracy': 0.6018518518518519, 'eval_runtime': 0.2957, 'eval_samples_per_second': 730.422, 'eval_steps_per_second': 13.526, 'epoch': 5.0}
{'loss': 0.8259, 'grad_norm': 7.170563697814941, 'learning_rate': 0.0001864898874410195, 'epoch': 5.62}
{'eval_loss': 0.8297999501228333, 'eval_f1_macro': 0.7309417243619355, 'eval_f1_weighted': 0.7483285902256279, 'eval_precision_macro': 0.7427362458814071, 'eval_recall_macro': 0.7294950738916257, 'eval_accuracy': 0.75, 'eval_runtime': 0.3204, 'eval_samples_per_second': 674.082, 'eval_steps_per_second': 12.483, 'epoch': 6.0}
{'loss': 0.6338, 'grad_norm': 8.897015571594238, 'learning_rate': 0.0001817203251023745, 'epoch': 6.25}
{'loss': 0.4878, 'grad_norm': 2.5425140857696533, 'learning_rate': 0.00017695076276372953, 'epoch': 6.88}
{'eval_loss': 0.6924580335617065, 'eval_f1_macro': 0.7648203575389679, 'eval_f1_weighted': 0.7784061605808027, 'eval_precision_macro': 0.7746769568151146, 'eval_recall_macro': 0.7634031198686371, 'eval_accuracy': 0.7777777777777778, 'eval_runtime': 0.2981, 'eval_samples_per_second': 724.612, 'eval_steps_per_second': 13.419, 'epoch': 7.0}
{'loss': 0.3298, 'grad_norm': 6.535726070404053, 'learning_rate': 0.00017218120042508453, 'epoch': 7.5}
{'eval_loss': 0.8326830863952637, 'eval_f1_macro': 0.747717180258419, 'eval_f1_weighted': 0.7559844231918712, 'eval_precision_macro': 0.7620241714806932, 'eval_recall_macro': 0.7449507389162562, 'eval_accuracy': 0.7546296296296297, 'eval_runtime': 0.2946, 'eval_samples_per_second': 733.13, 'eval_steps_per_second': 13.576, 'epoch': 8.0}
{'loss': 0.2536, 'grad_norm': 3.2456278800964355, 'learning_rate': 0.00016741163808643952, 'epoch': 8.12}
{'loss': 0.1745, 'grad_norm': 4.178353309631348, 'learning_rate': 0.00016264207574779452, 'epoch': 8.75}
{'eval_loss': 0.7970027327537537, 'eval_f1_macro': 0.7549693742412538, 'eval_f1_weighted': 0.7657449542946912, 'eval_precision_macro': 0.7795912048739012, 'eval_recall_macro': 0.7617918719211823, 'eval_accuracy': 0.7592592592592593, 'eval_runtime': 0.2929, 'eval_samples_per_second': 737.407, 'eval_steps_per_second': 13.656, 'epoch': 9.0}
{'loss': 0.1275, 'grad_norm': 3.4693195819854736, 'learning_rate': 0.0001578725134091495, 'epoch': 9.38}
{'loss': 0.1259, 'grad_norm': 2.993731737136841, 'learning_rate': 0.0001531029510705045, 'epoch': 10.0}
{'eval_loss': 0.8081734776496887, 'eval_f1_macro': 0.7560075096116028, 'eval_f1_weighted': 0.7707441089074514, 'eval_precision_macro': 0.7684964660704792, 'eval_recall_macro': 0.7583435960591134, 'eval_accuracy': 0.7685185185185185, 'eval_runtime': 0.2943, 'eval_samples_per_second': 733.939, 'eval_steps_per_second': 13.591, 'epoch': 10.0}
{'loss': 0.0444, 'grad_norm': 2.4249114990234375, 'learning_rate': 0.00014833338873185953, 'epoch': 10.62}
{'eval_loss': 0.7683072090148926, 'eval_f1_macro': 0.7914506109294548, 'eval_f1_weighted': 0.7978943701191349, 'eval_precision_macro': 0.8029224837289354, 'eval_recall_macro': 0.7886699507389163, 'eval_accuracy': 0.8009259259259259, 'eval_runtime': 0.3051, 'eval_samples_per_second': 708.018, 'eval_steps_per_second': 13.111, 'epoch': 11.0}
{'loss': 0.0545, 'grad_norm': 2.954625368118286, 'learning_rate': 0.00014356382639321453, 'epoch': 11.25}
{'loss': 0.0363, 'grad_norm': 0.49206146597862244, 'learning_rate': 0.00013879426405456952, 'epoch': 11.88}
{'eval_loss': 0.7561066150665283, 'eval_f1_macro': 0.8057760930265784, 'eval_f1_weighted': 0.812458707060839, 'eval_precision_macro': 0.8118216184176772, 'eval_recall_macro': 0.8135160098522168, 'eval_accuracy': 0.8148148148148148, 'eval_runtime': 0.299, 'eval_samples_per_second': 722.525, 'eval_steps_per_second': 13.38, 'epoch': 12.0}
{'loss': 0.025, 'grad_norm': 0.5921810865402222, 'learning_rate': 0.00013402470171592452, 'epoch': 12.5}
{'eval_loss': 1.104451298713684, 'eval_f1_macro': 0.7579971700666717, 'eval_f1_weighted': 0.7659846258615682, 'eval_precision_macro': 0.7792426022045587, 'eval_recall_macro': 0.76564039408867, 'eval_accuracy': 0.7638888888888888, 'eval_runtime': 0.3025, 'eval_samples_per_second': 714.13, 'eval_steps_per_second': 13.225, 'epoch': 13.0}
{'loss': 0.0375, 'grad_norm': 0.26445692777633667, 'learning_rate': 0.00012925513937727952, 'epoch': 13.12}
{'loss': 0.0183, 'grad_norm': 0.3850378394126892, 'learning_rate': 0.0001244855770386345, 'epoch': 13.75}
{'eval_loss': 0.8619697093963623, 'eval_f1_macro': 0.7831604679874931, 'eval_f1_weighted': 0.7932998452596252, 'eval_precision_macro': 0.7912930670283611, 'eval_recall_macro': 0.78438013136289, 'eval_accuracy': 0.7916666666666666, 'eval_runtime': 0.297, 'eval_samples_per_second': 727.304, 'eval_steps_per_second': 13.469, 'epoch': 14.0}
{'loss': 0.0202, 'grad_norm': 0.40868768095970154, 'learning_rate': 0.00011971601469998952, 'epoch': 14.38}
{'loss': 0.016, 'grad_norm': 0.4151521325111389, 'learning_rate': 0.00011494645236134452, 'epoch': 15.0}
{'eval_loss': 0.9259375929832458, 'eval_f1_macro': 0.7770890309616962, 'eval_f1_weighted': 0.7835252447923324, 'eval_precision_macro': 0.7800882419473252, 'eval_recall_macro': 0.7870381773399014, 'eval_accuracy': 0.7870370370370371, 'eval_runtime': 0.2976, 'eval_samples_per_second': 725.89, 'eval_steps_per_second': 13.442, 'epoch': 15.0}
{'loss': 0.0073, 'grad_norm': 0.6485171914100647, 'learning_rate': 0.00011017689002269953, 'epoch': 15.62}
{'eval_loss': 0.8510704636573792, 'eval_f1_macro': 0.8006279578524051, 'eval_f1_weighted': 0.8071141391619773, 'eval_precision_macro': 0.8042459209582036, 'eval_recall_macro': 0.8048953201970444, 'eval_accuracy': 0.8055555555555556, 'eval_runtime': 0.3015, 'eval_samples_per_second': 716.527, 'eval_steps_per_second': 13.269, 'epoch': 16.0}
{'loss': 0.0123, 'grad_norm': 2.6497325897216797, 'learning_rate': 0.00010540732768405452, 'epoch': 16.25}
{'loss': 0.0048, 'grad_norm': 0.1830248385667801, 'learning_rate': 0.00010063776534540952, 'epoch': 16.88}
{'eval_loss': 0.8613367676734924, 'eval_f1_macro': 0.8266419662887393, 'eval_f1_weighted': 0.832782111939757, 'eval_precision_macro': 0.8310427718832891, 'eval_recall_macro': 0.8276580459770114, 'eval_accuracy': 0.8333333333333334, 'eval_runtime': 0.2993, 'eval_samples_per_second': 721.667, 'eval_steps_per_second': 13.364, 'epoch': 17.0}
{'loss': 0.0036, 'grad_norm': 0.031898342072963715, 'learning_rate': 9.586820300676451e-05, 'epoch': 17.5}
{'eval_loss': 0.9340347051620483, 'eval_f1_macro': 0.79974215270235, 'eval_f1_weighted': 0.8036736701864747, 'eval_precision_macro': 0.7996157488344988, 'eval_recall_macro': 0.8089183087027915, 'eval_accuracy': 0.8055555555555556, 'eval_runtime': 0.2952, 'eval_samples_per_second': 731.595, 'eval_steps_per_second': 13.548, 'epoch': 18.0}
{'loss': 0.0034, 'grad_norm': 0.11815308779478073, 'learning_rate': 9.109864066811951e-05, 'epoch': 18.12}
{'loss': 0.0027, 'grad_norm': 0.026908375322818756, 'learning_rate': 8.63290783294745e-05, 'epoch': 18.75}
{'eval_loss': 0.8713247776031494, 'eval_f1_macro': 0.8270014703388923, 'eval_f1_weighted': 0.8327171538017921, 'eval_precision_macro': 0.8264666005291006, 'eval_recall_macro': 0.8350882594417077, 'eval_accuracy': 0.8333333333333334, 'eval_runtime': 0.2963, 'eval_samples_per_second': 728.877, 'eval_steps_per_second': 13.498, 'epoch': 19.0}
{'loss': 0.0025, 'grad_norm': 0.03084617666900158, 'learning_rate': 8.155951599082951e-05, 'epoch': 19.38}
{'loss': 0.0022, 'grad_norm': 0.022106660529971123, 'learning_rate': 7.678995365218451e-05, 'epoch': 20.0}
{'eval_loss': 0.903867244720459, 'eval_f1_macro': 0.8237566698993637, 'eval_f1_weighted': 0.8277298607930677, 'eval_precision_macro': 0.8232167360014456, 'eval_recall_macro': 0.8309318555008209, 'eval_accuracy': 0.8287037037037037, 'eval_runtime': 0.3009, 'eval_samples_per_second': 717.887, 'eval_steps_per_second': 13.294, 'epoch': 20.0}
{'loss': 0.0021, 'grad_norm': 0.016411541029810905, 'learning_rate': 7.20203913135395e-05, 'epoch': 20.62}
{'eval_loss': 0.8844988942146301, 'eval_f1_macro': 0.8199095638463751, 'eval_f1_weighted': 0.8222738990190231, 'eval_precision_macro': 0.8183367877333394, 'eval_recall_macro': 0.8264675697865353, 'eval_accuracy': 0.8240740740740741, 'eval_runtime': 0.3059, 'eval_samples_per_second': 706.221, 'eval_steps_per_second': 13.078, 'epoch': 21.0}
{'loss': 0.002, 'grad_norm': 0.023938382044434547, 'learning_rate': 6.725082897489452e-05, 'epoch': 21.25}
{'loss': 0.0019, 'grad_norm': 0.018429793417453766, 'learning_rate': 6.248126663624951e-05, 'epoch': 21.88}
{'eval_loss': 0.874250054359436, 'eval_f1_macro': 0.8247168014614579, 'eval_f1_weighted': 0.8273229994214835, 'eval_precision_macro': 0.8232243538709056, 'eval_recall_macro': 0.8309318555008209, 'eval_accuracy': 0.8287037037037037, 'eval_runtime': 0.3207, 'eval_samples_per_second': 673.569, 'eval_steps_per_second': 12.474, 'epoch': 22.0}
{'train_runtime': 65.2688, 'train_samples_per_second': 463.315, 'train_steps_per_second': 7.354, 'train_loss': 0.46942596446553414, 'epoch': 22.0}
  Finished  : epoch 22/30 | runtime 65s | 463.3 samples/s  Finished  : epoch 22/30 | runtime 65s | 463.3 samples/s

  Finished  : epoch 22/30 | runtime 65s | 463.3 samples/s
  Finished  : epoch 22/30 | runtime 65s | 463.3 samples/s

  Loading: renumics/emodb
  Loading: renumics/emodb
  Loading: renumics/emodb


              precision    recall  f1-score   support

       angry       0.88      0.79      0.83        28
        calm       0.89      0.83      0.86        29
     disgust       0.87      0.93      0.90        29
     fearful       0.81      0.86      0.83        29
       happy       0.64      0.62      0.63        29
     neutral       0.53      0.71      0.61        14
         sad       0.77      0.79      0.78        29
   surprised       0.92      0.79      0.85        29

    accuracy                           0.80       216
   macro avg       0.79      0.79      0.79       216
weighted avg       0.81      0.80      0.80       216

  F1-Macro 0.7862 | Accuracy 0.7963 | Precision 0.7878 | Recall 0.7909

======================================================================
[10/10]  distilhubert_emodb
  Model  : ntu-spml/distilhubert
  Dataset: renumics/emodb
  Output : /home/tu/tu_tu/tu_zxord71/asp-project/outputs/distilhubert_emodb

  Loading: renumics/emodb
  Label col : emotion
  Samples   : 535  |  Classes: 7
    0: 127
    1: 81
    2: 46
    3: 69
    4: 71
    5: 79
    6: 62
  Classes   : ['anger', 'boredom', 'disgust', 'fear', 'happiness', 'neutral', 'sadness']
  Label col : emotion
  Samples   : 535  |  Classes: 7
    0: 127
    1: 81
    2: 46
    3: 69
    4: 71
    5: 79
    6: 62
  Classes   : ['anger', 'boredom', 'disgust', 'fear', 'happiness', 'neutral', 'sadness']
  Split     : 374 train / 80 val / 81 test  (of 535)
  Label col : emotion
  Samples   : 535  |  Classes: 7
    0: 127
    1: 81
    2: 46
    3: 69
    4: 71
    5: 79
    6: 62
  Classes   : ['anger', 'boredom', 'disgust', 'fear', 'happiness', 'neutral', 'sadness']
  Split     : 374 train / 80 val / 81 test  (of 535)
  Split     : 374 train / 80 val / 81 test  (of 535)
  Feature extractor : Wav2Vec2FeatureExtractor  (sr=16000)
  Featurising splits ...
  Feature extractor : Wav2Vec2FeatureExtractor  (sr=16000)
  Featurising splits ...
  Feature extractor : Wav2Vec2FeatureExtractor  (sr=16000)
  Featurising splits ...
  Model             : HubertForSequenceClassification  (23,690,631 params, 23,690,631 trainable)
  Training  : lr=0.00015346635536860157  bs=8  epochs=30  patience=5
  Model             : HubertForSequenceClassification  (23,690,631 params, 23,690,631 trainable)
  Training  : lr=0.00015346635536860157  bs=8  epochs=30  patience=5
  Model             : HubertForSequenceClassification  (23,690,631 params, 23,690,631 trainable)
  Training  : lr=0.00015346635536860157  bs=8  epochs=30  patience=5
  Label col : emotion
  Samples   : 535  |  Classes: 7
    0: 127
    1: 81
    2: 46
    3: 69
    4: 71
    5: 79
    6: 62
  Classes   : ['anger', 'boredom', 'disgust', 'fear', 'happiness', 'neutral', 'sadness']
  Split     : 374 train / 80 val / 81 test  (of 535)
  Feature extractor : Wav2Vec2FeatureExtractor  (sr=16000)
  Featurising splits ...
  Loaded hyperparameters: lr=0.00015346635536860157  bs=8  warmup=0.060496360286116144  wd=0.04051128550107485
  Model             : HubertForSequenceClassification  (23,690,631 params, 23,690,631 trainable)
  Training  : lr=0.00015346635536860157  bs=8  epochs=30  patience=5
{'loss': 1.9251, 'grad_norm': 0.7925015091896057, 'learning_rate': 6.278169083260974e-05, 'epoch': 0.83}
{'eval_loss': 1.866613745689392, 'eval_f1_macro': 0.05483405483405483, 'eval_f1_weighted': 0.09116161616161615, 'eval_precision_macro': 0.033928571428571426, 'eval_recall_macro': 0.14285714285714285, 'eval_accuracy': 0.2375, 'eval_runtime': 3.8885, 'eval_samples_per_second': 20.573, 'eval_steps_per_second': 0.771, 'epoch': 1.0}
{'loss': 1.8522, 'grad_norm': 1.165635108947754, 'learning_rate': 0.000132539125091065, 'epoch': 1.67}
{'eval_loss': 1.4761230945587158, 'eval_f1_macro': 0.36846933398657533, 'eval_f1_weighted': 0.42498961766203147, 'eval_precision_macro': 0.32554945054945056, 'eval_recall_macro': 0.45238095238095244, 'eval_accuracy': 0.5375, 'eval_runtime': 0.2318, 'eval_samples_per_second': 345.123, 'eval_steps_per_second': 12.942, 'epoch': 2.0}
{'loss': 1.516, 'grad_norm': 2.2264599800109863, 'learning_rate': 0.0001502880580680684, 'epoch': 2.5}
{'eval_loss': 1.093505859375, 'eval_f1_macro': 0.50873069582747, 'eval_f1_weighted': 0.5353055367571496, 'eval_precision_macro': 0.62953216374269, 'eval_recall_macro': 0.5312925170068027, 'eval_accuracy': 0.6, 'eval_runtime': 0.2129, 'eval_samples_per_second': 375.723, 'eval_steps_per_second': 14.09, 'epoch': 3.0}
{'loss': 1.1807, 'grad_norm': 1.6619818210601807, 'learning_rate': 0.00014574763335302102, 'epoch': 3.33}
{'eval_loss': 0.852337658405304, 'eval_f1_macro': 0.6716624448822592, 'eval_f1_weighted': 0.6774492213153204, 'eval_precision_macro': 0.6919642857142856, 'eval_recall_macro': 0.6925170068027212, 'eval_accuracy': 0.725, 'eval_runtime': 0.2224, 'eval_samples_per_second': 359.721, 'eval_steps_per_second': 13.49, 'epoch': 4.0}
{'loss': 0.9404, 'grad_norm': 3.132418155670166, 'learning_rate': 0.00014120720863797364, 'epoch': 4.17}
{'loss': 0.672, 'grad_norm': 3.9536781311035156, 'learning_rate': 0.00013666678392292624, 'epoch': 5.0}
{'eval_loss': 0.5871810913085938, 'eval_f1_macro': 0.8159332730761302, 'eval_f1_weighted': 0.812977022977023, 'eval_precision_macro': 0.9036630036630037, 'eval_recall_macro': 0.8220730397422127, 'eval_accuracy': 0.8375, 'eval_runtime': 0.2261, 'eval_samples_per_second': 353.829, 'eval_steps_per_second': 13.269, 'epoch': 5.0}
{'loss': 0.4884, 'grad_norm': 3.7014377117156982, 'learning_rate': 0.00013212635920787887, 'epoch': 5.83}
{'eval_loss': 0.611070990562439, 'eval_f1_macro': 0.7913915222839708, 'eval_f1_weighted': 0.8015751334858887, 'eval_precision_macro': 0.831884781884782, 'eval_recall_macro': 0.8, 'eval_accuracy': 0.8125, 'eval_runtime': 0.2212, 'eval_samples_per_second': 361.733, 'eval_steps_per_second': 13.565, 'epoch': 6.0}
{'loss': 0.3683, 'grad_norm': 3.251664876937866, 'learning_rate': 0.0001275859344928315, 'epoch': 6.67}
{'eval_loss': 0.4406066834926605, 'eval_f1_macro': 0.8837625848495414, 'eval_f1_weighted': 0.8860003502666547, 'eval_precision_macro': 0.9027777777777778, 'eval_recall_macro': 0.8897243107769424, 'eval_accuracy': 0.8875, 'eval_runtime': 0.2342, 'eval_samples_per_second': 341.661, 'eval_steps_per_second': 12.812, 'epoch': 7.0}
{'loss': 0.2522, 'grad_norm': 3.5835421085357666, 'learning_rate': 0.0001230455097777841, 'epoch': 7.5}
{'eval_loss': 0.4023269712924957, 'eval_f1_macro': 0.8444055944055945, 'eval_f1_weighted': 0.847770979020979, 'eval_precision_macro': 0.8710884353741496, 'eval_recall_macro': 0.8411206587898317, 'eval_accuracy': 0.85, 'eval_runtime': 0.2078, 'eval_samples_per_second': 384.893, 'eval_steps_per_second': 14.434, 'epoch': 8.0}
{'loss': 0.1615, 'grad_norm': 1.1719003915786743, 'learning_rate': 0.00011850508506273671, 'epoch': 8.33}
{'eval_loss': 0.4553421139717102, 'eval_f1_macro': 0.8342267488608952, 'eval_f1_weighted': 0.8349788930581614, 'eval_precision_macro': 0.887291280148423, 'eval_recall_macro': 0.8424812030075187, 'eval_accuracy': 0.85, 'eval_runtime': 0.2225, 'eval_samples_per_second': 359.592, 'eval_steps_per_second': 13.485, 'epoch': 9.0}
{'loss': 0.1166, 'grad_norm': 1.7485082149505615, 'learning_rate': 0.00011396466034768933, 'epoch': 9.17}
{'loss': 0.0778, 'grad_norm': 2.3945436477661133, 'learning_rate': 0.00010942423563264194, 'epoch': 10.0}
{'eval_loss': 0.5525387525558472, 'eval_f1_macro': 0.773121187755334, 'eval_f1_weighted': 0.7849206179998863, 'eval_precision_macro': 0.8510667903525048, 'eval_recall_macro': 0.7802363050483352, 'eval_accuracy': 0.8, 'eval_runtime': 0.2197, 'eval_samples_per_second': 364.174, 'eval_steps_per_second': 13.657, 'epoch': 10.0}
{'loss': 0.0448, 'grad_norm': 3.0649619102478027, 'learning_rate': 0.00010488381091759457, 'epoch': 10.83}
{'eval_loss': 0.4593481123447418, 'eval_f1_macro': 0.7822137606040235, 'eval_f1_weighted': 0.7842697035815018, 'eval_precision_macro': 0.8066195709052851, 'eval_recall_macro': 0.7887397064088794, 'eval_accuracy': 0.8, 'eval_runtime': 0.2393, 'eval_samples_per_second': 334.334, 'eval_steps_per_second': 12.538, 'epoch': 11.0}
{'loss': 0.0636, 'grad_norm': 0.2900225818157196, 'learning_rate': 0.00010034338620254718, 'epoch': 11.67}
{'eval_loss': 0.5935333371162415, 'eval_f1_macro': 0.8053395795306816, 'eval_f1_weighted': 0.8096840338419586, 'eval_precision_macro': 0.8270923520923521, 'eval_recall_macro': 0.8166666666666667, 'eval_accuracy': 0.825, 'eval_runtime': 0.2352, 'eval_samples_per_second': 340.169, 'eval_steps_per_second': 12.756, 'epoch': 12.0}
{'train_runtime': 26.5983, 'train_samples_per_second': 421.831, 'train_steps_per_second': 13.535, 'train_loss': 0.6714414126343198, 'epoch': 12.0}
  Finished  : epoch 12/30 | runtime 27s | 421.9 samples/s
  Finished  : epoch 12/30 | runtime 27s | 421.9 samples/s
  Finished  : epoch 12/30 | runtime 27s | 421.8 samples/s
  Finished  : epoch 12/30 | runtime 27s | 421.9 samples/s
              precision    recall  f1-score   support

       anger       0.81      0.89      0.85        19
     boredom       0.89      0.67      0.76        12
     disgust       0.78      1.00      0.88         7
        fear       0.91      0.91      0.91        11
   happiness       0.62      0.45      0.53        11
     neutral       0.92      0.92      0.92        12
     sadness       0.82      1.00      0.90         9

    accuracy                           0.83        81
   macro avg       0.82      0.83      0.82        81
weighted avg       0.82      0.83      0.82        81

  F1-Macro 0.8199 | Accuracy 0.8272 | Precision 0.8207 | Recall 0.8345

Report saved -> /home/tu/tu_tu/tu_zxord71/asp-project/outputs/report.md
# Emotion Recognition — Results Summary

Experiments: 5 models × 2 datasets

## Dataset: `emodb`

| Model | Accuracy | Precision (macro) | Recall (macro) | F1 (macro) | F1 (weighted) |
|-------|:--------:|:-----------------:|:--------------:|:----------:|:-------------:|
| `distilhubert` | 0.8272 | 0.8207 | 0.8345 | 0.8199 | 0.8186 |
| `emotion2vec-base` | ❌ `  Attempt 2: emotion2vec/emotion2vec_plus_base does not appear to have a file na` | — | — | — | — |
| `hubert-xlarge` | 0.9136 | 0.9405 | 0.9123 | 0.9157 | 0.9091 |
| `wav2vec2-base` | 0.9383 | 0.9541 | 0.9361 | 0.9377 | 0.9344 |
| `wavlm-large` | 0.9877 | 0.9857 | 0.9881 | 0.9863 | 0.9877 |

## Dataset: `ravdess`

| Model | Accuracy | Precision (macro) | Recall (macro) | F1 (macro) | F1 (weighted) |
|-------|:--------:|:-----------------:|:--------------:|:----------:|:-------------:|
| `distilhubert` | 0.7963 | 0.7878 | 0.7909 | 0.7862 | 0.7985 |
| `emotion2vec-base` | ❌ `  Attempt 2: emotion2vec/emotion2vec_plus_base does not appear to have a file na` | — | — | — | — |
| `hubert-xlarge` | 0.9028 | 0.8985 | 0.9044 | 0.9006 | 0.9029 |
| `wav2vec2-base` | 0.8981 | 0.8990 | 0.8956 | 0.8951 | 0.8995 |
| `wavlm-large` | 0.8981 | 0.8907 | 0.8910 | 0.8898 | 0.8988 |

## Cross-Dataset Comparison — F1-Macro

| Model | `emodb` | `ravdess` |
|-------|:------:|:------:|
| `distilhubert` | 0.8199 | 0.7862 |
| `emotion2vec-base` | ❌ | ❌ |
| `hubert-xlarge` | 0.9157 | 0.9006 |
| `wav2vec2-base` | 0.9377 | 0.8951 |
| `wavlm-large` | 0.9863 | 0.8898 |


All experiments complete.

============================================
Job finished
============================================
Stage 1 exit : 0
Stage 2 exit : 0
End time     : Tue Jun 30 12:32:49 AM CEST 2026

Success. Outputs:
total 41K
drwxr-xr-x 4 tu_zxord71 tu_tu 4.0K Jun 30 00:32 distilhubert_emodb
drwxr-xr-x 4 tu_zxord71 tu_tu 4.0K Jun 30 00:32 distilhubert_ravdess
drwxr-xr-x 3 tu_zxord71 tu_tu 4.0K Jun 30 00:24 emotion2vec-base_emodb
drwxr-xr-x 3 tu_zxord71 tu_tu 4.0K Jun 30 00:24 emotion2vec-base_ravdess
drwxr-xr-x 4 tu_zxord71 tu_tu 4.0K Jun 30 00:24 hubert-xlarge_emodb
drwxr-xr-x 4 tu_zxord71 tu_tu 4.0K Jun 30 00:19 hubert-xlarge_ravdess
-rw-r--r-- 1 tu_zxord71 tu_tu 1.6K Jun 30 00:32 report.md
drwxr-xr-x 4 tu_zxord71 tu_tu 4.0K Jun 30 00:09 wav2vec2-base_emodb
drwxr-xr-x 4 tu_zxord71 tu_tu 4.0K Jun 30 00:08 wav2vec2-base_ravdess
drwxr-xr-x 4 tu_zxord71 tu_tu 4.0K Jun 30 00:30 wavlm-large_emodb
drwxr-xr-x 4 tu_zxord71 tu_tu 4.0K Jun 30 00:29 wavlm-large_ravdess

=== report.md ===
# Emotion Recognition — Results Summary

Experiments: 5 models × 2 datasets

## Dataset: `emodb`

| Model | Accuracy | Precision (macro) | Recall (macro) | F1 (macro) | F1 (weighted) |
|-------|:--------:|:-----------------:|:--------------:|:----------:|:-------------:|
| `distilhubert` | 0.8272 | 0.8207 | 0.8345 | 0.8199 | 0.8186 |
| `emotion2vec-base` | ❌ `  Attempt 2: emotion2vec/emotion2vec_plus_base does not appear to have a file na` | — | — | — | — |
| `hubert-xlarge` | 0.9136 | 0.9405 | 0.9123 | 0.9157 | 0.9091 |
| `wav2vec2-base` | 0.9383 | 0.9541 | 0.9361 | 0.9377 | 0.9344 |
| `wavlm-large` | 0.9877 | 0.9857 | 0.9881 | 0.9863 | 0.9877 |

## Dataset: `ravdess`

| Model | Accuracy | Precision (macro) | Recall (macro) | F1 (macro) | F1 (weighted) |
|-------|:--------:|:-----------------:|:--------------:|:----------:|:-------------:|
| `distilhubert` | 0.7963 | 0.7878 | 0.7909 | 0.7862 | 0.7985 |
| `emotion2vec-base` | ❌ `  Attempt 2: emotion2vec/emotion2vec_plus_base does not appear to have a file na` | — | — | — | — |
| `hubert-xlarge` | 0.9028 | 0.8985 | 0.9044 | 0.9006 | 0.9029 |
| `wav2vec2-base` | 0.8981 | 0.8990 | 0.8956 | 0.8951 | 0.8995 |
| `wavlm-large` | 0.8981 | 0.8907 | 0.8910 | 0.8898 | 0.8988 |

## Cross-Dataset Comparison — F1-Macro

| Model | `emodb` | `ravdess` |
|-------|:------:|:------:|
| `distilhubert` | 0.8199 | 0.7862 |
| `emotion2vec-base` | ❌ | ❌ |
| `hubert-xlarge` | 0.9157 | 0.9006 |
| `wav2vec2-base` | 0.9377 | 0.8951 |
| `wavlm-large` | 0.9863 | 0.8898 |

============================= JOB FEEDBACK =============================

NodeName=uc2n904
Job ID: 5403657
Cluster: uc3
User/Group: tu_zxord71/tu_tu
State: COMPLETED (exit code 0)
Nodes: 1
Cores per node: 32
CPU Utilized: 02:59:57
CPU Efficiency: 5.37% of 2-07:54:08 core-walltime
Job Wall-clock time: 01:44:49
Memory Utilized: 10.76 GB
Memory Efficiency: 2.16% of 498.05 GB (498.05 GB/node)
