step,train_loss
10,1.9556
20,1.9479
30,1.952
40,1.949
50,1.9513
60,1.9495
70,1.9466
80,1.9458
90,1.9472
100,1.9469
110,1.9432
120,1.956
130,1.9448
140,1.9525
150,1.9445
160,1.9509
170,1.9411
180,1.9489
190,1.9433
200,1.945
210,1.9396
220,1.9427
230,1.9408
240,1.941
250,1.9479
260,1.9354
270,1.9398
280,1.938
290,1.9401
300,1.9363
310,1.941
320,1.9282
330,1.9341
340,1.9315
350,1.9231
360,1.9302
370,1.9308
380,1.9347
390,1.927
400,1.9234
410,1.9271
420,1.9163
430,1.9195
440,1.9166
450,1.929
460,1.9271
470,1.9164
480,1.9283
490,1.9156
500,1.9188
510,1.9124
520,1.9117
530,1.8981
540,1.9154
550,1.9008
560,1.9131
570,1.8972
580,1.8907
590,1.9114
600,1.9208
610,1.8815
620,1.8957
630,1.9207
640,1.882
650,1.9036
660,1.8894
670,1.8514
680,1.9358
690,1.8681
700,1.87
710,1.8821
720,1.9168
730,1.8673
740,1.876
750,1.8617
760,1.8407
770,1.8493
780,1.8134
790,1.8736
800,1.8674
810,1.8605
820,1.862
830,1.8753
840,1.8074
850,1.8292
860,1.8239
870,1.8275
880,1.8654
890,1.8575
900,1.7734
910,1.8104
920,1.8173
930,1.8016
940,1.8321
950,1.8744
960,1.759
970,1.7412
980,1.7456
990,1.7944
1000,1.806
1010,1.7323
1020,1.7648
1030,1.8212
1040,1.7866
1050,1.7262
1060,1.7428
1070,1.7462
1080,1.645
1090,1.6279
1100,1.7004
1110,1.6653
1120,1.6167
1130,1.6901
1140,1.7273
1150,1.7181
1160,1.6383
1170,1.6398
1180,1.6739
1190,1.6448
1200,1.6481
1210,1.6688
1220,1.6578
1230,1.6769
1240,1.6182
1250,1.6404
1260,1.6533
1270,1.6274
1280,1.5139
1290,1.5876
1300,1.6497
1310,1.6569
1320,1.6438
1330,1.5906
1340,1.6311
1350,1.6125
1360,1.6901
1370,1.6329
1380,1.6495
1390,1.6874
1400,1.547
1410,1.5845
1420,1.6495
1430,1.5032
1440,1.5419
1450,1.5937
1460,1.5918
1470,1.6938
1480,1.5143
1490,1.4269
1500,1.4672
1510,1.4808
1520,1.4617
1530,1.5372
1540,1.5625
1550,1.5938
1560,1.4827
1570,1.6026
1580,1.5543
1590,1.4544
1600,1.513
1610,1.3826
1620,1.5395
1630,1.4793
1640,1.4376
1650,1.4207
1660,1.5008
1670,1.5416
1680,1.5325
1690,1.4512
1700,1.4516
1710,1.4079
1720,1.5065
1730,1.4375
1740,1.4152
1750,1.3607
1760,1.4737
1770,1.3083
1780,1.4336
1790,1.4809
1800,1.4455
1810,1.393
1820,1.5599
1830,1.5124
1840,1.4095
1850,1.4081
1860,1.4707
1870,1.4379
1880,1.5355
1890,1.5703
1900,1.315
1910,1.3457
1920,1.4143
1930,1.4186
1940,1.4081
1950,1.3765
1960,1.3626
1970,1.3739
1980,1.3596
1990,1.3833
2000,1.3569
2010,1.3579
2020,1.2466
2030,1.3019
2040,1.2792
2050,1.4069
2060,1.2832
2070,1.4142
2080,1.3426
2090,1.2845
2100,1.3836
2110,1.2761
2120,1.3036
2130,1.3853
2140,1.3173
2150,1.476
2160,1.2587
2170,1.2585
2180,1.2376
2190,1.2816
2200,1.236
2210,1.4104
2220,1.3696
2230,1.2861
2240,1.0496
2250,1.2838
2260,1.2827
2270,1.2788
2280,1.331
2290,1.333
2300,1.2472
2310,1.1773
2320,1.2793
2330,1.2254
2340,1.3082
2350,1.2772
2360,1.3116
2370,1.3342
2380,1.3204
2390,1.2755
2400,1.3424
2410,1.2202
2420,1.1756
2430,1.1861
2440,1.3487
2450,1.1646
2460,1.1735
2470,1.3334
2480,1.263
2490,1.3224
2500,1.1044
2510,1.2828
2520,1.4152
2530,1.2015
2540,1.1444
2550,1.1799
2560,1.1233
2570,1.352
2580,1.2776
2590,1.2305
2600,1.175
2610,1.1256
2620,1.2462
2630,1.2281
2640,1.303
2650,1.1463
2660,1.2086
2670,1.0982
2680,1.0956
2690,1.1319
2700,1.1642
2710,1.1685
2720,1.0013
2730,1.1691
2740,1.2449
2750,1.1674
2760,1.1866
2770,1.161
2780,1.2158
2790,0.9695
2800,1.1534
2810,1.2098
2820,1.2758
2830,1.0121
2840,1.0874
2850,1.1831
2860,1.2256
2870,0.9555
2880,1.0658
2890,1.1853
2900,1.2506
2910,1.0767
2920,1.0684
2930,1.1662
2940,1.2314
2950,1.1633
2960,1.128
2970,0.932
2980,1.1715
2990,1.1379
3000,1.1829
3010,1.041
3020,1.0766
3030,0.9039
3040,0.9781
3050,0.9789
3060,1.0031
3070,1.1631
3080,0.964
3090,1.278
3100,1.2159
3110,1.0408
3120,1.0741
3130,1.0445
3140,1.2128
3150,1.1363
3160,1.1443
3170,1.317
3180,0.981
3190,1.0525
3200,0.983
3210,0.9503
3220,1.03
3230,0.859
3240,1.0448
3250,1.0161
3260,1.0139
3270,1.0196
3280,0.9355
3290,0.9243
3300,0.9011
3310,0.7507
3320,1.2097
3330,1.1002
3340,0.9912
3350,1.0547
3360,1.0769
3370,1.1504
3380,0.8849
3390,0.6816
3400,0.919
3410,1.091
3420,0.9329
3430,0.9614
3440,1.0137
3450,0.9112
3460,0.7993
3470,1.1732
3480,0.983
3490,1.0572
3500,0.9282
3510,0.8677
3520,0.9495
3530,0.9036
3540,1.113
3550,0.851
3560,0.8497
3570,1.0969
3580,1.0685
3590,0.8311
3600,0.7203
3610,0.9423
3620,1.0465
3630,0.9579
3640,0.7529
3650,0.7933
3660,1.0233
3670,0.8395
3680,0.9528
3690,0.939
3700,1.0219
3710,0.8006
3720,1.0222
3730,0.9196
3740,0.9672
3750,0.9128
3760,0.9471
3770,0.8217
3780,0.8287
3790,0.9175
3800,0.9712
3810,0.8354
3820,0.8659
3830,1.0439
3840,0.8123
3850,0.6709
3860,0.7712
3870,1.0752
3880,0.9447
3890,0.9016
3900,0.8417
3910,1.08
3920,0.8814
3930,0.8428
3940,0.7698
3950,0.9733
3960,1.0121
3970,1.0681
3980,0.9086
3990,0.9967
4000,0.9522
4010,1.0328
4020,0.8507
4030,0.7688
4040,0.8146
4050,0.9662
4060,1.139
4070,0.8549
4080,0.9594
4090,0.7461
4100,0.7385
4110,0.988
4120,0.8055
4130,1.0319
4140,1.1705
4150,0.8315
4160,0.7489
4170,1.1111
4180,0.9263
4190,0.9464
4200,1.0125
4210,0.9718
4220,0.8671
4230,0.7694
4240,0.8147
4250,0.8498
4260,0.895
4270,0.9068
4280,0.9671
4290,1.0517
4300,0.6958
4310,1.084
4320,0.8683
4330,0.9425
4340,0.9851
4350,1.0078
4360,0.8171
4370,0.7523
4380,0.7866
4390,0.7258
4400,0.7173
4410,1.0455
4420,0.9159
4430,0.932
4440,0.865
4450,0.9024
4460,0.9316
4470,1.0105
4480,0.8828
4490,0.7234
4500,0.9048
4510,0.7556
4520,0.8719
4530,0.7782
4540,0.8807
4550,1.1954
4560,0.9427
4570,0.8124
4580,0.8074
4590,1.0576
4600,0.9138
4610,0.8327
4620,0.9722
4630,0.7314
4640,0.8855
4650,0.6839
4660,0.8074
4670,0.727
4680,0.8325
4690,0.8229
4700,0.7759
4710,0.5683
4720,0.8522
4730,0.8767
4740,0.7083
4750,0.8471
4760,0.7458
4770,0.8368
4780,0.6692
4790,0.9567
4800,0.9631
4810,0.843
4820,0.9005
4830,0.5997
4840,0.8442
4850,1.0757
4860,0.752
4870,0.9703
4880,0.9577
4890,0.917
4900,0.9859
4910,0.6868
4920,0.6552
4930,0.903
4940,0.761
4950,0.6567
4960,0.9424
4970,0.8162
4980,1.0686
4990,0.8552
5000,1.1234
5010,0.9424
5020,0.8994
5030,1.0843
5040,1.0887
5050,0.874
5060,0.93
5070,1.0196
5080,0.7092
5090,0.9129
5100,0.9115
5110,0.6232
5120,0.7536
5130,0.6923
5140,1.1548
5150,0.9897
5160,0.993
5170,0.7617
5180,0.806
5190,0.8156
5200,0.7181
5210,0.9738
5220,1.0104
5230,0.9396
5240,0.8892
5250,0.7122
5260,0.7557
5270,0.9065
5280,0.9877
5290,0.9149
5300,0.6947
5310,0.946
5320,0.8773
5330,0.898
5340,0.6747
5350,0.7374
5360,0.8393
5370,0.7209
5380,0.7564
5390,0.7652
5400,0.806
5410,0.8337
5420,1.0334
5430,0.8725
5440,0.8566
5450,0.6412
5460,0.8498
5470,0.8236
5480,0.7379
5490,0.7408
5500,0.6617
5510,0.9846
5520,0.7603
5530,0.9331
5540,0.7686
5550,0.71
5560,0.9372
5570,0.8274
5580,0.9834
5590,0.7732
5600,0.667
5610,0.8044
5620,1.1001
5630,0.9877
5640,1.061
5650,0.8429
5660,0.9564
5670,0.8461
5680,0.7439
5690,0.7665
5700,0.9057
5710,0.8077
5720,0.7537
5730,0.9698
5740,0.7737
5750,0.9724
5760,0.8329
5770,0.8925
5780,0.7131
5790,1.0909
5800,1.0111
5810,0.5809
5820,0.554
5830,0.8443
5840,0.9136
5850,0.7581
5860,0.8822
5870,0.7973
5880,0.8374
5890,0.5633
5900,0.7738
5910,0.9704
5920,0.7852
5930,0.7484
5940,0.6455
5950,0.8278
5960,0.9514
5970,0.8122
5980,0.91
5990,0.9538
6000,0.8698
6010,0.8076
6020,0.8628
6030,0.943
6040,0.8495
6050,0.8968
6060,0.6435
6070,0.9139
6080,0.7058
6090,0.9161
6100,0.9471
6110,0.5747
6120,0.5791
6130,0.7154
6140,0.8058
6150,0.7932
6160,0.7549
6170,0.8356
6180,0.7811
6190,0.95
6200,0.6397
6210,0.7921
6220,0.7434
6230,0.8311
6240,0.6612
6250,0.8157
6260,0.9813
6270,0.6783
6280,1.0157
6290,0.8016
6300,0.9021
6310,0.8082
6320,0.8969
6330,0.8456
6340,0.6645
6350,0.7838
6360,0.4183
6370,0.7919
6380,0.5737
6390,0.8028
6400,0.8697
6410,0.8083
6420,0.6899
6430,0.7537
6440,0.7661
6450,0.9052
6460,0.8569
6470,0.764
6480,0.9384
6490,0.5496
6500,0.8395
6510,0.5667
6520,0.5513
6530,0.7296
6540,0.6662
6550,0.7634
6560,0.5507
6570,0.528
6580,0.6748
6590,0.6965
6600,0.7162
6610,0.5707
6620,0.9733
6630,0.7436
6640,0.8228
6650,0.515
6660,0.5298
6670,0.6796
6680,0.7044
6690,0.5613
6700,0.9295
6710,0.6261
6720,0.6412
6730,0.6124
6740,0.5621
6750,0.5364
6760,0.9242
6770,0.579
6780,0.7843
6790,0.5345
6800,1.3008
6810,0.8183
6820,0.791
6830,0.7182
6840,0.7369
6850,0.6235
6860,0.7935
6870,0.8706
6880,0.6538
6890,0.7302
6900,0.8663
6910,0.5967
6920,0.7815
6930,0.731
6940,0.8506
6950,0.8147
6960,0.757
6970,0.7295
6980,0.5842
6990,0.5853
7000,0.5079
7010,0.6983
7020,0.5233
7030,0.7226
7040,0.6167
7050,0.7799
7060,0.4813
7070,0.6194
7080,0.8049
7090,0.908
7100,0.9386
7110,0.8595
7120,0.9396
7130,0.859
7140,0.5395
7150,0.6884
7160,0.5991
7170,0.5766
7180,0.645
7190,0.5809
7200,0.9305
7210,0.3492
7220,0.8987
7230,0.4614
7240,0.9943
7250,0.5516
7260,0.5572
7270,0.8261
7280,0.8107
7290,0.852
7300,0.8151
7310,0.6397
7320,0.6178
7330,0.5694
7340,0.5354
7350,0.8822
7360,0.5646
7370,0.9243
7380,0.6739
7390,0.755
7400,0.8354
7410,0.5136
7420,0.5955
7430,0.6441
7440,0.5613
7450,0.8431
7460,0.7154
7470,0.8757
7480,0.6377
7490,0.8027
7500,0.7063
7510,0.7254
7520,0.6936
7530,0.511
7540,0.6859
7550,0.8106
7560,0.4371
7570,0.6141
7580,0.7892
7590,0.7539
7600,0.7614
7610,0.7881
7620,0.4442
7630,0.6443
7640,0.7845
7650,0.6641
7660,0.8398
7670,0.5424
7680,0.5442
7690,0.6714
7700,0.873
7710,0.8001
7720,0.5918
7730,0.5861
7740,0.6069
7750,0.8004
7760,0.5716
7770,0.7818
7780,0.526
7790,0.895
7800,0.4452
7810,0.5831
7820,0.8964
7830,0.7217
7840,0.7261
7850,0.8288
7860,0.6524
7870,0.6581
7880,0.6753
7890,0.9437
7900,0.9438
7910,0.639
7920,0.7255
7930,0.5743
7940,0.5488
7950,0.6978
7960,0.4767
7970,0.6889
7980,0.5755
7990,0.9594
8000,0.725
8010,0.7576
8020,0.6621
8030,0.7709
8040,0.6648
8050,0.7009
8060,0.5319
8070,0.6087
8080,0.5854
8090,0.8554
8100,0.8401
8110,0.7054
8120,0.7765
8130,0.9908
8140,0.9261
8150,0.6169
8160,0.6315
8170,0.6826
8180,0.5278
8190,0.5869
8200,0.6127
8210,0.648
8220,0.613
8230,0.6573
8240,0.7602
8250,0.9466
8260,0.5722
8270,0.9087
8280,0.7223
8290,0.8007
8300,0.8553
8310,0.5757
8320,0.7274
8330,0.693
8340,0.6068
8350,0.7685
8360,0.7227
8370,0.7934
8380,0.7094
8390,0.6198
8400,0.5294
8410,0.6829
8420,1.0844
8430,0.7607
8440,1.1203
8450,0.5852
8460,1.0102
8470,0.7302
8480,0.741
8490,0.6918
8500,0.6818
8510,0.6114
8520,0.7642
8530,0.7695
8540,0.6021
8550,0.7813
8560,0.7475
8570,0.8014
8580,0.5181
8590,0.5829
8600,1.0159
8610,0.9024
8620,0.8101
8630,0.5881
8640,0.9589
8650,0.5256
8660,0.8095
8670,0.4336
8680,0.7135
8690,0.9327
8700,0.673
8710,0.5293
8720,0.6933
8730,0.8897
8740,0.8425
8750,0.5769
8760,0.5756
8770,0.8134
8780,0.9276
8790,0.9338
8800,0.8252
8810,0.9228
8820,0.7303
8830,0.768
8840,0.5935
8850,0.6127
8860,0.9186
8870,0.6518
8880,0.8799
8890,0.813
8900,0.5383
8910,0.755
8920,0.8667
8930,0.6525
8940,0.4508
8950,0.8714
8960,0.592
8970,0.6394
8980,0.7108
8990,0.7158
9000,0.7402
9010,0.9352
9020,0.7591
9030,1.0122
9040,0.8373
9050,0.7074
9060,0.5208
9070,0.5356
9080,0.7564
9090,0.7239
9100,0.6376
9110,0.825
9120,1.0495
9130,0.8353
9140,0.7706
9150,0.7337
9160,0.8014
9170,0.7018
9180,0.7053
9190,0.72
9200,0.6315
9210,0.887
9220,0.6942
9230,0.6548
9240,0.8371
9250,0.6823
9260,0.7502
9270,0.5175
9280,0.7252
9290,0.6345
9300,0.6466
9310,0.6527
9320,0.5902
9330,0.903
9340,0.5902
9350,0.7124
9360,0.6806
9370,0.9927
9380,0.8154
9390,0.8131
9400,0.516
9410,0.7111
9420,0.6563
9430,0.5101
9440,0.7872
9450,0.7731
9460,0.7029
9470,0.6134
9480,0.6254
9490,0.5587
9500,0.5962
9510,0.72
9520,0.5522
9530,0.582
9540,0.4291
9550,0.5879
9560,0.5931
9570,0.7103
9580,0.7441
9590,0.6879
9600,0.6927
9610,0.789
9620,0.5856
9630,0.551
9640,0.3629
9650,0.5915
9660,0.6574
9670,0.6031
9680,0.6555
9690,0.6441
9700,0.7181
9710,0.5982
9720,0.7231
9730,0.7981
9740,0.4468
9750,0.554
9760,0.724
9770,0.5342
9780,0.5752
9790,0.7278
9800,0.3135
9810,0.7784
9820,0.6003
9830,0.5786
9840,0.5204
9850,0.7504
9860,0.5624
9870,0.7401
9880,0.4906
9890,0.6596
9900,0.7812
9910,0.5824
9920,0.412
9930,0.5327
9940,0.6319
9950,0.7104
9960,0.7242
9970,0.6028
9980,0.4707
9990,0.4636
10000,0.6449
10010,0.6984
10020,0.7018
10030,0.7736
10040,0.3584
10050,0.6935
10060,0.7809
10070,0.5466
10080,0.8276
10090,0.6716
10100,0.5951
10110,0.7612
10120,0.7954
10130,0.7134
10140,0.7404
10150,0.5265
10160,0.3611
10170,0.7921
10180,0.8407
10190,0.7668
10200,0.7551
10210,0.533
10220,0.5616
10230,0.9048
10240,0.6769
10250,0.4565
10260,0.5001
10270,0.6348
10280,0.5756
10290,0.4379
10300,0.5145
10310,0.6316
10320,0.444
10330,0.5257
10340,0.8659
10350,0.7439
10360,0.5425
10370,0.5777
10380,0.574
10390,0.6301
10400,0.6409
10410,0.6498
10420,1.0473
10430,0.6683
10440,0.6017
10450,0.6217
10460,0.5245
10470,0.5436
10480,0.5091
10490,0.8367
10500,0.7657
10510,0.6686
10520,0.4204
10530,0.5723
10540,1.0395
10550,0.6282
10560,0.6358
10570,0.3935
10580,0.553
10590,0.711
10600,0.7584
10610,0.698
10620,0.4039
10630,0.5865
10640,0.9801
10650,0.9682
10660,0.5825
10670,0.4041
10680,0.6666
10690,0.7484
10700,0.667
10710,0.6064
10720,0.5475
10730,0.4715
10740,0.6485
10750,0.5138
10760,0.4625
10770,0.7123
10780,0.6287
10790,0.5917
10800,0.5812
10810,0.5974
10820,0.6311
10830,0.7515
10840,0.5288
10850,0.5544
10860,0.5266
10870,0.6973
10880,0.6706
10890,0.6764
10900,0.8679
10910,0.6353
10920,0.5232
10930,0.5179
10940,0.6759
10950,0.6547
10960,0.7291
10970,0.4601
10980,0.5889
10990,0.637
11000,0.7641
11010,0.6898
11020,0.6674
11030,0.6314
11040,0.6418
11050,0.6138
11060,0.6385
11070,0.6359
11080,0.5045
11090,0.5746
11100,0.901
11110,0.7988
11120,0.4715
11130,0.823
11140,0.4492
11150,0.6332
11160,0.5194
11170,0.7752
11180,0.5501
11190,0.8888
11200,0.7798
11210,0.4998
11220,0.7981
11230,0.4793
11240,0.6099
11250,0.7364
11260,0.6425
11270,0.7194
11280,0.5212
11290,0.6923
11300,0.9762
11310,0.7572
11320,0.8961
11330,0.5414
11340,0.9311
11350,0.5541
11360,0.4529
11370,0.5256
11380,0.7655
11390,0.7879
11400,0.6062
11410,0.6381
11420,0.723
11430,0.5154
11440,0.7993
11450,0.5815
11460,0.6878
11470,0.5544
11480,0.6824
11490,0.5192
11500,0.4264
11510,0.7699
11520,0.7846
11530,0.7049
11540,0.6042
11550,0.7182
11560,0.5965
11570,0.5826
11580,0.5527
11590,0.5496
11600,0.5976
11610,0.6916
11620,0.5447
11630,0.5985
11640,0.5405
11650,0.5186
11660,0.6973
11670,0.4578
11680,0.5645
11690,0.779
11700,0.7544
11710,0.6294
11720,0.4822
11730,0.7062
11740,0.8207
11750,0.6401
11760,0.739
11770,0.5909
11780,0.7084
11790,0.5738
11800,0.7062
11810,0.7747
11820,0.5647
11830,0.613
11840,0.678
11850,0.4758
11860,0.4163
11870,0.3564
11880,1.0671
11890,0.6553
11900,0.6612
11910,0.7863
11920,1.0485
11930,0.7724
11940,0.666
11950,0.5653
11960,0.5798
11970,0.5172
11980,0.4755
11990,0.4303
12000,0.894
12010,0.4278
12020,0.7348
12030,0.5663
12040,0.6956
12050,0.4893
12060,0.6595
12070,0.7488
12080,0.659
12090,0.6189
12100,0.6757
12110,0.5272
12120,0.6082
12130,0.7167
12140,0.4806
12150,0.5194
12160,0.6507
12170,0.7173
12180,0.4925
12190,0.5648
12200,0.6439
12210,0.7713
12220,0.6868
12230,0.4013
12240,0.627
12250,0.4418
12260,0.6514
12270,0.7243
12280,0.6276
12290,0.4568
12300,0.5474
12310,0.8291
12320,0.697
12330,0.6664
12340,0.7038
12350,0.7859
12360,0.5854
12370,0.7027
12380,0.7169
12390,0.5712
12400,0.5751
12410,0.4467
12420,0.5375
12430,0.7326
12440,0.4841
12450,0.3159
12460,0.2809
12470,0.4351
12480,0.681
12490,0.6606
12500,0.6723
12510,0.9079
12520,0.5764
12530,0.6312
12540,0.5919
12550,0.6672
12560,0.462
12570,0.5386
12580,0.713
12590,0.4575
12600,0.3317
12610,0.6539
12620,0.8414
12630,0.5486
12640,0.4528
12650,0.5773
12660,0.8602
12670,0.7456
12680,0.7163
12690,0.5203
12700,0.6055
12710,0.5757
12720,0.5268
12730,0.4358
12740,0.2032
12750,0.3196
12760,0.7334
12770,0.3271
12780,0.3699
12790,0.4759
12800,0.3839
12810,0.5355
12820,0.7182
12830,0.6423
12840,0.5148
12850,0.7117
12860,0.7454
12870,0.677
12880,0.5302
12890,0.4712
12900,0.61
12910,0.2927
12920,0.3564
12930,0.5908
12940,0.4381
12950,0.7124
12960,0.2582
12970,0.4235
12980,0.55
12990,0.4848
13000,0.625
13010,0.585
13020,0.5581
13030,0.4288
13040,0.588
13050,0.6242
13060,0.5364
13070,0.5031
13080,0.3827
13090,0.2632
13100,0.2878
13110,0.9005
13120,0.8182
13130,0.6003
13140,0.8551
13150,0.4129
13160,0.7484
13170,0.4534
13180,0.5048
13190,0.6449
13200,0.5677
13210,0.4372
13220,0.6083
13230,0.4539
13240,0.3082
13250,0.4627
13260,0.6783
13270,0.421
13280,0.428
13290,0.4867
13300,0.7658
13310,0.5259
13320,0.5784
13330,0.4639
13340,0.486
13350,0.444
13360,0.5291
13370,0.4193
13380,0.6197
13390,0.6037
13400,0.6007
13410,0.4716
13420,0.4038
13430,0.5623
13440,0.9193
13450,0.4527
13460,0.7371
13470,0.5511
13480,0.6526
13490,0.4267
13500,0.5975
13510,0.3842
13520,0.432
13530,0.5464
13540,0.4878
13550,0.6149
13560,0.3959
13570,0.4956
13580,0.3506
13590,0.3393
13600,0.6811
13610,0.6279
13620,0.7252
13630,0.7656
13640,0.5489
13650,0.6578
13660,0.4488
13670,0.4012
13680,0.3221
13690,0.5212
13700,0.6902
13710,0.5332
13720,0.5342
13730,0.5845
13740,0.6031
13750,0.409
13760,0.5139
13770,0.5371
13780,0.6574
13790,0.6069
13800,0.6711
13810,0.3042
13820,0.4207
13830,0.4334
13840,0.6699
13850,0.8447
13860,0.6443
13870,0.3448
13880,0.2264
13890,0.486
13900,0.4004
13910,0.6126
13920,0.3779
13930,0.3022
13940,0.5771
13950,0.341
13960,0.4803
13970,0.333
13980,0.7786
13990,0.9613
14000,0.4607
14010,0.3059
14020,0.6939
14030,0.5983
14040,0.6928
14050,0.5088
14060,0.5142
14070,0.496
14080,0.4082
14090,0.3349
14100,0.5859
14110,0.7095
14120,0.2589
14130,0.5748
14140,0.4346
14150,0.652
14160,0.4725
14170,0.3166
14180,0.3489
14190,0.8188
14200,0.8089
14210,0.5529
14220,0.4895
14230,0.7046
14240,0.341
14250,0.3692
14260,0.6996
14270,0.7109
14280,1.0298
14290,0.6517
14300,0.5358
14310,0.6243
14320,0.6483
14330,0.7469
14340,0.3348
14350,0.5031
14360,0.6132
14370,0.5879
14380,0.4274
14390,0.4693
14400,0.5552
14410,0.5529
14420,0.6412
14430,0.4526
14440,0.6445
14450,0.7815
14460,0.7091
14470,0.6882
14480,0.5498
14490,0.6606
14500,0.3069
14510,0.7483
14520,0.5675
14530,0.3371
14540,0.8861
14550,0.4546
14560,0.6508
14570,0.6682
14580,0.8566
14590,0.5605
14600,0.5684
14610,0.4473
14620,0.4525
14630,0.3824
14640,0.5772
14650,0.4412
14660,0.6951
14670,0.57
14680,0.8054
14690,0.7139
14700,0.5537
14710,0.6089
14720,0.3044
14730,0.4523
14740,0.3507
14750,0.547
14760,0.3503
14770,0.938
14780,0.4322
14790,0.3732
14800,0.3974
14810,0.548
14820,0.7878
14830,0.8727
14840,0.6568
14850,0.3906
14860,0.6166
14870,0.381
14880,0.4897
14890,0.5306
14900,0.4956
14910,0.9501
14920,0.4277
14930,0.4508
14940,0.3674
14950,0.6636
14960,0.3944
14970,0.4768
14980,0.575
14990,0.5781
15000,0.7314
15010,0.6324
15020,0.3681
15030,0.4342
15040,0.5213
15050,0.2745
15060,0.6634
15070,0.772
15080,0.7877
15090,0.4851
15100,0.3943
15110,0.2591
15120,0.7175
15130,0.5784
15140,0.2893
15150,0.3747
15160,0.6242
15170,0.6765
15180,0.4364
15190,0.5481
15200,0.5456
15210,0.7775
15220,0.5742
15230,0.6821
15240,0.3326
15250,0.3194
15260,0.766
15270,0.5116
15280,0.6431
15290,0.5523
15300,0.4484
15310,0.4347
15320,0.5132
15330,0.5543
15340,0.3012
15350,0.5574
15360,0.7744
15370,0.5933
15380,0.6044
15390,0.5474
15400,0.507
15410,0.6438
15420,0.5976
15430,0.1878
15440,0.5663
15450,0.4786
15460,0.5205
15470,0.6551
15480,0.4332
15490,0.4922
15500,0.6354
15510,0.3049
15520,0.3365
15530,0.377
15540,0.6181
15550,0.8138
15560,0.3668
15570,0.412
15580,0.5143
15590,0.5262
15600,0.6215
15610,0.7791
15620,0.53
15630,0.5916
15640,0.3879
15650,0.5488
15660,0.4092
15670,0.5227
15680,0.4645
15690,0.6872
15700,0.4722
15710,0.5333
15720,0.5029
15730,0.7764
15740,0.622
15750,0.6021
15760,0.3723
15770,0.3942
15780,0.5699
15790,0.5159
15800,0.4873
15810,0.4663
15820,0.4
15830,0.6288
15840,0.6368
15850,0.5452
15860,0.4797
15870,0.3684
15880,0.3555
15890,0.3958
15900,0.6049
15910,0.4128
15920,0.5538
15930,0.3713
15940,0.5924
15950,0.4199
15960,0.3068
15970,0.3749
15980,0.558
15990,0.5071
16000,0.5326
16010,0.2614
16020,0.2706
16030,0.1629
16040,0.4171
16050,0.3259
16060,0.5193
16070,0.6088
16080,0.3746
16090,0.2726
16100,0.5472
16110,0.0996
16120,0.7449
16130,0.1386
16140,0.5052
16150,0.2653
16160,0.2843
16170,0.3736
16180,0.1934
16190,0.3719
16200,0.3791
16210,0.558
16220,0.5455
16230,0.6156
16240,0.4128
16250,0.4689
16260,0.5777
16270,0.6907
16280,0.4175
16290,0.7456
16300,0.3388
16310,0.29
16320,0.2966
16330,0.3742
16340,0.3945
16350,0.284
16360,0.4237
16370,0.5086
16380,0.4948
16390,0.4014
16400,0.2079
16410,0.2361
16420,0.6579
16430,0.292
16440,0.47
16450,0.304
16460,0.4015
16470,0.392
16480,0.2275
16490,0.4231
16500,0.4266
16510,0.3119
16520,0.8564
16530,0.6033
16540,0.7342
16550,0.5993
16560,0.6378
16570,0.3376
16580,0.2522
16590,0.4137
16600,0.4175
16610,0.4987
16620,0.3361
16630,0.5101
16640,0.3314
16650,0.4717
16660,0.4352
16670,0.2223
16680,0.4709
16690,0.3615
16700,0.2939
16710,0.5149
16720,0.2181
16730,0.2092
16740,0.82
16750,0.4558
16760,0.4223
16770,0.4956
16780,0.2563
16790,0.6001
16800,0.5027
16810,0.7146
16820,0.4663
16830,0.575
16840,0.4393
16850,0.4812
16860,0.1192
16870,0.5824
16880,0.6859
16890,0.2858
16900,0.4856
16910,0.4707
16920,0.9707
16930,0.4897
16940,0.3558
16950,0.6378
16960,0.5255
16970,0.5038
16980,0.7313
16990,0.6214
17000,0.3366
17010,0.4093
17020,0.2545
17030,0.302
17040,0.6209
17050,0.504
17060,0.3514
17070,0.3276
17080,0.6432
17090,0.6543
17100,0.2555
17110,0.3531
17120,0.6016
17130,0.3468
17140,0.3908
17150,0.3262
17160,0.5119
17170,0.4485
17180,0.2968
17190,0.3848
17200,0.3018
17210,0.2932
17220,0.2769
17230,0.495
17240,0.2688
17250,0.4269
17260,0.3617
17270,0.6915
17280,0.2999
17290,0.3616
17300,0.3737
17310,0.3301
17320,0.6592
17330,0.4555
17340,0.3398
17350,0.4881
17360,0.5596
17370,0.532
17380,0.2856
17390,0.4244
17400,0.6435
17410,0.6298
17420,0.6036
17430,0.4859
17440,0.5146
17450,0.4916
17460,0.4186
17470,0.8033
17480,0.4259
17490,0.4191
17500,0.4156
17510,0.613
17520,0.414
17530,0.4617
17540,0.3912
17550,0.3581
17560,0.4109
17570,0.3993
17580,0.3965
17590,0.5881
17600,0.3614
17610,0.6355
17620,0.2988
17630,0.4043
17640,0.5723
17650,0.4594
17660,0.4299
17670,0.5858
17680,0.2878
17690,0.4939
17700,0.5681
17710,0.2714
17720,0.5023
17730,0.5404
17740,0.5514
17750,0.506
17760,0.2893
17770,0.5271
17780,0.3749
17790,0.5198
17800,0.3707
17810,0.3823
17820,0.6058
17830,0.4303
17840,0.3312
17850,0.4611
17860,0.4768
17870,0.195
17880,0.6939
17890,0.5158
17900,0.4917
17910,0.5645
17920,0.3448
17930,0.4087
17940,0.4113
17950,0.4206
17960,0.3586
17970,0.5511
17980,0.6266
17990,0.6399
18000,0.2366
18010,0.3273
18020,0.5402
18030,0.3799
18040,0.4128
18050,0.4884
18060,0.6879
18070,0.5836
18080,0.7028
18090,0.5188
18100,0.3013
18110,0.5131
18120,0.6593
18130,0.5053
18140,0.5733
18150,0.4538
18160,0.4778
18170,0.4086
18180,0.4016
18190,0.4703
18200,0.3737
18210,0.4435
18220,0.742
18230,0.3958
18240,0.3267
18250,0.4257
18260,0.2935
18270,0.4756
18280,0.598
18290,0.3357
18300,0.4999
18310,0.3495
18320,0.3818
18330,0.3834
18340,0.5697
18350,0.4256
18360,0.4781
18370,0.4718
18380,0.3354
18390,0.3266
18400,0.4484
18410,0.3485
18420,0.5875
18430,0.4431
18440,0.3843
18450,0.3806
18460,0.1901
18470,0.4233
18480,0.5945
18490,0.3825
18500,0.2619
18510,0.3938
18520,0.5834
18530,0.6183
18540,0.3776
18550,0.5727
18560,0.4961
18570,0.3866
18580,0.6129
18590,0.4171
18600,0.3184
18610,0.5636
18620,0.6525
18630,0.3571
18640,0.4189
18650,0.2595
18660,0.6742
18670,0.4947
18680,0.2563
18690,0.4613
18700,0.3748
18710,0.5007
18720,0.6681
18730,0.648
18740,0.8246
18750,0.2587
18760,0.4951
18770,0.3079
18780,0.6467
18790,0.4277
18800,0.5185
18810,0.343
18820,0.1965
18830,0.3561
18840,0.4557
18850,0.6233
18860,0.438
18870,0.5078
18880,0.7475
18890,0.5839
18900,0.5925
18910,0.5309
18920,0.5583
18930,0.331
18940,0.1756
18950,0.3903
18960,0.6722
18970,0.6384
18980,0.3537
18990,0.2794
19000,0.6403
19010,0.4776
19020,0.3186
19030,0.4309
19040,0.4817
19050,0.5509
19060,0.4332
19070,0.3692
19080,0.2449
19090,0.3466
19100,0.4001
19110,0.1482
19120,0.2251
19130,0.3991
19140,0.488
19150,0.3408
19160,0.3029
19170,0.2018
19180,0.2348
19190,0.293
19200,0.3082
19210,0.5037
19220,0.5637
19230,0.4393
19240,0.1816
19250,0.4253
19260,0.5867
19270,0.2353
19280,0.4042
19290,0.1219
19300,0.3301
19310,0.2894
19320,0.4557
19330,0.4898
19340,0.3791
19350,0.2006
19360,0.5336
19370,0.4571
19380,0.3909
19390,0.1718
19400,0.4394
19410,0.4321
19420,0.4466
19430,0.2185
19440,0.0785
19450,0.1757
19460,0.3084
19470,0.6981
19480,0.489
19490,0.2818
19500,0.3968
19510,0.4441
19520,0.2906
19530,0.3318
19540,0.2768
19550,0.4604
19560,0.323
19570,0.195
19580,0.3756
19590,0.1739
19600,0.2682
19610,0.4577
19620,0.6438
19630,0.5822
19640,0.4047
19650,0.58
19660,0.565
19670,0.2041
19680,0.1916
19690,0.4504
19700,0.4671
19710,0.6253
19720,0.2576
19730,0.8946
19740,0.7265
19750,0.4398
19760,0.3043
19770,0.3857
19780,0.6071
19790,0.3098
19800,0.3015
19810,0.3594
19820,0.2079
19830,0.224
19840,0.5831
19850,0.4675
19860,0.1787
19870,0.4235
19880,0.309
19890,0.3055
19900,0.4623
19910,0.4482
19920,0.3043
19930,0.5838
19940,0.2721
19950,0.8005
19960,0.3716
19970,0.0666
19980,0.317
19990,0.5555
20000,0.2172
20010,0.1902
20020,0.6237
20030,0.6185
20040,0.1888
20050,0.381
20060,0.4087
20070,0.5481
20080,0.2444
20090,0.3705
20100,0.2806
20110,0.2456
20120,0.4168
20130,0.3858
20140,0.0878
20150,0.248
20160,0.4759
20170,0.3671
20180,0.1897
20190,0.4834
20200,0.5357
20210,0.3053
20220,0.4933
20230,0.3288
20240,0.2454
20250,0.3949
20260,0.1535
20270,0.4462
20280,0.3712
20290,0.266
20300,0.1193
20310,0.4086
20320,0.4162
20330,0.4736
20340,0.2362
20350,0.4651
20360,0.2522
20370,0.7667
20380,0.3749
20390,0.2966
20400,0.1226
20410,0.4753
20420,0.2919
20430,0.5633
20440,0.3136
20450,0.5594
20460,0.5183
20470,0.4658
20480,0.5778
20490,0.4222
20500,0.3518
20510,0.3415
20520,0.2943
20530,0.3014
20540,0.3687
20550,0.2398
20560,0.7645
20570,0.4089
20580,0.3141
20590,0.3646
20600,0.245
20610,0.169
20620,0.5166
20630,0.8395
20640,0.1533
20650,0.099
20660,0.106
20670,0.0534
20680,0.5163
20690,0.8427
20700,0.5347
20710,0.4939
20720,0.8309
20730,0.3996
20740,0.2949
20750,0.6511
20760,0.3677
20770,0.3369
20780,0.6641
20790,0.4379
20800,0.2059
20810,0.3164
20820,0.299
20830,0.5283
20840,0.3134
20850,0.3633
20860,0.1229
20870,0.4488
20880,0.521
20890,0.2229
20900,0.3313
20910,0.6583
20920,0.4725
20930,0.6801
20940,0.5128
20950,0.406
20960,0.4272
20970,0.653
20980,0.4044
20990,0.3036
21000,0.4128
21010,0.4301
21020,0.3426
21030,0.2518
21040,0.4619
21050,0.6377
21060,0.4818
21070,0.342
21080,0.3004
21090,0.422
21100,0.2177
21110,0.3806
21120,0.388
21130,0.3704
21140,0.486
21150,0.2817
21160,0.6091
21170,0.4
21180,0.4185
21190,0.243
21200,0.2342
21210,0.3681
21220,0.3125
21230,0.369
21240,0.4307
21250,0.2212
21260,0.3358
21270,0.3531
21280,0.3817
21290,0.2784
21300,0.1201
21310,0.3978
21320,0.5628
21330,0.2295
21340,0.416
21350,0.5983
21360,0.2864
21370,0.6441
21380,0.1182
21390,0.647
21400,0.6068
21410,0.4469
21420,0.2542
21430,0.318
21440,0.5645
21450,0.4367
21460,0.5574
21470,0.2518
21480,0.5379
21490,0.333
21500,0.2556
21510,0.3861
21520,0.2567
21530,0.1241
21540,0.3005
21550,0.5053
21560,0.525
21570,0.1812
21580,0.3696
21590,0.2128
21600,0.5433
21610,0.5664
21620,0.655
21630,0.4176
21640,0.4242
21650,0.3591
21660,0.4279
21670,0.3815
21680,0.4433
21690,0.287
21700,0.0639
21710,0.5024
21720,0.4225
21730,0.3514
21740,0.3955
21750,0.4208
21760,0.3785
21770,0.3158
21780,0.472
21790,0.4219
21800,0.4608
21810,0.4678
21820,0.4965
21830,0.3087
21840,0.6635
21850,0.2327
21860,0.3672
21870,0.2826
21880,0.227
21890,0.3429
21900,0.5145
21910,0.2688
21920,0.3143
21930,0.2356
21940,0.5713
21950,0.3504
21960,1.0771
21970,0.3298
21980,0.3707
21990,0.3371
22000,0.6978
22010,0.2882
22020,0.4575
22030,0.5149
22040,0.2337
22050,0.2513
22060,0.4424
22070,0.4619
22080,0.325
22090,0.6444
22100,0.7637
22110,0.2886
22120,0.3723
22130,0.3616
22140,0.6935
22150,0.3404
22160,0.5206
22170,0.2487
22180,0.2219
22190,0.3899
22200,0.5407
22210,0.1861
22220,0.6451
22230,0.7512
22240,0.3908
22250,0.1456
22260,0.2094
22270,0.2708
22280,0.2443
22290,0.2361
22300,0.3264
22310,0.4184
22320,0.6661
22330,0.25
22340,0.0372
22350,0.3392
22360,0.3325
22370,0.2452
22380,0.3227
22390,0.3906
22400,0.2693
22410,0.286
22420,0.2412
22430,0.3457
22440,0.3903
22450,0.2718
22460,0.4572
22470,0.3303
22480,0.4045
22490,0.431
22500,0.4291
22510,0.1954
22520,0.2825
22530,0.3343
22540,0.2949
22550,0.3074
22560,0.4449
22570,0.4311
22580,0.2291
22590,0.1456
22600,0.426
22610,0.1733
22620,0.2364
22630,0.5227
22640,0.2504
22650,0.5194
22660,0.0498
22670,0.5092
22680,0.4387
22690,0.2778
22700,0.312
22710,0.2651
22720,0.2912
22730,0.1139
22740,0.2741
22750,0.3865
22760,0.493
22770,0.4807
22780,0.5816
22790,0.4115
22800,0.4094
22810,0.2906
22820,0.3102
22830,0.4064
22840,0.7822
22850,0.2624
22860,0.3651
22870,0.2029
22880,0.2714
22890,0.1515
22900,0.2121
22910,0.2444
22920,0.5177
22930,0.3501
22940,0.2363
22950,0.4125
22960,0.1702
22970,0.2387
22980,0.4136
22990,0.2488
23000,0.2971
23010,0.3866
23020,0.3541
23030,0.3123
23040,0.2983
23050,0.246
23060,0.3938
23070,0.2694
23080,0.4525
23090,0.3644
23100,0.2601
23110,0.3894
23120,0.2541
23130,0.4215
23140,0.2779
23150,0.2761
23160,0.5635
23170,0.29
23180,0.1674
23190,0.2973
23200,0.1886
23210,0.4514
23220,0.3386
23230,0.5115
23240,0.3403
23250,0.3313
23260,0.2614
23270,0.2724
23280,0.3585
23290,0.6024
23300,0.2026
23310,0.4724
23320,0.4496
23330,0.3982
23340,0.5368
23350,0.3159
23360,0.3141
23370,0.2788
23380,0.5109
23390,0.3462
23400,0.2833
23410,0.1777
23420,0.2772
23430,0.3454
23440,0.1972
23450,0.2013
23460,0.5524
23470,0.2901
23480,0.235
23490,0.233
23500,0.382
23510,0.3926
23520,0.2783
23530,0.1509
23540,0.5734
23550,0.4125
23560,0.0866
23570,0.2934
23580,0.4577
23590,0.5171
23600,0.2468
23610,0.5355
23620,0.4292
23630,0.3443
23640,0.6288
23650,0.2072
23660,0.2806
23670,0.5211
23680,0.5287
23690,0.6604
23700,0.681
23710,0.4835
23720,0.3991
23730,0.0979
23740,0.5122
23750,0.5014
23760,0.498
23770,0.4461
23780,0.3207
23790,0.3151
23800,0.2948
23810,0.3902
23820,0.2374
23830,0.2915
23840,0.7438
23850,0.1122
23860,0.2522
23870,0.1235
23880,0.258
23890,0.241
23900,0.1869
23910,0.378
23920,0.4192
23930,0.2331
23940,0.1568
23950,0.3834
23960,0.3466
23970,0.2608
23980,0.2974
23990,0.1881
24000,0.4435
24010,0.2633
24020,0.1281
24030,0.5485
24040,0.18
24050,0.5076
24060,0.4777
24070,0.3743
24080,0.4491
24090,0.4267
24100,0.4072
24110,0.3383
24120,0.3483
24130,0.4043
24140,0.2621
24150,0.3803
24160,0.4354
24170,0.3768
24180,0.535
24190,0.4194
24200,0.4692
24210,0.1178
24220,0.2601
24230,0.3099
24240,0.2925
24250,0.0659
24260,0.4699
24270,0.3659
24280,0.2963
24290,0.3258
24300,0.3838
24310,0.2839
24320,0.4001
24330,0.4587
24340,0.1899
24350,0.4358
24360,0.2381
24370,0.1938
24380,0.3301
24390,0.5974
24400,0.2047
24410,0.4004
24420,0.2538
24430,0.3275
24440,0.3225
24450,0.266
24460,0.3619
24470,0.3689
24480,0.5974
24490,0.3035
24500,0.7494
24510,0.2211
24520,0.6398
24530,0.4008
24540,0.2446
24550,0.5285
24560,0.4269
24570,0.2994
24580,0.3567
24590,0.4673
24600,0.4469
24610,0.2196
24620,0.292
24630,0.2003
24640,0.3006
24650,0.2709
24660,0.4026
24670,0.2779
24680,0.2266
24690,0.2469
24700,0.1559
24710,0.3368
24720,0.357
24730,0.5305
24740,0.8565
24750,0.4197
24760,0.2991
24770,0.2949
24780,0.235
24790,0.4261
24800,0.1306
24810,0.2874
24820,0.3324
24830,0.2751
24840,0.4136
24850,0.3967
24860,0.7197
24870,0.6321
24880,0.4334
24890,0.5137
24900,0.3562
24910,0.2943
24920,0.2687
24930,0.1499
24940,0.4441
24950,0.2355
24960,0.3041
24970,0.3474
24980,0.2849
24990,0.6711
25000,0.5155
25010,0.406
25020,0.2606
25030,0.3146
25040,0.4981
25050,0.2533
25060,0.1562
25070,0.3706
25080,0.3705
25090,0.2127
25100,0.4205
25110,0.3726
25120,0.0141
25130,0.3001
25140,0.2594
25150,0.4193
25160,0.3488
25170,0.6046
25180,0.3562
25190,0.2131
25200,0.3011
25210,0.2127
25220,0.3704
25230,0.3167
25240,0.358
25250,0.3925
25260,0.4316
25270,0.2908
25280,0.3623
25290,0.3113
25300,0.3213
25310,0.2858
25320,0.4501
25330,0.2876
25340,0.2912
25350,0.17
25360,0.3997
25370,0.3429
25380,0.5459
25390,0.4495
25400,0.3992
25410,0.5077
25420,0.2089
25430,0.3936
25440,0.1974
25450,0.1459
25460,0.2463
25470,0.1746
25480,0.7019
25490,0.2809
25500,0.0379
25510,0.2341
25520,0.3462
25530,0.1953
25540,0.4299
25550,0.2924
25560,0.2067
25570,0.3334
25580,0.2791
25590,0.0981
25600,0.2513
25610,0.1722
25620,0.1164
25630,0.1593
25640,0.1332
25650,0.0815
25660,0.2715
25670,0.3948
25680,0.5034
25690,0.2829
25700,0.3802
25710,0.4958
25720,0.2108
25730,0.2949
25740,0.2494
25750,0.1734
25760,0.096
25770,0.4668
25780,0.3628
25790,0.0699
25800,0.526
25810,0.7555
25820,0.2934
25830,0.3966
25840,0.1833
25850,0.2249
25860,0.1968
25870,0.2544
25880,0.3525
25890,0.0864
25900,0.1495
25910,0.3374
25920,0.2733
25930,0.0072
25940,0.4188
25950,0.5453
25960,0.3085
25970,0.329
25980,0.138
25990,0.174
26000,0.5236
26010,0.4508
26020,0.1939
26030,0.301
26040,0.3845
26050,0.496
26060,0.3334
26070,0.1949
26080,0.0604
26090,0.2517
26100,0.1499
26110,0.3672
26120,0.2573
26130,0.3457
26140,0.4291
26150,0.2907
26160,0.3599
26170,0.0869
26180,0.4751
26190,0.234
26200,0.2007
26210,0.3634
26220,0.2162
26230,0.3288
26240,0.6446
26250,0.391
26260,0.3091
26270,0.3598
26280,0.0439
26290,0.5138
26300,0.3435
26310,0.3436
26320,0.4719
26330,0.129
26340,0.1934
26350,0.3644
26360,0.4813
26370,0.3821
26380,0.2624
26390,0.2254
26400,0.3083
26410,0.2503
26420,0.2587
26430,0.1449
26440,0.2476
26450,0.4159
26460,0.2296
26470,0.3025
26480,0.5564
26490,0.0715
26500,0.4192
26510,0.2253
26520,0.0737
26530,0.4241
26540,0.3188
26550,0.2101
26560,0.253
26570,0.3827
26580,0.3778
26590,0.2764
26600,0.3585
26610,0.2617
26620,0.2244
26630,0.1375
26640,0.2687
26650,0.2835
26660,0.2155
26670,0.2585
26680,0.3532
26690,0.3032
26700,0.2714
26710,0.3916
26720,0.1834
26730,0.2364
26740,0.4502
26750,0.1998
26760,0.2149
26770,0.3613
26780,0.41
26790,0.5581
26800,0.1725
26810,0.2066
26820,0.5063
26830,0.3145
26840,0.692
26850,0.6038
26860,0.2926
26870,0.2768
26880,0.1877
26890,0.0425
26900,0.4327
26910,0.2326
26920,0.1118
26930,0.3752
26940,0.2259
26950,0.2673
26960,0.1796
26970,0.7098
26980,0.252
26990,0.1855
27000,0.1079
27010,0.4868
27020,0.2777
27030,0.3751
27040,0.5157
27050,0.1757
27060,0.2405
27070,0.4226
27080,0.5185
27090,0.0866
27100,0.3688
27110,0.4559
27120,0.0865
27130,0.1462
27140,0.0104
27150,0.0464
27160,0.2796
27170,0.4162
27180,0.1425
27190,0.284
27200,0.4487
27210,0.2412
27220,0.28
27230,0.1996
27240,0.3179
27250,0.1658
27260,0.263
27270,0.6107
27280,0.586
27290,0.3878
27300,0.4854
27310,0.2066
27320,0.1431
27330,0.3036
27340,0.223
27350,0.2753
27360,0.2657
27370,0.44
27380,0.2802
27390,0.274
27400,0.3539
27410,0.2356
27420,0.2466
27430,0.1663
27440,0.2704
27450,0.3321
27460,0.3955
27470,0.0871
27480,0.2271
27490,0.3497
27500,0.7028
27510,0.6604
27520,0.1451
27530,0.1565
27540,0.396
27550,0.579
27560,0.3522
27570,0.2621
27580,0.2479
27590,0.7998
27600,0.4113
27610,0.2497
27620,0.1718
27630,0.2162
27640,0.2815
27650,0.4551
27660,0.2383
27670,0.5747
27680,0.1445
27690,0.0906
27700,0.3001
27710,0.2808
27720,0.2682
27730,0.1994
27740,0.3915
27750,0.2905
27760,0.3248
27770,0.2043
27780,0.1526
27790,0.4181
27800,0.3096
27810,0.3103
27820,0.3148
27830,0.3266
27840,0.1265
27850,0.3325
27860,0.2282
27870,0.0873
27880,0.141
27890,0.3986
27900,0.2117
27910,0.1508
27920,0.2203
27930,0.2875
27940,0.2392
27950,0.1997
27960,0.6182
27970,0.3496
27980,0.3092
27990,0.3735
28000,0.2291
28010,0.2053
28020,0.2992
28030,0.2217
28040,0.5325
28050,0.1393
28060,0.2566
28070,0.4136
28080,0.2791
28090,0.3568
28100,0.4974
28110,0.0661
28120,0.2283
28130,0.3894
28140,0.1997
28150,0.4017
28160,0.3066
28170,0.3188
28180,0.4778
28190,0.3688
28200,0.5299
28210,0.2153
28220,0.1878
28230,0.2524
28240,0.2231
28250,0.3021
28260,0.1366
28270,0.5032
28280,0.4402
28290,0.0825
28300,0.3644
28310,0.2924
28320,0.1802
28330,0.302
28340,0.3581
28350,0.35
28360,0.0451
28370,0.1735
28380,0.2298
28390,0.1535
28400,0.4777
28410,0.4419
28420,0.7159
28430,0.2843
28440,0.3226
28450,0.2866
28460,0.3013
28470,0.3703
28480,0.2819
28490,0.198
28500,0.3471
28510,0.1613
28520,0.2994
28530,0.3192
28540,0.2482
28550,0.1273
28560,0.1754
28570,0.0859
28580,0.2104
28590,0.2989
28600,0.2259
28610,0.0639
28620,0.1752
28630,0.1542
28640,0.2064
28650,0.2524
28660,0.2571
28670,0.2572
28680,0.2111
28690,0.3333
28700,0.0361
28710,0.1742
28720,0.0489
28730,0.1382
28740,0.0625
28750,0.2616
28760,0.1218
28770,0.0945
28780,0.3546
28790,0.0597
28800,0.1028
28810,0.455
28820,0.134
28830,0.1984
28840,0.3247
28850,0.23
28860,0.3074
28870,0.2229
28880,0.2272
28890,0.1477
28900,0.2303
28910,0.2589
28920,0.0211
28930,0.5182
28940,0.0839
28950,0.2273
28960,0.0105
28970,0.3385
28980,0.0741
28990,0.9584
29000,0.2529
29010,0.1591
29020,0.3414
29030,0.3532
29040,0.1321
29050,0.1697
29060,0.3551
29070,0.6932
29080,0.319
29090,0.1501
29100,0.1885
29110,0.2439
29120,0.1466
29130,0.5361
29140,0.107
29150,0.3804
29160,0.0795
29170,0.2429
29180,0.4148
29190,0.2305
29200,0.5088
29210,0.4466
29220,0.1092
29230,0.1553
29240,0.182
29250,0.1926
29260,0.2906
29270,0.1506
29280,0.2369
29290,0.2503
29300,0.3877
29310,0.2122
29320,0.2226
29330,0.3114
29340,0.1777
29350,0.2844
29360,0.1659
29370,0.2886
29380,0.5957
29390,0.5278
29400,0.3086
29410,0.3054
29420,0.0824
29430,0.3394
29440,0.3491
29450,0.2005
29460,0.3037
29470,0.104
29480,0.2526
29490,0.1454
29500,0.3708
29510,0.1117
29520,0.4322
29530,0.3017
29540,0.1992
29550,0.2703
29560,0.3903
29570,0.2782
29580,0.3731
29590,0.2908
29600,0.1481
29610,0.2313
29620,0.2168
29630,0.3128
29640,0.0617
29650,0.1902
29660,0.2494
29670,0.5281
29680,0.1309
29690,0.2087
29700,0.272
29710,0.2118
29720,0.5693
29730,0.2297
29740,0.3161
29750,0.1702
29760,0.5056
29770,0.3418
29780,0.3441
29790,0.5757
29800,0.2501
29810,0.2716
29820,0.1213
29830,0.2821
29840,0.083
29850,0.3058
29860,0.2323
29870,0.4487
29880,0.2508
29890,0.5492
29900,0.0798
29910,0.3382
29920,0.2374
29930,0.1937
29940,0.0839
29950,0.3639
29960,0.5076
29970,0.3888
29980,0.0639
29990,0.1673
30000,0.2347
30010,0.2371
30020,0.1794
30030,0.4556
30040,0.2449
30050,0.2127
30060,0.1494
30070,0.3325
30080,0.0764
30090,0.2793
30100,0.2375
30110,0.2418
30120,0.134
30130,0.2124
30140,0.1861
30150,0.0819
30160,0.2431
30170,0.1269
30180,0.3072
30190,0.1261
30200,0.1045
30210,0.2922
30220,0.0652
30230,0.1781
30240,0.3637
30250,0.2543
30260,0.407
30270,0.2261
30280,0.3129
30290,0.3813
30300,0.0653
30310,0.0695
30320,0.3482
30330,0.3172
30340,0.4194
30350,0.2676
30360,0.3036
30370,0.4255
30380,0.3499
30390,0.2912
30400,0.197
30410,0.123
30420,0.2303
30430,0.2255
30440,0.6128
30450,0.0716
30460,0.0642
30470,0.0272
30480,0.3883
30490,0.2604
30500,0.0751
30510,0.1325
30520,0.1671
30530,0.1859
30540,0.2383
30550,0.3021
30560,0.1551
30570,0.8437
30580,0.0719
30590,0.287
30600,0.2736
30610,0.0286
30620,0.3688
30630,0.5914
30640,0.1846
30650,0.0725
30660,0.2227
30670,0.0274
30680,0.1921
30690,0.1416
30700,0.2771
30710,0.1952
30720,0.0948
30730,0.2768
30740,0.3594
30750,0.25
30760,0.2261
30770,0.19
30780,0.2474
30790,0.0562
30800,0.1237
30810,0.3692
30820,0.1915
30830,0.0953
30840,0.3231
30850,0.1837
30860,0.2255
30870,0.2565
30880,0.3609
30890,0.2654
30900,0.2349
30910,0.3145
30920,0.3832
30930,0.1477
30940,0.1648
30950,0.2379
30960,0.1582
30970,0.0487
30980,0.3252
30990,0.3351
31000,0.2114
31010,0.2035
31020,0.2044
31030,0.3974
31040,0.6563
31050,0.3896
31060,0.3345
31070,0.5894
31080,0.2388
31090,0.4524
31100,0.4565
31110,0.371
31120,0.3507
31130,0.185
31140,0.061
31150,0.1853
31160,0.1976
31170,0.4047
31180,0.1645
31190,0.1726
31200,0.5193
31210,0.4814
31220,0.3675
31230,0.506
31240,0.2422
31250,0.058
31260,0.5901
31270,0.2226
31280,0.2691
31290,0.3519
31300,0.0797
31310,0.2578
31320,0.2443
31330,0.2694
31340,0.2663
31350,0.4513
31360,0.504
31370,0.2725
31380,0.3248
31390,0.1832
31400,0.2501
31410,0.5132
31420,0.2477
31430,0.2927
31440,0.118
31450,0.3517
31460,0.2987
31470,0.1766
31480,0.1782
31490,0.1332
31500,0.5561
31510,0.2633
31520,0.1226
31530,0.4197
31540,0.1167
31550,0.518
31560,0.3725
31570,0.3399
31580,0.2646
31590,0.3569
31600,0.0102
31610,0.1736
31620,0.2579
31630,0.1681
31640,0.4112
31650,0.1855
31660,0.1287
31670,0.2379
31680,0.3961
31690,0.2947
31700,0.4091
31710,0.5333
31720,0.3593
31730,0.5013
31740,0.2568
31750,0.8382
31760,0.3026
31770,0.1854
31780,0.3124
31790,0.1098
31800,0.0817
31810,0.2906
31820,0.1182
31830,0.0762
31840,0.2719
31850,0.2784
31860,0.5154
31870,0.0982
31880,0.0023
31890,0.1076
31900,0.1131
31910,0.1558
31920,0.2259
31930,0.2285
31940,0.1784
31950,0.0525
31960,0.1659
31970,0.3163
31980,0.245
31990,0.1071
32000,0.0023
32010,0.2672
32020,0.2595
32030,0.2372
32040,0.3045
32050,0.5367
32060,0.3232
32070,0.1159
32080,0.1679
32090,0.2388
32100,0.2605
32110,0.0094
32120,0.0701
32130,0.0711
32140,0.3821
32150,0.1228
32160,0.2463
32170,0.3233
32180,0.321
32190,0.0925
32200,0.485
32210,0.1015
32220,0.15
32230,0.1534
32240,0.0256
32250,0.2193
32260,0.2594
32270,0.0926
32280,0.197
32290,0.2829
32300,0.137
32310,0.4764
32320,0.2416
32330,0.3142
32340,0.1146
32350,0.1241
32360,0.1558
32370,0.296
32380,0.2244
32390,0.2101
32400,0.1027
32410,0.269
32420,0.1461
32430,0.1988
32440,0.1533
32450,0.1125
32460,0.1168
32470,0.0012
32480,0.0826
32490,0.0644
32500,0.2443
32510,0.1161
32520,0.0319
32530,0.0659
32540,0.3005
32550,0.088
32560,0.2368
32570,0.2628
32580,0.2902
32590,0.4534
32600,0.3749
32610,0.2791
32620,0.3002
32630,0.0272
32640,0.2786
32650,0.3296
32660,0.3592
32670,0.1112
32680,0.1552
32690,0.0818
32700,0.1758
32710,0.5334
32720,0.12
32730,0.2002
32740,0.1526
32750,0.0972
32760,0.1331
32770,0.1596
32780,0.4259
32790,0.5151
32800,0.6042
32810,0.2973
32820,0.0101
32830,0.1926
32840,0.2775
32850,0.1408
32860,0.4334
32870,0.3568
32880,0.137
32890,0.22
32900,0.2159
32910,0.2502
32920,0.0269
32930,0.235
32940,0.1051
32950,0.2495
32960,0.0467
32970,0.4232
32980,0.3459
32990,0.1841
33000,0.2969
33010,0.3057
33020,0.3563
33030,0.1074
33040,0.1208
33050,0.2092
33060,0.1778
33070,0.2683
33080,0.1016
33090,0.2459
33100,0.4536
33110,0.1643
33120,0.4049
33130,0.5089
33140,0.118
33150,0.2298
33160,0.4514
33170,0.2403
33180,0.0191
33190,0.2221
33200,0.1739
33210,0.2752
33220,0.5546
33230,0.1201
33240,0.2274
33250,0.079
33260,0.3287
33270,0.0223
33280,0.1629
33290,0.2271
33300,0.2919
33310,0.0679
33320,0.2112
33330,0.2523
33340,0.0867
33350,0.2358
33360,0.2894
33370,0.3231
33380,0.0502
33390,0.1404
33400,0.2897
33410,0.2054
33420,0.2457
33430,0.231
33440,0.2313
33450,0.368
33460,0.3301
33470,0.2596
33480,0.4401
33490,0.1438
33500,0.2268
33510,0.172
33520,0.0684
33530,0.2471
33540,0.0914
33550,0.1202
33560,0.2227
33570,0.1384
33580,0.2274
33590,0.2418
33600,0.2634
33610,0.1088
33620,0.5538
33630,0.5056
33640,0.1756
33650,0.3437
33660,0.1107
33670,0.1391
33680,0.2955
33690,0.3363
33700,0.3364
33710,0.3016
33720,0.5815
33730,0.2746
33740,0.5372
33750,0.2347
33760,0.0586
33770,0.2214
33780,0.1944
33790,0.0071
33800,0.0444
33810,0.1758
33820,0.1313
33830,0.186
33840,0.4108
33850,0.1273
33860,0.1243
33870,0.1091
33880,0.1698
33890,0.3929
33900,0.3692
33910,0.1781
33920,0.0435
33930,0.2724
33940,0.3912
33950,0.065
33960,0.2721
33970,0.1923
33980,0.1192
33990,0.1152
34000,0.2071
34010,0.1774
34020,0.2311
34030,0.2199
34040,0.1693
34050,0.2483
34060,0.0582
34070,0.153
34080,0.2543
34090,0.2122
34100,0.3917
34110,0.3393
34120,0.2256
34130,0.3056
34140,0.0954
34150,0.2098
34160,0.2401
34170,0.2128
34180,0.0418
34190,0.3193
34200,0.4247
34210,0.3379
34220,0.3124
34230,0.2356
34240,0.2808
34250,0.1339
34260,0.0456
34270,0.1413
34280,0.2561
34290,0.4295
34300,0.4648
34310,0.4015
34320,0.1867
34330,0.3059
34340,0.2802
34350,0.1562
34360,0.2214
34370,0.2697
34380,0.1653
34390,0.1463
34400,0.3754
34410,0.1063
34420,0.2043
34430,0.6506
34440,0.3599
34450,0.4412
34460,0.1554
34470,0.053
34480,0.2138
34490,0.1352
34500,0.088
34510,0.2808
34520,0.2135
34530,0.1289
34540,0.2076
34550,0.1205
34560,0.2047
34570,0.2975
34580,0.2799
34590,0.2743
34600,0.2859
34610,0.243
34620,0.2129
34630,0.1664
34640,0.1095
34650,0.3783
34660,0.1555
34670,0.1817
34680,0.3167
34690,0.0886
34700,0.2401
34710,0.259
34720,0.2728
34730,0.2091
34740,0.3761
34750,0.1382
34760,0.1747
34770,0.0839
34780,0.1525
34790,0.3006
34800,0.0725
34810,0.5089
34820,0.4023
34830,0.1438
34840,0.4702
34850,0.1927
34860,0.3078
34870,0.2188
34880,0.2996
34890,0.4702
34900,0.2007
34910,0.1508
34920,0.0433
34930,0.2272
34940,0.2007
34950,0.0804
34960,0.001
34970,0.1937
34980,0.1908
34990,0.0249
35000,0.2081
35010,0.0011
35020,0.3438
35030,0.1025
35040,0.082
35050,0.409
35060,0.196
35070,0.2104
35080,0.2368
35090,0.0308
35100,0.2844
35110,0.3543
35120,0.252
35130,0.0032
35140,0.2775
35150,0.0678
35160,0.464
35170,0.1695
35180,0.0915
35190,0.1861
35200,0.2441
35210,0.2834
35220,0.026
35230,0.201
35240,0.2711
35250,0.0996
35260,0.0398
35270,0.1769
35280,0.3679
35290,0.1635
35300,0.2108
35310,0.3009
35320,0.2169
35330,0.0021
35340,0.0756
35350,0.041
35360,0.1536
35370,0.0895
35380,0.0009
35390,0.2715
35400,0.1067
35410,0.1775
35420,0.1993
35430,0.4286
35440,0.1398
35450,0.093
35460,0.1719
35470,0.099
35480,0.2062
35490,0.2572
35500,0.1915
35510,0.0118
35520,0.0902
35530,0.0769
35540,0.1197
35550,0.0711
35560,0.0972
35570,0.2326
35580,0.0266
35590,0.0632
35600,0.0546
35610,0.3642
35620,0.1468
35630,0.1207
35640,0.2092
35650,0.1679
35660,0.2426
35670,0.1486
35680,0.085
35690,0.128
35700,0.0374
35710,0.2578
35720,0.2664
35730,0.2238
35740,0.0738
35750,0.2062
35760,0.0114
35770,0.3452
35780,0.1656
35790,0.1968
35800,0.0102
35810,0.0859
35820,0.1285
35830,0.417
35840,0.2772
35850,0.1515
35860,0.4124
35870,0.3414
35880,0.155
35890,0.0807
35900,0.312
35910,0.0695
35920,0.3156
35930,0.4483
35940,0.1614
35950,0.2771
35960,0.0163
35970,0.1351
35980,0.1296
35990,0.3621
36000,0.3221
36010,0.7762
36020,0.1214
36030,0.2408
36040,0.1472
36050,0.1413
36060,0.3201
36070,0.1701
36080,0.0952
36090,0.22
36100,0.2613
36110,0.1401
36120,0.1713
36130,0.1352
36140,0.2898
36150,0.2717
36160,0.2947
36170,0.0419
36180,0.361
36190,0.1687
36200,0.2813
36210,0.3389
36220,0.0251
36230,0.1522
36240,0.1935
36250,0.0571
36260,0.2605
36270,0.0541
36280,0.0685
36290,0.0391
36300,0.0029
36310,0.0006
36320,0.0979
36330,0.037
36340,0.2948
36350,0.1293
36360,0.1355
36370,0.0005
36380,0.2977
36390,0.1628
36400,0.223
36410,0.1531
36420,0.2579
36430,0.0869
36440,0.0572
36450,0.0057
36460,0.173
36470,0.0145
36480,0.1019
36490,0.2364
36500,0.5102
36510,0.0888
36520,0.1022
36530,0.0364
36540,0.1639
36550,0.2655
36560,0.194
36570,0.2739
36580,0.2155
36590,0.1666
36600,0.1612
36610,0.028
36620,0.0261
36630,0.1251
36640,0.387
36650,0.3443
36660,0.2074
36670,0.2722
36680,0.1766
36690,0.2676
36700,0.2657
36710,0.3328
36720,0.0753
36730,0.2135
36740,0.0875
36750,0.2814
36760,0.1182
36770,0.1925
36780,0.1035
36790,0.1507
36800,0.2446
36810,0.1158
36820,0.1154
36830,0.3141
36840,0.3142
36850,0.0446
36860,0.1023
36870,0.2291
36880,0.2989
36890,0.0593
36900,0.3341
36910,0.0702
36920,0.1736
36930,0.3821
36940,0.2633
36950,0.1185
36960,0.2152
36970,0.2398
36980,0.0055
36990,0.2606
37000,0.2875
37010,0.3812
37020,0.1188
37030,0.2088
37040,0.2914
37050,0.0863
37060,0.3018
37070,0.0744
37080,0.1975
37090,0.3686
37100,0.1292
37110,0.2257
37120,0.0388
37130,0.339
37140,0.4621
37150,0.1257
37160,0.2037
37170,0.3174
37180,0.0432
37190,0.2231
37200,0.2748
37210,0.1658
37220,0.2239
37230,0.084
37240,0.3827
37250,0.3316
37260,0.3027
37270,0.1488
37280,0.4563
37290,0.3163
37300,0.2361
37310,0.409
37320,0.4034
37330,0.2791
37340,0.0777
37350,0.4029
37360,0.0584
37370,0.2852
37380,0.1165
37390,0.0897
37400,0.0017
37410,0.0338
37420,0.4303
37430,0.2019
37440,0.3778
37450,0.3357
37460,0.3298
37470,0.0473
37480,0.1848
37490,0.2777
37500,0.2988
37510,0.0446
37520,0.3947
37530,0.1148
37540,0.3179
37550,0.1992
37560,0.1947
37570,0.1241
37580,0.0081
37590,0.4594
37600,0.1905
37610,0.2353
37620,0.0011
37630,0.0031
37640,0.2127
37650,0.1511
37660,0.1122
37670,0.0828
37680,0.1938
37690,0.2553
37700,0.4251
37710,0.1177
37720,0.1797
37730,0.1349
37740,0.0883
37750,0.0029
37760,0.2092
37770,0.2993
37780,0.2107
37790,0.4264
37800,0.1077
37810,0.2761
37820,0.2318
37830,0.1757
37840,0.0362
37850,0.2992
37860,0.1796
37870,0.2602
37880,0.0628
37890,0.0606
37900,0.2255
37910,0.1548
37920,0.1485
37930,0.4554
37940,0.1591
37950,0.001
37960,0.0971
37970,0.1981
37980,0.0007
37990,0.0787
38000,0.0663
38010,0.034
38020,0.0913
38030,0.3141
38040,0.2976
38050,0.0494
38060,0.0113
38070,0.1124
38080,0.405
38090,0.2209
38100,0.0621
38110,0.0838
38120,0.0886
38130,0.0177
38140,0.0573
38150,0.1772
38160,0.579
38170,0.2285
38180,0.2927
38190,0.0007
38200,0.0211
38210,0.1895
38220,0.0363
38230,0.3247
38240,0.1951
38250,0.027
38260,0.155
38270,0.1135
38280,0.2946
38290,0.1569
38300,0.0545
38310,0.2228
38320,0.1862
38330,0.1559
38340,0.372
38350,0.1016
38360,0.0883
38370,0.0801
38380,0.2441
38390,0.122
38400,0.386
38410,0.001
38420,0.0027
38430,0.3303
38440,0.2593
38450,0.099
38460,0.083
38470,0.0556
38480,0.4223
38490,0.012
38500,0.1645
38510,0.0151
38520,0.2401
38530,0.1637
38540,0.1815
38550,0.3239
38560,0.0652
38570,0.2318
38580,0.2937
38590,0.527
38600,0.268
38610,0.1063
38620,0.1775
38630,0.4881
38640,0.2256
38650,0.1225
38660,0.1631
38670,0.2284
38680,0.0122
38690,0.5293
38700,0.0908
38710,0.2307
38720,0.107
38730,0.1699
38740,0.193
38750,0.4868
38760,0.1692
38770,0.1034
38780,0.022
38790,0.1884
38800,0.1038
38810,0.0015
38820,0.2024
38830,0.2169
38840,0.1419
38850,0.005
38860,0.1009
38870,0.0709
38880,0.3658
38890,0.1432
38900,0.1435
38910,0.0258
38920,0.0933
38930,0.3387
38940,0.1079
38950,0.2708
38960,0.383
38970,0.1305
38980,0.0504
38990,0.1127
39000,0.1088
39010,0.0135
39020,0.0523
39030,0.1114
39040,0.3562
39050,0.1419
39060,0.0022
39070,0.2291
39080,0.185
39090,0.2872
39100,0.0707
39110,0.2048
39120,0.0255
39130,0.0625
39140,0.0484
39150,0.1572
39160,0.1915
39170,0.003
39180,0.3414
39190,0.0098
39200,0.1733
39210,0.2029
39220,0.1359
39230,0.0027
39240,0.172
39250,0.1581
39260,0.1149
39270,0.2205
39280,0.0855
39290,0.1527
39300,0.1892
39310,0.1018
39320,0.026
39330,0.3705
39340,0.1451
39350,0.0023
39360,0.2671
39370,0.0387
39380,0.0717
39390,0.1256
39400,0.2475
39410,0.001
39420,0.2078
39430,0.1151
39440,0.0678
39450,0.2694
39460,0.17
39470,0.0014
39480,0.4742
39490,0.0023
39500,0.1445
39510,0.1118
39520,0.0579
39530,0.2382
39540,0.0711
39550,0.0016
39560,0.0774
39570,0.2641
39580,0.2814
39590,0.2201
39600,0.0415
39610,0.267
39620,0.0822
39630,0.306
39640,0.4258
39650,0.3572
39660,0.382
39670,0.148
39680,0.1351
39690,0.0017
39700,0.3051
39710,0.3075
39720,0.0742
39730,0.0009
39740,0.2221
39750,0.1293
39760,0.2764
39770,0.1231
39780,0.0932
39790,0.0014
39800,0.2684
39810,0.0997
39820,0.1069
39830,0.1988
39840,0.2529
39850,0.28
39860,0.1138
39870,0.1395
39880,0.1235
39890,0.1026
39900,0.2665
39910,0.0176
39920,0.181
39930,0.0397
39940,0.2506
39950,0.1722
39960,0.1828
39970,0.0753
39980,0.032
39990,0.5913
40000,0.0897
40010,0.0729
40020,0.0715
40030,0.0766
40040,0.1095
40050,0.0012
40060,0.0006
40070,0.3673
40080,0.1861
40090,0.1048
40100,0.1401
40110,0.2655
40120,0.0463
40130,0.2002
40140,0.0473
40150,0.1514
40160,0.029
40170,0.137
40180,0.0472
40190,0.1362
40200,0.0832
40210,0.0572
40220,0.1644
40230,0.4218
40240,0.1191
40250,0.066
40260,0.1084
40270,0.1159
40280,0.2537
40290,0.0824
40300,0.0007
40310,0.2669
40320,0.2073
40330,0.183
40340,0.174
40350,0.2962
40360,0.1828
40370,0.0694
40380,0.3729
40390,0.0498
40400,0.1976
40410,0.0025
40420,0.4115
40430,0.1624
40440,0.0691
40450,0.1034
40460,0.107
40470,0.3349
40480,0.0951
40490,0.2619
40500,0.0838
40510,0.0927
40520,0.1717
40530,0.2382
40540,0.04
40550,0.0112
40560,0.1175
40570,0.2122
40580,0.4359
40590,0.0009
40600,0.2422
40610,0.2547
40620,0.0865
40630,0.1693
40640,0.0006
40650,0.122
40660,0.6483
40670,0.1393
40680,0.409
40690,0.092
40700,0.306
40710,0.1203
40720,0.1746
40730,0.1709
40740,0.3351
40750,0.2906
40760,0.0133
40770,0.326
40780,0.4052
40790,0.2932
40800,0.2092
40810,0.2337
40820,0.2294
40830,0.0156
40840,0.1216
40850,0.283
40860,0.1716
40870,0.3628
40880,0.0676
40890,0.0814
40900,0.118
40910,0.2682
40920,0.001
40930,0.003
40940,0.5832
40950,0.3768
40960,0.0345
40970,0.3024
40980,0.183
40990,0.1033
41000,0.1954
41010,0.1904
41020,0.1757
41030,0.2154
41040,0.0918
41050,0.0095
41060,0.1716
41070,0.2676
41080,0.366
41090,0.0643
41100,0.0082
41110,0.3041
41120,0.2197
41130,0.0328
41140,0.1904
41150,0.0144
41160,0.0587
41170,0.1761
41180,0.1405
41190,0.0394
41200,0.014
41210,0.1325
41220,0.168
41230,0.1141
41240,0.2841
41250,0.0484
41260,0.0189
41270,0.2576
41280,0.0856
41290,0.2013
41300,0.0638
41310,0.0322
41320,0.0084
41330,0.14
41340,0.13
41350,0.0308
41360,0.2321
41370,0.1859
41380,0.1103
41390,0.5407
41400,0.0912
41410,0.012
41420,0.0633
41430,0.0006
41440,0.0725
41450,0.0188
41460,0.0005
41470,0.221
41480,0.1718
41490,0.0004
41500,0.3371
41510,0.0682
41520,0.2019
41530,0.3008
41540,0.0871
41550,0.0166
41560,0.1557
41570,0.101
41580,0.0845
41590,0.0742
41600,0.1084
41610,0.2048
41620,0.0013
41630,0.0749
41640,0.1543
41650,0.2411
41660,0.1896
41670,0.0361
41680,0.3406
41690,0.2105
41700,0.0101
41710,0.1086
41720,0.2258
41730,0.3209
41740,0.2875
41750,0.1481
41760,0.0755
41770,0.0919
41780,0.0327
41790,0.08
41800,0.0415
41810,0.2814
41820,0.1399
41830,0.0012
41840,0.2516
41850,0.1011
41860,0.1287
41870,0.0558
41880,0.1908
41890,0.2222
41900,0.3026
41910,0.3734
41920,0.1764
41930,0.339
41940,0.052
41950,0.1308
41960,0.3562
41970,0.179
41980,0.2147
41990,0.1039
42000,0.2239
42010,0.0982
42020,0.0928
42030,0.137
42040,0.0886
42050,0.0562
42060,0.1021
42070,0.5314
42080,0.2538
42090,0.0735
42100,0.0099
42110,0.1028
42120,0.0656
42130,0.0972
42140,0.0518
42150,0.4208
42160,0.0005
42170,0.0954
42180,0.2182
42190,0.0041
42200,0.0576
42210,0.0926
42220,0.3297
42230,0.3357
42240,0.0006
42250,0.0649
42260,0.2918
42270,0.1743
42280,0.109
42290,0.0384
42300,0.3457
42310,0.0004
42320,0.1449
42330,0.2065
42340,0.0213
42350,0.1889
42360,0.0009
42370,0.0988
42380,0.038
42390,0.0212
42400,0.2882
42410,0.1539
42420,0.2652
42430,0.1373
42440,0.0768
42450,0.0874
42460,0.0101
42470,0.102
42480,0.3493
42490,0.128
42500,0.0962
42510,0.1622
42520,0.1054
42530,0.4979
42540,0.1792
42550,0.2817
42560,0.1425
42570,0.0557
42580,0.1192
42590,0.0119
42600,0.1647
42610,0.1702
42620,0.1699
42630,0.0086
42640,0.2374
42650,0.0009
42660,0.3534
42670,0.1241
42680,0.0562
42690,0.415
42700,0.0312
42710,0.1155
42720,0.0132
42730,0.4446
42740,0.0668
42750,0.1562
42760,0.2687
42770,0.2078
42780,0.1133
42790,0.2897
42800,0.0633
42810,0.0028
42820,0.0423
42830,0.0818
42840,0.2382
42850,0.1276
42860,0.0005
42870,0.249
42880,0.0209
42890,0.0004
42900,0.4916
42910,0.0756
42920,0.0004
42930,0.0688
42940,0.0646
42950,0.1745
42960,0.0031
42970,0.0121
42980,0.0803
42990,0.0004
43000,0.0007
43010,0.0761
43020,0.0479
43030,0.0111
43040,0.3229
43050,0.2458
43060,0.1071
43070,0.0711
43080,0.125
43090,0.1566
43100,0.3217
43110,0.1101
43120,0.0853
43130,0.2563
43140,0.2383
43150,0.1125
43160,0.1856
43170,0.2109
43180,0.0318
43190,0.0958
43200,0.2579
43210,0.1263
43220,0.1814
43230,0.1371
43240,0.0026
43250,0.0128
43260,0.3401
43270,0.1203
43280,0.0014
43290,0.001
43300,0.2924
43310,0.1173
43320,0.0027
43330,0.0011
43340,0.0985
43350,0.0411
43360,0.3252
43370,0.3032
43380,0.0846
43390,0.2106
43400,0.0961
43410,0.1699
43420,0.1251
43430,0.0004
43440,0.0899
43450,0.0007
43460,0.2371
43470,0.1374
43480,0.2111
43490,0.0462
43500,0.0303
43510,0.0006
43520,0.0655
43530,0.2871
43540,0.1034
43550,0.1271
43560,0.0165
43570,0.1787
43580,0.0009
43590,0.2481
43600,0.0005
43610,0.2129
43620,0.1366
43630,0.1425
43640,0.2036
43650,0.1008
43660,0.0013
43670,0.0429
43680,0.141
43690,0.1318
43700,0.1189
43710,0.1927
43720,0.0237
43730,0.1593
43740,0.2004
43750,0.2963
43760,0.0018
43770,0.1733
43780,0.0008
43790,0.2024
43800,0.0848
43810,0.114
43820,0.0629
43830,0.0899
43840,0.0007
43850,0.4161
43860,0.0015
43870,0.2103
43880,0.0894
43890,0.0692
43900,0.292
43910,0.3656
43920,0.0064
43930,0.2436
43940,0.3087
43950,0.2742
43960,0.1039
43970,0.1392
43980,0.0985
43990,0.0798
44000,0.259
44010,0.1176
44020,0.2519
44030,0.1254
44040,0.0006
44050,0.0968
44060,0.0986
44070,0.1241
44080,0.189
44090,0.2274
44100,0.1955
44110,0.1099
44120,0.1834
44130,0.1748
44140,0.0988
44150,0.166
44160,0.1602
44170,0.0406
44180,0.2644
44190,0.1139
44200,0.2132
44210,0.0683
44220,0.1911
44230,0.1002
44240,0.3299
44250,0.0795
44260,0.0967
44270,0.1615
44280,0.0017
44290,0.244
44300,0.1842
44310,0.1306
44320,0.1651
44330,0.0113
44340,0.0848
44350,0.0012
44360,0.1075
44370,0.2704
44380,0.3561
44390,0.0005
44400,0.3021
44410,0.0777
44420,0.1401
44430,0.1578
44440,0.4604
44450,0.5707
44460,0.1967
44470,0.1341
44480,0.2301
44490,0.2071
44500,0.1172
44510,0.3357
44520,0.3102
44530,0.0257
44540,0.094
44550,0.2532
44560,0.2795
44570,0.067
44580,0.0008
44590,0.0871
44600,0.1777
44610,0.1795
44620,0.0699
44630,0.0308
44640,0.0681
44650,0.0251
44660,0.1544
44670,0.1494
44680,0.2286
44690,0.0888
44700,0.1414
44710,0.1304
44720,0.0777
44730,0.4084
44740,0.2268
44750,0.2712
44760,0.038
44770,0.0917
44780,0.1233
44790,0.0015
44800,0.0004
44810,0.3427
44820,0.0005
44830,0.0307
44840,0.1143
44850,0.0578
44860,0.3079
44870,0.3603
44880,0.2247
44890,0.0245
44900,0.0097
44910,0.0794
44920,0.219
44930,0.0985
44940,0.0057
44950,0.0874
44960,0.0009
44970,0.0755
44980,0.2179
44990,0.0488
45000,0.237
45010,0.2917
45020,0.0004
45030,0.1368
45040,0.0961
45050,0.2616
45060,0.1196
45070,0.1787
45080,0.0007
45090,0.1965
45100,0.0025
45110,0.0941
45120,0.2161
45130,0.1726
45140,0.0004
45150,0.1555
45160,0.1744
45170,0.1196
45180,0.3003
45190,0.0008
45200,0.0433
45210,0.0112
45220,0.3425
45230,0.0008
45240,0.1894
45250,0.2208
45260,0.1487
45270,0.0075
45280,0.0094
45290,0.1891
45300,0.4149
45310,0.0358
45320,0.2003
45330,0.0967
45340,0.0103
45350,0.0924
45360,0.0326
45370,0.0295
45380,0.197
45390,0.0743
45400,0.0006
45410,0.2318
45420,0.0872
45430,0.0022
45440,0.3414
45450,0.2322
45460,0.0009
45470,0.2855
45480,0.1785
45490,0.2048
45500,0.0309
45510,0.1411
45520,0.1249
45530,0.1046
45540,0.0016
45550,0.0943
45560,0.2321
45570,0.0006
45580,0.1834
45590,0.0986
45600,0.1569
45610,0.0811
45620,0.0005
45630,0.2149
45640,0.003
45650,0.0684
45660,0.0512
45670,0.1054
45680,0.022
45690,0.1521
45700,0.2257
45710,0.1008
45720,0.0597
45730,0.1773
45740,0.2439
45750,0.0794
45760,0.1507
45770,0.0574
45780,0.0931
45790,0.0047
45800,0.0364
45810,0.0383
45820,0.1928
45830,0.1349
45840,0.0008
45850,0.0007
45860,0.2768
45870,0.0003
45880,0.0967
45890,0.1514
45900,0.3139
45910,0.0364
45920,0.0017
45930,0.1053
45940,0.1272
45950,0.0732
45960,0.0577
45970,0.0007
45980,0.0006
45990,0.1659
46000,0.0727
46010,0.1381
46020,0.1919
46030,0.3258
46040,0.1521
46050,0.2578
46060,0.0883
46070,0.3481
46080,0.1373
46090,0.1359
46100,0.0885
46110,0.0976
46120,0.1499
46130,0.2011
46140,0.1875
46150,0.1603
46160,0.0828
46170,0.2031
46180,0.1782
46190,0.0054
46200,0.1159
46210,0.0806
46220,0.2943
46230,0.0123
46240,0.3031
46250,0.2462
46260,0.1433
46270,0.1104
46280,0.1099
46290,0.0759
46300,0.4145
46310,0.0232
46320,0.3189
46330,0.1526
46340,0.0398
46350,0.0007
46360,0.098
46370,0.1758
46380,0.0836
46390,0.1462
46400,0.294
46410,0.0409
46420,0.2597
46430,0.0016
46440,0.1557
46450,0.0404
46460,0.2512
46470,0.0481
46480,0.082
46490,0.1282
46500,0.1249
46510,0.0512
46520,0.0454
46530,0.2675
46540,0.1376
46550,0.2586
46560,0.0095
46570,0.204
46580,0.0263
46590,0.0816
46600,0.147
46610,0.1318
46620,0.1184
46630,0.1358
46640,0.037
46650,0.0641
46660,0.0121
46670,0.1254
46680,0.2459
46690,0.2627
46700,0.0776
46710,0.0337
46720,0.0004
46730,0.2767
46740,0.0814
46750,0.3885
46760,0.1023
46770,0.0981
46780,0.0762
46790,0.0522
46800,0.26
46810,0.0886
46820,0.1208
46830,0.156
46840,0.0008
46850,0.0579
46860,0.3383
46870,0.1809
46880,0.0922
46890,0.284
46900,0.2172
46910,0.2108
46920,0.1233
46930,0.0091
46940,0.2528
46950,0.1937
46960,0.1232
46970,0.0346
46980,0.2961
46990,0.0007
47000,0.2377
47010,0.247
47020,0.1008
47030,0.0549
47040,0.0441
47050,0.1255
47060,0.2563
47070,0.0516
47080,0.2244
47090,0.0853
47100,0.1072
47110,0.1381
47120,0.0294
47130,0.0104
47140,0.1849
47150,0.1978
47160,0.2268
47170,0.1182
47180,0.0055
47190,0.0842
47200,0.2815
47210,0.0962
47220,0.0007
47230,0.3288
47240,0.056
47250,0.0098
47260,0.1345
47270,0.0859
47280,0.03
47290,0.1647
47300,0.2069
47310,0.0691
47320,0.1465
47330,0.0347
47340,0.1505
47350,0.003
47360,0.0323
47370,0.2685
47380,0.1412
47390,0.0949
47400,0.0006
47410,0.106
47420,0.1475
47430,0.0909
47440,0.0902
47450,0.1264
47460,0.0004
47470,0.0227
47480,0.0414
47490,0.1954
47500,0.3051
47510,0.1773
47520,0.0626
47530,0.1235
47540,0.0008
47550,0.2329
47560,0.006
47570,0.0006
47580,0.0695
47590,0.0993
47600,0.2228
47610,0.0807
47620,0.1717
47630,0.2192
47640,0.3284
47650,0.2011
47660,0.2528
47670,0.1212
47680,0.0459
47690,0.0957
47700,0.0617
47710,0.0745
47720,0.0186
47730,0.0338
47740,0.14
47750,0.0767
47760,0.1884
47770,0.0458
47780,0.0096
47790,0.07
47800,0.0213
47810,0.1004
47820,0.1277
47830,0.0609
47840,0.0008
47850,0.0003
47860,0.1472
47870,0.1122
47880,0.0414
47890,0.0003
47900,0.1836
47910,0.1517
47920,0.0801
47930,0.0006
47940,0.1002
47950,0.0402
47960,0.0825
47970,0.0931
47980,0.0002
47990,0.1272
48000,0.0057
48010,0.0002
48020,0.0667
48030,0.115
48040,0.0979
48050,0.1359
48060,0.0003
48070,0.0001
48080,0.1182
48090,0.0002
48100,0.0536
48110,0.0009
48120,0.0044
48130,0.0887
48140,0.0004
48150,0.3278
48160,0.0005
48170,0.091
48180,0.1046
48190,0.1437
48200,0.151
48210,0.0629
48220,0.0019
48230,0.3025
48240,0.0002
48250,0.2695
48260,0.1261
48270,0.0811
48280,0.3277
48290,0.0818
48300,0.2731
48310,0.0004
48320,0.0184
48330,0.0006
48340,0.2717
48350,0.0003
48360,0.0978
48370,0.0999
48380,0.1068
48390,0.1118
48400,0.0504
48410,0.0653
48420,0.0002
48430,0.1492
48440,0.058
48450,0.0002
48460,0.1191
48470,0.0718
48480,0.0278
48490,0.136
48500,0.0033
48510,0.0009
48520,0.0029
48530,0.0006
48540,0.1753
48550,0.0679
48560,0.5362
48570,0.0874
48580,0.5036
48590,0.001
48600,0.1497
48610,0.2415
48620,0.0003
48630,0.2833
48640,0.0963
48650,0.122
48660,0.1025
48670,0.274
48680,0.0906
48690,0.2273
48700,0.212
48710,0.1015
48720,0.0581
48730,0.0004
48740,0.0842
48750,0.0003
48760,0.0306
48770,0.149
48780,0.0004
48790,0.0061
48800,0.0616
48810,0.3871
48820,0.2013
48830,0.1829
48840,0.2129
48850,0.2004
48860,0.2097
48870,0.2236
48880,0.0008
48890,0.2012
48900,0.0023
48910,0.3195
48920,0.0644
48930,0.0108
48940,0.0985
48950,0.1005
48960,0.0077
48970,0.0445
48980,0.0885
48990,0.0442
49000,0.0086
49010,0.1015
49020,0.1667
49030,0.0835
49040,0.0592
49050,0.0054
49060,0.0014
49070,0.0002
49080,0.1614
49090,0.358
49100,0.0717
49110,0.138
49120,0.2049
49130,0.0005
49140,0.031
49150,0.0017
49160,0.1972
49170,0.1831
49180,0.0137
49190,0.0294
49200,0.1508
49210,0.1735
49220,0.2415
49230,0.0634
49240,0.4088
49250,0.0647
49260,0.162
49270,0.2171
49280,0.0254
49290,0.1311
49300,0.0078
49310,0.2395
49320,0.0905
49330,0.1148
49340,0.0004
49350,0.0455
49360,0.2548
49370,0.2357
49380,0.1092
49390,0.0574
49400,0.079
49410,0.1093
49420,0.1801
49430,0.2476
49440,0.1442
49450,0.0655
49460,0.0757
49470,0.0273
49480,0.0926
49490,0.0003
49500,0.0136
49510,0.1363
49520,0.0849
49530,0.2672
49540,0.0026
49550,0.1428
49560,0.1711
49570,0.227
49580,0.0924
49590,0.0028
49600,0.1135
49610,0.2876
49620,0.2807
49630,0.2321
49640,0.2418
49650,0.0925
49660,0.1738
49670,0.0145
49680,0.128
49690,0.0872
49700,0.2223
49710,0.0706
49720,0.0007
49730,0.0008
49740,0.1045
49750,0.0816
49760,0.012
49770,0.3091
49780,0.022
49790,0.1299
49800,0.2383
49810,0.1063
49820,0.0538
49830,0.0005
49840,0.0025
49850,0.0373
49860,0.0476
49870,0.0508
49880,0.0041
49890,0.0145
49900,0.0004
49910,0.1771
49920,0.0374
49930,0.2985
49940,0.038
49950,0.3125
49960,0.134
49970,0.1633
49980,0.1406
49990,0.0017
50000,0.2009
50010,0.0705
50020,0.0033
50030,0.1176
50040,0.0969
50050,0.0882
50060,0.0861
50070,0.1541
50080,0.2331
50090,0.0604
50100,0.1292
50110,0.136
50120,0.0559
50130,0.0003
50140,0.0701
50150,0.1533
50160,0.0565
50170,0.1899
50180,0.1783
50190,0.3493
50200,0.2169
50210,0.1177
50220,0.1577
50230,0.0492
50240,0.1885
50250,0.1243
50260,0.1086
50270,0.0701
50280,0.0005
50290,0.0892
50300,0.1558
50310,0.0783
50320,0.2074
50330,0.0027
50340,0.004
50350,0.0074
50360,0.0554
50370,0.1517
50380,0.0003
50390,0.1127
50400,0.0703
50410,0.1722
50420,0.0908
50430,0.0898
50440,0.1045
50450,0.1965
50460,0.0549
50470,0.0217
50480,0.3943
50490,0.2016
50500,0.2338
50510,0.0335
50520,0.0461
50530,0.0157
50540,0.0499
50550,0.1628
50560,0.1625
50570,0.163
50580,0.0555
50590,0.0308
50600,0.0538
50610,0.0007
50620,0.0943
50630,0.0458
50640,0.1221
50650,0.0797
50660,0.0559
50670,0.0581
50680,0.0103
50690,0.1256
50700,0.0772
50710,0.0301
50720,0.0002
50730,0.2586
50740,0.3888
50750,0.0008
50760,0.1092
50770,0.2789
50780,0.0636
50790,0.5615
50800,0.1133
50810,0.4512
50820,0.2249
50830,0.2418
50840,0.0201
50850,0.0937
50860,0.1449
50870,0.2049
50880,0.1334
50890,0.0007
50900,0.2015
50910,0.2265
50920,0.1921
50930,0.0007
50940,0.0327
50950,0.0562
50960,0.0003
50970,0.0891
50980,0.2659
50990,0.0034
51000,0.1619
51010,0.1609
51020,0.0017
51030,0.1984
51040,0.0042
51050,0.0004
51060,0.1218
51070,0.0004
51080,0.1488
51090,0.0009
51100,0.0973
51110,0.1048
51120,0.0964
51130,0.0004
51140,0.0006
51150,0.0003
51160,0.0541
51170,0.1124
51180,0.1816
51190,0.0016
51200,0.1893
51210,0.2157
51220,0.1086
51230,0.1199
51240,0.0016
51250,0.2196
51260,0.1
51270,0.2099
51280,0.0953
51290,0.0055
51300,0.0467
51310,0.0422
51320,0.0003
51330,0.0002
51340,0.0359
51350,0.1382
51360,0.2037
51370,0.2897
51380,0.0008
51390,0.0019
51400,0.0007
51410,0.1309
51420,0.0003
51430,0.0003
51440,0.1406
51450,0.0003
51460,0.0178
51470,0.0032
51480,0.2658
51490,0.1442
51500,0.1035
51510,0.0009
51520,0.1953
51530,0.0003
51540,0.0124
51550,0.1648
51560,0.1491
51570,0.0067
51580,0.2295
51590,0.159
51600,0.1877
51610,0.1467
51620,0.0124
51630,0.0774
51640,0.1014
51650,0.2028
51660,0.0014
51670,0.0884
51680,0.0003
51690,0.0105
51700,0.0003
51710,0.0023
51720,0.0121
51730,0.0002
51740,0.3242
51750,0.1308
51760,0.0917
51770,0.0002
51780,0.0118
51790,0.2516
51800,0.0043
51810,0.3234
51820,0.0002
51830,0.0046
51840,0.0779
51850,0.1342
51860,0.1016
51870,0.2215
51880,0.0011
51890,0.1866
51900,0.0011
51910,0.0021
51920,0.0874
51930,0.1734
51940,0.1799
51950,0.0185
51960,0.01
51970,0.214
51980,0.1451
51990,0.2502
52000,0.0005
52010,0.1517
52020,0.0751
52030,0.003
52040,0.0006
52050,0.2082
52060,0.0003
52070,0.0089
52080,0.1068
52090,0.1022
52100,0.0002
52110,0.0022
52120,0.2396
52130,0.1058
52140,0.1033
52150,0.2312
52160,0.1099
52170,0.0104
52180,0.1774
52190,0.062
52200,0.5126
52210,0.0534
52220,0.034
52230,0.0354
52240,0.0762
52250,0.0672
52260,0.3063
52270,0.0006
52280,0.03
52290,0.1119
52300,0.0556
52310,0.0965
52320,0.1808
52330,0.0083
52340,0.1393
52350,0.1918
52360,0.1839
52370,0.0009
52380,0.3691
52390,0.0726
52400,0.0991
52410,0.0895
52420,0.0016
52430,0.0803
52440,0.0754
52450,0.2309
52460,0.109
52470,0.0007
52480,0.0827
52490,0.0034
52500,0.0005
52510,0.0134
52520,0.1354
52530,0.0455
52540,0.0002
52550,0.0009
52560,0.0002
52570,0.0002
52580,0.0594
52590,0.1484
52600,0.0672
52610,0.2306
52620,0.2823
52630,0.0093
52640,0.0519
52650,0.4957
52660,0.0934
52670,0.0624
52680,0.0899
52690,0.0561
52700,0.0689
52710,0.1901
52720,0.0779
52730,0.2293
52740,0.1253
52750,0.1021
52760,0.1786
52770,0.0549
52780,0.1506
52790,0.2219
52800,0.1146
52810,0.0003
52820,0.1254
52830,0.0376
52840,0.2653
52850,0.0261
52860,0.1119
52870,0.225
52880,0.0788
52890,0.0002
52900,0.0002
52910,0.3119
52920,0.0005
52930,0.2302
52940,0.0014
52950,0.0004
52960,0.0027
52970,0.0029
52980,0.0032
52990,0.0184
53000,0.0042
53010,0.0946
53020,0.0056
53030,0.0688
53040,0.0003
53050,0.0044
53060,0.0241
53070,0.0477
53080,0.0003
53090,0.0002
53100,0.0983
53110,0.1172
53120,0.0007
53130,0.1589
53140,0.0995
53150,0.1298
53160,0.0002
53170,0.1802
53180,0.3416
53190,0.028
53200,0.094
53210,0.1446
53220,0.1705
53230,0.1119
53240,0.015
53250,0.0428
53260,0.1536
53270,0.0008
53280,0.0986
53290,0.0002
53300,0.0825
53310,0.071
53320,0.2053
53330,0.0004
53340,0.1052
53350,0.2771
53360,0.1115
53370,0.0782
53380,0.2122
53390,0.0867
53400,0.0685
53410,0.1749
53420,0.0808
53430,0.0963
53440,0.0002
53450,0.1254
53460,0.1022
53470,0.0003
53480,0.1933
53490,0.2141
53500,0.1939
53510,0.0541
53520,0.0797
53530,0.0513
53540,0.0028
53550,0.1165
53560,0.0676
53570,0.0317
53580,0.0678
53590,0.1669
53600,0.0009
53610,0.0995
53620,0.0005
53630,0.0002
53640,0.0008
53650,0.081
53660,0.0002
53670,0.1397
53680,0.2723
53690,0.0948
53700,0.3615
53710,0.058
53720,0.1642
53730,0.0517
53740,0.1658
53750,0.0806
53760,0.0798
53770,0.0004
53780,0.2453
53790,0.0664
53800,0.0103
53810,0.0346
53820,0.1975
53830,0.1755
53840,0.0042
53850,0.02
53860,0.1222
53870,0.0017
53880,0.1088
53890,0.1864
53900,0.1122
53910,0.2235
53920,0.0012
53930,0.3766
53940,0.0768
53950,0.0389
53960,0.1058
53970,0.0003
53980,0.194
53990,0.0019
54000,0.0403
54010,0.0587
54020,0.1521
54030,0.0113
54040,0.181
54050,0.0146
54060,0.1201
54070,0.2347
54080,0.0381
54090,0.2111
54100,0.0007
54110,0.1155
54120,0.102
54130,0.094
54140,0.068
54150,0.0005
54160,0.0053
54170,0.0461
54180,0.0343
54190,0.0037
54200,0.141
54210,0.1336
54220,0.1338
54230,0.0013
54240,0.0003
54250,0.0026
54260,0.0003
54270,0.0935
54280,0.2028
54290,0.1081
54300,0.0179
54310,0.0212
54320,0.0373
54330,0.038
54340,0.107
54350,0.0002
54360,0.101
54370,0.0005
54380,0.097
54390,0.0832
54400,0.0954
54410,0.2334
54420,0.1276
54430,0.0191
54440,0.2643
54450,0.0833
54460,0.0014
54470,0.0004
54480,0.0007
54490,0.378
54500,0.1036
54510,0.0272
54520,0.0073
54530,0.0512
54540,0.0007
54550,0.1948
54560,0.0005
54570,0.1802
54580,0.0914
54590,0.2759
54600,0.0713
54610,0.089
54620,0.0006
54630,0.0007
54640,0.0016
54650,0.0003
54660,0.0934
54670,0.0046
54680,0.2237
54690,0.0006
54700,0.3604
54710,0.0044
54720,0.0044
54730,0.1018
54740,0.0183
54750,0.0002
54760,0.0031
54770,0.0002
54780,0.0002
54790,0.0126
54800,0.0003
54810,0.0001
54820,0.1157
54830,0.0002
54840,0.0001
54850,0.0656
54860,0.0001
54870,0.1029
54880,0.0005
54890,0.133
54900,0.0987
54910,0.0021
54920,0.166
54930,0.1721
54940,0.1258
54950,0.0466
54960,0.0501
54970,0.0212
54980,0.0268
54990,0.1665
55000,0.1654
55010,0.1209
55020,0.0004
55030,0.0127
55040,0.0582
55050,0.2388
55060,0.1886
55070,0.0018
55080,0.0275
55090,0.0002
55100,0.0003
55110,0.3133
55120,0.0005
55130,0.0003
55140,0.0013
55150,0.1353
55160,0.0003
55170,0.0891
55180,0.1153
55190,0.0005
55200,0.0002
55210,0.0994
55220,0.0038
55230,0.0969
55240,0.0646
55250,0.0002
55260,0.0003
55270,0.0048
55280,0.1316
55290,0.078
55300,0.0765
55310,0.0003
55320,0.0891
55330,0.0622
55340,0.001
55350,0.0774
55360,0.2182
55370,0.0273
55380,0.0083
55390,0.1306
55400,0.2083
55410,0.0635
55420,0.0765
55430,0.1433
55440,0.0923
55450,0.0491
55460,0.0002
55470,0.1049
55480,0.1061
55490,0.0646
55500,0.0003
55510,0.041
55520,0.0002
55530,0.1253
55540,0.1669
55550,0.0714
55560,0.0189
55570,0.0148
55580,0.0003
55590,0.0828
55600,0.1169
55610,0.1136
55620,0.1308
55630,0.1885
55640,0.0921
55650,0.0138
55660,0.143
55670,0.1819
55680,0.0296
55690,0.1215
55700,0.0003
55710,0.124
55720,0.1664
55730,0.0016
55740,0.1283
55750,0.1436
55760,0.1181
55770,0.0642
55780,0.2134
55790,0.0244
55800,0.0335
55810,0.0013
55820,0.2206
55830,0.1079
55840,0.0586
55850,0.0072
55860,0.106
55870,0.1174
55880,0.0141
55890,0.2008
55900,0.0588
55910,0.0006
55920,0.1211
55930,0.0003
55940,0.0259
55950,0.0002
55960,0.0002
55970,0.009
55980,0.1233
55990,0.0996
56000,0.0008
56010,0.2045
56020,0.0357
56030,0.0336
56040,0.1962
56050,0.0012
56060,0.0004
56070,0.1337
56080,0.0788
56090,0.0529
56100,0.0873
56110,0.1124
56120,0.288
56130,0.1725
56140,0.0008
56150,0.0007
56160,0.0644
56170,0.0992
56180,0.0045
56190,0.3049
56200,0.4174
56210,0.0864
56220,0.0857
56230,0.313
56240,0.0646
56250,0.0208
56260,0.0025
56270,0.0912
56280,0.2392
56290,0.0004
56300,0.0728
56310,0.1829
56320,0.0008
56330,0.2673
56340,0.011
56350,0.1122
56360,0.1118
56370,0.117
56380,0.0986
56390,0.0877
56400,0.0003
56410,0.0498
56420,0.0958
56430,0.1324
56440,0.0091
56450,0.1267
56460,0.0968
56470,0.0407
56480,0.0003
56490,0.1038
56500,0.2189
56510,0.1365
56520,0.0374
56530,0.1614
56540,0.079
56550,0.0002
56560,0.0292
56570,0.0003
56580,0.0002
56590,0.0004
56600,0.0003
56610,0.2769
56620,0.2616
56630,0.1586
56640,0.0259
56650,0.0348
56660,0.2585
56670,0.0006
56680,0.1359
56690,0.1533
56700,0.0016
56710,0.1892
56720,0.0002
56730,0.2458
56740,0.119
56750,0.0004
56760,0.0506
56770,0.0011
56780,0.1597
56790,0.192
56800,0.1028
56810,0.1586
56820,0.3237
56830,0.0003
56840,0.0253
56850,0.1447
56860,0.1833
56870,0.0489
56880,0.0029
56890,0.0145
56900,0.0004
56910,0.0005
56920,0.0009
56930,0.0003
56940,0.2326
56950,0.0032
56960,0.1006
56970,0.1849
56980,0.0004
56990,0.1022
57000,0.2068
57010,0.1192
57020,0.0369
57030,0.171
57040,0.2136
57050,0.0627
57060,0.1304
57070,0.0007
57080,0.1415
57090,0.2051
57100,0.0002
57110,0.0002
57120,0.0011
57130,0.0734
57140,0.0004
57150,0.0522
57160,0.1754
57170,0.0204
57180,0.0832
57190,0.0029
57200,0.0002
57210,0.0001
57220,0.0002
57230,0.0697
57240,0.0357
57250,0.0151
57260,0.2825
57270,0.0582
57280,0.0361
57290,0.2002
57300,0.0016
57310,0.0001
57320,0.0765
57330,0.169
57340,0.1237
57350,0.4016
57360,0.0002
57370,0.0926
57380,0.0998
57390,0.0566
57400,0.0526
57410,0.0001
57420,0.1693
57430,0.0811
57440,0.0003
57450,0.0863
57460,0.2046
57470,0.1368
57480,0.001
57490,0.0815
57500,0.0019
57510,0.1136
57520,0.0002
57530,0.0002
57540,0.161
57550,0.0002
57560,0.0003
57570,0.1166
57580,0.0002
57590,0.0001
57600,0.035
57610,0.0752
57620,0.0002
57630,0.1212
57640,0.0498
57650,0.1409
57660,0.0015
57670,0.1281
57680,0.0002
57690,0.0019
57700,0.0001
57710,0.1706
57720,0.0753
57730,0.0049
57740,0.2026
57750,0.0006
57760,0.0001
57770,0.0859
57780,0.0008
57790,0.0035
57800,0.0002
57810,0.1153
57820,0.1254
57830,0.1096
57840,0.1712
57850,0.0002
57860,0.1026
57870,0.0002
57880,0.1069
57890,0.0004
57900,0.1012
57910,0.0968
57920,0.0776
57930,0.0001
57940,0.0501
57950,0.0438
57960,0.0042
57970,0.0126
57980,0.0001
57990,0.1154
58000,0.0881
58010,0.0887
58020,0.1037
58030,0.0002
58040,0.0466
58050,0.0002
58060,0.0002
58070,0.1734
58080,0.0001
58090,0.0001
58100,0.0002
58110,0.0153
58120,0.0001
58130,0.0041
58140,0.0001
58150,0.034
58160,0.0951
58170,0.0011
58180,0.0753
58190,0.1092
58200,0.0002
58210,0.0001
58220,0.0078
58230,0.0001
58240,0.0012
58250,0.0853
58260,0.247
58270,0.0067
58280,0.0001
58290,0.0844
58300,0.0001
58310,0.0035
58320,0.119
58330,0.1133
58340,0.0001
58350,0.019
58360,0.0795
58370,0.0436
58380,0.0762
58390,0.096
58400,0.0001
58410,0.0021
58420,0.0961
58430,0.0135
58440,0.0003
58450,0.066
58460,0.0004
58470,0.0001
58480,0.1206
58490,0.0001
58500,0.1269
58510,0.0305
58520,0.046
58530,0.1028
58540,0.0004
58550,0.1884
58560,0.0821
58570,0.2083
58580,0.0157
58590,0.0204
58600,0.0059
58610,0.1519
58620,0.1305
58630,0.0766
58640,0.2275
58650,0.0045
58660,0.1773
58670,0.1631
58680,0.082
58690,0.1256
58700,0.1504
58710,0.0024
58720,0.0648
58730,0.0471
58740,0.0002
58750,0.1509
58760,0.0004
58770,0.0182
58780,0.0006
58790,0.1948
58800,0.0701
58810,0.0001
58820,0.0054
58830,0.0001
58840,0.0356
58850,0.2352
58860,0.0819
58870,0.1038
58880,0.0558
58890,0.0002
58900,0.0586
58910,0.0002
58920,0.0455
58930,0.0042
58940,0.146
58950,0.1469
58960,0.0655
58970,0.1687
58980,0.1364
58990,0.2164
59000,0.1171
59010,0.0966
59020,0.1376
59030,0.0022
59040,0.0381
59050,0.0369
59060,0.0692
59070,0.0618
59080,0.1979
59090,0.0428
59100,0.0917
59110,0.0156
59120,0.0242
59130,0.002
59140,0.4089
59150,0.1042
59160,0.1377
59170,0.0919
59180,0.0975
59190,0.0349
59200,0.0932
59210,0.1582
59220,0.0709
59230,0.0873
59240,0.0002
59250,0.0222
59260,0.1056
59270,0.1396
59280,0.0779
59290,0.0002
59300,0.1864
59310,0.0008
59320,0.0925
59330,0.1231
59340,0.0668
59350,0.0008
59360,0.0008
59370,0.0013
59380,0.0004
59390,0.0939
59400,0.0123
59410,0.1535
59420,0.0631
59430,0.1481
59440,0.0007
59450,0.2214
59460,0.0004
59470,0.0028
59480,0.2158
59490,0.0673
59500,0.0002
59510,0.0046
59520,0.0004
59530,0.0006
59540,0.0982
59550,0.1223
59560,0.1498
59570,0.1889
59580,0.0003
59590,0.0015
59600,0.005
59610,0.11
59620,0.1517
59630,0.0001
59640,0.0001
59650,0.0059
59660,0.1161
59670,0.2528
59680,0.1588
59690,0.137
59700,0.0001
59710,0.11
59720,0.0002
59730,0.0002
59740,0.0079
59750,0.1907
59760,0.0865
59770,0.003
59780,0.0005
59790,0.0009
59800,0.064
59810,0.0028
59820,0.1444
59830,0.0329
59840,0.0131
59850,0.2276
59860,0.0001
59870,0.0003
59880,0.2159
59890,0.0293
59900,0.0001
59910,0.0048
59920,0.0015
59930,0.0456
59940,0.3499
59950,0.3004
59960,0.0019
59970,0.0864
59980,0.0965
59990,0.0726
60000,0.0266
60010,0.0969
60020,0.0012
60030,0.074
60040,0.1657
60050,0.1922
60060,0.2183
60070,0.2111
60080,0.0533
60090,0.1073
60100,0.0003
60110,0.0528
60120,0.0452
60130,0.091
60140,0.0806
60150,0.0953
60160,0.034
60170,0.0391
60180,0.0002
60190,0.0002
60200,0.0696
60210,0.0304
60220,0.0007
60230,0.0001
60240,0.0003
60250,0.0644
60260,0.0003
60270,0.0703
60280,0.0002
60290,0.0059
60300,0.0004
60310,0.1018
60320,0.0516
60330,0.005
60340,0.0312
60350,0.4093
60360,0.0005
60370,0.0247
60380,0.0956
60390,0.1042
60400,0.1123
60410,0.0828
60420,0.1982
60430,0.1392
60440,0.0541
60450,0.0003
60460,0.0505
60470,0.0002
60480,0.137
60490,0.0003
60500,0.2049
60510,0.0603
60520,0.0005
60530,0.0004
60540,0.0647
60550,0.0002
60560,0.0003
60570,0.0844
60580,0.0026
60590,0.0002
60600,0.0015
60610,0.1063
60620,0.0689
60630,0.0146
60640,0.144
60650,0.0002
60660,0.0009
60670,0.0001
60680,0.214
60690,0.0887
60700,0.0927
60710,0.0001
60720,0.0058
60730,0.1045
60740,0.0587
60750,0.0476
60760,0.002
60770,0.1691
60780,0.0597
60790,0.1725
60800,0.1453
60810,0.0001
60820,0.0002
60830,0.0001
60840,0.0001
60850,0.0001
60860,0.0044
60870,0.0011
60880,0.1238
60890,0.101
60900,0.1175
60910,0.0961
60920,0.0001
60930,0.113
60940,0.1913
60950,0.1257
60960,0.0888
60970,0.0452
60980,0.0002
60990,0.0962
61000,0.0703
61010,0.0629
61020,0.0003
61030,0.0807
61040,0.0764
61050,0.1472
61060,0.0001
61070,0.1543
61080,0.1725
61090,0.132
61100,0.0107
61110,0.0004
61120,0.0014
61130,0.0015
61140,0.0003
61150,0.0504
61160,0.0001
61170,0.1012
61180,0.0003
61190,0.0002
61200,0.0011
61210,0.1192
61220,0.0331
61230,0.0769
61240,0.0132
61250,0.1296
61260,0.1131
61270,0.0003
61280,0.1145
61290,0.0626
61300,0.0001
61310,0.0002
61320,0.0001
61330,0.0291
61340,0.0001
61350,0.3397
61360,0.0006
61370,0.0825
61380,0.0002
61390,0.2068
61400,0.0903
61410,0.0002
61420,0.0105
61430,0.0002
61440,0.0767
61450,0.0042
61460,0.0003
61470,0.0116
61480,0.1952
61490,0.0717
61500,0.0001
61510,0.0568
61520,0.0468
61530,0.2224
61540,0.0684
61550,0.0076
61560,0.0454
61570,0.0113
61580,0.2753
61590,0.0004
61600,0.0001
61610,0.0846
61620,0.1438
61630,0.0013
61640,0.0044
61650,0.1343
61660,0.0807
61670,0.0406
61680,0.062
61690,0.0005
61700,0.1237
61710,0.0002
61720,0.0002
61730,0.0862
61740,0.0002
61750,0.0392
61760,0.0002
61770,0.0637
61780,0.0005
61790,0.1169
61800,0.0259
61810,0.0002
61820,0.145
61830,0.053
61840,0.0004
61850,0.1095
61860,0.1166
61870,0.0001
61880,0.0979
61890,0.0594
61900,0.0838
61910,0.1266
61920,0.0002
61930,0.0411
61940,0.0002
61950,0.0059
61960,0.2035
61970,0.0002
61980,0.0001
61990,0.1099
62000,0.082
62010,0.0617
62020,0.0017
62030,0.0001
62040,0.0001
62050,0.0058
62060,0.0001
62070,0.0193
62080,0.0012
62090,0.0007
62100,0.1127
62110,0.0335
62120,0.1699
62130,0.0316
62140,0.127
62150,0.0002
62160,0.0001
62170,0.0002
62180,0.0001
62190,0.1715
62200,0.0974
62210,0.2062
62220,0.0615
62230,0.1207
62240,0.2175
62250,0.1111
62260,0.0887
62270,0.1084
62280,0.0002
62290,0.0585
62300,0.0004
62310,0.0004
62320,0.0012
62330,0.0002
62340,0.0003
62350,0.0755
62360,0.2327
62370,0.0681
62380,0.0002
62390,0.0003
62400,0.0002
62410,0.1176
62420,0.0001
62430,0.0002
62440,0.0001
62450,0.1016
62460,0.1058
62470,0.1085
62480,0.0002
62490,0.0001
62500,0.1643
62510,0.0373
62520,0.1403
62530,0.0034
62540,0.117
62550,0.0031
62560,0.0002
62570,0.0003
62580,0.0029
62590,0.1393
62600,0.0002
62610,0.0001
62620,0.0002
62630,0.0095
62640,0.1709
62650,0.0446
62660,0.0225
62670,0.0001
62680,0.0009
62690,0.0007
62700,0.0001
62710,0.1563
62720,0.0001
62730,0.0001
62740,0.0001
62750,0.0017
62760,0.0001
62770,0.0978
62780,0.1804
62790,0.0001
62800,0.0026
62810,0.1228
62820,0.0001
62830,0.0001
62840,0.0001
62850,0.0779
62860,0.1012
62870,0.0006
62880,0.1286
62890,0.0006
62900,0.0351
62910,0.01
62920,0.0001
62930,0.0923
62940,0.1832
62950,0.0008
62960,0.0001
62970,0.0349
62980,0.0601
62990,0.3393
63000,0.1035
63010,0.0046
63020,0.0002
63030,0.0001
63040,0.2953
63050,0.0533
63060,0.0688
63070,0.1414
63080,0.0521
63090,0.0905
63100,0.2323
63110,0.1131
63120,0.0968
63130,0.0002
63140,0.0168
63150,0.0001
63160,0.0783
63170,0.0045
63180,0.0936
63190,0.0737
63200,0.0332
63210,0.0001
63220,0.0001
63230,0.0002
63240,0.0739
63250,0.1157
63260,0.1607
63270,0.0099
63280,0.0007
63290,0.0285
63300,0.0594
63310,0.0223
63320,0.2911
63330,0.0001
63340,0.0014
63350,0.2114
63360,0.0002
63370,0.0179
63380,0.0015
63390,0.1146
63400,0.0001
63410,0.2078
63420,0.0431
63430,0.0025
63440,0.1732
63450,0.0003
63460,0.0071
63470,0.0001
63480,0.0987
63490,0.0001
63500,0.0002
63510,0.0426
63520,0.0059
63530,0.0001
63540,0.0001
63550,0.0001
63560,0.0001
63570,0.0001
63580,0.0001
63590,0.0001
63600,0.1468
63610,0.0001
63620,0.0001
63630,0.0001
63640,0.0001
63650,0.0998
63660,0.0001
63670,0.0278
63680,0.0531
63690,0.1526
63700,0.0009
63710,0.1492
63720,0.182
63730,0.0001
63740,0.0002
63750,0.0091
63760,0.0144
63770,0.0452
63780,0.0001
63790,0.0001
63800,0.2393
63810,0.0001
63820,0.0001
63830,0.1461
63840,0.1032
63850,0.0001
63860,0.1059
63870,0.0001
63880,0.0875
63890,0.0002
63900,0.0001
63910,0.0006
63920,0.0001
63930,0.1173
63940,0.0001
63950,0.0881
63960,0.0002
63970,0.1156
63980,0.0505
63990,0.0001
64000,0.0015
64010,0.117
64020,0.0001
64030,0.0606
64040,0.0892
64050,0.0678
64060,0.0001
64070,0.0002
64080,0.0311
64090,0.0291
64100,0.1971
64110,0.0001
64120,0.0011
64130,0.1003
64140,0.1886
64150,0.0001
64160,0.0002
64170,0.0002
64180,0.0579
64190,0.0001
64200,0.0002
64210,0.0014
64220,0.002
64230,0.0364
64240,0.0236
64250,0.0002
64260,0.0621
64270,0.1829
64280,0.0483
64290,0.0396
64300,0.1525
64310,0.0872
64320,0.0233
64330,0.1762
64340,0.0001
64350,0.0001
64360,0.0005
64370,0.0001
64380,0.0498
64390,0.0001
64400,0.0054
64410,0.0001
64420,0.1311
64430,0.0506
64440,0.0001
64450,0.053
64460,0.0797
64470,0.1154
64480,0.0192
64490,0.0147
64500,0.2247
64510,0.0017
64520,0.1316
64530,0.0001
64540,0.0001
64550,0.1486
64560,0.0002
64570,0.2103
64580,0.1621
64590,0.059
64600,0.0735
64610,0.1869
64620,0.0385
64630,0.0947
64640,0.2175
64650,0.0302
64660,0.002
64670,0.0718
64680,0.1957
64690,0.1271
64700,0.0273
64710,0.0371
64720,0.1272
64730,0.2601
64740,0.1125
64750,0.0002
64760,0.0115
64770,0.1576
64780,0.0139
64790,0.0002
64800,0.1123
64810,0.0002
64820,0.0023
64830,0.0836
64840,0.0003
64850,0.0002
64860,0.0003
64870,0.0924
64880,0.0829
64890,0.0025
64900,0.0001
64910,0.0001
64920,0.0696
64930,0.0001
64940,0.1267
64950,0.0449
64960,0.0001
64970,0.0147
64980,0.03
64990,0.1937
65000,0.1582
65010,0.0111
65020,0.0056
65030,0.0001
65040,0.0914
65050,0.1985
65060,0.0003
65070,0.0006
65080,0.0017
65090,0.1041
65100,0.0029
65110,0.0001
65120,0.0002
65130,0.0002
65140,0.0001
65150,0.0002
65160,0.0001
65170,0.041
65180,0.0001
65190,0.0301
65200,0.0001
65210,0.0036
65220,0.0001
65230,0.0001
65240,0.0842
65250,0.0519
65260,0.0001
65270,0.0507
65280,0.0001
65290,0.0001
65300,0.0137
65310,0.0
65320,0.032
65330,0.0054
65340,0.1405
65350,0.1061
65360,0.1052
65370,0.0443
65380,0.0002
65390,0.197
65400,0.0752
65410,0.0238
65420,0.0002
65430,0.1274
65440,0.0002
65450,0.0004
65460,0.0003
65470,0.039
65480,0.0013
65490,0.0611
65500,0.0008
65510,0.0
65520,0.0
65530,0.0001
65540,0.0
65550,0.0
65560,0.0725
65570,0.0934
65580,0.0006
65590,0.0502
65600,0.038
65610,0.0001
65620,0.1169
65630,0.0718
65640,0.001
65650,0.0
65660,0.0
65670,0.0
65680,0.0001
65690,0.2312
65700,0.0004
65710,0.1155
65720,0.0849
65730,0.052
65740,0.0001
65750,0.0001
65760,0.0662
65770,0.1783
65780,0.0563
65790,0.0
65800,0.0001
65810,0.0009
65820,0.0001
65830,0.0001
65840,0.1078
65850,0.0001
65860,0.0
65870,0.0255
65880,0.104
65890,0.0001
65900,0.0691
65910,0.008
65920,0.0056
65930,0.0
65940,0.0304
65950,0.0
65960,0.111
65970,0.0598
65980,0.1046
65990,0.1415
66000,0.0001
66010,0.0001
66020,0.0127
66030,0.1948
66040,0.1044
66050,0.0007
66060,0.171
66070,0.0001
66080,0.0001
66090,0.0981
66100,0.0001
66110,0.0001
66120,0.0002
66130,0.1162
66140,0.1453
66150,0.0001
66160,0.0001
66170,0.0825
66180,0.1338
66190,0.0844
66200,0.0816
66210,0.0399
66220,0.0752
66230,0.0004
66240,0.1132
66250,0.0025
66260,0.0258
66270,0.109
66280,0.1245
66290,0.0198
66300,0.0
66310,0.1217
66320,0.0138
66330,0.0007
66340,0.1348
66350,0.0001
66360,0.0886
66370,0.0002
66380,0.0001
66390,0.0001
66400,0.0026
66410,0.1595
66420,0.0001
66430,0.1224
66440,0.0001
66450,0.0001
66460,0.0008
66470,0.1181
66480,0.0972
66490,0.0002
66500,0.0462
66510,0.2608
66520,0.004
66530,0.0811
66540,0.1755
66550,0.0003
66560,0.0027
66570,0.0001
66580,0.0997
66590,0.1467
66600,0.0001
66610,0.0002
66620,0.3539
66630,0.0777
66640,0.0001
66650,0.0009
66660,0.0761
66670,0.0004
66680,0.0007
66690,0.0033
66700,0.0412
66710,0.0304
66720,0.0001
66730,0.1623
66740,0.0001
66750,0.0962
66760,0.0216
66770,0.0022
66780,0.2144
66790,0.0001
66800,0.031
66810,0.0922
66820,0.0219
66830,0.0001
66840,0.041
66850,0.1283
66860,0.0307
66870,0.0078
66880,0.0005
66890,0.0001
66900,0.1379
66910,0.0001
66920,0.0001
66930,0.0658
66940,0.0001
66950,0.0001
66960,0.2918
66970,0.0018
66980,0.0001
66990,0.0001
67000,0.0002
67010,0.0846
67020,0.0644
67030,0.0009
67040,0.0001
67050,0.0244
67060,0.0002
67070,0.0001
67080,0.0001
67090,0.0001
67100,0.1026
67110,0.0001
67120,0.0001
67130,0.0466
67140,0.0001
67150,0.1272
67160,0.0011
67170,0.0001
67180,0.0171
67190,0.2295
67200,0.0001
67210,0.0669
67220,0.0002
67230,0.0001
67240,0.0007
67250,0.0002
67260,0.0001
67270,0.0001
67280,0.0005
67290,0.0004
67300,0.0001
67310,0.1113
67320,0.0003
67330,0.0001
67340,0.037
67350,0.0001
67360,0.0
67370,0.0
67380,0.0374
67390,0.0002
67400,0.1504
67410,0.1975
67420,0.1469
67430,0.0001
67440,0.0001
67450,0.0001
67460,0.0001
67470,0.0959
67480,0.0001
67490,0.0758
67500,0.0624
67510,0.0001
67520,0.0471
67530,0.0001
67540,0.0464
67550,0.1208
67560,0.0001
67570,0.0175
67580,0.1765
67590,0.0002
67600,0.0001
67610,0.0883
67620,0.0021
67630,0.0153
67640,0.0388
67650,0.0016
67660,0.0001
67670,0.1094
67680,0.0078
67690,0.0001
67700,0.0004
67710,0.0157
67720,0.0403
67730,0.0001
67740,0.0811
67750,0.0009
67760,0.0001
67770,0.0261
67780,0.0
67790,0.1148
67800,0.0902
67810,0.1764
67820,0.0003
67830,0.0002
67840,0.0001
67850,0.105
67860,0.0001
67870,0.1257
67880,0.0001
67890,0.0001
67900,0.0002
67910,0.0001
67920,0.0001
67930,0.1465
67940,0.0121
67950,0.0253
67960,0.0869
67970,0.0001
67980,0.0004
67990,0.0004
68000,0.0034
68010,0.2636
68020,0.0001
68030,0.0001
68040,0.0001
68050,0.0807
68060,0.0001
68070,0.0504
68080,0.0001
68090,0.0933
68100,0.0108
68110,0.0015
68120,0.0693
68130,0.0001
68140,0.0967
68150,0.159
68160,0.0033
68170,0.0005
68180,0.1608
68190,0.0514
68200,0.0963
68210,0.0303
68220,0.0001
68230,0.0001
68240,0.0
68250,0.0029
68260,0.0001
68270,0.0805
68280,0.0904
68290,0.0
68300,0.1859
68310,0.1635
68320,0.0001
68330,0.1559
68340,0.0
68350,0.0004
68360,0.0565
68370,0.0266
68380,0.0
68390,0.0784
68400,0.0001
68410,0.2534
68420,0.0022
68430,0.0001
68440,0.0
68450,0.0
68460,0.0001
68470,0.0001
68480,0.1237
68490,0.1262
68500,0.0005
68510,0.022
68520,0.0001
68530,0.0251
68540,0.0338
68550,0.0001
68560,0.0191
68570,0.0326
68580,0.1232
68590,0.0001
68600,0.0
68610,0.0735
68620,0.2448
68630,0.096
68640,0.0007
68650,0.106
68660,0.1396
68670,0.0042
68680,0.0902
68690,0.0001
68700,0.0001
68710,0.0939
68720,0.0001
68730,0.0001
68740,0.1111
68750,0.0669
68760,0.0001
68770,0.0658
68780,0.0505
68790,0.0885
68800,0.0976
68810,0.0489
68820,0.1205
68830,0.0001
68840,0.1649
68850,0.0001
68860,0.0278
68870,0.0326
68880,0.0001
68890,0.0735
68900,0.0087
68910,0.1751
68920,0.0002
68930,0.0002
68940,0.0001
68950,0.0936
68960,0.0127
68970,0.0025
68980,0.0001
68990,0.0868
69000,0.1131
69010,0.0798
69020,0.0969
69030,0.0001
69040,0.0001
69050,0.0001
69060,0.0001
69070,0.0001
69080,0.1004
69090,0.0001
69100,0.0001
69110,0.001
69120,0.0001
69130,0.1003
69140,0.0043
69150,0.0
69160,0.0001
69170,0.0056
69180,0.0768
69190,0.0
69200,0.0495
69210,0.0839
69220,0.1021
69230,0.053
69240,0.0763
69250,0.0001
69260,0.0001
69270,0.1762
69280,0.0004
69290,0.0001
69300,0.0001
69310,0.0001
69320,0.0064
69330,0.0001
69340,0.0001
69350,0.0001
69360,0.0208
69370,0.0018
69380,0.0001
69390,0.0004
69400,0.0001
69410,0.0001
69420,0.0135
69430,0.0885
69440,0.0099
69450,0.0
69460,0.0006
69470,0.0001
69480,0.1288
69490,0.2353
69500,0.0003
69510,0.1356
69520,0.0031
69530,0.0009
69540,0.003
69550,0.0041
69560,0.104
69570,0.0006
69580,0.0776
69590,0.0001
69600,0.1944
69610,0.0004
69620,0.0001
69630,0.0571
69640,0.0001
69650,0.0067
69660,0.0169
69670,0.003
69680,0.0001
69690,0.0001
69700,0.0002
69710,0.0001
69720,0.0001
69730,0.0001
69740,0.0
69750,0.096
69760,0.0002
69770,0.0001
69780,0.1126
69790,0.2011
69800,0.0108
69810,0.1229
69820,0.0261
69830,0.1679
69840,0.0037
69850,0.0001
69860,0.1057
69870,0.0005
69880,0.1015
69890,0.0
69900,0.0243
69910,0.0001
69920,0.0042
69930,0.0027
69940,0.0002
69950,0.0001
69960,0.0002
69970,0.0001
69980,0.0273
69990,0.0154
70000,0.0169
70010,0.0
70020,0.0281
70030,0.0001
70040,0.0
70050,0.0001
70060,0.0001
70070,0.1401
70080,0.0002
70090,0.0013
70100,0.0251
70110,0.0001
70120,0.0
70130,0.0002
70140,0.0001
70150,0.0779
70160,0.1956
70170,0.0302
70180,0.1053
70190,0.0001
70200,0.2046
70210,0.0024
70220,0.0697
70230,0.0709
70240,0.0002
70250,0.1338
70260,0.092
70270,0.0001
70280,0.0001
70290,0.0787
70300,0.0
70310,0.0002
70320,0.0007
70330,0.0003
70340,0.0776
70350,0.1169
70360,0.0
70370,0.0567
70380,0.2099
70390,0.0001
70400,0.022
70410,0.0
70420,0.0003
70430,0.0016
70440,0.0011
70450,0.0655
70460,0.0001
70470,0.1033
70480,0.0711
70490,0.0
70500,0.0189
70510,0.0667
70520,0.0266
70530,0.09
70540,0.0935
70550,0.0807
70560,0.0567
70570,0.0998
70580,0.0021
70590,0.0143
70600,0.0002
70610,0.1639
70620,0.1128
70630,0.2475
70640,0.1836
70650,0.0
70660,0.2214
70670,0.0111
70680,0.001
70690,0.0001
70700,0.0001
70710,0.0001
70720,0.0003
70730,0.0371
70740,0.0911
70750,0.0001
70760,0.0333
70770,0.0797
70780,0.1286
70790,0.0003
70800,0.1633
70810,0.0002
70820,0.0001
70830,0.0002
70840,0.1589
70850,0.0002
70860,0.0009
70870,0.0516
70880,0.0002
70890,0.0533
70900,0.1631
70910,0.0023
70920,0.0966
70930,0.0001
70940,0.0242
70950,0.0071
70960,0.0001
70970,0.0439
70980,0.001
70990,0.0008
71000,0.0001
71010,0.0001
71020,0.0069
71030,0.0
71040,0.0001
71050,0.0003
71060,0.0001
71070,0.2506
71080,0.0794
71090,0.011
71100,0.0684
71110,0.0025
71120,0.0001
71130,0.1393
71140,0.0022
71150,0.2453
71160,0.0073
71170,0.0008
71180,0.134
71190,0.0064
71200,0.0466
71210,0.0
71220,0.0
71230,0.0437
71240,0.0658
71250,0.0643
71260,0.0001
71270,0.0
71280,0.0001
71290,0.0001
71300,0.0212
71310,0.0001
71320,0.0
71330,0.0204
71340,0.0581
71350,0.0019
71360,0.1826
71370,0.0
71380,0.0
71390,0.0
71400,0.0
71410,0.0354
71420,0.0001
71430,0.0001
71440,0.0
71450,0.0067
71460,0.0
71470,0.0001
71480,0.0
71490,0.0001
71500,0.0
71510,0.1406
71520,0.1777
71530,0.0087
71540,0.0001
71550,0.1343
71560,0.0
71570,0.0
71580,0.0
71590,0.0
71600,0.1644
71610,0.0044
71620,0.0
71630,0.093
71640,0.0227
71650,0.0
71660,0.1775
71670,0.0001
71680,0.0593
71690,0.1148
71700,0.0001
71710,0.0002
71720,0.0001
71730,0.0
71740,0.0034
71750,0.0001
71760,0.0354
71770,0.081
71780,0.0785
71790,0.0002
71800,0.0001
71810,0.0002
71820,0.1088
71830,0.0
71840,0.0001
71850,0.0
71860,0.0
71870,0.0001
71880,0.0002
71890,0.1099
71900,0.1806
71910,0.0789
71920,0.0003
71930,0.0
71940,0.1086
71950,0.0001
71960,0.1298
71970,0.0479
71980,0.0001
71990,0.0032
72000,0.0
72010,0.0936
72020,0.0
72030,0.1001
72040,0.0503
72050,0.0
72060,0.0001
72070,0.2025
72080,0.0374
72090,0.1305
72100,0.113
72110,0.0001
72120,0.0001
72130,0.0005
72140,0.0001
72150,0.0475
72160,0.0041
72170,0.0002
72180,0.0001
72190,0.0001
72200,0.0573
72210,0.0001
72220,0.0002
72230,0.1028
72240,0.074
72250,0.1443
72260,0.0001
72270,0.1238
72280,0.0286
72290,0.0001
72300,0.0399
72310,0.1145
72320,0.1183
72330,0.1178
72340,0.0002
72350,0.0096
72360,0.0001
72370,0.0001
72380,0.001
72390,0.0001
72400,0.0002
72410,0.0002
72420,0.147
72430,0.0001
72440,0.1516
72450,0.0755
72460,0.0011
72470,0.0028
72480,0.0001
72490,0.0003
72500,0.0001
72510,0.0001
72520,0.1457
72530,0.0001
72540,0.0001
72550,0.0001
72560,0.0001
72570,0.0001
72580,0.0273
72590,0.0158
72600,0.0001
72610,0.0001
72620,0.0794
72630,0.091
72640,0.0103
72650,0.0076
72660,0.0006
72670,0.0001
72680,0.0001
72690,0.0402
72700,0.0001
72710,0.0001
72720,0.0001
72730,0.0403
72740,0.0001
72750,0.0001
72760,0.0001
72770,0.1312
72780,0.0001
72790,0.0028
72800,0.0001
72810,0.0809
72820,0.0
72830,0.0725
72840,0.0001
72850,0.0957
72860,0.0028
72870,0.0
72880,0.0872
72890,0.0
72900,0.0001
72910,0.0001
72920,0.0087
72930,0.0003
72940,0.0001
72950,0.0101
72960,0.0007
72970,0.0509
72980,0.0001
72990,0.0386
73000,0.0853
73010,0.008
73020,0.0
73030,0.0001
73040,0.0
73050,0.0001
73060,0.0138
73070,0.1048
73080,0.0138
73090,0.2315
73100,0.001
73110,0.0
73120,0.0104
73130,0.0
73140,0.0437
73150,0.0415
73160,0.0001
73170,0.1113
73180,0.0684
73190,0.0001
73200,0.0001
73210,0.0001
73220,0.097
73230,0.0
73240,0.0001
73250,0.0
73260,0.0
73270,0.0
73280,0.0
73290,0.0
73300,0.0001
73310,0.0
73320,0.0001
73330,0.0
73340,0.0
73350,0.0
73360,0.0
73370,0.0
73380,0.0275
73390,0.2324
73400,0.0157
73410,0.0
73420,0.0
73430,0.1314
73440,0.1007
73450,0.0
73460,0.0001
73470,0.0
73480,0.0001
73490,0.0001
73500,0.0006
73510,0.0015
73520,0.0001
73530,0.1255
73540,0.0001
73550,0.1889
73560,0.0001
73570,0.1312
73580,0.0286
73590,0.0001
73600,0.0374
73610,0.0502
73620,0.0001
73630,0.1185
73640,0.0002
73650,0.0099
73660,0.0046
73670,0.0001
73680,0.089
73690,0.0018
73700,0.0
73710,0.0003
73720,0.0
73730,0.1138
73740,0.052
73750,0.0
73760,0.0
73770,0.0001
73780,0.0012
73790,0.1845
73800,0.0002
73810,0.0423
73820,0.0005
73830,0.0001
73840,0.0621
73850,0.0937
73860,0.0001
73870,0.1226
73880,0.0001
73890,0.0
73900,0.0
73910,0.0853
73920,0.0
73930,0.2284
73940,0.0001
73950,0.001
73960,0.0002
73970,0.0002
73980,0.0353
73990,0.0367
74000,0.0002
74010,0.035
74020,0.0001
74030,0.0097
74040,0.0001
74050,0.0012
74060,0.0851
74070,0.0001
74080,0.0199
74090,0.0001
74100,0.0001
74110,0.0001
74120,0.0001
74130,0.0133
74140,0.07
74150,0.005
74160,0.0
74170,0.0001
74180,0.0007
74190,0.0
74200,0.0001
74210,0.1824
74220,0.0793
74230,0.0011
74240,0.0006
74250,0.0005
74260,0.0067
74270,0.0516
74280,0.0001
74290,0.0001
74300,0.0001
74310,0.2136
74320,0.0001
74330,0.0001
74340,0.0001
74350,0.0915
74360,0.0001
74370,0.0
74380,0.0753
74390,0.0001
74400,0.0001
74410,0.0001
74420,0.0
74430,0.0001
74440,0.0834
74450,0.0463
74460,0.0
74470,0.0006
74480,0.0
74490,0.0
74500,0.0
74510,0.0055
74520,0.0341
74530,0.1257
74540,0.0062
74550,0.0001
74560,0.0
74570,0.0084
74580,0.0002
74590,0.0988
74600,0.0001
74610,0.2094
74620,0.0001
74630,0.0
74640,0.0001
74650,0.0966
74660,0.0001
74670,0.0
74680,0.0003
74690,0.0053
74700,0.0001
74710,0.0
74720,0.0001
74730,0.1141
74740,0.0
74750,0.0001
74760,0.045
74770,0.1115
74780,0.0001
74790,0.1198
74800,0.0005
74810,0.0005
74820,0.0803
74830,0.0837
74840,0.0
74850,0.0268
74860,0.0009
74870,0.0001
74880,0.0001
74890,0.0
74900,0.087
74910,0.0
74920,0.014
74930,0.0
74940,0.0
74950,0.0
74960,0.0008
74970,0.0
74980,0.0001
74990,0.0
75000,0.0001
75010,0.0
75020,0.0958
75030,0.0
75040,0.0
75050,0.0001
75060,0.0722
75070,0.0596
75080,0.0
75090,0.0287
75100,0.0
75110,0.0001
75120,0.0
75130,0.0302
75140,0.0001
75150,0.0144
75160,0.0844
75170,0.0001
75180,0.0
75190,0.0
75200,0.0051
75210,0.0
75220,0.0001
75230,0.0144
75240,0.0
75250,0.1008
75260,0.0051
75270,0.0003
75280,0.0314
75290,0.0488
75300,0.1303
75310,0.0653
75320,0.1316
75330,0.1124
75340,0.002
75350,0.0898
75360,0.0002
75370,0.1826
75380,0.0001
75390,0.0001
75400,0.0
75410,0.0002
75420,0.0001
75430,0.0
75440,0.1372
75450,0.0002
75460,0.0001
75470,0.0001
75480,0.0771
75490,0.0116
75500,0.0001
75510,0.0061
75520,0.0001
75530,0.0495
75540,0.0
75550,0.0
75560,0.1505
75570,0.0004
75580,0.0031
75590,0.0001
75600,0.0001
75610,0.0001
75620,0.116
75630,0.0001
75640,0.0034
75650,0.0001
75660,0.0001
75670,0.0001
75680,0.0
75690,0.0001
75700,0.0867
75710,0.0001
75720,0.0001
75730,0.0
75740,0.0001
75750,0.0853
75760,0.0001
75770,0.0001
75780,0.0
75790,0.0001
75800,0.0001
75810,0.0
75820,0.0
75830,0.0002
75840,0.0001
75850,0.0221
75860,0.1325
75870,0.0008
75880,0.0643
75890,0.0001
75900,0.0001
75910,0.2606
75920,0.0336
75930,0.0001
75940,0.1236
75950,0.0001
75960,0.1217
75970,0.0001
75980,0.0011
75990,0.0
76000,0.0004
76010,0.114
76020,0.0001
76030,0.0001
76040,0.0
76050,0.0001
76060,0.203
76070,0.0404
76080,0.0
76090,0.0001
76100,0.0001
76110,0.0517
76120,0.0003
76130,0.1161
76140,0.0001
76150,0.0001
76160,0.0003
76170,0.0001
76180,0.0
76190,0.1011
76200,0.0001
76210,0.0
76220,0.0854
76230,0.0
76240,0.0
76250,0.0001
76260,0.0011
76270,0.1416
76280,0.0
76290,0.0677
76300,0.0001
76310,0.0001
76320,0.0003
76330,0.0
76340,0.0001
76350,0.0002
76360,0.0
76370,0.0001
76380,0.0
76390,0.0
76400,0.0
76410,0.0
76420,0.0001
76430,0.0
76440,0.0
76450,0.0523
76460,0.1139
76470,0.0012
76480,0.0
76490,0.0
76500,0.0
76510,0.098
76520,0.0871
76530,0.0003
76540,0.0001
76550,0.0001
76560,0.1012
76570,0.0
76580,0.0
76590,0.0
76600,0.0002
76610,0.1421
76620,0.0001
76630,0.0026
76640,0.0
76650,0.1733
76660,0.0
76670,0.0
76680,0.0001
76690,0.0915
76700,0.1337
76710,0.001
76720,0.0
76730,0.0246
76740,0.1079
76750,0.0144
76760,0.0001
76770,0.2223
76780,0.0
76790,0.0001
76800,0.0747
76810,0.0515
76820,0.101
76830,0.0001
76840,0.0001
76850,0.0
76860,0.0001
76870,0.0001
76880,0.0
76890,0.0
76900,0.0
76910,0.0
76920,0.0
76930,0.0694
76940,0.0569
76950,0.0001
76960,0.0037
76970,0.0
76980,0.0
76990,0.0
77000,0.0001
77010,0.1186
77020,0.0525
77030,0.0
77040,0.0001
77050,0.0514
77060,0.0152
77070,0.0001
77080,0.0001
77090,0.0001
77100,0.0001
77110,0.0049
77120,0.0001
77130,0.0
77140,0.0
77150,0.0474
77160,0.1304
77170,0.0
77180,0.0
77190,0.0
77200,0.0
77210,0.0523
77220,0.1665
77230,0.0741
77240,0.0
77250,0.0
77260,0.0006
77270,0.0
77280,0.0001
77290,0.0006
77300,0.1063
77310,0.0
77320,0.0
77330,0.0478
77340,0.0006
77350,0.0
77360,0.0001
77370,0.0
77380,0.0
77390,0.0996
77400,0.0
77410,0.0
77420,0.0
77430,0.0
77440,0.0
77450,0.0
77460,0.0102
77470,0.0993
77480,0.0
77490,0.0
77500,0.1271
77510,0.0
77520,0.0
77530,0.0
77540,0.0004
77550,0.0519
77560,0.0
77570,0.001
77580,0.0051
77590,0.0
77600,0.0
77610,0.0
77620,0.0727
77630,0.2376
77640,0.0022
77650,0.0001
77660,0.1769
77670,0.1045
77680,0.0023
77690,0.0001
77700,0.0536
77710,0.0001
77720,0.0019
77730,0.12
77740,0.0684
77750,0.0001
77760,0.1235
77770,0.0987
77780,0.0569
77790,0.0057
77800,0.2017
77810,0.0001
77820,0.0014
77830,0.0001
77840,0.1236
77850,0.2742
77860,0.0077
77870,0.0004
77880,0.0001
77890,0.0
77900,0.0003
77910,0.0001
77920,0.0001
77930,0.0
77940,0.0002
77950,0.0
77960,0.0002
77970,0.0001
77980,0.0001
77990,0.0
78000,0.0319
78010,0.0001
78020,0.0003
78030,0.0001
78040,0.018
78050,0.0
78060,0.0
78070,0.0
78080,0.1266
78090,0.0466
78100,0.0
78110,0.0216
78120,0.0001
78130,0.1024
78140,0.0001
78150,0.1328
78160,0.084
78170,0.0001
78180,0.0001
78190,0.0001
78200,0.0001
78210,0.0
78220,0.0003
78230,0.1137
78240,0.0
78250,0.0002
78260,0.1464
78270,0.0
78280,0.0001
78290,0.0
78300,0.0058
78310,0.0
78320,0.1731
78330,0.0713
78340,0.0
78350,0.0003
78360,0.0001
78370,0.098
78380,0.0811
78390,0.0
78400,0.0
78410,0.0771
78420,0.0013
78430,0.1057
78440,0.0
78450,0.0001
78460,0.0
78470,0.0001
78480,0.0
78490,0.0
78500,0.1403
78510,0.0
78520,0.0
78530,0.0
78540,0.0001
78550,0.0002
78560,0.1271
78570,0.1008
78580,0.0
78590,0.0301
78600,0.0001
78610,0.0052
78620,0.0001
78630,0.0001
78640,0.0005
78650,0.1542
78660,0.0005
78670,0.082
78680,0.0
78690,0.0033
78700,0.0001
78710,0.2718
78720,0.0
78730,0.0001
78740,0.0002
78750,0.0
78760,0.0
78770,0.0004
78780,0.0
78790,0.0
78800,0.0
78810,0.084
78820,0.0001
78830,0.0013
78840,0.0917
78850,0.0015
78860,0.0001
78870,0.0093
78880,0.0086
78890,0.0001
78900,0.0001
78910,0.1285
78920,0.0
78930,0.0001
78940,0.0783
78950,0.1075
78960,0.0001
78970,0.0876
78980,0.0001
78990,0.0001
79000,0.0001
79010,0.0005
79020,0.0
79030,0.0666
79040,0.093
79050,0.0001
79060,0.0932
79070,0.0001
79080,0.0001
79090,0.0001
79100,0.0821
79110,0.0001
79120,0.0001
79130,0.0001
79140,0.0001
79150,0.0048
79160,0.0003
79170,0.0013
79180,0.0225
79190,0.0
79200,0.0
79210,0.0001
79220,0.1091
79230,0.0
79240,0.0002
79250,0.0044
79260,0.0001
79270,0.0002
79280,0.0651
79290,0.0
79300,0.0525
79310,0.0
79320,0.0622
79330,0.0427
79340,0.0
79350,0.0446
79360,0.0001
79370,0.1386
79380,0.0
79390,0.0
79400,0.0001
